station_id,STATE_UT,DISTRICT,GAVI,GAVI_forecast_1y,GAVI_forecast_3y,FUTURE_ALERT_1y,FUTURE_ALERT_3y
Rajasthan_27.4653_73.6161,Rajasthan,Nagaur,36.842105263158075,24.210526315789537,0.0,FUTURE_CRITICAL,FUTURE_CRITICAL
Rajasthan_25.1333_76.9,Rajasthan,Baran,20.000000000000018,4.0000000000000036,0.0,FUTURE_CRITICAL,FUTURE_CRITICAL
Rajasthan_25.7458_71.6628,Rajasthan,Barmer,0.0,0.0,0.0,FUTURE_CRITICAL,FUTURE_CRITICAL
Rajasthan_29.3472_73.6625,Rajasthan,Anupgarh,0.0,0.0,0.0,FUTURE_CRITICAL,FUTURE_CRITICAL
Uttar Pradesh_25.8917_83.2,Uttar Pradesh,Azamgarh,9.523809523809534,0.0,0.0,FUTURE_CRITICAL,FUTURE_CRITICAL
Rajasthan_24.3572_74.3536,Rajasthan,Chittorgarh,0.0,0.0,0.0,FUTURE_CRITICAL,FUTURE_CRITICAL
Uttar Pradesh_28.7314_78.2822,Uttar Pradesh,Amroha,0.0,0.0,0.0,FUTURE_CRITICAL,FUTURE_CRITICAL
Uttar Pradesh_26.1675_81.9086,Uttar Pradesh,Amethi,48.837209302325576,38.60465116279068,18.13953488372092,EARLY_DEPLETION_WARNING,FUTURE_CRITICAL
Uttar Pradesh_28.6589_78.6597,Uttar Pradesh,Moradabad,0.0,0.0,0.0,FUTURE_CRITICAL,FUTURE_CRITICAL
Uttar Pradesh_28.5583_79.0125,Uttar Pradesh,Rampur,17.647058823529438,21.176470588235354,28.23529411764707,FUTURE_CRITICAL,STABLE
Madhya Pradesh_21.6519_78.8028,Madhya Pradesh,Pandhurna,8.823529411764675,1.604278074866261,0.0,FUTURE_CRITICAL,FUTURE_CRITICAL
Rajasthan_23.4211_74.2919,Rajasthan,Banswara,15.78947368421052,15.78947368421052,15.78947368421052,FUTURE_CRITICAL,FUTURE_CRITICAL
Uttar Pradesh_28.6133_78.3589,Uttar Pradesh,Amroha,0.0,0.0,0.0,FUTURE_CRITICAL,FUTURE_CRITICAL
Uttar Pradesh_28.52_77.39,Uttar Pradesh,Gautam Buddha Nagar,0.0,0.0,0.0,FUTURE_CRITICAL,FUTURE_CRITICAL
Assam_27.7028_94.8558,Assam,Dhemaji,0.0,0.0,0.0,FUTURE_CRITICAL,FUTURE_CRITICAL
Madhya Pradesh_22.4333_79.1722,Madhya Pradesh,Chhindwara,9.80392156862745,0.0,0.0,FUTURE_CRITICAL,FUTURE_CRITICAL
Uttar Pradesh_27.9167_79.93,Uttar Pradesh,Shahjahanpur,23.809523809523814,10.47619047619046,0.0,FUTURE_CRITICAL,FUTURE_CRITICAL
Punjab_31.275_76.375,Punjab,Rupnagar,25.0,9.999999999999998,0.0,FUTURE_CRITICAL,FUTURE_CRITICAL
Uttar Pradesh_26.8278_80.8153,Uttar Pradesh,Lucknow,41.463414634146325,29.75609756097558,6.341463414634097,EARLY_DEPLETION_WARNING,FUTURE_CRITICAL
Uttar Pradesh_26.9783_79.495,Uttar Pradesh,Kannauj,0.0,0.0,0.0,FUTURE_CRITICAL,FUTURE_CRITICAL
Assam_27.2167_94.1083,Assam,Lakhimpur,0.0,0.0,0.0,FUTURE_CRITICAL,FUTURE_CRITICAL
Haryana_29.4_76.65,Haryana,Jind,0.0,0.0,0.0,FUTURE_CRITICAL,FUTURE_CRITICAL
Uttar Pradesh_27.0222_80.7417,Uttar Pradesh,Lucknow,42.22222222222223,30.666666666666686,7.555555555555548,EARLY_DEPLETION_WARNING,FUTURE_CRITICAL
Uttar Pradesh_27.05_83.7333,Uttar Pradesh,Mahrajganj,3.125000000000011,0.0,0.0,FUTURE_CRITICAL,FUTURE_CRITICAL
Rajasthan_27.6333_76.3333,Rajasthan,Kotputli-Behror,0.0,0.0,0.0,FUTURE_CRITICAL,FUTURE_CRITICAL
Uttar Pradesh_27.6153_78.2722,Uttar Pradesh,Hathras,49.99999999999998,39.99999999999999,19.99999999999997,STABLE,FUTURE_CRITICAL
Uttar Pradesh_27.2244_79.2861,Uttar Pradesh,Mainpuri,0.0,0.0,0.0,FUTURE_CRITICAL,FUTURE_CRITICAL
Rajasthan_26.975_71.7528,Rajasthan,Jaisalmer,0.0,0.0,0.0,FUTURE_CRITICAL,FUTURE_CRITICAL
Rajasthan_27.0333_70.9,Rajasthan,Jaisalmer,3.5714285714285032,0.0,0.0,FUTURE_CRITICAL,FUTURE_CRITICAL
Telangana_18.2333_80.2542,Telangana,Mulugu,0.0,0.0,0.0,FUTURE_CRITICAL,FUTURE_CRITICAL
Uttar Pradesh_27.3_83.3317,Uttar Pradesh,Mahrajganj,33.333333333333336,25.555555555555575,10.000000000000032,STABLE,FUTURE_CRITICAL
Uttar Pradesh_27.4667_79.4333,Uttar Pradesh,Farrukhabad,0.0,0.0,0.0,FUTURE_CRITICAL,FUTURE_CRITICAL
Uttar Pradesh_27.4533_78.2133,Uttar Pradesh,Etah,31.24999999999998,18.75000000000002,0.0,FUTURE_CRITICAL,FUTURE_CRITICAL
Assam_26.4889_90.6167,Assam,Bongaigaon,0.0,0.0,0.0,FUTURE_CRITICAL,FUTURE_CRITICAL
Assam_26.5_92.125,Assam,Darrang,18.181818181818198,3.6363636363636376,0.0,FUTURE_CRITICAL,FUTURE_CRITICAL
Punjab_30.3958_75.1333,Punjab,Bathinda,0.0,0.0,0.0,FUTURE_CRITICAL,FUTURE_CRITICAL
Punjab_30.4589_76.0208,Punjab,Malerkotla,0.0,0.0,0.0,FUTURE_CRITICAL,FUTURE_CRITICAL
Assam_26.4751_92.0765,Assam,Darrang,44.99999999999999,35.83333333333334,17.499999999999982,STABLE,FUTURE_CRITICAL
Haryana_29.775_76.5056,Haryana,Kaithal,5.357142857142872,0.0,0.0,FUTURE_CRITICAL,FUTURE_CRITICAL
Assam_27.5371_94.5979,Assam,Dhemaji,18.181818181818198,21.818181818181838,29.09090909090911,FUTURE_CRITICAL,STABLE
Punjab_30.8358_75.2689,Punjab,Moga,0.0,0.0,0.0,FUTURE_CRITICAL,FUTURE_CRITICAL
Punjab_31.0583_76.125,Punjab,Shahid Bhagat Singh Nagar Nawanshahr,21.052631578947377,13.815789473684259,0.0,FUTURE_CRITICAL,FUTURE_CRITICAL
Jharkhand_22.0892_85.5944,Jharkhand,West Singhbhum,0.0,0.0,0.0,FUTURE_CRITICAL,FUTURE_CRITICAL
Punjab_31.9_74.6667,Punjab,Amritsar,0.0,0.0,0.0,FUTURE_CRITICAL,FUTURE_CRITICAL
Delhi_nan_77.0625,Delhi,North,0.0,0.0,0.0,FUTURE_CRITICAL,FUTURE_CRITICAL
Delhi_nan_77.0736,Delhi,North,4.444444444444429,0.0,0.0,FUTURE_CRITICAL,FUTURE_CRITICAL
Delhi_nan_77.1517,Delhi,North,35.48387096774193,27.822580645161253,12.499999999999979,STABLE,FUTURE_CRITICAL
Haryana_28.8667_77.0472,Haryana,Sonipat,23.913043478260853,8.695652173913015,0.0,FUTURE_CRITICAL,FUTURE_CRITICAL
Haryana_28.0708_76.5792,Haryana,Rewari,0.0,0.0,0.0,FUTURE_CRITICAL,FUTURE_CRITICAL
Haryana_28.1292_76.6042,Haryana,Rewari,26.785714285714292,14.583333333333325,0.0,FUTURE_CRITICAL,FUTURE_CRITICAL
Kerala_9.4358_76.6116,Kerala,Pathanamthitta,11.764705882352933,12.815126050420156,14.915966386554603,FUTURE_CRITICAL,FUTURE_CRITICAL
Haryana_28.0083_77.3417,Haryana,Palwal,0.0,0.0,0.0,FUTURE_CRITICAL,FUTURE_CRITICAL
Kerala_9.4538_76.6484,Kerala,Pathanamthitta,26.666666666666682,24.00000000000001,18.666666666666675,FUTURE_CRITICAL,FUTURE_CRITICAL
Haryana_28.2967_76.6903,Haryana,Gurugram,14.465408805031432,0.6289308176100294,0.0,FUTURE_CRITICAL,FUTURE_CRITICAL
Haryana_28.4361_76.3167,Haryana,Jhajjar,18.07228915662651,2.409638554216864,0.0,FUTURE_CRITICAL,FUTURE_CRITICAL
Haryana_28.8_76.5833,Haryana,Rohtak,26.66666666666667,15.555555555555555,0.0,FUTURE_CRITICAL,FUTURE_CRITICAL
Haryana_28.9319_77.1639,Haryana,Sonipat,15.04424778761061,11.799410029498514,5.309734513274322,FUTURE_CRITICAL,FUTURE_CRITICAL
Punjab_31.8458_74.7583,Punjab,Amritsar,0.0,0.0,0.0,FUTURE_CRITICAL,FUTURE_CRITICAL
Madhya Pradesh_23.1528_79.9275,Madhya Pradesh,Jabalpur,0.0,0.0,0.0,FUTURE_CRITICAL,FUTURE_CRITICAL
Madhya Pradesh_23.1547_79.9039,Madhya Pradesh,Jabalpur,35.71428571428572,22.857142857142875,0.0,FUTURE_CRITICAL,FUTURE_CRITICAL
Madhya Pradesh_23.1553_79.9486,Madhya Pradesh,Jabalpur,0.0,0.0,0.0,FUTURE_CRITICAL,FUTURE_CRITICAL
Madhya Pradesh_23.1714_79.9306,Madhya Pradesh,Jabalpur,13.33333333333332,0.0,0.0,FUTURE_CRITICAL,FUTURE_CRITICAL
Madhya Pradesh_23.1583_79.8922,Madhya Pradesh,Jabalpur,14.285714285714302,0.0,0.0,FUTURE_CRITICAL,FUTURE_CRITICAL
Madhya Pradesh_23.1586_79.9486,Madhya Pradesh,Jabalpur,0.0,0.0,0.0,FUTURE_CRITICAL,FUTURE_CRITICAL
Punjab_31.2958_75.2,Punjab,Kapurthala,20.000000000000018,9.285714285714342,0.0,FUTURE_CRITICAL,FUTURE_CRITICAL
Madhya Pradesh_23.1806_79.9417,Madhya Pradesh,Jabalpur,41.666666666666664,31.666666666666654,11.66666666666668,EARLY_DEPLETION_WARNING,FUTURE_CRITICAL
Madhya Pradesh_23.1875_79.9217,Madhya Pradesh,Jabalpur,10.000000000000009,0.0,0.0,FUTURE_CRITICAL,FUTURE_CRITICAL
Madhya Pradesh_23.1903_79.9853,Madhya Pradesh,Jabalpur,50.0,39.99999999999999,19.999999999999996,EARLY_DEPLETION_WARNING,FUTURE_CRITICAL
Madhya Pradesh_23.2031_79.9875,Madhya Pradesh,Jabalpur,7.692307692307699,3.846153846153866,0.0,FUTURE_CRITICAL,FUTURE_CRITICAL
Kerala_12.2931_75.135,Kerala,Kasaragod,0.0,0.0,0.0,FUTURE_CRITICAL,FUTURE_CRITICAL
Telangana_17.9769_78.4386,Telangana,Medak,0.0,0.0,0.0,FUTURE_CRITICAL,FUTURE_CRITICAL
Telangana_18.7995_79.0102,Telangana,Jagitial,28.57142857142859,24.2857142857143,15.714285714285758,FUTURE_CRITICAL,FUTURE_CRITICAL
Punjab_30.3528_76.3083,Punjab,Patiala,0.0,0.0,0.0,FUTURE_CRITICAL,FUTURE_CRITICAL
Haryana_30.0006_76.7536,Haryana,Kurukshetra,11.538461538461696,0.0,0.0,FUTURE_CRITICAL,FUTURE_CRITICAL
Rajasthan_27.225_77.0917,Rajasthan,Bharatpur,0.0,0.0,0.0,FUTURE_CRITICAL,FUTURE_CRITICAL
Rajasthan_26.8528_75.7667,Rajasthan,Jaipur,0.0,0.0,0.0,FUTURE_CRITICAL,FUTURE_CRITICAL
Rajasthan_26.7361_75.325,Rajasthan,Dudu,26.923076923076938,14.743589743589759,0.0,FUTURE_CRITICAL,FUTURE_CRITICAL
Delhi_28.6281_77.3181,Delhi,East,0.0,0.0,0.0,FUTURE_CRITICAL,FUTURE_CRITICAL
Delhi_28.6392_77.1622,Delhi,West,16.822429906542034,2.9595015576323602,0.0,FUTURE_CRITICAL,FUTURE_CRITICAL
Delhi_28.6722_77.2306,Delhi,Central,41.176470588235304,30.58823529411765,9.411764705882364,EARLY_DEPLETION_WARNING,FUTURE_CRITICAL
Rajasthan_28.3292_73.4875,Rajasthan,Bikaner,0.0,0.0,0.0,FUTURE_CRITICAL,FUTURE_CRITICAL
Assam_26.3667_90.5667,Assam,Bongaigaon,25.92592592592593,19.57671957671957,6.8783068783068835,FUTURE_CRITICAL,FUTURE_CRITICAL
Rajasthan_26.0917_74.5125,Rajasthan,Beawar,23.59550561797752,14.04494382022471,0.0,FUTURE_CRITICAL,FUTURE_CRITICAL
Goa_15.5878_74.1912,Goa,North Goa,0.0,0.0,0.0,FUTURE_CRITICAL,FUTURE_CRITICAL
Rajasthan_25.8333_74.2833,Rajasthan,Bhilwara,32.710280373831765,21.495327102803728,0.0,FUTURE_CRITICAL,FUTURE_CRITICAL
Haryana_28.15_77.325,Haryana,Palwal,0.0,0.0,0.0,FUTURE_CRITICAL,FUTURE_CRITICAL
Rajasthan_25.6033_71.2833,Rajasthan,Barmer,0.0,0.0,0.0,FUTURE_CRITICAL,FUTURE_CRITICAL
Haryana_28.7033_75.9033,Haryana,Bhiwani,0.0,0.0,0.0,FUTURE_CRITICAL,FUTURE_CRITICAL
Assam_26.2384_90.3751,Assam,Dhubri,5.882352941176549,0.0,0.0,FUTURE_CRITICAL,FUTURE_CRITICAL
Haryana_28.8083_76.2444,Haryana,Bhiwani,0.0,0.0,0.0,FUTURE_CRITICAL,FUTURE_CRITICAL
West Bengal_22.3021_88.1058,West Bengal,South 24 Parganas,9.090909090909083,10.909090909090901,14.545454545454517,FUTURE_CRITICAL,FUTURE_CRITICAL
Rajasthan_25.1583_71.45,Rajasthan,Barmer,0.0,0.0,0.0,FUTURE_CRITICAL,FUTURE_CRITICAL
Haryana_29.3819_77.0911,Haryana,Panipat,0.0,0.0,0.0,FUTURE_CRITICAL,FUTURE_CRITICAL
Rajasthan_24.7_73.75,Rajasthan,Udaipur,0.0,0.0,0.0,FUTURE_CRITICAL,FUTURE_CRITICAL
Haryana_29.5_76.7347,Haryana,Karnal,15.094339622641517,0.9433962264151052,0.0,FUTURE_CRITICAL,FUTURE_CRITICAL
Uttarakhand_30.0531_77.9386,Uttarakhand,Haridwar,0.0,0.0,0.0,FUTURE_CRITICAL,FUTURE_CRITICAL
Rajasthan_23.6922_73.7244,Rajasthan,Dungarpur,26.5625,23.4375,17.18749999999999,FUTURE_CRITICAL,FUTURE_CRITICAL
Rajasthan_23.5333_74.45,Rajasthan,Banswara,0.0,0.0,0.0,FUTURE_CRITICAL,FUTURE_CRITICAL
Jammu and Kashmir_32.5762_75.1031,Jammu and Kashmir,Samba,13.333333333333341,8.571428571428596,0.0,FUTURE_CRITICAL,FUTURE_CRITICAL
Punjab_32.2667_75.625,Punjab,Pathankot,14.285714285714269,14.540816326530603,15.05102040816324,FUTURE_CRITICAL,FUTURE_CRITICAL
Punjab_32.2625_75.5917,Punjab,Pathankot,0.0,0.0,0.0,FUTURE_CRITICAL,FUTURE_CRITICAL
Punjab_31.9514_75.715,Punjab,Hoshiarpur,1.8181818181818077,0.0,0.0,FUTURE_CRITICAL,FUTURE_CRITICAL
Punjab_32.0208_75.6875,Punjab,Hoshiarpur,13.953488372093048,1.6611295681063454,0.0,FUTURE_CRITICAL,FUTURE_CRITICAL
Jammu and Kashmir_32.8027_74.7776,Jammu and Kashmir,Jammu,6.034482758620685,4.2025862068965525,0.5387931034482762,FUTURE_CRITICAL,FUTURE_CRITICAL
Punjab_31.35_74.7,Punjab,Tarn Taran,0.0,0.0,0.0,FUTURE_CRITICAL,FUTURE_CRITICAL
Jammu and Kashmir_33.1732_74.2069,Jammu and Kashmir,Rajouri,0.0,0.0,0.0,FUTURE_CRITICAL,FUTURE_CRITICAL
Assam_26.1167_92.1667,Assam,Marigaon,9.090909090909062,9.090909090909062,9.090909090909062,FUTURE_CRITICAL,FUTURE_CRITICAL
Punjab_30.9042_76.2889,Punjab,Ludhiana,33.33333333333353,27.08333333333358,14.583333333333693,STABLE,FUTURE_CRITICAL
Punjab_30.8117_76.5383,Punjab,Rupnagar,18.604651162790642,20.930232558139515,25.581395348837255,FUTURE_CRITICAL,STABLE
Punjab_30.6917_74.9806,Punjab,Moga,0.0,0.0,0.0,FUTURE_CRITICAL,FUTURE_CRITICAL
Punjab_30.6464_74.6394,Punjab,Faridkot,5.882352941176472,6.8627450980392135,8.82352941176473,FUTURE_CRITICAL,FUTURE_CRITICAL
Punjab_30.5597_76.6597,Punjab,S.A.S Nagar,51.85185185185184,42.22222222222223,22.96296296296293,STABLE,FUTURE_CRITICAL
Punjab_30.4153_76.1744,Punjab,Patiala,0.0,0.0,0.0,FUTURE_CRITICAL,FUTURE_CRITICAL
Punjab_30.2908_74.8136,Punjab,Bathinda,0.0,0.0,0.0,FUTURE_CRITICAL,FUTURE_CRITICAL
Punjab_30.1128_74.0778,Punjab,Fazilka,41.66666666666667,34.52380952380953,20.238095238095234,STABLE,FUTURE_CRITICAL
Punjab_30.1236_75.4403,Punjab,Mansa,0.0,0.0,0.0,FUTURE_CRITICAL,FUTURE_CRITICAL
Jharkhand_24.2006_84.8756,Jharkhand,Chatra,0.0,0.0,0.0,FUTURE_CRITICAL,FUTURE_CRITICAL
Andhra Pradesh_16.0209_80.9115,Andhra Pradesh,Krishna,10.71428571428571,12.857142857142833,17.142857142857125,FUTURE_CRITICAL,FUTURE_CRITICAL
Punjab_29.8_75.2833,Punjab,Mansa,39.99999999999998,33.333333333333336,19.999999999999986,STABLE,FUTURE_CRITICAL
Punjab_29.9083_75.4611,Punjab,Mansa,7.407407407407385,4.012345679012319,0.0,FUTURE_CRITICAL,FUTURE_CRITICAL
Nagaland_nan_93.7375,Nagaland,Dimapur,0.0,0.0,0.0,FUTURE_CRITICAL,FUTURE_CRITICAL
Nagaland_nan_93.7292,Nagaland,Dimapur,0.0,0.0,0.0,FUTURE_CRITICAL,FUTURE_CRITICAL
Meghalaya_nan_90.25,Meghalaya,West Garo Hills,37.50000000000002,32.500000000000014,22.500000000000064,STABLE,FUTURE_CRITICAL
Meghalaya_nan_90.05,Meghalaya,West Garo Hills,0.0,0.0,0.0,FUTURE_CRITICAL,FUTURE_CRITICAL
Nagaland_nan_93.6006,Nagaland,Dimapur,0.0,0.0,0.0,FUTURE_CRITICAL,FUTURE_CRITICAL
Nagaland_nan_93.7167,Nagaland,Dimapur,0.0,0.0,0.0,FUTURE_CRITICAL,FUTURE_CRITICAL
Andhra Pradesh_17.8029_83.3542,Andhra Pradesh,Visakhapatnam,29.24528301886794,23.180592991913763,11.051212938005417,FUTURE_CRITICAL,FUTURE_CRITICAL
Jharkhand_24.3833_87.1833,Jharkhand,Dumka,0.0,0.0,0.0,FUTURE_CRITICAL,FUTURE_CRITICAL
Telangana_18.6394_79.9513,Telangana,Jayashankar Bhupalapally,18.6046511627907,6.976744186046513,0.0,FUTURE_CRITICAL,FUTURE_CRITICAL
Madhya Pradesh_26.6428_78.8794,Madhya Pradesh,Bhind,0.0,0.0,0.0,FUTURE_CRITICAL,FUTURE_CRITICAL
Madhya Pradesh_26.3553_78.6342,Madhya Pradesh,Bhind,17.647058823529427,4.705882352941182,0.0,FUTURE_CRITICAL,FUTURE_CRITICAL
Madhya Pradesh_26.4306_77.8767,Madhya Pradesh,Morena,0.0,0.0,0.0,FUTURE_CRITICAL,FUTURE_CRITICAL
Madhya Pradesh_26.6147_78.1447,Madhya Pradesh,Morena,5.61797752808989,0.0,0.0,FUTURE_CRITICAL,FUTURE_CRITICAL
Madhya Pradesh_26.7472_78.2375,Madhya Pradesh,Morena,0.0,0.0,0.0,FUTURE_CRITICAL,FUTURE_CRITICAL
Madhya Pradesh_26.2381_78.7811,Madhya Pradesh,Datia,38.46153846153846,28.46153846153845,8.461538461538453,EARLY_DEPLETION_WARNING,FUTURE_CRITICAL
Madhya Pradesh_25.9961_78.8792,Madhya Pradesh,Bhind,28.57142857142856,16.19047619047619,0.0,FUTURE_CRITICAL,FUTURE_CRITICAL
Madhya Pradesh_26.1186_78.0658,Madhya Pradesh,Gwalior,0.0,0.0,0.0,FUTURE_CRITICAL,FUTURE_CRITICAL
Madhya Pradesh_26.1736_78.5428,Madhya Pradesh,Gwalior,11.290322580645151,11.46953405017921,11.827956989247312,FUTURE_CRITICAL,FUTURE_CRITICAL
Madhya Pradesh_25.7783_78.5006,Madhya Pradesh,Datia,28.301886792452823,21.509433962264158,7.924528301886791,FUTURE_CRITICAL,FUTURE_CRITICAL
Madhya Pradesh_25.0717_78.8731,Madhya Pradesh,Tikamgarh,0.0,0.0,0.0,FUTURE_CRITICAL,FUTURE_CRITICAL
Madhya Pradesh_25.0775_79.3333,Madhya Pradesh,Tikamgarh,23.33333333333334,21.66666666666668,18.333333333333357,FUTURE_CRITICAL,FUTURE_CRITICAL
Madhya Pradesh_25.1253_79.0944,Madhya Pradesh,Tikamgarh,0.0,0.0,0.0,FUTURE_CRITICAL,FUTURE_CRITICAL
Madhya Pradesh_25.1861_80.2872,Madhya Pradesh,Chhatarpur,49.99999999999998,39.99999999999997,19.999999999999986,EARLY_DEPLETION_WARNING,FUTURE_CRITICAL
Madhya Pradesh_24.8619_79.3847,Madhya Pradesh,Chhatarpur,34.042553191489354,20.851063829787243,0.0,FUTURE_CRITICAL,FUTURE_CRITICAL
Andhra Pradesh_15.9354_80.4451,Andhra Pradesh,Bapatla,0.0,0.0,0.0,FUTURE_CRITICAL,FUTURE_CRITICAL
Madhya Pradesh_24.9964_79.6514,Madhya Pradesh,Chhatarpur,0.0,0.0,0.0,FUTURE_CRITICAL,FUTURE_CRITICAL
Madhya Pradesh_24.9731_81.3911,Madhya Pradesh,Rewa,0.0,0.0,0.0,FUTURE_CRITICAL,FUTURE_CRITICAL
Madhya Pradesh_24.7867_81.775,Madhya Pradesh,Mauganj,24.99999999999999,19.246031746031733,7.738095238095211,FUTURE_CRITICAL,FUTURE_CRITICAL
Madhya Pradesh_24.7769_82.0833,Madhya Pradesh,Mauganj,7.272727272727275,5.4545454545454675,1.8181818181818077,FUTURE_CRITICAL,FUTURE_CRITICAL
Madhya Pradesh_24.675_81.8889,Madhya Pradesh,Mauganj,29.999999999999982,25.71428571428568,17.142857142857114,STABLE,FUTURE_CRITICAL
Madhya Pradesh_24.71_82.1092,Madhya Pradesh,Mauganj,18.51851851851849,19.135802469135776,20.37037037037034,FUTURE_CRITICAL,FUTURE_CRITICAL
Madhya Pradesh_24.7414_82.0456,Madhya Pradesh,Mauganj,1.754385964912275,0.0,0.0,FUTURE_CRITICAL,FUTURE_CRITICAL
Madhya Pradesh_24.5219_81.3897,Madhya Pradesh,Rewa,10.256410256410264,11.965811965811968,15.384615384615374,FUTURE_CRITICAL,FUTURE_CRITICAL
Madhya Pradesh_24.5719_79.0219,Madhya Pradesh,Tikamgarh,0.0,0.0,0.0,FUTURE_CRITICAL,FUTURE_CRITICAL
Madhya Pradesh_24.2486_79.2872,Madhya Pradesh,Chhatarpur,2.2471910112359494,0.0,0.0,FUTURE_CRITICAL,FUTURE_CRITICAL
Madhya Pradesh_24.275_81.9019,Madhya Pradesh,Sidhi,0.0,0.0,0.0,FUTURE_CRITICAL,FUTURE_CRITICAL
Madhya Pradesh_24.1994_79.3261,Madhya Pradesh,Chhatarpur,19.99999999999993,23.999999999999964,31.999999999999908,FUTURE_CRITICAL,STABLE
Madhya Pradesh_24.0011_82.1058,Madhya Pradesh,Singrauli,0.0,0.0,0.0,FUTURE_CRITICAL,FUTURE_CRITICAL
Madhya Pradesh_23.9867_81.7086,Madhya Pradesh,Sidhi,0.0,0.0,0.0,FUTURE_CRITICAL,FUTURE_CRITICAL
Madhya Pradesh_23.9456_82.485,Madhya Pradesh,Singrauli,0.0,0.0,0.0,FUTURE_CRITICAL,FUTURE_CRITICAL
Madhya Pradesh_24.0417_82.2056,Madhya Pradesh,Singrauli,0.0,0.0,0.0,FUTURE_CRITICAL,FUTURE_CRITICAL
Madhya Pradesh_24.0469_81.9467,Madhya Pradesh,Sidhi,36.065573770491824,25.409836065573778,4.098360655737732,EARLY_DEPLETION_WARNING,FUTURE_CRITICAL
Madhya Pradesh_24.045_81.9222,Madhya Pradesh,Sidhi,13.333333333333341,6.111111111111123,0.0,FUTURE_CRITICAL,FUTURE_CRITICAL
Madhya Pradesh_24.1014_81.8192,Madhya Pradesh,Sidhi,34.693877551020414,23.809523809523824,2.0408163265306034,FUTURE_CRITICAL,FUTURE_CRITICAL
Madhya Pradesh_23.8283_79.4361,Madhya Pradesh,Damoh,11.111111111111116,4.444444444444451,0.0,FUTURE_CRITICAL,FUTURE_CRITICAL
Madhya Pradesh_23.8228_79.4367,Madhya Pradesh,Damoh,8.333333333333337,0.0,0.0,FUTURE_CRITICAL,FUTURE_CRITICAL
Madhya Pradesh_24.0111_82.4717,Madhya Pradesh,Singrauli,39.13043478260872,26.956521739130444,2.6086956521739313,EARLY_DEPLETION_WARNING,FUTURE_CRITICAL
Madhya Pradesh_23.6783_81.3967,Madhya Pradesh,Shahdol,15.306122448979597,18.48072562358277,24.829931972789122,FUTURE_CRITICAL,FUTURE_CRITICAL
Madhya Pradesh_23.1958_81.9786,Madhya Pradesh,Anuppur,45.16129032258064,38.3064516129032,24.596774193548367,STABLE,FUTURE_CRITICAL
Madhya Pradesh_23.2306_77.4067,Madhya Pradesh,Bhopal,22.2222222222222,6.666666666666621,0.0,FUTURE_CRITICAL,FUTURE_CRITICAL
Andhra Pradesh_18.3401_84.1221,Andhra Pradesh,Srikakulam,22.22222222222222,22.22222222222222,22.22222222222222,FUTURE_CRITICAL,FUTURE_CRITICAL
Madhya Pradesh_23.1442_79.8028,Madhya Pradesh,Jabalpur,0.0,0.0,0.0,FUTURE_CRITICAL,FUTURE_CRITICAL
Madhya Pradesh_22.8433_75.5394,Madhya Pradesh,Indore,0.0,0.0,0.0,FUTURE_CRITICAL,FUTURE_CRITICAL
Madhya Pradesh_22.2914_77.0031,Madhya Pradesh,Harda,39.99999999999999,27.999999999999993,3.9999999999999925,EARLY_DEPLETION_WARNING,FUTURE_CRITICAL
Madhya Pradesh_22.2547_77.23,Madhya Pradesh,Harda,21.428571428571473,5.714285714285716,0.0,FUTURE_CRITICAL,FUTURE_CRITICAL
Madhya Pradesh_22.5139_75.9183,Madhya Pradesh,Indore,26.415094339622648,11.69811320754719,0.0,FUTURE_CRITICAL,FUTURE_CRITICAL
Madhya Pradesh_22.1239_75.6083,Madhya Pradesh,Khargone (West Nimar),0.0,0.0,0.0,FUTURE_CRITICAL,FUTURE_CRITICAL
Madhya Pradesh_22.1625_76.8594,Madhya Pradesh,Harda,0.0,0.0,0.0,FUTURE_CRITICAL,FUTURE_CRITICAL
Madhya Pradesh_22.2186_76.9469,Madhya Pradesh,Harda,3.44827586206895,0.0,0.0,FUTURE_CRITICAL,FUTURE_CRITICAL
Telangana_nan_81.1202,Telangana,Bhadradri Kothagudem,17.24137931034483,18.10344827586208,19.82758620689655,FUTURE_CRITICAL,FUTURE_CRITICAL
Madhya Pradesh_21.9364_75.1361,Madhya Pradesh,Barwani,42.85714285714285,36.05442176870748,22.448979591836725,STABLE,FUTURE_CRITICAL
Madhya Pradesh_21.9656_80.125,Madhya Pradesh,Balaghat,14.285714285714302,11.11111111111114,4.761904761904767,FUTURE_CRITICAL,FUTURE_CRITICAL
Madhya Pradesh_22.1236_75.6083,Madhya Pradesh,Khargone (West Nimar),4.166666666666674,0.694444444444442,0.0,FUTURE_CRITICAL,FUTURE_CRITICAL
Madhya Pradesh_21.8714_75.1847,Madhya Pradesh,Barwani,0.0,0.0,0.0,FUTURE_CRITICAL,FUTURE_CRITICAL
Madhya Pradesh_21.9297_76.4475,Madhya Pradesh,Khandwa (East Nimar),49.999999999999986,39.99999999999999,19.99999999999997,STABLE,FUTURE_CRITICAL
Madhya Pradesh_21.9017_76.1794,Madhya Pradesh,Khandwa (East Nimar),25.0,20.625000000000004,11.875000000000002,FUTURE_CRITICAL,FUTURE_CRITICAL
Madhya Pradesh_21.7806_80.81,Madhya Pradesh,Balaghat,0.0,0.0,0.0,FUTURE_CRITICAL,FUTURE_CRITICAL
Madhya Pradesh_21.7708_79.8033,Madhya Pradesh,Balaghat,0.0,0.0,0.0,FUTURE_CRITICAL,FUTURE_CRITICAL
Madhya Pradesh_21.7944_76.4275,Madhya Pradesh,Khandwa (East Nimar),12.82051282051282,0.0,0.0,FUTURE_CRITICAL,FUTURE_CRITICAL
Madhya Pradesh_21.6886_76.1978,Madhya Pradesh,Khandwa (East Nimar),0.0,0.0,0.0,FUTURE_CRITICAL,FUTURE_CRITICAL
Madhya Pradesh_21.5694_75.3244,Madhya Pradesh,Barwani,0.0,0.0,0.0,FUTURE_CRITICAL,FUTURE_CRITICAL
Madhya Pradesh_21.6011_79.9792,Madhya Pradesh,Balaghat,0.0,0.0,0.0,FUTURE_CRITICAL,FUTURE_CRITICAL
Madhya Pradesh_21.4289_76.6533,Madhya Pradesh,Burhanpur,52.38095238095237,42.85714285714288,23.809523809523814,STABLE,FUTURE_CRITICAL
Kerala_9.8401_77.0373,Kerala,Idukki,16.666666666666675,6.250000000000011,0.0,FUTURE_CRITICAL,FUTURE_CRITICAL
Kerala_9.6999_76.7582,Kerala,Kottayam,0.0,0.0,0.0,FUTURE_CRITICAL,FUTURE_CRITICAL
Kerala_10.7658_76.5433,Kerala,Palakkad,23.376623376623385,13.7987012987013,0.0,FUTURE_CRITICAL,FUTURE_CRITICAL
Kerala_9.4429_76.6738,Kerala,Pathanamthitta,0.0,0.0,0.0,FUTURE_CRITICAL,FUTURE_CRITICAL
Kerala_9.4468_76.8766,Kerala,Kottayam,10.526315789473673,0.0,0.0,FUTURE_CRITICAL,FUTURE_CRITICAL
Kerala_10.8489_76.0833,Kerala,Malappuram,0.0,0.0,0.0,FUTURE_CRITICAL,FUTURE_CRITICAL
Andhra Pradesh_nan_77.2849,Andhra Pradesh,Kurnool,0.0,0.0,0.0,FUTURE_CRITICAL,FUTURE_CRITICAL
Kerala_9.4137_76.8233,Kerala,Pathanamthitta,0.0,0.0,0.0,FUTURE_CRITICAL,FUTURE_CRITICAL
Kerala_9.4199_76.8151,Kerala,Pathanamthitta,10.526315789473696,8.552631578947379,4.605263157894757,FUTURE_CRITICAL,FUTURE_CRITICAL
Kerala_9.4326_76.3454,Kerala,Alappuzha,0.0,0.0,0.0,FUTURE_CRITICAL,FUTURE_CRITICAL
Kerala_9.4355_76.6077,Kerala,Pathanamthitta,3.125,3.515625000000011,4.296875,FUTURE_CRITICAL,FUTURE_CRITICAL
Kerala_9.3963_76.8542,Kerala,Pathanamthitta,19.444444444444475,13.541666666666686,1.7361111111111605,FUTURE_CRITICAL,FUTURE_CRITICAL
Kerala_9.39_76.7884,Kerala,Pathanamthitta,11.764705882352954,6.985294117647078,0.0,FUTURE_CRITICAL,FUTURE_CRITICAL
Kerala_9.4024_76.7426,Kerala,Pathanamthitta,19.23076923076923,17.788461538461554,14.903846153846157,FUTURE_CRITICAL,FUTURE_CRITICAL
Kerala_9.403_76.6685,Kerala,Pathanamthitta,0.0,0.0,0.0,FUTURE_CRITICAL,FUTURE_CRITICAL
Kerala_9.3633_76.8906,Kerala,Pathanamthitta,0.0,0.0,0.0,FUTURE_CRITICAL,FUTURE_CRITICAL
Kerala_9.368_76.6572,Kerala,Pathanamthitta,0.0,0.0,0.0,FUTURE_CRITICAL,FUTURE_CRITICAL
Kerala_9.3923_76.9659,Kerala,Pathanamthitta,19.99999999999997,18.749999999999957,16.249999999999964,FUTURE_CRITICAL,FUTURE_CRITICAL
Kerala_9.331_76.9271,Kerala,Pathanamthitta,0.0,0.0,0.0,FUTURE_CRITICAL,FUTURE_CRITICAL
Kerala_9.3532_76.3727,Kerala,Alappuzha,0.0,0.0,0.0,FUTURE_CRITICAL,FUTURE_CRITICAL
Kerala_9.3605_76.9876,Kerala,Pathanamthitta,0.0,0.0,0.0,FUTURE_CRITICAL,FUTURE_CRITICAL
Kerala_9.3223_76.736,Kerala,Pathanamthitta,6.666666666666677,0.0,0.0,FUTURE_CRITICAL,FUTURE_CRITICAL
Kerala_9.2439_76.7522,Kerala,Pathanamthitta,25.0,23.125000000000018,19.375000000000053,FUTURE_CRITICAL,FUTURE_CRITICAL
Kerala_9.2699_76.9285,Kerala,Pathanamthitta,12.500000000000021,12.500000000000021,12.500000000000021,FUTURE_CRITICAL,FUTURE_CRITICAL
Kerala_9.2609_76.878,Kerala,Pathanamthitta,8.333333333333382,2.38095238095245,0.0,FUTURE_CRITICAL,FUTURE_CRITICAL
Kerala_9.2907_76.7222,Kerala,Pathanamthitta,17.391304347826086,9.782608695652184,0.0,FUTURE_CRITICAL,FUTURE_CRITICAL
Kerala_9.2012_76.848,Kerala,Pathanamthitta,28.57142857142859,14.28571428571429,0.0,FUTURE_CRITICAL,FUTURE_CRITICAL
Kerala_9.1925_76.6707,Kerala,Alappuzha,0.0,0.0,0.0,FUTURE_CRITICAL,FUTURE_CRITICAL
Kerala_9.2141_76.8075,Kerala,Pathanamthitta,16.666666666666618,0.0,0.0,FUTURE_CRITICAL,FUTURE_CRITICAL
Kerala_9.2244_76.7734,Kerala,Pathanamthitta,15.384615384615364,3.296703296703285,0.0,FUTURE_CRITICAL,FUTURE_CRITICAL
Kerala_11.1708_76.3201,Kerala,Malappuram,0.0,0.0,0.0,FUTURE_CRITICAL,FUTURE_CRITICAL
Kerala_9.2294_76.7541,Kerala,Pathanamthitta,0.0,0.0,0.0,FUTURE_CRITICAL,FUTURE_CRITICAL
Kerala_9.1555_76.8544,Kerala,Pathanamthitta,0.0,0.0,0.0,FUTURE_CRITICAL,FUTURE_CRITICAL
Kerala_9.1635_76.8698,Kerala,Pathanamthitta,3.2258064516128893,0.0,0.0,FUTURE_CRITICAL,FUTURE_CRITICAL
Kerala_11.3047_75.8787,Kerala,Kozhikode,0.0,0.0,0.0,FUTURE_CRITICAL,FUTURE_CRITICAL
Kerala_11.3296_75.9415,Kerala,Kozhikode,0.0,0.0,0.0,FUTURE_CRITICAL,FUTURE_CRITICAL
Kerala_11.3669_75.7969,Kerala,Kozhikode,30.76923076923078,27.472527472527474,20.879120879120904,STABLE,FUTURE_CRITICAL
Assam_25.8469_92.8978,Assam,West Karbi Anglong,44.70588235294118,35.49019607843138,17.058823529411782,STABLE,FUTURE_CRITICAL
Assam_25.8417_93.45,Assam,Karbi Anglong,10.294117647058808,7.598039215686258,2.2058823529411575,FUTURE_CRITICAL,FUTURE_CRITICAL
Kerala_11.9772_75.7741,Kerala,Kannur,0.0,0.0,0.0,FUTURE_CRITICAL,FUTURE_CRITICAL
Kerala_11.9593_75.5166,Kerala,Kannur,6.060606060606089,0.0,0.0,FUTURE_CRITICAL,FUTURE_CRITICAL
Kerala_12.4195_75.1658,Kerala,Kasaragod,0.0,0.0,0.0,FUTURE_CRITICAL,FUTURE_CRITICAL
Kerala_12.4997_75.2695,Kerala,Kasaragod,17.02127659574466,18.085106382978722,20.2127659574468,FUTURE_CRITICAL,FUTURE_CRITICAL
West Bengal_26.8646_88.6257,West Bengal,Jalpaiguri,0.0,0.0,0.0,FUTURE_CRITICAL,FUTURE_CRITICAL
Assam_26.61_91.58,Assam,Tamulpur,39.99999999999999,29.999999999999982,10.000000000000009,EARLY_DEPLETION_WARNING,FUTURE_CRITICAL
West Bengal_26.8813_88.8144,West Bengal,Jalpaiguri,11.594202898550732,11.594202898550732,11.594202898550732,FUTURE_CRITICAL,FUTURE_CRITICAL
Rajasthan_27.4833_71.7833,Rajasthan,Jaisalmer,0.0,0.0,0.0,FUTURE_CRITICAL,FUTURE_CRITICAL
Rajasthan_27.3753_74.5167,Rajasthan,Didwana-Kuchaman,8.07453416149071,0.3549245785271049,0.0,FUTURE_CRITICAL,FUTURE_CRITICAL
Rajasthan_27.3667_75.4,Rajasthan,Sikar,0.0,0.0,0.0,FUTURE_CRITICAL,FUTURE_CRITICAL
West Bengal_nan_87.6483,West Bengal,Birbhum,50.0,40.00000000000006,20.00000000000003,STABLE,FUTURE_CRITICAL
Kerala_12.4961_75.1315,Kerala,Kasaragod,0.0,0.0,0.0,FUTURE_CRITICAL,FUTURE_CRITICAL
Kerala_12.4803_75.0576,Kerala,Kasaragod,0.0,1.1982570806100212,3.5947712418300526,FUTURE_CRITICAL,FUTURE_CRITICAL
Uttar Pradesh_26.4472_82.0167,Uttar Pradesh,Sultanpur,14.28571428571428,8.571428571428562,0.0,FUTURE_CRITICAL,FUTURE_CRITICAL
Kerala_12.5134_75.1135,Kerala,Kasaragod,0.0,0.0,0.0,FUTURE_CRITICAL,FUTURE_CRITICAL
Arunachal Pradesh_28.1514_95.2958,Arunachal Pradesh,East Siang,0.0,0.0,0.0,FUTURE_CRITICAL,FUTURE_CRITICAL
Arunachal Pradesh_27.9133_95.3436,Arunachal Pradesh,East Siang,0.0,0.0,0.0,FUTURE_CRITICAL,FUTURE_CRITICAL
Uttar Pradesh_26.46_83.42,Uttar Pradesh,Gorakhpur,23.076923076923062,20.512820512820507,15.384615384615397,FUTURE_CRITICAL,FUTURE_CRITICAL
Uttar Pradesh_26.4508_82.7758,Uttar Pradesh,Ambedkar Nagar,52.941176470588246,43.52941176470589,24.705882352941224,STABLE,FUTURE_CRITICAL
Kerala_12.4211_75.0815,Kerala,Kasaragod,21.126760563380287,14.612676056338024,1.5845070422535357,FUTURE_CRITICAL,FUTURE_CRITICAL
Kerala_12.4567_75.0353,Kerala,Kasaragod,0.0,0.0,0.0,FUTURE_CRITICAL,FUTURE_CRITICAL
Kerala_12.4566_75.1397,Kerala,Kasaragod,17.647058823529417,7.598039215686292,0.0,FUTURE_CRITICAL,FUTURE_CRITICAL
Uttar Pradesh_26.2361_80.35,Uttar Pradesh,Kanpur Nagar,0.0,0.0,0.0,FUTURE_CRITICAL,FUTURE_CRITICAL
Kerala_12.4004_75.0311,Kerala,Kasaragod,0.0,0.0,0.0,FUTURE_CRITICAL,FUTURE_CRITICAL
Kerala_12.4145_75.0514,Kerala,Kasaragod,0.0,0.0,0.0,FUTURE_CRITICAL,FUTURE_CRITICAL
Kerala_12.429_75.0724,Kerala,Kasaragod,7.500000000000018,5.000000000000027,4.440892098500626e-14,FUTURE_CRITICAL,FUTURE_CRITICAL
Kerala_12.3552_75.0952,Kerala,Kasaragod,2.083333333333326,0.0,0.0,FUTURE_CRITICAL,FUTURE_CRITICAL
Kerala_12.55_75.2465,Kerala,Kasaragod,0.0,0.0,0.0,FUTURE_CRITICAL,FUTURE_CRITICAL
Kerala_12.5619_75.1998,Kerala,Kasaragod,0.0,0.0,0.0,FUTURE_CRITICAL,FUTURE_CRITICAL
Kerala_12.2653_75.1889,Kerala,Kasaragod,0.0,0.0,0.0,FUTURE_CRITICAL,FUTURE_CRITICAL
Kerala_12.2644_75.1542,Kerala,Kasaragod,0.0,0.0,0.0,FUTURE_CRITICAL,FUTURE_CRITICAL
Kerala_12.3133_75.0922,Kerala,Kasaragod,0.0,0.0,0.0,FUTURE_CRITICAL,FUTURE_CRITICAL
Kerala_12.3115_75.0762,Kerala,Kasaragod,0.0,0.0,0.0,FUTURE_CRITICAL,FUTURE_CRITICAL
Kerala_12.3277_75.0712,Kerala,Kasaragod,9.183673469387754,2.405247813411082,0.0,FUTURE_CRITICAL,FUTURE_CRITICAL
Arunachal Pradesh_27.8167_94.3167,Arunachal Pradesh,Kamle,0.0,0.0,0.0,FUTURE_CRITICAL,FUTURE_CRITICAL
Uttar Pradesh_26.1764_83.6569,Uttar Pradesh,Mau,9.999999999999998,4.999999999999982,0.0,FUTURE_CRITICAL,FUTURE_CRITICAL
Kerala_12.2281_75.1563,Kerala,Kasaragod,0.0,0.0,0.0,FUTURE_CRITICAL,FUTURE_CRITICAL
Kerala_12.2523_75.2696,Kerala,Kasaragod,0.0,0.0,0.0,FUTURE_CRITICAL,FUTURE_CRITICAL
Uttar Pradesh_26.5833_79.4708,Uttar Pradesh,Auraiya,7.894736842105276,0.0,0.0,FUTURE_CRITICAL,FUTURE_CRITICAL
Uttar Pradesh_26.2014_83.2297,Uttar Pradesh,Azamgarh,0.0,0.0,0.0,FUTURE_CRITICAL,FUTURE_CRITICAL
Kerala_12.1236_75.1821,Kerala,Kasaragod,0.0,0.0,0.0,FUTURE_CRITICAL,FUTURE_CRITICAL
Kerala_12.1925_75.1672,Kerala,Kasaragod,0.0,0.0,0.0,FUTURE_CRITICAL,FUTURE_CRITICAL
Kerala_12.1609_75.1696,Kerala,Kasaragod,0.0,0.0,0.0,FUTURE_CRITICAL,FUTURE_CRITICAL
Assam_24.5625_92.4139,Assam,Karimganj,14.28571428571428,8.03571428571429,0.0,FUTURE_CRITICAL,FUTURE_CRITICAL
Kerala_12.6213_74.9882,Kerala,Kasaragod,37.500000000000014,32.17592592592597,21.527777777777814,STABLE,FUTURE_CRITICAL
Kerala_12.6291_75.0767,Kerala,Kasaragod,0.0,0.0,0.0,FUTURE_CRITICAL,FUTURE_CRITICAL
Kerala_12.6263_75.0957,Kerala,Kasaragod,0.0,0.0,0.0,FUTURE_CRITICAL,FUTURE_CRITICAL
Kerala_12.6392_75.014,Kerala,Kasaragod,0.0,0.0,0.0,FUTURE_CRITICAL,FUTURE_CRITICAL
Uttar Pradesh_26.1433_82.0333,Uttar Pradesh,Amethi,39.99999999999998,29.99999999999995,9.999999999999964,EARLY_DEPLETION_WARNING,FUTURE_CRITICAL
Kerala_11.9983_75.6855,Kerala,Kannur,0.0,0.0,0.0,FUTURE_CRITICAL,FUTURE_CRITICAL
Kerala_12.0238_75.2665,Kerala,Kannur,0.0,0.0,0.0,FUTURE_CRITICAL,FUTURE_CRITICAL
Uttar Pradesh_26.6667_82.125,Uttar Pradesh,Ayodhya,35.71428571428572,25.00000000000001,3.571428571428592,EARLY_DEPLETION_WARNING,FUTURE_CRITICAL
Uttar Pradesh_26.6333_82.6917,Uttar Pradesh,Basti,0.0,0.0,0.0,FUTURE_CRITICAL,FUTURE_CRITICAL
Uttar Pradesh_26.7094_79.2025,Uttar Pradesh,Etawah,0.0,0.0,0.0,FUTURE_CRITICAL,FUTURE_CRITICAL
Assam_24.6417_92.3542,Assam,Karimganj,0.0,0.0,0.0,FUTURE_CRITICAL,FUTURE_CRITICAL
Assam_24.6292_92.6747,Assam,Hailakandi,0.0,0.0,0.0,FUTURE_CRITICAL,FUTURE_CRITICAL
Kerala_11.9441_75.3427,Kerala,Kannur,0.0,0.0,0.0,FUTURE_CRITICAL,FUTURE_CRITICAL
Kerala_11.9495_75.6106,Kerala,Kannur,0.0,0.0,0.0,FUTURE_CRITICAL,FUTURE_CRITICAL
Uttar Pradesh_26.6847_82.3083,Uttar Pradesh,Ayodhya,13.333333333333341,0.0,0.0,FUTURE_CRITICAL,FUTURE_CRITICAL
Uttar Pradesh_26.6806_81.1722,Uttar Pradesh,Lucknow,0.0,0.0,0.0,FUTURE_CRITICAL,FUTURE_CRITICAL
Uttar Pradesh_26.1739_81.7622,Uttar Pradesh,Amethi,27.027027027027028,19.819819819819827,5.405405405405384,FUTURE_CRITICAL,FUTURE_CRITICAL
Kerala_12.6457_75.0793,Kerala,Kasaragod,0.0,0.0,0.0,FUTURE_CRITICAL,FUTURE_CRITICAL
Kerala_12.6739_75.1194,Kerala,Kasaragod,0.0,0.0,0.0,FUTURE_CRITICAL,FUTURE_CRITICAL
Uttar Pradesh_26.1042_79.2056,Uttar Pradesh,Jalaun,28.000000000000004,15.999999999999993,0.0,FUTURE_CRITICAL,FUTURE_CRITICAL
Kerala_12.6784_75.037,Kerala,Kasaragod,0.0,0.0,0.0,FUTURE_CRITICAL,FUTURE_CRITICAL
Kerala_11.9272_75.3534,Kerala,Kannur,15.384615384615397,16.826923076923073,19.711538461538503,FUTURE_CRITICAL,FUTURE_CRITICAL
Kerala_11.9121_75.4549,Kerala,Kannur,0.0,0.0,0.0,FUTURE_CRITICAL,FUTURE_CRITICAL
Kerala_12.6749_74.9625,Kerala,Kasaragod,0.0,0.0,0.0,FUTURE_CRITICAL,FUTURE_CRITICAL
Kerala_12.7008_75.0136,Kerala,Kasaragod,0.0,0.0,0.0,FUTURE_CRITICAL,FUTURE_CRITICAL
Kerala_12.6863_74.9843,Kerala,Kasaragod,0.0,0.0,0.0,FUTURE_CRITICAL,FUTURE_CRITICAL
Kerala_11.8764_75.3725,Kerala,Kannur,0.0,0.0,0.0,FUTURE_CRITICAL,FUTURE_CRITICAL
Kerala_11.9015_75.3473,Kerala,Kannur,0.0,0.0,0.0,FUTURE_CRITICAL,FUTURE_CRITICAL
Kerala_11.8831_75.3531,Kerala,Kannur,16.666666666666696,18.518518518518544,22.22222222222229,FUTURE_CRITICAL,FUTURE_CRITICAL
Uttar Pradesh_26.7667_81.1125,Uttar Pradesh,Lucknow,0.0,0.0,0.0,FUTURE_CRITICAL,FUTURE_CRITICAL
Kerala_11.9073_76.0321,Kerala,Wayanad,0.0,0.0,0.0,FUTURE_CRITICAL,FUTURE_CRITICAL
Andhra Pradesh_15.1179_77.64,Andhra Pradesh,Ananthapuramu,0.0,0.0,0.0,FUTURE_CRITICAL,FUTURE_CRITICAL
Kerala_12.7415_74.9539,Kerala,Kasaragod,0.0,0.0,0.0,FUTURE_CRITICAL,FUTURE_CRITICAL
Kerala_8.3308_77.0627,Kerala,Thiruvananthapuram,0.0,0.0,0.0,FUTURE_CRITICAL,FUTURE_CRITICAL
Arunachal Pradesh_27.4167_96.0458,Arunachal Pradesh,Changlang,15.384615384615397,4.807692307692301,0.0,FUTURE_CRITICAL,FUTURE_CRITICAL
Uttar Pradesh_26.83_79.5958,Uttar Pradesh,Auraiya,25.806451612903246,13.440860215053796,0.0,FUTURE_CRITICAL,FUTURE_CRITICAL
Kerala_11.8717_75.5724,Kerala,Kannur,0.0,0.0,0.0,FUTURE_CRITICAL,FUTURE_CRITICAL
Assam_24.7183_92.7769,Assam,Cachar,31.25,19.375000000000007,0.0,FUTURE_CRITICAL,FUTURE_CRITICAL
Uttar Pradesh_26.7661_82.1608,Uttar Pradesh,Ayodhya,41.666666666666664,30.00000000000003,6.666666666666677,EARLY_DEPLETION_WARNING,FUTURE_CRITICAL
Kerala_8.3828_76.9911,Kerala,Thiruvananthapuram,0.0,0.0,0.0,FUTURE_CRITICAL,FUTURE_CRITICAL
Kerala_8.389_77.0738,Kerala,Thiruvananthapuram,22.857142857142854,14.28571428571429,0.0,FUTURE_CRITICAL,FUTURE_CRITICAL
Uttar Pradesh_25.9472_82.3917,Uttar Pradesh,Jaunpur,13.513513513513509,0.0,0.0,FUTURE_CRITICAL,FUTURE_CRITICAL
Uttar Pradesh_26.8419_79.0853,Uttar Pradesh,Etawah,27.27272727272726,23.636363636363612,16.363636363636335,FUTURE_CRITICAL,FUTURE_CRITICAL
Kerala_11.84_75.9066,Kerala,Wayanad,0.0,0.0,0.0,FUTURE_CRITICAL,FUTURE_CRITICAL
Kerala_11.8496_76.0663,Kerala,Wayanad,0.0,0.0,0.0,FUTURE_CRITICAL,FUTURE_CRITICAL
Kerala_11.8561_76.1158,Kerala,Wayanad,0.0,0.0,0.0,FUTURE_CRITICAL,FUTURE_CRITICAL
Kerala_11.8631_75.4083,Kerala,Kannur,0.0,0.0,0.0,FUTURE_CRITICAL,FUTURE_CRITICAL
Uttar Pradesh_26.9083_80.9431,Uttar Pradesh,Lucknow,0.0,0.0,0.0,FUTURE_CRITICAL,FUTURE_CRITICAL
Kerala_11.8089_75.5493,Kerala,Kannur,28.000000000000004,24.00000000000002,16.000000000000014,FUTURE_CRITICAL,FUTURE_CRITICAL
Assam_24.8097_92.8917,Assam,Cachar,0.0,0.0,0.0,FUTURE_CRITICAL,FUTURE_CRITICAL
Kerala_11.8334_75.8559,Kerala,Wayanad,0.0,0.0,0.0,FUTURE_CRITICAL,FUTURE_CRITICAL
Kerala_11.8403_75.9551,Kerala,Wayanad,0.0,0.0,0.0,FUTURE_CRITICAL,FUTURE_CRITICAL
Kerala_11.835_76.1569,Kerala,Wayanad,0.0,0.0,0.0,FUTURE_CRITICAL,FUTURE_CRITICAL
Kerala_8.4444_76.9438,Kerala,Thiruvananthapuram,0.0,0.0,0.0,FUTURE_CRITICAL,FUTURE_CRITICAL
Kerala_11.8033_76.0303,Kerala,Wayanad,16.666666666666686,4.761904761904767,0.0,FUTURE_CRITICAL,FUTURE_CRITICAL
Kerala_11.8032_76.0299,Kerala,Wayanad,0.0,0.0,0.0,FUTURE_CRITICAL,FUTURE_CRITICAL
Kerala_11.8079_75.9243,Kerala,Wayanad,0.0,0.0,0.0,FUTURE_CRITICAL,FUTURE_CRITICAL
Kerala_11.8168_76.1635,Kerala,Wayanad,0.0,0.0,0.0,FUTURE_CRITICAL,FUTURE_CRITICAL
Uttar Pradesh_26.8_82.7333,Uttar Pradesh,Basti,19.99999999999997,11.666666666666625,0.0,FUTURE_CRITICAL,FUTURE_CRITICAL
Uttar Pradesh_26.8944_80.9611,Uttar Pradesh,Lucknow,0.0,0.0,0.0,FUTURE_CRITICAL,FUTURE_CRITICAL
Uttar Pradesh_26.9292_81.1722,Uttar Pradesh,Bara Banki,7.692307692307665,7.692307692307665,7.692307692307665,FUTURE_CRITICAL,FUTURE_CRITICAL
Kerala_8.4834_77.0722,Kerala,Thiruvananthapuram,0.0,0.0,0.0,FUTURE_CRITICAL,FUTURE_CRITICAL
Kerala_8.5157_76.8962,Kerala,Thiruvananthapuram,0.0,0.0,0.0,FUTURE_CRITICAL,FUTURE_CRITICAL
Kerala_8.5528_76.8542,Kerala,Thiruvananthapuram,0.0,0.0,0.0,FUTURE_CRITICAL,FUTURE_CRITICAL
Andhra Pradesh_14.7334_80.0968,Andhra Pradesh,Sri Potti Sriramulu Nellore,13.636363636363635,11.111111111111116,6.060606060606077,FUTURE_CRITICAL,FUTURE_CRITICAL
Kerala_11.799_75.5625,Kerala,Kannur,0.0,0.0,0.0,FUTURE_CRITICAL,FUTURE_CRITICAL
Kerala_8.5642_76.9856,Kerala,Thiruvananthapuram,0.0,0.0,0.0,FUTURE_CRITICAL,FUTURE_CRITICAL
Kerala_8.5642_76.895,Kerala,Thiruvananthapuram,0.0,0.0,0.0,FUTURE_CRITICAL,FUTURE_CRITICAL
Kerala_8.5686_77.0149,Kerala,Thiruvananthapuram,0.0,0.0,0.0,FUTURE_CRITICAL,FUTURE_CRITICAL
Kerala_8.6194_76.9389,Kerala,Thiruvananthapuram,0.0,0.0,0.0,FUTURE_CRITICAL,FUTURE_CRITICAL
Kerala_11.7646_76.1981,Kerala,Wayanad,0.0,0.0,0.0,FUTURE_CRITICAL,FUTURE_CRITICAL
Uttar Pradesh_27.0306_79.1931,Uttar Pradesh,Mainpuri,0.0,0.0,0.0,FUTURE_CRITICAL,FUTURE_CRITICAL
Uttar Pradesh_27.03_78.2958,Uttar Pradesh,Agra,4.761904761904501,0.0,0.0,FUTURE_CRITICAL,FUTURE_CRITICAL
Assam_24.8714_92.5964,Assam,Hailakandi,24.675324675324674,24.350649350649345,23.70129870129869,FUTURE_CRITICAL,FUTURE_CRITICAL
Uttar Pradesh_27.0333_78.6167,Uttar Pradesh,Firozabad,5.000000000000016,0.0,0.0,FUTURE_CRITICAL,FUTURE_CRITICAL
Kerala_11.7547_76.0268,Kerala,Wayanad,0.0,0.0,0.0,FUTURE_CRITICAL,FUTURE_CRITICAL
Kerala_8.611_76.8069,Kerala,Thiruvananthapuram,0.0,0.0,0.0,FUTURE_CRITICAL,FUTURE_CRITICAL
Kerala_8.6102_76.8251,Kerala,Thiruvananthapuram,0.0,0.0,0.0,FUTURE_CRITICAL,FUTURE_CRITICAL
Kerala_8.6308_76.9569,Kerala,Thiruvananthapuram,0.0,0.0,0.0,FUTURE_CRITICAL,FUTURE_CRITICAL
Kerala_11.7349_76.0734,Kerala,Wayanad,0.0,0.0,0.0,FUTURE_CRITICAL,FUTURE_CRITICAL
Assam_24.9681_92.5753,Assam,Cachar,6.060606060606066,4.040404040404056,0.0,FUTURE_CRITICAL,FUTURE_CRITICAL
Assam_24.9403_92.7269,Assam,Cachar,0.0,0.0,0.0,FUTURE_CRITICAL,FUTURE_CRITICAL
Kerala_11.7442_75.8795,Kerala,Wayanad,0.0,0.0,0.0,FUTURE_CRITICAL,FUTURE_CRITICAL
Uttar Pradesh_25.825_84.2139,Uttar Pradesh,Ballia,0.0,0.0,0.0,FUTURE_CRITICAL,FUTURE_CRITICAL
Kerala_8.6722_76.7572,Kerala,Thiruvananthapuram,0.0,0.0,0.0,FUTURE_CRITICAL,FUTURE_CRITICAL
Kerala_8.6728_76.767,Kerala,Thiruvananthapuram,0.0,0.0,0.0,FUTURE_CRITICAL,FUTURE_CRITICAL
Kerala_8.6892_76.7639,Kerala,Thiruvananthapuram,0.0,0.0,0.0,FUTURE_CRITICAL,FUTURE_CRITICAL
Kerala_8.7654_76.8734,Kerala,Thiruvananthapuram,0.0,0.0,0.0,FUTURE_CRITICAL,FUTURE_CRITICAL
Kerala_8.801_76.6672,Kerala,Kollam,0.0,0.0,0.0,FUTURE_CRITICAL,FUTURE_CRITICAL
Assam_24.9722_92.5833,Assam,Cachar,36.73469387755103,30.35714285714286,17.602040816326525,STABLE,FUTURE_CRITICAL
Uttar Pradesh_27.1003_79.7775,Uttar Pradesh,Kannauj,0.0,0.0,0.0,FUTURE_CRITICAL,FUTURE_CRITICAL
Kerala_11.6604_76.1626,Kerala,Wayanad,22.807017543859665,14.230019493177403,0.0,FUTURE_CRITICAL,FUTURE_CRITICAL
Kerala_11.677_76.373,Kerala,Wayanad,0.0,0.0,0.0,FUTURE_CRITICAL,FUTURE_CRITICAL
Kerala_11.6791_76.0234,Kerala,Wayanad,0.0,0.0,0.0,FUTURE_CRITICAL,FUTURE_CRITICAL
Uttar Pradesh_25.7542_83.4708,Uttar Pradesh,Ghazipur,42.10526315789475,33.33333333333335,15.789473684210565,STABLE,FUTURE_CRITICAL
Uttar Pradesh_25.7722_80.9028,Uttar Pradesh,Fatehpur,0.0,0.0,0.0,FUTURE_CRITICAL,FUTURE_CRITICAL
Uttar Pradesh_27.1529_78.7031,Uttar Pradesh,Firozabad,0.0,0.0,0.0,FUTURE_CRITICAL,FUTURE_CRITICAL
Kerala_11.6365_76.0142,Kerala,Wayanad,0.0,0.0,0.0,FUTURE_CRITICAL,FUTURE_CRITICAL
Kerala_11.6357_76.2769,Kerala,Wayanad,0.0,0.0,0.0,FUTURE_CRITICAL,FUTURE_CRITICAL
Kerala_11.6418_76.1106,Kerala,Wayanad,0.0,0.0,0.0,FUTURE_CRITICAL,FUTURE_CRITICAL
Kerala_11.6626_76.1905,Kerala,Wayanad,0.0,0.0,0.0,FUTURE_CRITICAL,FUTURE_CRITICAL
Uttar Pradesh_25.75_84.1667,Uttar Pradesh,Ballia,17.647058823529427,20.588235294117673,26.470588235294123,FUTURE_CRITICAL,STABLE
Arunachal Pradesh_27.13_93.7336,Arunachal Pradesh,Papum Pare,33.333333333333336,25.00000000000001,8.333333333333337,STABLE,FUTURE_CRITICAL
Kerala_8.8233_76.94,Kerala,Kollam,0.0,0.0,0.0,FUTURE_CRITICAL,FUTURE_CRITICAL
Kerala_8.8222_76.8199,Kerala,Thiruvananthapuram,0.0,0.0,0.0,FUTURE_CRITICAL,FUTURE_CRITICAL
Kerala_8.8294_76.8672,Kerala,Kollam,0.0,0.0,0.0,FUTURE_CRITICAL,FUTURE_CRITICAL
Kerala_11.6071_76.0835,Kerala,Wayanad,0.0,0.0,0.0,FUTURE_CRITICAL,FUTURE_CRITICAL
Uttar Pradesh_25.645_78.8494,Uttar Pradesh,Jhansi,0.0,0.0,0.0,FUTURE_CRITICAL,FUTURE_CRITICAL
Kerala_8.8419_76.8792,Kerala,Kollam,0.0,0.0,0.0,FUTURE_CRITICAL,FUTURE_CRITICAL
Kerala_8.8508_76.6983,Kerala,Kollam,0.0,0.0,0.0,FUTURE_CRITICAL,FUTURE_CRITICAL
Kerala_8.8661_76.8714,Kerala,Kollam,0.0,0.0,0.0,FUTURE_CRITICAL,FUTURE_CRITICAL
Kerala_11.5755_76.0956,Kerala,Wayanad,3.4482758620689835,1.1494252873563537,0.0,FUTURE_CRITICAL,FUTURE_CRITICAL
Kerala_11.5386_75.8968,Kerala,Kozhikode,0.0,0.0,0.0,FUTURE_CRITICAL,FUTURE_CRITICAL
Kerala_11.5361_76.2439,Kerala,Wayanad,0.0,0.0,0.0,FUTURE_CRITICAL,FUTURE_CRITICAL
Assam_25.8619_92.7683,Assam,West Karbi Anglong,0.0,0.0,0.0,FUTURE_CRITICAL,FUTURE_CRITICAL
Kerala_11.5451_76.1799,Kerala,Wayanad,0.0,0.0,0.0,FUTURE_CRITICAL,FUTURE_CRITICAL
Uttar Pradesh_27.1_78.5833,Uttar Pradesh,Firozabad,28.125000000000057,16.145833333333414,0.0,FUTURE_CRITICAL,FUTURE_CRITICAL
Uttar Pradesh_25.5833_79.025,Uttar Pradesh,Jhansi,5.714285714285716,4.000000000000014,0.5714285714285894,FUTURE_CRITICAL,FUTURE_CRITICAL
Kerala_8.8918_76.9532,Kerala,Kollam,0.0,0.0,0.0,FUTURE_CRITICAL,FUTURE_CRITICAL
Andhra Pradesh_15.5579_79.107,Andhra Pradesh,Prakasam,37.500000000000014,31.25,18.75,STABLE,FUTURE_CRITICAL
Kerala_11.5023_75.7734,Kerala,Kozhikode,0.0,0.0,0.0,FUTURE_CRITICAL,FUTURE_CRITICAL
Kerala_11.5352_76.0289,Kerala,Wayanad,0.0,0.0,0.0,FUTURE_CRITICAL,FUTURE_CRITICAL
Kerala_11.5354_76.0293,Kerala,Wayanad,0.0,0.0,0.0,FUTURE_CRITICAL,FUTURE_CRITICAL
Uttar Pradesh_27.2283_82.9833,Uttar Pradesh,Siddharthnagar,50.00000000000002,40.00000000000002,20.000000000000064,STABLE,FUTURE_CRITICAL
Kerala_8.9153_76.8664,Kerala,Kollam,0.0,0.0,0.0,FUTURE_CRITICAL,FUTURE_CRITICAL
Kerala_8.9136_76.9078,Kerala,Kollam,0.0,0.0,0.0,FUTURE_CRITICAL,FUTURE_CRITICAL
Kerala_8.9169_76.9183,Kerala,Kollam,0.0,0.0,0.0,FUTURE_CRITICAL,FUTURE_CRITICAL
Kerala_8.9344_76.955,Kerala,Kollam,0.0,0.0,0.0,FUTURE_CRITICAL,FUTURE_CRITICAL
Kerala_11.4466_75.7395,Kerala,Kozhikode,0.0,0.0,0.0,FUTURE_CRITICAL,FUTURE_CRITICAL
Kerala_11.4491_75.9608,Kerala,Kozhikode,0.0,0.0,0.0,FUTURE_CRITICAL,FUTURE_CRITICAL
Kerala_8.9278_76.6917,Kerala,Kollam,0.0,0.0,0.0,FUTURE_CRITICAL,FUTURE_CRITICAL
Uttar Pradesh_25.4833_80.3208,Uttar Pradesh,Banda,0.0,0.0,0.0,FUTURE_CRITICAL,FUTURE_CRITICAL
Kerala_11.4431_75.8808,Kerala,Kozhikode,0.0,0.0,0.0,FUTURE_CRITICAL,FUTURE_CRITICAL
Kerala_11.4312_76.0067,Kerala,Kozhikode,0.0,0.0,0.0,FUTURE_CRITICAL,FUTURE_CRITICAL
Kerala_11.4455_75.7376,Kerala,Kozhikode,0.0,0.0,0.0,FUTURE_CRITICAL,FUTURE_CRITICAL
Kerala_11.4441_75.9554,Kerala,Kozhikode,0.0,0.0,0.0,FUTURE_CRITICAL,FUTURE_CRITICAL
Uttar Pradesh_27.3544_82.3561,Uttar Pradesh,Balrampur,27.77777777777778,16.66666666666665,0.0,FUTURE_CRITICAL,FUTURE_CRITICAL
Arunachal Pradesh_27.1031_93.6947,Arunachal Pradesh,Papum Pare,0.0,0.0,0.0,FUTURE_CRITICAL,FUTURE_CRITICAL
Arunachal Pradesh_27.07_93.6,Arunachal Pradesh,Papum Pare,11.99999999999999,11.99999999999999,11.99999999999999,FUTURE_CRITICAL,FUTURE_CRITICAL
Kerala_8.9403_77.0447,Kerala,Kollam,0.0,0.0,0.0,FUTURE_CRITICAL,FUTURE_CRITICAL
Uttar Pradesh_25.4542_78.5667,Uttar Pradesh,Jhansi,0.0,0.0,0.0,FUTURE_CRITICAL,FUTURE_CRITICAL
Kerala_11.3629_75.8613,Kerala,Kozhikode,18.518518518518512,19.90740740740743,22.685185185185208,FUTURE_CRITICAL,FUTURE_CRITICAL
Kerala_11.3602_76.0078,Kerala,Kozhikode,0.0,0.0,0.0,FUTURE_CRITICAL,FUTURE_CRITICAL
Uttar Pradesh_27.3767_80.9047,Uttar Pradesh,Sitapur,21.42857142857144,14.28571428571429,0.0,FUTURE_CRITICAL,FUTURE_CRITICAL
Kerala_11.3118_75.7583,Kerala,Kozhikode,0.0,0.0,0.0,FUTURE_CRITICAL,FUTURE_CRITICAL
Uttar Pradesh_27.3989_79.9958,Uttar Pradesh,Hardoi,0.0,0.0,0.0,FUTURE_CRITICAL,FUTURE_CRITICAL
Uttar Pradesh_25.4694_83.8361,Uttar Pradesh,Ghazipur,0.0,0.0,0.0,FUTURE_CRITICAL,FUTURE_CRITICAL
Kerala_8.97_77.0472,Kerala,Kollam,18.181818181818123,7.5757575757574696,0.0,FUTURE_CRITICAL,FUTURE_CRITICAL
Kerala_8.9797_76.5361,Kerala,Kollam,0.0,0.0,0.0,FUTURE_CRITICAL,FUTURE_CRITICAL
Uttar Pradesh_25.45_83.66,Uttar Pradesh,Ghazipur,0.0,0.0,0.0,FUTURE_CRITICAL,FUTURE_CRITICAL
Kerala_11.2868_75.7806,Kerala,Kozhikode,0.0,0.0,0.0,FUTURE_CRITICAL,FUTURE_CRITICAL
Kerala_9.0022_76.9853,Kerala,Kollam,0.0,0.0,0.0,FUTURE_CRITICAL,FUTURE_CRITICAL
Kerala_9.135_76.5539,Kerala,Alappuzha,0.0,0.0,0.0,FUTURE_CRITICAL,FUTURE_CRITICAL
Kerala_9.0117_76.5514,Kerala,Kollam,0.0,0.0,0.0,FUTURE_CRITICAL,FUTURE_CRITICAL
Kerala_11.2336_75.7894,Kerala,Kozhikode,0.0,0.0,0.0,FUTURE_CRITICAL,FUTURE_CRITICAL
Kerala_11.2465_75.9516,Kerala,Malappuram,0.0,0.0,0.0,FUTURE_CRITICAL,FUTURE_CRITICAL
Kerala_11.2437_76.2992,Kerala,Malappuram,0.0,0.0,0.0,FUTURE_CRITICAL,FUTURE_CRITICAL
Kerala_11.23_75.8284,Kerala,Kozhikode,0.0,0.0,0.0,FUTURE_CRITICAL,FUTURE_CRITICAL
Uttar Pradesh_25.3542_81.875,Uttar Pradesh,Prayagraj,0.0,0.0,0.0,FUTURE_CRITICAL,FUTURE_CRITICAL
Kerala_11.2258_76.33,Kerala,Malappuram,0.0,0.0,0.0,FUTURE_CRITICAL,FUTURE_CRITICAL
Kerala_11.1889_75.8703,Kerala,Kozhikode,0.0,0.0,0.0,FUTURE_CRITICAL,FUTURE_CRITICAL
Andhra Pradesh_nan_81.0778,Andhra Pradesh,Krishna,11.764705882352954,10.084033613445397,6.722689075630283,FUTURE_CRITICAL,FUTURE_CRITICAL
Uttar Pradesh_25.2667_82.5603,Uttar Pradesh,Bhadohi,17.24137931034483,20.68965517241378,27.58620689655171,FUTURE_CRITICAL,STABLE
Kerala_11.1512_75.8144,Kerala,Kozhikode,11.111111111111127,1.2345679012345623,0.0,FUTURE_CRITICAL,FUTURE_CRITICAL
Kerala_11.1497_75.9602,Kerala,Malappuram,20.408163265306133,14.058956916099795,1.3605442176870652,FUTURE_CRITICAL,FUTURE_CRITICAL
Kerala_11.1654_75.934,Kerala,Malappuram,0.0,0.0,0.0,FUTURE_CRITICAL,FUTURE_CRITICAL
Uttar Pradesh_27.5097_79.0194,Uttar Pradesh,Etah,0.0,0.0,0.0,FUTURE_CRITICAL,FUTURE_CRITICAL
Uttar Pradesh_25.2383_78.4833,Uttar Pradesh,Jhansi,0.0,0.0,0.0,FUTURE_CRITICAL,FUTURE_CRITICAL
Kerala_9.325_76.5824,Kerala,Alappuzha,0.0,0.0,0.0,FUTURE_CRITICAL,FUTURE_CRITICAL
Uttar Pradesh_25.0208_82.3639,Uttar Pradesh,Mirzapur,0.0,0.0,0.0,FUTURE_CRITICAL,FUTURE_CRITICAL
Kerala_11.1247_76.3381,Kerala,Malappuram,21.978021978021978,13.55311355311355,0.0,FUTURE_CRITICAL,FUTURE_CRITICAL
Kerala_11.1201_76.1201,Kerala,Malappuram,0.0,0.0,0.0,FUTURE_CRITICAL,FUTURE_CRITICAL
Uttar Pradesh_27.5556_78.6778,Uttar Pradesh,Etah,45.94594594594593,36.9369369369369,18.918918918918905,STABLE,FUTURE_CRITICAL
Kerala_9.3427_76.8353,Kerala,Pathanamthitta,0.0,0.0,0.0,FUTURE_CRITICAL,FUTURE_CRITICAL
Kerala_9.3627_76.4508,Kerala,Alappuzha,0.0,0.0,0.0,FUTURE_CRITICAL,FUTURE_CRITICAL
Kerala_11.1069_76.056,Kerala,Malappuram,0.0,0.0,0.0,FUTURE_CRITICAL,FUTURE_CRITICAL
Kerala_11.107_76.1818,Kerala,Malappuram,0.0,0.0,0.0,FUTURE_CRITICAL,FUTURE_CRITICAL
Uttar Pradesh_25.0417_83.2217,Uttar Pradesh,Chandauli,14.28571428571429,17.14285714285714,22.857142857142854,FUTURE_CRITICAL,FUTURE_CRITICAL
Kerala_9.367_76.4794,Kerala,Alappuzha,0.0,0.0,0.0,FUTURE_CRITICAL,FUTURE_CRITICAL
Kerala_9.3683_76.5087,Kerala,Alappuzha,0.0,0.0,0.0,FUTURE_CRITICAL,FUTURE_CRITICAL
Kerala_9.3835_76.3707,Kerala,Alappuzha,0.0,0.0,0.0,FUTURE_CRITICAL,FUTURE_CRITICAL
Kerala_9.4065_76.4136,Kerala,Alappuzha,0.0,0.0,0.0,FUTURE_CRITICAL,FUTURE_CRITICAL
Kerala_9.4137_76.3494,Kerala,Alappuzha,0.0,0.0,0.0,FUTURE_CRITICAL,FUTURE_CRITICAL
Kerala_9.4077_76.3508,Kerala,Alappuzha,0.0,0.0,0.0,FUTURE_CRITICAL,FUTURE_CRITICAL
Kerala_11.0348_76.0676,Kerala,Malappuram,0.0,0.0,0.0,FUTURE_CRITICAL,FUTURE_CRITICAL
Kerala_11.0848_76.1665,Kerala,Malappuram,0.0,0.0,0.0,FUTURE_CRITICAL,FUTURE_CRITICAL
Kerala_11.0895_76.119,Kerala,Malappuram,0.0,0.0,0.0,FUTURE_CRITICAL,FUTURE_CRITICAL
Uttar Pradesh_27.6158_79.7958,Uttar Pradesh,Hardoi,0.0,0.0,0.0,FUTURE_CRITICAL,FUTURE_CRITICAL
Uttar Pradesh_27.5917_79.0917,Uttar Pradesh,Kasganj,0.0,0.0,0.0,FUTURE_CRITICAL,FUTURE_CRITICAL
Uttar Pradesh_24.6792_78.4083,Uttar Pradesh,Lalitpur,0.0,0.0,0.0,FUTURE_CRITICAL,FUTURE_CRITICAL
Andhra Pradesh_nan_77.2875,Andhra Pradesh,Kurnool,23.33333333333334,23.703703703703706,24.444444444444446,FUTURE_CRITICAL,FUTURE_CRITICAL
Kerala_10.9204_76.0973,Kerala,Malappuram,0.0,0.0,0.0,FUTURE_CRITICAL,FUTURE_CRITICAL
Kerala_10.9676_76.2751,Kerala,Malappuram,0.0,0.0,0.0,FUTURE_CRITICAL,FUTURE_CRITICAL
Kerala_9.4457_76.3992,Kerala,Alappuzha,0.0,0.0,0.0,FUTURE_CRITICAL,FUTURE_CRITICAL
Kerala_9.473_76.3436,Kerala,Alappuzha,0.0,0.0,0.0,FUTURE_CRITICAL,FUTURE_CRITICAL
Kerala_9.4801_76.8435,Kerala,Kottayam,0.0,0.0,0.0,FUTURE_CRITICAL,FUTURE_CRITICAL
Kerala_10.7606_76.7828,Kerala,Palakkad,0.0,0.0,0.0,FUTURE_CRITICAL,FUTURE_CRITICAL
Kerala_10.78_76.5456,Kerala,Palakkad,0.0,0.0,0.0,FUTURE_CRITICAL,FUTURE_CRITICAL
Uttar Pradesh_24.2308_83.2347,Uttar Pradesh,Sonbhadra,0.0,0.0,0.0,FUTURE_CRITICAL,FUTURE_CRITICAL
Kerala_9.5385_76.9129,Kerala,Idukki,0.0,0.0,0.0,FUTURE_CRITICAL,FUTURE_CRITICAL
Uttar Pradesh_24.0078_82.9033,Uttar Pradesh,Sonbhadra,0.0,0.0,0.0,FUTURE_CRITICAL,FUTURE_CRITICAL
Uttar Pradesh_27.7167_77.9333,Uttar Pradesh,Aligarh,0.0,0.0,0.0,FUTURE_CRITICAL,FUTURE_CRITICAL
Kerala_10.7392_76.8653,Kerala,Palakkad,15.51724137931032,5.603448275862055,0.0,FUTURE_CRITICAL,FUTURE_CRITICAL
Uttar Pradesh_24.2075_82.9881,Uttar Pradesh,Sonbhadra,0.0,0.0,0.0,FUTURE_CRITICAL,FUTURE_CRITICAL
Kerala_9.5677_76.3272,Kerala,Alappuzha,0.0,0.0,0.0,FUTURE_CRITICAL,FUTURE_CRITICAL
Kerala_9.5741_76.9917,Kerala,Idukki,0.0,0.0,0.0,FUTURE_CRITICAL,FUTURE_CRITICAL
Andhra Pradesh_19.1184_84.6865,Andhra Pradesh,Srikakulam,0.0,0.0,0.0,FUTURE_CRITICAL,FUTURE_CRITICAL
Tripura_24.4378_92.2467,Tripura,North Tripura,0.0,0.0,0.0,FUTURE_CRITICAL,FUTURE_CRITICAL
Kerala_10.7167_76.5076,Kerala,Palakkad,0.0,0.0,0.0,FUTURE_CRITICAL,FUTURE_CRITICAL
Kerala_10.7283_76.7797,Kerala,Palakkad,0.0,0.0,0.0,FUTURE_CRITICAL,FUTURE_CRITICAL
Kerala_10.7336_76.6342,Kerala,Palakkad,0.0,0.0,0.0,FUTURE_CRITICAL,FUTURE_CRITICAL
Kerala_10.7081_76.7964,Kerala,Palakkad,0.0,0.0,0.0,FUTURE_CRITICAL,FUTURE_CRITICAL
Uttar Pradesh_24.1294_82.775,Uttar Pradesh,Sonbhadra,0.0,0.0,0.0,FUTURE_CRITICAL,FUTURE_CRITICAL
Uttar Pradesh_24.05_83.1,Uttar Pradesh,Sonbhadra,0.0,0.0,0.0,FUTURE_CRITICAL,FUTURE_CRITICAL
Kerala_9.578_77.0149,Kerala,Idukki,0.0,0.0,0.0,FUTURE_CRITICAL,FUTURE_CRITICAL
Kerala_9.5869_76.4374,Kerala,Kottayam,0.0,0.0,0.0,FUTURE_CRITICAL,FUTURE_CRITICAL
Kerala_9.581_76.8826,Kerala,Kottayam,26.315789473684227,24.56140350877195,21.052631578947377,FUTURE_CRITICAL,FUTURE_CRITICAL
Kerala_9.5931_76.5018,Kerala,Kottayam,0.0,0.0,0.0,FUTURE_CRITICAL,FUTURE_CRITICAL
Assam_25.9944_93.4108,Assam,Karbi Anglong,0.0,0.0,0.0,FUTURE_CRITICAL,FUTURE_CRITICAL
Kerala_9.6121_77.1571,Kerala,Idukki,0.0,0.0,0.0,FUTURE_CRITICAL,FUTURE_CRITICAL
Kerala_9.5953_76.4751,Kerala,Kottayam,0.0,0.0,0.0,FUTURE_CRITICAL,FUTURE_CRITICAL
Kerala_9.6249_76.3671,Kerala,Alappuzha,0.0,0.0,0.0,FUTURE_CRITICAL,FUTURE_CRITICAL
Kerala_9.617_76.7773,Kerala,Kottayam,0.0,0.0,0.0,FUTURE_CRITICAL,FUTURE_CRITICAL
Kerala_10.6578_76.4739,Kerala,Palakkad,0.0,0.0,0.0,FUTURE_CRITICAL,FUTURE_CRITICAL
Kerala_10.6602_75.9932,Kerala,Thrissur,0.0,0.0,0.0,FUTURE_CRITICAL,FUTURE_CRITICAL
Kerala_10.6578_76.5186,Kerala,Palakkad,0.0,0.0,0.0,FUTURE_CRITICAL,FUTURE_CRITICAL
Uttar Pradesh_27.8417_79.3083,Uttar Pradesh,Budaun,0.0,0.0,0.0,FUTURE_CRITICAL,FUTURE_CRITICAL
Kerala_9.6324_76.9793,Kerala,Idukki,0.0,0.0,0.0,FUTURE_CRITICAL,FUTURE_CRITICAL
Kerala_9.6271_76.4855,Kerala,Kottayam,0.0,0.0,0.0,FUTURE_CRITICAL,FUTURE_CRITICAL
Tripura_24.1636_91.9572,Tripura,Unakoti,0.0,0.0,0.0,FUTURE_CRITICAL,FUTURE_CRITICAL
Andhra Pradesh_14.4942_79.5195,Andhra Pradesh,Sri Potti Sriramulu Nellore,29.999999999999993,27.777777777777768,23.33333333333333,STABLE,FUTURE_CRITICAL
Uttar Pradesh_28.0275_79.0108,Uttar Pradesh,Budaun,0.0,0.0,0.0,FUTURE_CRITICAL,FUTURE_CRITICAL
Kerala_9.6688_76.5565,Kerala,Kottayam,0.0,0.0,0.0,FUTURE_CRITICAL,FUTURE_CRITICAL
Kerala_9.6747_76.8078,Kerala,Kottayam,0.0,0.0,0.0,FUTURE_CRITICAL,FUTURE_CRITICAL
Kerala_10.6433_76.5936,Kerala,Palakkad,0.0,0.0,0.0,FUTURE_CRITICAL,FUTURE_CRITICAL
Kerala_10.6346_75.9896,Kerala,Thrissur,0.0,0.0,0.0,FUTURE_CRITICAL,FUTURE_CRITICAL
Kerala_10.6456_76.5544,Kerala,Palakkad,0.0,0.0,0.0,FUTURE_CRITICAL,FUTURE_CRITICAL
Kerala_10.6497_76.7386,Kerala,Palakkad,33.333333333333314,27.51322751322749,15.87301587301585,STABLE,FUTURE_CRITICAL
Kerala_10.6467_76.8106,Kerala,Palakkad,0.0,0.0,0.0,FUTURE_CRITICAL,FUTURE_CRITICAL
Uttar Pradesh_28.525_79.8867,Uttar Pradesh,Pilibhit,0.0,0.0,0.0,FUTURE_CRITICAL,FUTURE_CRITICAL
Kerala_10.6195_76.0473,Kerala,Thrissur,0.0,0.0,0.0,FUTURE_CRITICAL,FUTURE_CRITICAL
Kerala_10.5909_76.0263,Kerala,Thrissur,0.0,0.0,0.0,FUTURE_CRITICAL,FUTURE_CRITICAL
Assam_26.0167_89.9833,Assam,Dhubri,0.0,0.0,0.0,FUTURE_CRITICAL,FUTURE_CRITICAL
Uttar Pradesh_28.3992_78.6289,Uttar Pradesh,Sambhal,0.0,0.0,0.0,FUTURE_CRITICAL,FUTURE_CRITICAL
Tripura_24.0853_92.0025,Tripura,Unakoti,0.0,0.0,0.0,FUTURE_CRITICAL,FUTURE_CRITICAL
Tripura_24.14_92.1514,Tripura,Unakoti,32.14285714285713,23.660714285714278,6.696428571428569,FUTURE_CRITICAL,FUTURE_CRITICAL
Kerala_9.7286_76.4768,Kerala,Kottayam,0.0,0.0,0.0,FUTURE_CRITICAL,FUTURE_CRITICAL
Andhra Pradesh_18.8984_83.4625,Andhra Pradesh,Parvathipuram Manyam,0.0,0.0,0.0,FUTURE_CRITICAL,FUTURE_CRITICAL
Andhra Pradesh_18.866_83.553,Andhra Pradesh,Parvathipuram Manyam,0.0,0.0,0.0,FUTURE_CRITICAL,FUTURE_CRITICAL
Uttar Pradesh_28.5889_77.38,Uttar Pradesh,Gautam Buddha Nagar,0.0,0.0,0.0,FUTURE_CRITICAL,FUTURE_CRITICAL
Kerala_10.5418_76.0457,Kerala,Thrissur,0.0,0.0,0.0,FUTURE_CRITICAL,FUTURE_CRITICAL
Kerala_10.492_76.1031,Kerala,Thrissur,0.0,0.0,0.0,FUTURE_CRITICAL,FUTURE_CRITICAL
Uttar Pradesh_28.5167_78.7833,Uttar Pradesh,Sambhal,0.0,0.0,0.0,FUTURE_CRITICAL,FUTURE_CRITICAL
Uttar Pradesh_28.4417_77.6667,Uttar Pradesh,Bulandshahr,0.0,0.0,0.0,FUTURE_CRITICAL,FUTURE_CRITICAL
Andhra Pradesh_15.5884_79.8423,Andhra Pradesh,Prakasam,0.0,0.0,0.0,FUTURE_CRITICAL,FUTURE_CRITICAL
Kerala_9.7854_76.7616,Kerala,Kottayam,5.555555555555536,0.0,0.0,FUTURE_CRITICAL,FUTURE_CRITICAL
Kerala_10.3258_76.3246,Kerala,Thrissur,0.0,0.0,0.0,FUTURE_CRITICAL,FUTURE_CRITICAL
Kerala_10.3429_76.394,Kerala,Thrissur,0.0,0.0,0.0,FUTURE_CRITICAL,FUTURE_CRITICAL
Kerala_9.7833_77.0733,Kerala,Idukki,0.0,0.0,0.0,FUTURE_CRITICAL,FUTURE_CRITICAL
Kerala_9.7859_76.4423,Kerala,Kottayam,0.0,0.0,0.0,FUTURE_CRITICAL,FUTURE_CRITICAL
Kerala_9.8228_76.8385,Kerala,Idukki,18.181818181818198,14.141414141414167,6.060606060606045,FUTURE_CRITICAL,FUTURE_CRITICAL
Uttar Pradesh_28.7233_77.8058,Uttar Pradesh,Hapur,0.0,0.0,0.0,FUTURE_CRITICAL,FUTURE_CRITICAL
Kerala_10.255_76.457,Kerala,Ernakulam,7.692307692307665,4.39560439560438,0.0,FUTURE_CRITICAL,FUTURE_CRITICAL
Kerala_10.2421_76.4225,Kerala,Ernakulam,0.0,0.0,0.0,FUTURE_CRITICAL,FUTURE_CRITICAL
Assam_26.0186_93.6336,Assam,Karbi Anglong,2.1739130434782483,0.0,0.0,FUTURE_CRITICAL,FUTURE_CRITICAL
Andhra Pradesh_14.349_80.0643,Andhra Pradesh,Sri Potti Sriramulu Nellore Muthukur,18.181818181818198,15.151515151515182,9.090909090909093,FUTURE_CRITICAL,FUTURE_CRITICAL
Kerala_10.1506_76.4828,Kerala,Ernakulam,0.0,0.0,0.0,FUTURE_CRITICAL,FUTURE_CRITICAL
Kerala_10.1483_76.4548,Kerala,Ernakulam,11.111111111111116,6.944444444444442,0.0,FUTURE_CRITICAL,FUTURE_CRITICAL
Kerala_10.1831_76.5197,Kerala,Ernakulam,0.0,0.0,0.0,FUTURE_CRITICAL,FUTURE_CRITICAL
Uttar Pradesh_28.625_79.8125,Uttar Pradesh,Pilibhit,0.0,0.0,0.0,FUTURE_CRITICAL,FUTURE_CRITICAL
Tripura_23.9992_91.9972,Tripura,Dhalai,10.000000000000053,11.666666666666714,15.000000000000036,FUTURE_CRITICAL,FUTURE_CRITICAL
Kerala_9.8301_76.4521,Kerala,Kottayam,0.0,0.0,0.0,FUTURE_CRITICAL,FUTURE_CRITICAL
Kerala_9.8438_76.4637,Kerala,Kottayam,0.0,0.0,0.0,FUTURE_CRITICAL,FUTURE_CRITICAL
Andhra Pradesh_18.8121_83.4451,Andhra Pradesh,Parvathipuram Manyam,22.72727272727274,14.141414141414167,0.0,FUTURE_CRITICAL,FUTURE_CRITICAL
Tripura_23.835_91.6864,Tripura,Khowai,19.047619047619023,20.238095238095234,22.619047619047606,FUTURE_CRITICAL,FUTURE_CRITICAL
Kerala_10.1169_76.5874,Kerala,Ernakulam,0.0,0.0,0.0,FUTURE_CRITICAL,FUTURE_CRITICAL
Assam_26.0272_93.7633,Assam,Karbi Anglong,17.77777777777777,7.916666666666671,0.0,FUTURE_CRITICAL,FUTURE_CRITICAL
Kerala_10.128_76.3008,Kerala,Ernakulam,0.0,0.0,0.0,FUTURE_CRITICAL,FUTURE_CRITICAL
Uttar Pradesh_28.7211_78.7161,Uttar Pradesh,Moradabad,0.0,0.0,0.0,FUTURE_CRITICAL,FUTURE_CRITICAL
Uttar Pradesh_28.7142_79.8867,Uttar Pradesh,Pilibhit,0.0,0.0,0.0,FUTURE_CRITICAL,FUTURE_CRITICAL
Kerala_9.8482_76.8285,Kerala,Idukki,0.0,0.0,0.0,FUTURE_CRITICAL,FUTURE_CRITICAL
Kerala_9.84_77.0371,Kerala,Idukki,0.0,0.0,0.0,FUTURE_CRITICAL,FUTURE_CRITICAL
Kerala_9.8862_76.9672,Kerala,Idukki,0.0,0.0,0.0,FUTURE_CRITICAL,FUTURE_CRITICAL
Uttar Pradesh_28.8381_78.2436,Uttar Pradesh,Amroha,0.0,0.0,0.0,FUTURE_CRITICAL,FUTURE_CRITICAL
Kerala_10.0766_76.2692,Kerala,Ernakulam,0.0,0.0,0.0,FUTURE_CRITICAL,FUTURE_CRITICAL
Kerala_10.0874_77.0672,Kerala,Idukki,0.0,0.0,0.0,FUTURE_CRITICAL,FUTURE_CRITICAL
Kerala_10.0946_76.2926,Kerala,Ernakulam,0.0,0.0,0.0,FUTURE_CRITICAL,FUTURE_CRITICAL
Kerala_10.1153_76.3283,Kerala,Ernakulam,0.0,0.0,0.0,FUTURE_CRITICAL,FUTURE_CRITICAL
Kerala_10.1082_76.475,Kerala,Ernakulam,0.0,0.0,0.0,FUTURE_CRITICAL,FUTURE_CRITICAL
Uttar Pradesh_28.725_79.7167,Uttar Pradesh,Pilibhit,12.500000000000055,1.1102230246251565e-13,0.0,FUTURE_CRITICAL,FUTURE_CRITICAL
Uttar Pradesh_28.7903_77.7597,Uttar Pradesh,Meerut,0.0,0.0,0.0,FUTURE_CRITICAL,FUTURE_CRITICAL
Kerala_10.1058_76.6247,Kerala,Ernakulam,42.85714285714284,33.3333333333333,14.285714285714256,STABLE,FUTURE_CRITICAL
Tripura_23.6986_91.4069,Tripura,Sepahijala,0.0,0.0,0.0,FUTURE_CRITICAL,FUTURE_CRITICAL
Kerala_9.9153_76.8833,Kerala,Idukki,0.0,0.0,0.0,FUTURE_CRITICAL,FUTURE_CRITICAL
Kerala_10.0516_76.7168,Kerala,Ernakulam,0.0,0.0,0.0,FUTURE_CRITICAL,FUTURE_CRITICAL
Kerala_10.0192_76.2246,Kerala,Ernakulam,0.0,0.0,0.0,FUTURE_CRITICAL,FUTURE_CRITICAL
Kerala_10.0224_76.3055,Kerala,Ernakulam,0.0,0.0,0.0,FUTURE_CRITICAL,FUTURE_CRITICAL
Assam_26.0411_91.3597,Assam,Kamrup,40.90909090909092,33.5227272727273,18.75000000000002,STABLE,FUTURE_CRITICAL
Uttar Pradesh_28.825_78.7833,Uttar Pradesh,Moradabad,10.71428571428571,0.7936507936507908,0.0,FUTURE_CRITICAL,FUTURE_CRITICAL
Kerala_9.9205_76.7781,Kerala,Idukki,28.57142857142859,25.396825396825427,19.0476190476191,STABLE,FUTURE_CRITICAL
Kerala_9.9198_76.9548,Kerala,Idukki,0.0,0.0,0.0,FUTURE_CRITICAL,FUTURE_CRITICAL
Andhra Pradesh_18.7102_84.0045,Andhra Pradesh,Srikakulam,12.048192771084343,1.0542168674698815,0.0,FUTURE_CRITICAL,FUTURE_CRITICAL
Andhra Pradesh_18.6937_83.9707,Andhra Pradesh,Srikakulam,16.66666666666664,7.407407407407385,0.0,FUTURE_CRITICAL,FUTURE_CRITICAL
Kerala_9.9673_76.2462,Kerala,Ernakulam,0.0,0.0,0.0,FUTURE_CRITICAL,FUTURE_CRITICAL
Kerala_9.949_77.2155,Kerala,Idukki,0.0,0.0,0.0,FUTURE_CRITICAL,FUTURE_CRITICAL
Kerala_10.0003_76.7411,Kerala,Ernakulam,23.076923076923062,10.769230769230742,0.0,FUTURE_CRITICAL,FUTURE_CRITICAL
Karnataka_nan_77.4194,Karnataka,Bengaluru Urban,0.0,0.0,0.0,FUTURE_CRITICAL,FUTURE_CRITICAL
Kerala_10.019_76.2251,Kerala,Ernakulam,0.0,0.0,0.0,FUTURE_CRITICAL,FUTURE_CRITICAL
Tripura_23.4875_91.4019,Tripura,Gomati,16.666666666666607,15.277777777777724,12.49999999999989,FUTURE_CRITICAL,FUTURE_CRITICAL
Tripura_23.42_91.7583,Tripura,Gomati,0.0,0.0,0.0,FUTURE_CRITICAL,FUTURE_CRITICAL
Tripura_23.6567_91.4539,Tripura,Sepahijala,29.411764705882348,26.470588235294123,20.588235294117652,STABLE,FUTURE_CRITICAL
Kerala_9.9678_76.288,Kerala,Ernakulam,0.0,0.0,0.0,FUTURE_CRITICAL,FUTURE_CRITICAL
Kerala_9.9769_77.1989,Kerala,Idukki,0.0,0.0,0.0,FUTURE_CRITICAL,FUTURE_CRITICAL
Uttar Pradesh_29.5867_77.1667,Uttar Pradesh,Shamli,15.028901734104029,17.687861271676287,23.00578034682078,FUTURE_CRITICAL,FUTURE_CRITICAL
Uttar Pradesh_29.495_77.99,Uttar Pradesh,Muzaffarnagar,0.0,0.0,0.0,FUTURE_CRITICAL,FUTURE_CRITICAL
Karnataka_nan_77.3167,Karnataka,Bengaluru Rural,0.0,0.0,0.0,FUTURE_CRITICAL,FUTURE_CRITICAL
Karnataka_17.6408_76.7447,Karnataka,Kalaburagi,36.66666666666667,30.86419753086419,19.259259259259252,STABLE,FUTURE_CRITICAL
Kerala_10.0053_76.7101,Kerala,Ernakulam,0.0,0.0,0.0,FUTURE_CRITICAL,FUTURE_CRITICAL
Andhra Pradesh_18.6752_83.9489,Andhra Pradesh,Srikakulam,19.999999999999986,14.07407407407405,2.2222222222222143,FUTURE_CRITICAL,FUTURE_CRITICAL
Tripura_23.2256_91.3294,Tripura,South Tripura,0.0,0.0,0.0,FUTURE_CRITICAL,FUTURE_CRITICAL
Tripura_23.1148_91.5998,Tripura,South Tripura,50.0,39.99999999999998,20.00000000000003,EARLY_DEPLETION_WARNING,FUTURE_CRITICAL
Karnataka_14.5164_75.7472,Karnataka,Haveri,0.0,0.0,0.0,FUTURE_CRITICAL,FUTURE_CRITICAL
Karnataka_15.35_76.9139,Karnataka,Ballari,0.0,0.0,0.0,FUTURE_CRITICAL,FUTURE_CRITICAL
Andhra Pradesh_18.593_83.5333,Andhra Pradesh,Parvathipuram Manyam,0.0,0.0,0.0,FUTURE_CRITICAL,FUTURE_CRITICAL
Tripura_23.06_91.6115,Tripura,South Tripura,33.33333333333335,19.999999999999996,0.0,FUTURE_CRITICAL,FUTURE_CRITICAL
Andhra Pradesh_14.2901_80.0947,Andhra Pradesh,Sri Potti Sriramulu Nellore Muthukur,15.000000000000002,13.888888888888895,11.666666666666659,FUTURE_CRITICAL,FUTURE_CRITICAL
Karnataka_14.45_75.4167,Karnataka,Haveri,42.73504273504274,32.7991452991453,12.927350427350426,STABLE,FUTURE_CRITICAL
Karnataka_14.6_75.2758,Karnataka,Haveri,0.0,0.0,0.0,FUTURE_CRITICAL,FUTURE_CRITICAL
Andhra Pradesh_18.5712_83.3487,Andhra Pradesh,Vizianagaram,0.0,0.0,0.0,FUTURE_CRITICAL,FUTURE_CRITICAL
Tripura_23.0455_91.7661,Tripura,South Tripura,0.0,0.0,0.0,FUTURE_CRITICAL,FUTURE_CRITICAL
Tripura_23.0276_91.5701,Tripura,South Tripura,0.0,0.0,0.0,FUTURE_CRITICAL,FUTURE_CRITICAL
Andhra Pradesh_18.4873_83.3283,Andhra Pradesh,Vizianagaram,0.0,0.0,0.0,FUTURE_CRITICAL,FUTURE_CRITICAL
Andhra Pradesh_18.4039_83.3368,Andhra Pradesh,Vizianagaram,11.111111111111116,1.2345679012345845,0.0,FUTURE_CRITICAL,FUTURE_CRITICAL
Telangana_nan_80.5521,Telangana,Khammam,0.0,0.0,0.0,FUTURE_CRITICAL,FUTURE_CRITICAL
Uttarakhand_28.8311_79.8975,Uttarakhand,Udam Singh Nagar,10.000000000000053,10.000000000000053,10.000000000000053,FUTURE_CRITICAL,FUTURE_CRITICAL
Karnataka_13.9528_76.1236,Karnataka,Chitradurga,0.0,0.0,0.0,FUTURE_CRITICAL,FUTURE_CRITICAL
Andhra Pradesh_18.3428_84.1225,Andhra Pradesh,Srikakulam,0.0,0.0,0.0,FUTURE_CRITICAL,FUTURE_CRITICAL
Andhra Pradesh_18.3298_84.0519,Andhra Pradesh,Srikakulam,0.0,0.0,0.0,FUTURE_CRITICAL,FUTURE_CRITICAL
Telangana_nan_79.5905,Telangana,Hanumakonda,0.0,0.0,0.0,FUTURE_CRITICAL,FUTURE_CRITICAL
Karnataka_12.6667_77.45,Karnataka,Ramanagara,0.0,0.0,0.0,FUTURE_CRITICAL,FUTURE_CRITICAL
Uttarakhand_28.8714_79.9225,Uttarakhand,Udam Singh Nagar,9.090909090909062,8.080808080808055,6.060606060606045,FUTURE_CRITICAL,FUTURE_CRITICAL
Andhra Pradesh_18.2957_83.9774,Andhra Pradesh,Srikakulam,18.181818181818198,20.20202020202021,24.242424242424278,FUTURE_CRITICAL,FUTURE_CRITICAL
Karnataka_12.095_76.6689,Karnataka,Mysuru,0.0,0.46948356807511304,1.4084507042253502,FUTURE_CRITICAL,FUTURE_CRITICAL
Karnataka_12.1717_75.8811,Karnataka,Kodagu,0.0,9.53878406708596,28.616352201257868,FUTURE_CRITICAL,RECOVERY_EXPECTED
Telangana_19.4795_79.5703,Telangana,Kumuram Bheem Asifabad Sirpur (T),33.33333333333333,29.166666666666675,20.833333333333336,STABLE,FUTURE_CRITICAL
Andhra Pradesh_18.2388_83.0011,Andhra Pradesh,Alluri Sitharama Raju,0.0,0.0,0.0,FUTURE_CRITICAL,FUTURE_CRITICAL
Telangana_19.2122_78.8772,Telangana,Nirmal,0.0,0.0,0.0,FUTURE_CRITICAL,FUTURE_CRITICAL
Uttarakhand_29.0586_79.2256,Uttarakhand,Udam Singh Nagar,0.0,0.0,0.0,FUTURE_CRITICAL,FUTURE_CRITICAL
Jharkhand_25.15_87.3861,Jharkhand,Godda,24.32432432432431,13.899613899613872,0.0,FUTURE_CRITICAL,FUTURE_CRITICAL
Karnataka_12.1208_76.4667,Karnataka,Mysuru,0.0,0.0,0.0,FUTURE_CRITICAL,FUTURE_CRITICAL
Uttarakhand_28.94_79.8783,Uttarakhand,Udam Singh Nagar,0.0,0.0,0.0,FUTURE_CRITICAL,FUTURE_CRITICAL
Andhra Pradesh_18.216_83.1019,Andhra Pradesh,Alluri Sitharama Raju,0.0,0.0,0.0,FUTURE_CRITICAL,FUTURE_CRITICAL
Andhra Pradesh_18.2074_83.0743,Andhra Pradesh,Alluri Sitharama Raju,0.0,0.0,0.0,FUTURE_CRITICAL,FUTURE_CRITICAL
Telangana_19.0982_78.7809,Telangana,Nirmal,26.66666666666666,20.740740740740726,8.888888888888891,FUTURE_CRITICAL,FUTURE_CRITICAL
Telangana_19.2596_79.4147,Telangana,Kumuram Bheem Asifabad Rebbena,0.0,0.0,0.0,FUTURE_CRITICAL,FUTURE_CRITICAL
Telangana_19.0519_79.485,Telangana,Mancherial,0.0,0.0,0.0,FUTURE_CRITICAL,FUTURE_CRITICAL
Telangana_19.1675_79.5831,Telangana,Mancherial,0.0,0.0,0.0,FUTURE_CRITICAL,FUTURE_CRITICAL
Telangana_19.0043_79.1445,Telangana,Mancherial,15.384615384615364,17.582417582417552,21.978021978021932,FUTURE_CRITICAL,FUTURE_CRITICAL
Jharkhand_24.7219_87.7189,Jharkhand,Pakur,0.0,0.0,0.0,FUTURE_CRITICAL,FUTURE_CRITICAL
Jharkhand_24.8889_87.625,Jharkhand,Sahebganj,0.0,0.0,0.0,FUTURE_CRITICAL,FUTURE_CRITICAL
Jharkhand_24.8444_87.7136,Jharkhand,Sahebganj,26.66666666666666,22.08333333333332,12.916666666666643,FUTURE_CRITICAL,FUTURE_CRITICAL
Andhra Pradesh_17.893_83.4534,Andhra Pradesh,Visakhapatnam,2.564102564102577,0.0,0.0,FUTURE_CRITICAL,FUTURE_CRITICAL
Andhra Pradesh_15.9606_79.9626,Andhra Pradesh,Bapatla,33.33333333333333,25.92592592592592,11.111111111111093,STABLE,FUTURE_CRITICAL
Andhra Pradesh_17.8554_82.4361,Andhra Pradesh,Alluri Sitharama Raju,33.33333333333333,27.777777777777768,16.666666666666664,STABLE,FUTURE_CRITICAL
Andhra Pradesh_17.8417_83.2152,Andhra Pradesh,Visakhapatnam,0.0,0.0,0.0,FUTURE_CRITICAL,FUTURE_CRITICAL
Andhra Pradesh_17.8324_83.2291,Andhra Pradesh,Visakhapatnam,9.523809523809534,0.0,0.0,FUTURE_CRITICAL,FUTURE_CRITICAL
Andhra Pradesh_17.8235_83.2084,Andhra Pradesh,Visakhapatnam,0.0,0.0,0.0,FUTURE_CRITICAL,FUTURE_CRITICAL
Jharkhand_24.6339_87.8778,Jharkhand,Pakur,26.7605633802817,25.704225352112697,23.591549295774662,STABLE,FUTURE_CRITICAL
Jharkhand_24.7069_87.63,Jharkhand,Pakur,18.000000000000004,15.500000000000004,10.500000000000009,FUTURE_CRITICAL,FUTURE_CRITICAL
Uttarakhand_29.0744_79.5222,Uttarakhand,Nainital,17.33333333333332,14.07407407407405,7.555555555555527,FUTURE_CRITICAL,FUTURE_CRITICAL
Andhra Pradesh_17.8194_82.8377,Andhra Pradesh,Anakapalli,3.8461538461538547,4.2735042735042805,5.128205128205132,FUTURE_CRITICAL,FUTURE_CRITICAL
Telangana_18.6577_79.8101,Telangana,Peddapalli,15.99999999999998,10.222222222222188,0.0,FUTURE_CRITICAL,FUTURE_CRITICAL
Jharkhand_24.4694_87.125,Jharkhand,Dumka,0.0,0.0,0.0,FUTURE_CRITICAL,FUTURE_CRITICAL
Jharkhand_24.4931_83.9356,Jharkhand,Palamu,11.627906976744185,2.7906976744186074,0.0,FUTURE_CRITICAL,FUTURE_CRITICAL
Jharkhand_24.4917_87.4917,Jharkhand,Dumka,0.0,0.0,0.0,FUTURE_CRITICAL,FUTURE_CRITICAL
Jharkhand_24.5453_87.6122,Jharkhand,Pakur,20.000000000000018,4.000000000000037,0.0,FUTURE_CRITICAL,FUTURE_CRITICAL
Jharkhand_24.5319_87.5681,Jharkhand,Pakur,5.555555555555558,0.0,0.0,FUTURE_CRITICAL,FUTURE_CRITICAL
Jharkhand_24.7014_87.6756,Jharkhand,Pakur,18.74999999999999,2.499999999999969,0.0,FUTURE_CRITICAL,FUTURE_CRITICAL
Meghalaya_25.5561_90.7148,Meghalaya,East Garo Hills,19.999999999999996,18.571428571428573,15.714285714285703,FUTURE_CRITICAL,FUTURE_CRITICAL
Uttarakhand_29.1153_79.2944,Uttarakhand,Udam Singh Nagar,0.0,0.0,0.0,FUTURE_CRITICAL,FUTURE_CRITICAL
Andhra Pradesh_14.1919_79.8718,Andhra Pradesh,Sri Potti Sriramulu Nellore Manubolu,0.0,0.0,0.0,FUTURE_CRITICAL,FUTURE_CRITICAL
Jharkhand_24.4542_85.5958,Jharkhand,Koderma,12.12121212121211,11.742424242424221,10.984848484848452,FUTURE_CRITICAL,FUTURE_CRITICAL
Jharkhand_24.4408_85.5222,Jharkhand,Koderma,0.0,0.0,0.0,FUTURE_CRITICAL,FUTURE_CRITICAL
Meghalaya_25.6103_90.7397,Meghalaya,East Garo Hills,12.49999999999999,4.166666666666652,0.0,FUTURE_CRITICAL,FUTURE_CRITICAL
Andhra Pradesh_17.7801_83.3851,Andhra Pradesh,Visakhapatnam,18.181818181818198,16.161616161616188,12.121212121212155,FUTURE_CRITICAL,FUTURE_CRITICAL
Uttarakhand_29.1592_79.0583,Uttarakhand,Udam Singh Nagar,27.586206896551722,20.30651340996168,5.747126436781591,FUTURE_CRITICAL,FUTURE_CRITICAL
Assam_26.0636_93.1829,Assam,Karbi Anglong,16.666666666666675,17.006802721088444,17.68707482993197,FUTURE_CRITICAL,FUTURE_CRITICAL
Jharkhand_24.4125_85.625,Jharkhand,Koderma,25.00000000000002,20.83333333333337,12.500000000000021,FUTURE_CRITICAL,FUTURE_CRITICAL
Jharkhand_24.3_87.2875,Jharkhand,Dumka,26.82926829268293,12.195121951219523,0.0,FUTURE_CRITICAL,FUTURE_CRITICAL
Meghalaya_25.8861_90.5125,Meghalaya,North Garo Hills,0.0,0.0,0.0,FUTURE_CRITICAL,FUTURE_CRITICAL
Andhra Pradesh_17.7577_83.3258,Andhra Pradesh,Visakhapatnam,0.0,0.0,0.0,FUTURE_CRITICAL,FUTURE_CRITICAL
Jharkhand_24.2667_87.25,Jharkhand,Dumka,7.407407407407418,8.465608465608465,10.582010582010582,FUTURE_CRITICAL,FUTURE_CRITICAL
Jharkhand_24.3472_87.1528,Jharkhand,Dumka,25.64102564102565,19.23076923076923,6.41025641025641,FUTURE_CRITICAL,FUTURE_CRITICAL
Uttarakhand_29.1331_80.0861,Uttarakhand,Champawat,17.763157894736814,17.616959064327432,17.32456140350872,FUTURE_CRITICAL,FUTURE_CRITICAL
Andhra Pradesh_16.0611_80.7012,Andhra Pradesh,Bapatla,0.0,0.0,0.0,FUTURE_CRITICAL,FUTURE_CRITICAL
Punjab_29.9283_75.5617,Punjab,Mansa,0.0,0.0,0.0,FUTURE_CRITICAL,FUTURE_CRITICAL
Punjab_30.0667_75.5375,Punjab,Mansa,0.0,0.0,0.0,FUTURE_CRITICAL,FUTURE_CRITICAL
Punjab_30.1125_75.0083,Punjab,Bathinda,0.0,0.0,0.0,FUTURE_CRITICAL,FUTURE_CRITICAL
Punjab_30.1056_75.1806,Punjab,Bathinda,0.0,0.0,0.0,FUTURE_CRITICAL,FUTURE_CRITICAL
Punjab_30.1233_75.8147,Punjab,Sangrur,0.0,0.0,0.0,FUTURE_CRITICAL,FUTURE_CRITICAL
Punjab_30.1478_74.1917,Punjab,Fazilka,25.0,18.055555555555546,4.166666666666652,FUTURE_CRITICAL,FUTURE_CRITICAL
Andhra Pradesh_17.7549_83.3469,Andhra Pradesh,Visakhapatnam,41.176470588235304,34.64052287581699,21.568627450980415,STABLE,FUTURE_CRITICAL
Andhra Pradesh_17.739_83.2669,Andhra Pradesh,Visakhapatnam,19.999999999999996,13.33333333333333,0.0,FUTURE_CRITICAL,FUTURE_CRITICAL
Jharkhand_24.2639_87.1167,Jharkhand,Dumka,21.739130434782606,16.770186335403746,6.832298136645976,FUTURE_CRITICAL,FUTURE_CRITICAL
Jharkhand_24.2669_85.1089,Jharkhand,Chatra,7.894736842105276,5.263157894736869,2.220446049250313e-14,FUTURE_CRITICAL,FUTURE_CRITICAL
Punjab_30.15_75.0,Punjab,Bathinda,0.0,0.0,0.0,FUTURE_CRITICAL,FUTURE_CRITICAL
Punjab_30.1917_75.675,Punjab,Sangrur,0.0,0.0,0.0,FUTURE_CRITICAL,FUTURE_CRITICAL
Punjab_30.1847_76.5133,Punjab,Patiala,2.0270270270270063,0.0,0.0,FUTURE_CRITICAL,FUTURE_CRITICAL
Jharkhand_24.1667_85.6111,Jharkhand,Hazaribagh,0.0,0.0,0.0,FUTURE_CRITICAL,FUTURE_CRITICAL
Telangana_18.2698_80.4889,Telangana,Mulugu,11.111111111111072,5.349794238683114,0.0,FUTURE_CRITICAL,FUTURE_CRITICAL
Punjab_30.2208_74.7833,Punjab,Bathinda,0.0,0.0,0.0,FUTURE_CRITICAL,FUTURE_CRITICAL
Punjab_30.2153_74.2692,Punjab,Fazilka,10.000000000000009,0.0,0.0,FUTURE_CRITICAL,FUTURE_CRITICAL
Andhra Pradesh_17.7328_83.3417,Andhra Pradesh,Visakhapatnam,42.3076923076923,36.32478632478631,24.35897435897434,STABLE,FUTURE_CRITICAL
Andhra Pradesh_17.717_83.3269,Andhra Pradesh,Visakhapatnam,0.0,0.0,0.0,FUTURE_CRITICAL,FUTURE_CRITICAL
Uttarakhand_29.1_79.6925,Uttarakhand,Nainital,16.990291262135926,9.492988133764834,0.0,FUTURE_CRITICAL,FUTURE_CRITICAL
Uttarakhand_29.2281_78.9311,Uttarakhand,Udam Singh Nagar,5.12820512820511,0.0,0.0,FUTURE_CRITICAL,FUTURE_CRITICAL
Jharkhand_24.0964_86.9961,Jharkhand,Jamtara,11.111111111111072,13.333333333333297,17.777777777777693,FUTURE_CRITICAL,FUTURE_CRITICAL
Jharkhand_24.0794_86.6117,Jharkhand,Jamtara,19.99999999999993,23.999999999999932,31.99999999999994,FUTURE_CRITICAL,STABLE
Uttarakhand_29.1992_79.135,Uttarakhand,Udam Singh Nagar,0.0,0.0,0.0,FUTURE_CRITICAL,FUTURE_CRITICAL
Punjab_30.2583_74.9361,Punjab,Bathinda,0.0,0.0,0.0,FUTURE_CRITICAL,FUTURE_CRITICAL
Punjab_30.3056_74.9097,Punjab,Bathinda,0.0,0.0,0.0,FUTURE_CRITICAL,FUTURE_CRITICAL
Punjab_30.3356_74.6231,Punjab,Sri Muktsar Sahib,0.0,0.0,0.0,FUTURE_CRITICAL,FUTURE_CRITICAL
Punjab_30.33_74.7142,Punjab,Sri Muktsar Sahib,37.500000000000014,31.25,18.750000000000043,STABLE,FUTURE_CRITICAL
Punjab_30.3561_76.2431,Punjab,Patiala,0.0,0.0,0.0,FUTURE_CRITICAL,FUTURE_CRITICAL
Uttarakhand_29.2583_78.925,Uttarakhand,Udam Singh Nagar,19.444444444444475,10.49382716049384,0.0,FUTURE_CRITICAL,FUTURE_CRITICAL
Uttarakhand_29.2286_79.105,Uttarakhand,Udam Singh Nagar,0.0,0.0,0.0,FUTURE_CRITICAL,FUTURE_CRITICAL
Assam_26.0736_90.5136,Assam,Goalpara,15.384615384615364,16.34615384615381,18.269230769230727,FUTURE_CRITICAL,FUTURE_CRITICAL
Punjab_30.3625_75.525,Punjab,Barnala,0.0,0.0,0.0,FUTURE_CRITICAL,FUTURE_CRITICAL
Punjab_30.3619_74.8347,Punjab,Bathinda,40.0,32.49999999999999,17.500000000000004,STABLE,FUTURE_CRITICAL
Punjab_30.3733_75.8556,Punjab,Sangrur,0.0,0.0,0.0,FUTURE_CRITICAL,FUTURE_CRITICAL
Punjab_30.3681_74.5222,Punjab,Sri Muktsar Sahib,28.57142857142858,22.077922077922096,9.090909090909104,FUTURE_CRITICAL,FUTURE_CRITICAL
Jharkhand_24.0194_86.6625,Jharkhand,Jamtara,15.625,18.74999999999999,25.0,FUTURE_CRITICAL,STABLE
Andhra Pradesh_16.0698_80.6675,Andhra Pradesh,Bapatla,10.000000000000009,6.666666666666687,0.0,FUTURE_CRITICAL,FUTURE_CRITICAL
Punjab_30.3833_75.1333,Punjab,Bathinda,0.0,0.0,0.0,FUTURE_CRITICAL,FUTURE_CRITICAL
Andhra Pradesh_17.6901_83.2919,Andhra Pradesh,Visakhapatnam,0.0,0.0,0.0,FUTURE_CRITICAL,FUTURE_CRITICAL
Punjab_30.4056_74.8278,Punjab,Faridkot,23.809523809523803,15.343915343915327,0.0,FUTURE_CRITICAL,FUTURE_CRITICAL
Uttarakhand_29.2633_79.1647,Uttarakhand,Udam Singh Nagar,21.052631578947345,22.2222222222222,24.561403508771917,FUTURE_CRITICAL,FUTURE_CRITICAL
Punjab_30.4336_75.0997,Punjab,Bathinda,0.0,0.0,0.0,FUTURE_CRITICAL,FUTURE_CRITICAL
Punjab_30.4542_74.9833,Punjab,Faridkot,0.0,0.0,0.0,FUTURE_CRITICAL,FUTURE_CRITICAL
Punjab_30.475_75.3217,Punjab,Barnala,0.0,0.0,0.0,FUTURE_CRITICAL,FUTURE_CRITICAL
Punjab_30.4811_74.8383,Punjab,Faridkot,12.50000000000001,2.777777777777768,0.0,FUTURE_CRITICAL,FUTURE_CRITICAL
Jharkhand_23.7_85.3053,Jharkhand,Hazaribagh,4.687500000000011,3.645833333333348,1.5625000000000222,FUTURE_CRITICAL,FUTURE_CRITICAL
Jharkhand_23.8333_84.7958,Jharkhand,Latehar,30.43478260869563,28.019323671497574,23.188405797101453,STABLE,FUTURE_CRITICAL
Punjab_30.525_75.9,Punjab,Malerkotla,0.0,0.0,0.0,FUTURE_CRITICAL,FUTURE_CRITICAL
Punjab_30.5228_75.5592,Punjab,Barnala,11.403508771929804,1.5594541910331383,0.0,FUTURE_CRITICAL,FUTURE_CRITICAL
Punjab_30.5519_74.7542,Punjab,Faridkot,0.0,0.0,0.0,FUTURE_CRITICAL,FUTURE_CRITICAL
Punjab_30.5708_74.8667,Punjab,Faridkot,0.0,0.0,0.0,FUTURE_CRITICAL,FUTURE_CRITICAL
Jharkhand_23.7503_86.1336,Jharkhand,Bokaro,0.0,0.0,0.0,FUTURE_CRITICAL,FUTURE_CRITICAL
Uttarakhand_29.2786_78.8342,Uttarakhand,Udam Singh Nagar,18.367346938775487,9.297052154195018,0.0,FUTURE_CRITICAL,FUTURE_CRITICAL
Assam_26.0931_91.5472,Assam,Kamrup,25.92592592592593,19.444444444444454,6.481481481481477,FUTURE_CRITICAL,FUTURE_CRITICAL
Punjab_30.5833_74.8333,Punjab,Faridkot,0.0,0.0,0.0,FUTURE_CRITICAL,FUTURE_CRITICAL
Jharkhand_23.7275_85.4864,Jharkhand,Ramgarh,0.0,0.0,0.0,FUTURE_CRITICAL,FUTURE_CRITICAL
Jharkhand_23.7458_84.4083,Jharkhand,Latehar,22.64150943396227,20.75471698113208,16.981132075471706,FUTURE_CRITICAL,FUTURE_CRITICAL
Punjab_30.5_76.425,Punjab,Fatehgarh Sahib,0.0,0.0,0.0,FUTURE_CRITICAL,FUTURE_CRITICAL
Punjab_30.6083_74.8656,Punjab,Faridkot,0.0,0.0,0.0,FUTURE_CRITICAL,FUTURE_CRITICAL
Punjab_30.6056_76.4208,Punjab,Fatehgarh Sahib,37.5,27.083333333333304,6.25,EARLY_DEPLETION_WARNING,FUTURE_CRITICAL
Punjab_30.6014_74.3889,Punjab,Ferozepur,0.0,0.0,0.0,FUTURE_CRITICAL,FUTURE_CRITICAL
Punjab_30.6108_75.1831,Punjab,Moga,0.0,0.0,0.0,FUTURE_CRITICAL,FUTURE_CRITICAL
Punjab_30.6178_75.0772,Punjab,Moga,0.0,0.0,0.0,FUTURE_CRITICAL,FUTURE_CRITICAL
Jharkhand_23.6125_85.4917,Jharkhand,Ramgarh,15.789473684210531,14.802631578947366,12.828947368421051,FUTURE_CRITICAL,FUTURE_CRITICAL
Jharkhand_23.6431_85.4403,Jharkhand,Ramgarh,2.564102564102555,1.098901098901095,0.0,FUTURE_CRITICAL,FUTURE_CRITICAL
Jharkhand_23.6861_85.45,Jharkhand,Ramgarh,12.49999999999999,11.805555555555546,10.416666666666663,FUTURE_CRITICAL,FUTURE_CRITICAL
Punjab_30.6275_74.3103,Punjab,Ferozepur,3.8461538461538325,0.0,0.0,FUTURE_CRITICAL,FUTURE_CRITICAL
Punjab_30.625_76.6958,Punjab,S.A.S Nagar,27.77777777777778,19.753086419753064,3.703703703703687,FUTURE_CRITICAL,FUTURE_CRITICAL
Punjab_30.6661_74.8586,Punjab,Faridkot,0.0,0.0,0.0,FUTURE_CRITICAL,FUTURE_CRITICAL
Jharkhand_23.5339_84.8478,Jharkhand,Lohardaga,0.0,0.0,0.0,FUTURE_CRITICAL,FUTURE_CRITICAL
Andhra Pradesh_17.6741_82.4487,Andhra Pradesh,Anakapalli,0.0,0.0,0.0,FUTURE_CRITICAL,FUTURE_CRITICAL
Punjab_30.69_74.7906,Punjab,Faridkot,0.0,0.0,0.0,FUTURE_CRITICAL,FUTURE_CRITICAL
Punjab_30.7019_76.2186,Punjab,Ludhiana,0.0,0.0,0.0,FUTURE_CRITICAL,FUTURE_CRITICAL
Uttarakhand_29.5967_78.0097,Uttarakhand,Haridwar,0.0,0.0,0.0,FUTURE_CRITICAL,FUTURE_CRITICAL
Jharkhand_23.4211_84.7808,Jharkhand,Lohardaga,0.0,0.0,0.0,FUTURE_CRITICAL,FUTURE_CRITICAL
Jharkhand_23.5142_84.6711,Jharkhand,Lohardaga,22.72727272727273,12.272727272727291,0.0,FUTURE_CRITICAL,FUTURE_CRITICAL
Punjab_30.7125_76.3778,Punjab,Fatehgarh Sahib,10.52631578947365,0.5847953216373991,0.0,FUTURE_CRITICAL,FUTURE_CRITICAL
Punjab_30.7389_74.4792,Punjab,Faridkot,21.42857142857142,18.571428571428562,12.857142857142833,FUTURE_CRITICAL,FUTURE_CRITICAL
Punjab_30.7375_75.8417,Punjab,Ludhiana,0.0,0.0,0.0,FUTURE_CRITICAL,FUTURE_CRITICAL
Punjab_30.7394_74.8622,Punjab,Faridkot,0.0,0.0,0.0,FUTURE_CRITICAL,FUTURE_CRITICAL
Jharkhand_22.7861_85.8333,Jharkhand,Saraikela Kharsawan,24.13793103448276,20.25862068965518,12.49999999999999,FUTURE_CRITICAL,FUTURE_CRITICAL
Jharkhand_22.8583_86.0583,Jharkhand,Saraikela Kharsawan,0.0,0.0,0.0,FUTURE_CRITICAL,FUTURE_CRITICAL
Jharkhand_23.2694_84.5533,Jharkhand,Gumla,22.857142857142875,16.42857142857146,3.571428571428592,FUTURE_CRITICAL,FUTURE_CRITICAL
Punjab_30.7_76.5375,Punjab,Fatehgarh Sahib,50.00000000000006,40.00000000000005,20.000000000000018,EARLY_DEPLETION_WARNING,FUTURE_CRITICAL
Punjab_30.8167_74.3806,Punjab,Ferozepur,20.68965517241378,10.775862068965514,0.0,FUTURE_CRITICAL,FUTURE_CRITICAL
Punjab_30.8239_75.0264,Punjab,Moga,0.0,0.0,0.0,FUTURE_CRITICAL,FUTURE_CRITICAL
Andhra Pradesh_17.6092_82.9778,Andhra Pradesh,Anakapalli,15.789473684210531,9.161793372319682,0.0,FUTURE_CRITICAL,FUTURE_CRITICAL
Jharkhand_22.7536_85.8508,Jharkhand,Saraikela Kharsawan,10.63829787234043,9.57446808510637,7.4468085106382915,FUTURE_CRITICAL,FUTURE_CRITICAL
Punjab_30.8_76.0208,Punjab,Ludhiana,0.0,0.0,0.0,FUTURE_CRITICAL,FUTURE_CRITICAL
Punjab_30.8833_76.2,Punjab,Ludhiana,0.0,0.0,0.0,FUTURE_CRITICAL,FUTURE_CRITICAL
Punjab_30.9028_75.8111,Punjab,Ludhiana,0.0,0.0,0.0,FUTURE_CRITICAL,FUTURE_CRITICAL
Jharkhand_22.6625_85.6375,Jharkhand,West Singhbhum,19.444444444444454,14.236111111111116,3.819444444444453,FUTURE_CRITICAL,FUTURE_CRITICAL
Uttarakhand_29.7097_77.9639,Uttarakhand,Haridwar,23.076923076923062,24.99999999999998,28.84615384615381,FUTURE_CRITICAL,STABLE
Punjab_31.0292_75.7931,Punjab,Jalandhar,7.407407407407374,0.0,0.0,FUTURE_CRITICAL,FUTURE_CRITICAL
Punjab_31.0167_76.1639,Punjab,Shahid Bhagat Singh Nagar Nawanshahr,15.384615384615397,11.11111111111114,2.564102564102555,FUTURE_CRITICAL,FUTURE_CRITICAL
Punjab_31.0417_76.5333,Punjab,Rupnagar,31.57894736842104,28.07017543859649,21.052631578947345,STABLE,FUTURE_CRITICAL
Andhra Pradesh_17.5029_82.7941,Andhra Pradesh,Visakhapatnam,8.333333333333337,0.0,0.0,FUTURE_CRITICAL,FUTURE_CRITICAL
Andhra Pradesh_17.4633_82.0271,Andhra Pradesh,Alluri Sitharama Raju,0.0,0.0,0.0,FUTURE_CRITICAL,FUTURE_CRITICAL
Jharkhand_22.5272_84.8728,Jharkhand,Simdega,0.0,0.0,0.0,FUTURE_CRITICAL,FUTURE_CRITICAL
Jharkhand_22.5083_86.5528,Jharkhand,East Singhbum,3.48837209302324,0.3875968992247847,0.0,FUTURE_CRITICAL,FUTURE_CRITICAL
Punjab_31.0_75.1506,Punjab,Moga,20.689655172413822,12.260536398467503,0.0,FUTURE_CRITICAL,FUTURE_CRITICAL
Punjab_31.1583_75.6167,Punjab,Jalandhar,0.0,0.0,0.0,FUTURE_CRITICAL,FUTURE_CRITICAL
Punjab_31.1431_76.1783,Punjab,Hoshiarpur,0.0,0.0,0.0,FUTURE_CRITICAL,FUTURE_CRITICAL
Jammu and Kashmir_33.2364_74.3688,Jammu and Kashmir,Rajouri,10.000000000000009,11.428571428571432,14.285714285714324,FUTURE_CRITICAL,FUTURE_CRITICAL
Jammu and Kashmir_33.1844_74.1391,Jammu and Kashmir,Rajouri,16.666666666666664,12.962962962962955,5.555555555555558,FUTURE_CRITICAL,FUTURE_CRITICAL
Jammu and Kashmir_33.2812_74.3181,Jammu and Kashmir,Rajouri,0.0,0.0,0.0,FUTURE_CRITICAL,FUTURE_CRITICAL
Jharkhand_22.2617_85.7358,Jharkhand,West Singhbhum,0.0,0.0,0.0,FUTURE_CRITICAL,FUTURE_CRITICAL
Jharkhand_22.4833_86.7181,Jharkhand,East Singhbum,18.571428571428537,15.238095238095184,8.571428571428541,FUTURE_CRITICAL,FUTURE_CRITICAL
Punjab_31.15_74.6333,Punjab,Tarn Taran,0.0,0.0,0.0,FUTURE_CRITICAL,FUTURE_CRITICAL
Punjab_31.2292_75.7792,Punjab,Kapurthala,0.0,0.0,0.0,FUTURE_CRITICAL,FUTURE_CRITICAL
Punjab_31.2083_76.4167,Punjab,Rupnagar,15.909090909090896,8.238636363636342,0.0,FUTURE_CRITICAL,FUTURE_CRITICAL
Punjab_31.25_74.8417,Punjab,Tarn Taran,0.0,0.0,0.0,FUTURE_CRITICAL,FUTURE_CRITICAL
Uttarakhand_29.8031_78.2117,Uttarakhand,Haridwar,15.957446808510634,7.919621749408979,0.0,FUTURE_CRITICAL,FUTURE_CRITICAL
Jammu and Kashmir_33.2404_74.0472,Jammu and Kashmir,Rajouri,9.090909090909062,3.4090909090908728,0.0,FUTURE_CRITICAL,FUTURE_CRITICAL
Punjab_31.2625_75.4917,Punjab,Jalandhar,0.0,0.0,0.0,FUTURE_CRITICAL,FUTURE_CRITICAL
Punjab_31.25_76.05,Punjab,Hoshiarpur,18.461538461538453,12.478632478632456,0.5128205128204888,FUTURE_CRITICAL,FUTURE_CRITICAL
Punjab_31.2778_74.7,Punjab,Tarn Taran,14.285714285714313,2.0408163265306034,0.0,FUTURE_CRITICAL,FUTURE_CRITICAL
Punjab_31.3306_76.4,Punjab,Rupnagar,36.66666666666666,29.629629629629616,15.555555555555534,STABLE,FUTURE_CRITICAL
Punjab_31.3694_75.3806,Punjab,Kapurthala,3.9999999999999813,0.0,0.0,FUTURE_CRITICAL,FUTURE_CRITICAL
Punjab_31.3653_75.1444,Punjab,Tarn Taran,0.0,0.0,0.0,FUTURE_CRITICAL,FUTURE_CRITICAL
Uttarakhand_29.8075_77.7758,Uttarakhand,Haridwar,9.090909090909062,3.535353535353525,0.0,FUTURE_CRITICAL,FUTURE_CRITICAL
Jammu and Kashmir_33.1226_74.2179,Jammu and Kashmir,Rajouri,0.0,0.0,0.0,FUTURE_CRITICAL,FUTURE_CRITICAL
Jammu and Kashmir_33.1554_74.2251,Jammu and Kashmir,Rajouri,0.0,0.0,0.0,FUTURE_CRITICAL,FUTURE_CRITICAL
Punjab_31.4222_75.7083,Punjab,Jalandhar,0.0,0.0,0.0,FUTURE_CRITICAL,FUTURE_CRITICAL
Punjab_31.4361_75.4986,Punjab,Jalandhar,0.0,0.0,0.0,FUTURE_CRITICAL,FUTURE_CRITICAL
Punjab_31.5167_74.7,Punjab,Tarn Taran,2.0408163265306034,0.0,0.0,FUTURE_CRITICAL,FUTURE_CRITICAL
Jammu and Kashmir_33.0974_74.265,Jammu and Kashmir,Rajouri,0.0,0.0,0.0,FUTURE_CRITICAL,FUTURE_CRITICAL
Uttarakhand_29.7775_78.1689,Uttarakhand,Haridwar,0.0,0.0,0.0,FUTURE_CRITICAL,FUTURE_CRITICAL
Andhra Pradesh_17.2_82.1018,Andhra Pradesh,Kakinada,31.944444444444432,23.43749999999998,6.423611111111094,FUTURE_CRITICAL,FUTURE_CRITICAL
Andhra Pradesh_17.2653_81.8475,Andhra Pradesh,East GodavariGokavaram,4.34782608695653,0.0,0.0,FUTURE_CRITICAL,FUTURE_CRITICAL
Punjab_31.5667_75.0333,Punjab,Amritsar,23.529411764705934,20.26143790849676,13.725490196078482,FUTURE_CRITICAL,FUTURE_CRITICAL
Punjab_31.6028_75.65,Punjab,Jalandhar,17.142857142857082,7.936507936507853,0.0,FUTURE_CRITICAL,FUTURE_CRITICAL
Punjab_31.5708_75.5711,Punjab,Kapurthala,17.14285714285714,15.523809523809518,12.285714285714278,FUTURE_CRITICAL,FUTURE_CRITICAL
Uttarakhand_29.8744_77.8,Uttarakhand,Haridwar,33.89830508474577,28.060263653483986,16.38418079096042,STABLE,FUTURE_CRITICAL
Jammu and Kashmir_32.8752_74.7526,Jammu and Kashmir,Jammu,37.50000000000006,29.687500000000068,14.062500000000078,STABLE,FUTURE_CRITICAL
Uttarakhand_29.8072_78.1389,Uttarakhand,Haridwar,34.78260869565217,29.4685990338164,18.840579710144944,STABLE,FUTURE_CRITICAL
Telangana_17.6672_79.8018,Telangana,Mahabubabad,33.333333333333336,19.999999999999996,0.0,FUTURE_CRITICAL,FUTURE_CRITICAL
Punjab_31.6042_75.5878,Punjab,Kapurthala,28.767123287671204,19.863013698630105,2.054794520547931,FUTURE_CRITICAL,FUTURE_CRITICAL
Punjab_31.75_75.7417,Punjab,Hoshiarpur,24.390243902439025,14.939024390243915,0.0,FUTURE_CRITICAL,FUTURE_CRITICAL
Punjab_31.7167_74.6667,Punjab,Amritsar,8.108108108108125,0.0,0.0,FUTURE_CRITICAL,FUTURE_CRITICAL
Andhra Pradesh_16.1193_79.6506,Andhra Pradesh,Palnadu,30.23255813953488,24.8062015503876,13.953488372093014,FUTURE_CRITICAL,FUTURE_CRITICAL
Andhra Pradesh_16.0966_80.7732,Andhra Pradesh,Bapatla,0.0,0.0,0.0,FUTURE_CRITICAL,FUTURE_CRITICAL
Jammu and Kashmir_32.8695_74.6134,Jammu and Kashmir,Jammu,35.99999999999994,31.999999999999883,23.99999999999991,STABLE,FUTURE_CRITICAL
Jammu and Kashmir_32.8693_74.6885,Jammu and Kashmir,Jammu,6.122448979591855,4.761904761904779,2.0408163265306367,FUTURE_CRITICAL,FUTURE_CRITICAL
Jammu and Kashmir_32.8813_74.708,Jammu and Kashmir,Jammu,26.923076923076895,17.788461538461487,0.0,FUTURE_CRITICAL,FUTURE_CRITICAL
Punjab_31.8958_75.1625,Punjab,Gurdaspur,41.6666666666667,33.33333333333338,16.666666666666696,STABLE,FUTURE_CRITICAL
Andhra Pradesh_17.227_82.2285,Andhra Pradesh,Kakinada,26.865671641791046,24.21227197346599,18.905472636815922,FUTURE_CRITICAL,FUTURE_CRITICAL
Assam_26.1264_92.2525,Assam,Marigaon,0.0,0.0,0.0,FUTURE_CRITICAL,FUTURE_CRITICAL
Jammu and Kashmir_32.8401_74.846,Jammu and Kashmir,Jammu,30.508474576271173,23.822975517890765,10.45197740112992,FUTURE_CRITICAL,FUTURE_CRITICAL
Punjab_32.0125_75.0333,Punjab,Gurdaspur,33.33333333333333,25.92592592592591,11.111111111111105,STABLE,FUTURE_CRITICAL
Andhra Pradesh_13.9605_77.6761,Andhra Pradesh,Sri Sathya Sai,18.74999999999999,20.833333333333314,24.99999999999998,FUTURE_CRITICAL,FUTURE_CRITICAL
Jammu and Kashmir_32.8331_74.577,Jammu and Kashmir,Jammu,29.999999999999982,22.222222222222232,6.666666666666643,FUTURE_CRITICAL,FUTURE_CRITICAL
Jammu and Kashmir_32.8206_74.7166,Jammu and Kashmir,Jammu,7.692307692307732,0.8547008547009183,0.0,FUTURE_CRITICAL,FUTURE_CRITICAL
Punjab_32.1639_75.5522,Punjab,Pathankot,0.0,0.0,0.0,FUTURE_CRITICAL,FUTURE_CRITICAL
Punjab_32.25_75.5222,Punjab,Pathankot,22.222222222222243,22.222222222222243,22.222222222222243,FUTURE_CRITICAL,FUTURE_CRITICAL
Jammu and Kashmir_32.7907_74.7656,Jammu and Kashmir,Jammu,0.0,0.0,0.0,FUTURE_CRITICAL,FUTURE_CRITICAL
Punjab_32.3292_75.6625,Punjab,Pathankot,0.0,0.0,0.0,FUTURE_CRITICAL,FUTURE_CRITICAL
Punjab_32.3475_75.7531,Punjab,Pathankot,21.739130434782606,24.456521739130434,29.891304347826086,FUTURE_CRITICAL,STABLE
Jammu and Kashmir_32.633_74.883,Jammu and Kashmir,Jammu,9.523809523809534,0.0,0.0,FUTURE_CRITICAL,FUTURE_CRITICAL
Jammu and Kashmir_32.6556_74.9517,Jammu and Kashmir,Samba,39.13043478260872,34.29951690821259,24.63768115942028,STABLE,FUTURE_CRITICAL
Rajasthan_23.3683_74.2792,Rajasthan,Banswara,19.999999999999996,14.642857142857135,3.9285714285714146,FUTURE_CRITICAL,FUTURE_CRITICAL
Rajasthan_23.4167_74.3503,Rajasthan,Banswara,0.0,0.0,0.0,FUTURE_CRITICAL,FUTURE_CRITICAL
Rajasthan_23.4958_74.1,Rajasthan,Banswara,0.0,0.0,0.0,FUTURE_CRITICAL,FUTURE_CRITICAL
Rajasthan_23.4544_74.075,Rajasthan,Banswara,0.0,0.0,0.0,FUTURE_CRITICAL,FUTURE_CRITICAL
Uttarakhand_29.9872_77.8103,Uttarakhand,Haridwar,0.0,0.0,0.0,FUTURE_CRITICAL,FUTURE_CRITICAL
Jammu and Kashmir_32.6285_75.1502,Jammu and Kashmir,Samba,28.57142857142857,26.190476190476197,21.42857142857142,STABLE,FUTURE_CRITICAL
Telangana_17.4866_80.142,Telangana,Mahabubabad,0.0,0.0,0.0,FUTURE_CRITICAL,FUTURE_CRITICAL
Rajasthan_23.5092_74.3844,Rajasthan,Banswara,3.57142857142857,0.0,0.0,FUTURE_CRITICAL,FUTURE_CRITICAL
Rajasthan_23.5092_74.3775,Rajasthan,Banswara,36.84210526315789,32.330827067669176,23.308270676691723,STABLE,FUTURE_CRITICAL
Telangana_17.4427_77.7075,Telangana,Vikarabad,22.64150943396225,20.545073375262046,16.35220125786161,FUTURE_CRITICAL,FUTURE_CRITICAL
Uttarakhand_30.0644_78.2233,Uttarakhand,Dehradun,24.285714285714278,15.873015873015872,0.0,FUTURE_CRITICAL,FUTURE_CRITICAL
Jammu and Kashmir_32.5822_75.5439,Jammu and Kashmir,Kathua,4.166666666666686,4.62962962962965,5.55555555555557,FUTURE_CRITICAL,FUTURE_CRITICAL
Jammu and Kashmir_32.5854_74.9065,Jammu and Kashmir,Jammu,24.00000000000002,24.888888888888903,26.666666666666682,FUTURE_CRITICAL,STABLE
Jammu and Kashmir_32.6128_74.8639,Jammu and Kashmir,Jammu,33.333333333333336,30.555555555555568,24.99999999999999,STABLE,FUTURE_CRITICAL
Rajasthan_23.5361_74.6167,Rajasthan,Banswara,26.66666666666666,12.0,0.0,FUTURE_CRITICAL,FUTURE_CRITICAL
Rajasthan_23.575_74.1167,Rajasthan,Banswara,0.0,0.0,0.0,FUTURE_CRITICAL,FUTURE_CRITICAL
Assam_26.15_90.05,Assam,Dhubri,42.22222222222219,34.999999999999986,20.555555555555493,STABLE,FUTURE_CRITICAL
Jammu and Kashmir_32.5565_75.6038,Jammu and Kashmir,Kathua,10.000000000000009,10.000000000000009,10.000000000000009,FUTURE_CRITICAL,FUTURE_CRITICAL
Jammu and Kashmir_32.56_75.254,Jammu and Kashmir,Samba,9.756097560975618,5.420054200542035,0.0,FUTURE_CRITICAL,FUTURE_CRITICAL
Telangana_17.4312_78.55,Telangana,Medchal Malkajgiri,0.0,0.0,0.0,FUTURE_CRITICAL,FUTURE_CRITICAL
Rajasthan_23.7153_74.2628,Rajasthan,Banswara,1.9230769230769384,0.0,0.0,FUTURE_CRITICAL,FUTURE_CRITICAL
Rajasthan_23.775_74.8583,Rajasthan,Pratapgarh,7.142857142857128,0.0,0.0,FUTURE_CRITICAL,FUTURE_CRITICAL
Rajasthan_23.7539_73.8478,Rajasthan,Dungarpur,0.0,0.0,0.0,FUTURE_CRITICAL,FUTURE_CRITICAL
Rajasthan_23.8333_73.6833,Rajasthan,Dungarpur,0.0,0.0,0.0,FUTURE_CRITICAL,FUTURE_CRITICAL
Rajasthan_23.8167_73.5667,Rajasthan,Dungarpur,0.0,0.0,0.0,FUTURE_CRITICAL,FUTURE_CRITICAL
Uttarakhand_30.0936_77.8975,Uttarakhand,Haridwar,32.558139534883736,28.886168910648745,21.542227662178735,STABLE,FUTURE_CRITICAL
Jammu and Kashmir_32.5203_74.7986,Jammu and Kashmir,Jammu,9.999999999999964,8.124999999999982,4.374999999999929,FUTURE_CRITICAL,FUTURE_CRITICAL
Uttarakhand_30.0869_77.8811,Uttarakhand,Haridwar,33.33333333333335,25.925925925925963,11.11111111111114,STABLE,FUTURE_CRITICAL
Andhra Pradesh_17.1454_81.0098,Andhra Pradesh,Eluru,15.38461538461533,6.837606837606813,0.0,FUTURE_CRITICAL,FUTURE_CRITICAL
Rajasthan_23.8417_73.5742,Rajasthan,Dungarpur,35.08771929824561,31.57894736842105,24.56140350877194,STABLE,FUTURE_CRITICAL
Rajasthan_23.8333_73.7208,Rajasthan,Dungarpur,0.0,0.0,0.0,FUTURE_CRITICAL,FUTURE_CRITICAL
Jammu and Kashmir_32.4872_75.2361,Jammu and Kashmir,Kathua,30.952380952380963,24.86772486772486,12.698412698412731,FUTURE_CRITICAL,FUTURE_CRITICAL
Jammu and Kashmir_32.51_74.82,Jammu and Kashmir,Jammu,0.0,0.0,0.0,FUTURE_CRITICAL,FUTURE_CRITICAL
Uttarakhand_30.0833_77.9022,Uttarakhand,Haridwar,27.083333333333325,17.96875,0.0,FUTURE_CRITICAL,FUTURE_CRITICAL
Telangana_17.3472_78.8197,Telangana,Yadadri Bhuvanagiri,0.0,0.0,0.0,FUTURE_CRITICAL,FUTURE_CRITICAL
Rajasthan_23.9058_74.0708,Rajasthan,Dungarpur,9.302325581395344,0.996677740863805,0.0,FUTURE_CRITICAL,FUTURE_CRITICAL
Rajasthan_23.8886_73.9008,Rajasthan,Dungarpur,0.0,0.0,0.0,FUTURE_CRITICAL,FUTURE_CRITICAL
Telangana_17.3403_78.5249,Telangana,Ranga Reddy,0.0,0.0,0.0,FUTURE_CRITICAL,FUTURE_CRITICAL
Jammu and Kashmir_32.4686_75.2741,Jammu and Kashmir,Kathua,0.0,0.0,0.0,FUTURE_CRITICAL,FUTURE_CRITICAL
Jammu and Kashmir_32.486_75.2043,Jammu and Kashmir,Samba,0.0,0.0,0.0,FUTURE_CRITICAL,FUTURE_CRITICAL
Jammu and Kashmir_32.4878_75.1779,Jammu and Kashmir,Samba,0.0,0.0,0.0,FUTURE_CRITICAL,FUTURE_CRITICAL
Rajasthan_23.96_74.4347,Rajasthan,Pratapgarh,1.3333333333333308,0.0,0.0,FUTURE_CRITICAL,FUTURE_CRITICAL
Andhra Pradesh_17.1108_81.6735,Andhra Pradesh,East Godavari,0.0,0.0,0.0,FUTURE_CRITICAL,FUTURE_CRITICAL
Andhra Pradesh_17.1007_82.2462,Andhra Pradesh,Kakinada,0.0,0.0,0.0,FUTURE_CRITICAL,FUTURE_CRITICAL
Rajasthan_23.9_74.8125,Rajasthan,Pratapgarh,0.0,0.0,0.0,FUTURE_CRITICAL,FUTURE_CRITICAL
Jammu and Kashmir_32.3953_75.4415,Jammu and Kashmir,Kathua,9.999999999999998,0.0,0.0,FUTURE_CRITICAL,FUTURE_CRITICAL
Jammu and Kashmir_32.4447_75.3607,Jammu and Kashmir,Kathua,23.809523809523814,16.931216931216962,3.1746031746031633,FUTURE_CRITICAL,FUTURE_CRITICAL
Assam_26.1822_93.1469,Assam,Karbi Anglong,15.999999999999993,6.25,0.0,FUTURE_CRITICAL,FUTURE_CRITICAL
Rajasthan_23.9833_73.6011,Rajasthan,Udaipur,0.0,0.0,0.0,FUTURE_CRITICAL,FUTURE_CRITICAL
Rajasthan_24.0242_74.8753,Rajasthan,Pratapgarh,8.43373493975903,0.0,0.0,FUTURE_CRITICAL,FUTURE_CRITICAL
Rajasthan_24.0339_74.6586,Rajasthan,Pratapgarh,0.0,0.0,0.0,FUTURE_CRITICAL,FUTURE_CRITICAL
Rajasthan_24.0333_74.9775,Rajasthan,Pratapgarh,0.0,0.0,0.0,FUTURE_CRITICAL,FUTURE_CRITICAL
Rajasthan_24.0333_74.4583,Rajasthan,Pratapgarh,0.0,0.0,0.0,FUTURE_CRITICAL,FUTURE_CRITICAL
Andhra Pradesh_16.1996_80.5258,Andhra Pradesh,Guntur,0.0,0.0,0.0,FUTURE_CRITICAL,FUTURE_CRITICAL
Haryana_30.7947_76.9164,Haryana,Panchkula,0.0,0.0,0.0,FUTURE_CRITICAL,FUTURE_CRITICAL
Jammu and Kashmir_32.372_75.306,Jammu and Kashmir,Kathua,0.0,0.0,0.0,FUTURE_CRITICAL,FUTURE_CRITICAL
Uttarakhand_30.1722_78.2336,Uttarakhand,Dehradun,0.0,0.0,0.0,FUTURE_CRITICAL,FUTURE_CRITICAL
Andhra Pradesh_16.1847_80.6595,Andhra Pradesh,Bapatla,0.0,0.0,0.0,FUTURE_CRITICAL,FUTURE_CRITICAL
Rajasthan_24.0353_74.7833,Rajasthan,Pratapgarh,0.0,0.0,0.0,FUTURE_CRITICAL,FUTURE_CRITICAL
Rajasthan_24.075_74.575,Rajasthan,Pratapgarh,0.0,0.0,0.0,FUTURE_CRITICAL,FUTURE_CRITICAL
Rajasthan_24.1283_74.0467,Rajasthan,Salumbar,3.9215686274509665,0.0,0.0,FUTURE_CRITICAL,FUTURE_CRITICAL
Uttarakhand_30.3006_77.9533,Uttarakhand,Dehradun,13.793103448275868,14.310344827586208,15.344827586206911,FUTURE_CRITICAL,FUTURE_CRITICAL
Haryana_30.6967_76.8733,Haryana,Panchkula,42.8571428571429,35.714285714285666,21.42857142857144,STABLE,FUTURE_CRITICAL
Haryana_30.7789_76.9381,Haryana,Panchkula,22.580645161290303,9.67741935483868,0.0,FUTURE_CRITICAL,FUTURE_CRITICAL
Haryana_30.7392_76.9986,Haryana,Panchkula,14.28571428571429,10.714285714285731,3.5714285714286254,FUTURE_CRITICAL,FUTURE_CRITICAL
Haryana_30.8111_76.9194,Haryana,Panchkula,0.0,0.0,0.0,FUTURE_CRITICAL,FUTURE_CRITICAL
Rajasthan_24.0925_74.4797,Rajasthan,Pratapgarh,0.0,0.0,0.0,FUTURE_CRITICAL,FUTURE_CRITICAL
Rajasthan_24.1667_74.05,Rajasthan,Salumbar,0.0,0.0,0.0,FUTURE_CRITICAL,FUTURE_CRITICAL
Rajasthan_24.1719_73.9853,Rajasthan,Salumbar,0.0,0.0,0.0,FUTURE_CRITICAL,FUTURE_CRITICAL
Andhra Pradesh_17.083_81.9065,Andhra Pradesh,East Godavari,0.0,0.0,0.0,FUTURE_CRITICAL,FUTURE_CRITICAL
Telangana_17.289_77.7606,Telangana,Vikarabad,37.499999999999986,33.240740740740726,24.72222222222221,STABLE,FUTURE_CRITICAL
Haryana_30.5875_77.0222,Haryana,Panchkula,15.476190476190489,7.341269841269849,0.0,FUTURE_CRITICAL,FUTURE_CRITICAL
Rajasthan_24.2167_73.8667,Rajasthan,Salumbar,35.0,30.000000000000004,19.999999999999996,STABLE,FUTURE_CRITICAL
Rajasthan_24.1933_73.7,Rajasthan,Salumbar,27.27272727272727,26.2987012987013,24.350649350649345,STABLE,FUTURE_CRITICAL
Rajasthan_24.2514_74.4167,Rajasthan,Pratapgarh,11.111111111111105,3.703703703703687,0.0,FUTURE_CRITICAL,FUTURE_CRITICAL
Rajasthan_24.2333_76.8083,Rajasthan,Jhalawar,0.0,0.0,0.0,FUTURE_CRITICAL,FUTURE_CRITICAL
Rajasthan_24.275_75.8417,Rajasthan,Jhalawar,0.0,0.0,0.0,FUTURE_CRITICAL,FUTURE_CRITICAL
Telangana_17.2739_78.796,Telangana,Yadadri Bhuvanagiri,0.0,0.0,0.0,FUTURE_CRITICAL,FUTURE_CRITICAL
Uttarakhand_30.3306_77.8622,Uttarakhand,Dehradun,0.0,0.0,0.0,FUTURE_CRITICAL,FUTURE_CRITICAL
Rajasthan_24.2708_76.5042,Rajasthan,Jhalawar,20.833333333333336,14.880952380952372,2.976190476190488,FUTURE_CRITICAL,FUTURE_CRITICAL
Rajasthan_24.2822_76.7306,Rajasthan,Jhalawar,0.0,0.0,0.0,FUTURE_CRITICAL,FUTURE_CRITICAL
Rajasthan_24.3397_76.7728,Rajasthan,Jhalawar,8.108108108108114,9.26640926640927,11.583011583011594,FUTURE_CRITICAL,FUTURE_CRITICAL
Rajasthan_24.35_76.6722,Rajasthan,Jhalawar,0.0,0.0,0.0,FUTURE_CRITICAL,FUTURE_CRITICAL
Haryana_30.2625_76.6139,Haryana,Ambala,17.647058823529406,7.352941176470584,0.0,FUTURE_CRITICAL,FUTURE_CRITICAL
Haryana_30.3831_77.1592,Haryana,Ambala,0.0,0.0,0.0,FUTURE_CRITICAL,FUTURE_CRITICAL
Haryana_30.25_77.3333,Haryana,Yamunanagar,27.61904761904761,19.18367346938774,2.312925170068003,FUTURE_CRITICAL,FUTURE_CRITICAL
Haryana_30.2417_77.125,Haryana,Ambala,0.0,0.0,0.0,FUTURE_CRITICAL,FUTURE_CRITICAL
Assam_26.1936_92.2453,Assam,Marigaon,0.0,0.0,0.0,FUTURE_CRITICAL,FUTURE_CRITICAL
Andhra Pradesh_17.0137_82.2835,Andhra Pradesh,Kakinada,7.692307692307699,6.837606837606847,5.128205128205132,FUTURE_CRITICAL,FUTURE_CRITICAL
Rajasthan_24.4125_76.5611,Rajasthan,Jhalawar,11.99999999999999,0.0,0.0,FUTURE_CRITICAL,FUTURE_CRITICAL
Rajasthan_24.4108_76.1872,Rajasthan,Jhalawar,31.034482758620697,21.839080459770123,3.4482758620689724,FUTURE_CRITICAL,FUTURE_CRITICAL
Rajasthan_24.4333_74.2667,Rajasthan,Udaipur,0.0,0.0,0.0,FUTURE_CRITICAL,FUTURE_CRITICAL
Rajasthan_24.4167_72.7667,Rajasthan,Sirohi,14.285714285714246,2.0408163265306034,0.0,FUTURE_CRITICAL,FUTURE_CRITICAL
Rajasthan_24.4361_76.7,Rajasthan,Baran,0.0,0.0,0.0,FUTURE_CRITICAL,FUTURE_CRITICAL
Rajasthan_24.4417_75.9153,Rajasthan,Jhalawar,31.034482758620673,24.13793103448274,10.344827586206861,FUTURE_CRITICAL,FUTURE_CRITICAL
Rajasthan_24.4833_75.9597,Rajasthan,Jhalawar,21.62162162162162,17.374517374517385,8.880308880308874,FUTURE_CRITICAL,FUTURE_CRITICAL
Haryana_29.9542_74.7375,Haryana,Sirsa,5.263157894736825,0.0,0.0,FUTURE_CRITICAL,FUTURE_CRITICAL
Haryana_30.0167_76.4917,Haryana,Kurukshetra,0.0,0.0,0.0,FUTURE_CRITICAL,FUTURE_CRITICAL
Haryana_30.0933_76.6103,Haryana,Ambala,0.0,0.0,0.0,FUTURE_CRITICAL,FUTURE_CRITICAL
Rajasthan_24.4483_73.9917,Rajasthan,Udaipur,19.318181818181824,22.077922077922096,27.59740259740262,FUTURE_CRITICAL,STABLE
Rajasthan_24.4875_76.3028,Rajasthan,Jhalawar,12.12121212121211,0.0,0.0,FUTURE_CRITICAL,FUTURE_CRITICAL
Andhra Pradesh_17.0094_82.2482,Andhra Pradesh,Kakinada,0.0,0.0,0.0,FUTURE_CRITICAL,FUTURE_CRITICAL
Andhra Pradesh_16.9996_80.5242,Andhra Pradesh,Ntr,35.71428571428572,30.952380952380942,21.42857142857142,STABLE,FUTURE_CRITICAL
Haryana_29.8722_76.8444,Haryana,Karnal,24.137931034482808,12.413793103448235,0.0,FUTURE_CRITICAL,FUTURE_CRITICAL
Haryana_29.905_76.6067,Haryana,Kaithal,0.0,0.0,0.0,FUTURE_CRITICAL,FUTURE_CRITICAL
Haryana_29.9861_76.7942,Haryana,Kurukshetra,42.00000000000003,33.71428571428581,17.142857142857228,STABLE,FUTURE_CRITICAL
Rajasthan_24.4958_73.6125,Rajasthan,Udaipur,20.833333333333336,16.369047619047617,7.440476190476186,FUTURE_CRITICAL,FUTURE_CRITICAL
Rajasthan_24.5064_74.1669,Rajasthan,Udaipur,0.0,0.0,0.0,FUTURE_CRITICAL,FUTURE_CRITICAL
Rajasthan_24.5467_73.9225,Rajasthan,Udaipur,33.81294964028778,25.590955806783157,9.146968139773904,STABLE,FUTURE_CRITICAL
Rajasthan_24.5908_73.6586,Rajasthan,Udaipur,0.0,0.0,0.0,FUTURE_CRITICAL,FUTURE_CRITICAL
Haryana_29.8444_74.5556,Haryana,Sirsa,22.727272727272695,9.848484848484818,0.0,FUTURE_CRITICAL,FUTURE_CRITICAL
Haryana_29.8389_74.9889,Haryana,Sirsa,21.95121951219513,12.195121951219512,0.0,FUTURE_CRITICAL,FUTURE_CRITICAL
Haryana_29.85_74.9833,Haryana,Sirsa,0.0,0.0,0.0,FUTURE_CRITICAL,FUTURE_CRITICAL
Rajasthan_24.5942_76.7322,Rajasthan,Baran,3.448275862069017,0.0,0.0,FUTURE_CRITICAL,FUTURE_CRITICAL
Haryana_29.775_76.2667,Haryana,Kaithal,37.93103448275864,29.06403940886706,11.330049261083753,STABLE,FUTURE_CRITICAL
Haryana_29.7917_74.7083,Haryana,Sirsa,2.0618556701031188,0.6185567010309478,0.0,FUTURE_CRITICAL,FUTURE_CRITICAL
Haryana_29.7875_76.7292,Haryana,Karnal,19.73684210526312,3.684210526315712,0.0,FUTURE_CRITICAL,FUTURE_CRITICAL
Haryana_29.7847_74.9125,Haryana,Sirsa,40.000000000000036,30.00000000000007,10.000000000000142,STABLE,FUTURE_CRITICAL
Haryana_29.8583_74.7694,Haryana,Sirsa,0.0,0.0,0.0,FUTURE_CRITICAL,FUTURE_CRITICAL
Telangana_17.0578_79.8271,Telangana,Suryapet,0.0,0.0,0.0,FUTURE_CRITICAL,FUTURE_CRITICAL
Andhra Pradesh_16.985_82.2757,Andhra Pradesh,Kakinada,19.999999999999996,19.999999999999996,19.999999999999996,FUTURE_CRITICAL,FUTURE_CRITICAL
Haryana_29.6569_76.3569,Haryana,Kaithal,0.0,0.0,0.0,FUTURE_CRITICAL,FUTURE_CRITICAL
Haryana_29.7125_74.6347,Haryana,Sirsa,0.0,0.0,0.0,FUTURE_CRITICAL,FUTURE_CRITICAL
Haryana_29.7417_75.1958,Haryana,Sirsa,0.0,0.0,0.0,FUTURE_CRITICAL,FUTURE_CRITICAL
Haryana_29.7833_74.8417,Haryana,Sirsa,0.0,0.0,0.0,FUTURE_CRITICAL,FUTURE_CRITICAL
Rajasthan_24.7267_74.45,Rajasthan,Chittorgarh,24.40191387559808,15.311004784688997,0.0,FUTURE_CRITICAL,FUTURE_CRITICAL
Rajasthan_24.75_74.1992,Rajasthan,Chittorgarh,0.0,0.0,0.0,FUTURE_CRITICAL,FUTURE_CRITICAL
Rajasthan_24.7522_71.8286,Rajasthan,Sanchore,0.0,0.0,0.0,FUTURE_CRITICAL,FUTURE_CRITICAL
Haryana_29.55_76.9333,Haryana,Karnal,20.83333333333335,19.444444444444386,16.666666666666764,FUTURE_CRITICAL,FUTURE_CRITICAL
Haryana_29.6172_75.8914,Haryana,Fatehabad,0.0,0.0,0.0,FUTURE_CRITICAL,FUTURE_CRITICAL
Haryana_29.6486_76.9136,Haryana,Karnal,0.0,0.0,0.0,FUTURE_CRITICAL,FUTURE_CRITICAL
Haryana_29.6322_76.6311,Haryana,Karnal,0.0,0.0,0.0,FUTURE_CRITICAL,FUTURE_CRITICAL
Haryana_29.6583_76.4292,Haryana,Kaithal,0.0,0.0,0.0,FUTURE_CRITICAL,FUTURE_CRITICAL
Telangana_16.9492_79.1978,Telangana,Nalgonda,20.967741935483875,15.591397849462362,4.838709677419361,FUTURE_CRITICAL,FUTURE_CRITICAL
Telangana_16.9248_79.7329,Telangana,Suryapet,15.78947368421052,10.526315789473696,0.0,FUTURE_CRITICAL,FUTURE_CRITICAL
Rajasthan_24.8611_74.3083,Rajasthan,Chittorgarh,0.0,0.0,0.0,FUTURE_CRITICAL,FUTURE_CRITICAL
Rajasthan_24.8361_71.2167,Rajasthan,Barmer,0.0,0.0,0.0,FUTURE_CRITICAL,FUTURE_CRITICAL
Uttarakhand_30.4239_77.6956,Uttarakhand,Dehradun,24.999999999999943,16.66666666666663,0.0,FUTURE_CRITICAL,FUTURE_CRITICAL
Haryana_29.4806_76.45,Haryana,Jind,0.0,0.0,0.0,FUTURE_CRITICAL,FUTURE_CRITICAL
Haryana_29.5181_76.5472,Haryana,Karnal,12.000000000000032,0.0,0.0,FUTURE_CRITICAL,FUTURE_CRITICAL
Andhra Pradesh_13.6371_79.9008,Andhra Pradesh,Tirupati,0.0,0.0,0.0,FUTURE_CRITICAL,FUTURE_CRITICAL
Telangana_16.9037_79.7546,Telangana,Suryapet,0.0,0.0,0.0,FUTURE_CRITICAL,FUTURE_CRITICAL
Andhra Pradesh_16.9721_80.5312,Andhra Pradesh,Ntr,5.555555555555536,0.0,0.0,FUTURE_CRITICAL,FUTURE_CRITICAL
Haryana_29.4222_74.6125,Haryana,Sirsa,18.309859154929566,20.65727699530514,25.352112676056326,FUTURE_CRITICAL,STABLE
Rajasthan_24.9056_74.6444,Rajasthan,Chittorgarh,4.210526315789476,1.2030075187969835,0.0,FUTURE_CRITICAL,FUTURE_CRITICAL
Rajasthan_24.9142_71.7386,Rajasthan,Sanchore,0.0,0.0,0.0,FUTURE_CRITICAL,FUTURE_CRITICAL
Rajasthan_24.9333_75.9333,Rajasthan,Kota,0.0,0.0,0.0,FUTURE_CRITICAL,FUTURE_CRITICAL
Assam_26.2028_93.1064,Assam,Karbi Anglong,0.0,0.0,0.0,FUTURE_CRITICAL,FUTURE_CRITICAL
Haryana_29.4214_76.7342,Haryana,Jind,0.0,0.0,0.0,FUTURE_CRITICAL,FUTURE_CRITICAL
Rajasthan_24.9333_75.5917,Rajasthan,Chittorgarh,22.72727272727272,12.98701298701297,0.0,FUTURE_CRITICAL,FUTURE_CRITICAL
Telangana_16.3331_78.7994,Telangana,Nagarkurnool,0.0,0.0,0.0,FUTURE_CRITICAL,FUTURE_CRITICAL
Telangana_16.605_77.7983,Telangana,Mahabubnagar,12.50000000000001,14.583333333333337,18.75000000000001,FUTURE_CRITICAL,FUTURE_CRITICAL
Haryana_29.3417_76.6792,Haryana,Panipat,0.0,0.0,0.0,FUTURE_CRITICAL,FUTURE_CRITICAL
Haryana_29.3644_76.6069,Haryana,Jind,9.52380952380949,0.0,0.0,FUTURE_CRITICAL,FUTURE_CRITICAL
Haryana_29.3583_76.4222,Haryana,Jind,22.891566265060227,14.323962516733568,0.0,FUTURE_CRITICAL,FUTURE_CRITICAL
Rajasthan_24.9917_76.475,Rajasthan,Baran,0.0,0.0,0.0,FUTURE_CRITICAL,FUTURE_CRITICAL
Rajasthan_24.9911_71.5939,Rajasthan,Sanchore,0.0,0.0,0.0,FUTURE_CRITICAL,FUTURE_CRITICAL
Andhra Pradesh_16.9557_82.1893,Andhra Pradesh,Kakinada,0.0,0.0,0.0,FUTURE_CRITICAL,FUTURE_CRITICAL
Uttarakhand_30.4778_77.7883,Uttarakhand,Dehradun,19.148936170212817,20.094562647754177,21.985815602836922,FUTURE_CRITICAL,FUTURE_CRITICAL
Haryana_29.3186_76.6403,Haryana,Panipat,14.285714285714235,0.0,0.0,FUTURE_CRITICAL,FUTURE_CRITICAL
Rajasthan_25.0208_75.7,Rajasthan,Kota,9.5238095238095,0.0,0.0,FUTURE_CRITICAL,FUTURE_CRITICAL
Rajasthan_25.0361_74.4917,Rajasthan,Chittorgarh,12.025316455696188,3.5864978902953593,0.0,FUTURE_CRITICAL,FUTURE_CRITICAL
Uttarakhand_30.4961_77.7925,Uttarakhand,Dehradun,0.0,0.0,0.0,FUTURE_CRITICAL,FUTURE_CRITICAL
Haryana_29.2333_76.8778,Haryana,Panipat,32.87671232876712,23.28767123287673,4.109589041095896,FUTURE_CRITICAL,FUTURE_CRITICAL
Rajasthan_25.0833_76.7,Rajasthan,Baran,38.46153846153847,33.23076923076924,22.769230769230774,STABLE,FUTURE_CRITICAL
Haryana_29.1875_76.625,Haryana,Sonipat,0.0,0.0,0.0,FUTURE_CRITICAL,FUTURE_CRITICAL
Andhra Pradesh_16.2632_80.4248,Andhra Pradesh,Guntur,8.333333333333304,0.0,0.0,FUTURE_CRITICAL,FUTURE_CRITICAL
Rajasthan_25.1083_76.65,Rajasthan,Baran,0.0,0.0,0.0,FUTURE_CRITICAL,FUTURE_CRITICAL
Andhra Pradesh_16.951_80.0523,Andhra Pradesh,Ntr,29.629629629629626,24.27983539094648,13.580246913580229,FUTURE_CRITICAL,FUTURE_CRITICAL
Rajasthan_25.1211_75.9656,Rajasthan,Kota,11.111111111111105,11.111111111111105,11.111111111111105,FUTURE_CRITICAL,FUTURE_CRITICAL
Rajasthan_25.1364_74.8875,Rajasthan,Chittorgarh,16.981132075471685,13.522012578616337,6.6037735849056585,FUTURE_CRITICAL,FUTURE_CRITICAL
Uttarakhand_30.7397_78.5247,Uttarakhand,Uttar Kashi,12.41830065359476,0.0,0.0,FUTURE_CRITICAL,FUTURE_CRITICAL
Haryana_29.0431_76.4764,Haryana,Rohtak,14.28571428571428,5.952380952380953,0.0,FUTURE_CRITICAL,FUTURE_CRITICAL
TelanganaYadadri Bhuvanagiri_17.3579_79.0341,TelanganaYadadri Bhuvanagiri,Valigonda,0.0,0.0,0.0,FUTURE_CRITICAL,FUTURE_CRITICAL
Rajasthan_25.1833_75.85,Rajasthan,Kota,0.0,0.0,0.0,FUTURE_CRITICAL,FUTURE_CRITICAL
Rajasthan_29.8417_74.0222,Rajasthan,Ganganagar,0.0,0.0,0.0,FUTURE_CRITICAL,FUTURE_CRITICAL
Uttarakhand_30.6844_78.3494,Uttarakhand,Uttar Kashi,0.0,0.0,0.0,FUTURE_CRITICAL,FUTURE_CRITICAL
Rajasthan_25.1878_77.1056,Rajasthan,Baran,0.0,0.0,0.0,FUTURE_CRITICAL,FUTURE_CRITICAL
Rajasthan_25.1_76.205,Rajasthan,Kota,0.0,0.0,0.0,FUTURE_CRITICAL,FUTURE_CRITICAL
Andhra Pradesh_16.9384_81.9542,Andhra Pradesh,East GodavariAnaparthy,0.0,0.0,0.0,FUTURE_CRITICAL,FUTURE_CRITICAL
Andhra Pradesh_16.927_81.9167,Andhra Pradesh,Dr. B.R. Ambedkar KonaseemaMandapeta,0.0,0.0,0.0,FUTURE_CRITICAL,FUTURE_CRITICAL
West Bengal_22.33_88.15,West Bengal,South 24 Parganas,0.0,0.0,0.0,FUTURE_CRITICAL,FUTURE_CRITICAL
Tamil Nadu_10.6833_79.8375,Tamil Nadu,Nagapattinam,55.00000000000001,41.99999999999999,15.999999999999993,EARLY_DEPLETION_WARNING,FUTURE_CRITICAL
Rajasthan_25.2272_73.6708,Rajasthan,Rajsamand,16.36363636363637,14.675324675324685,11.298701298701308,FUTURE_CRITICAL,FUTURE_CRITICAL
Rajasthan_25.2417_76.0889,Rajasthan,Kota,0.0,0.0,0.0,FUTURE_CRITICAL,FUTURE_CRITICAL
West Bengal_22.3063_86.8853,West Bengal,Jhargram,0.0,0.0,0.0,FUTURE_CRITICAL,FUTURE_CRITICAL
Haryana_28.9028_77.1139,Haryana,Sonipat,25.71428571428568,18.285714285714207,3.4285714285713587,FUTURE_CRITICAL,FUTURE_CRITICAL
Rajasthan_25.2414_73.9561,Rajasthan,Rajsamand,26.851851851851837,17.037037037037038,0.0,FUTURE_CRITICAL,FUTURE_CRITICAL
Rajasthan_25.25_77.1333,Rajasthan,Baran,0.0,0.0,0.0,FUTURE_CRITICAL,FUTURE_CRITICAL
Rajasthan_25.2667_75.75,Rajasthan,Bundi,0.0,0.0,0.0,FUTURE_CRITICAL,FUTURE_CRITICAL
Rajasthan_29.7583_74.2667,Rajasthan,Hanumangarh,0.0,0.0,0.0,FUTURE_CRITICAL,FUTURE_CRITICAL
Haryana_28.8486_75.7417,Haryana,Bhiwani,0.0,0.0,0.0,FUTURE_CRITICAL,FUTURE_CRITICAL
Rajasthan_25.3003_76.3292,Rajasthan,Baran,23.076923076923062,16.66666666666665,3.8461538461538325,FUTURE_CRITICAL,FUTURE_CRITICAL
Rajasthan_25.325_76.5125,Rajasthan,Baran,0.0,0.0,0.0,FUTURE_CRITICAL,FUTURE_CRITICAL
Rajasthan_25.3189_75.9306,Rajasthan,Bundi,0.0,0.0,0.0,FUTURE_CRITICAL,FUTURE_CRITICAL
Rajasthan_29.6958_73.9167,Rajasthan,Ganganagar,0.0,0.0,0.0,FUTURE_CRITICAL,FUTURE_CRITICAL
Andhra Pradesh_16.2866_80.7496,Andhra Pradesh,Guntur,15.78947368421052,10.526315789473673,0.0,FUTURE_CRITICAL,FUTURE_CRITICAL
Rajasthan_25.3911_76.0736,Rajasthan,Bundi,0.0,0.0,0.0,FUTURE_CRITICAL,FUTURE_CRITICAL
Rajasthan_25.3692_76.1625,Rajasthan,Kota,0.0,0.0,0.0,FUTURE_CRITICAL,FUTURE_CRITICAL
Rajasthan_25.3667_76.3,Rajasthan,Kota,0.0,0.0,0.0,FUTURE_CRITICAL,FUTURE_CRITICAL
Rajasthan_29.6833_74.1,Rajasthan,Hanumangarh,0.0,0.0,0.0,FUTURE_CRITICAL,FUTURE_CRITICAL
Haryana_28.7_76.0458,Haryana,Bhiwani,36.45833333333333,27.529761904761884,9.672619047619035,STABLE,FUTURE_CRITICAL
Haryana_28.7972_75.8083,Haryana,Bhiwani,0.0,0.0,0.0,FUTURE_CRITICAL,FUTURE_CRITICAL
Rajasthan_29.725_73.5958,Rajasthan,Ganganagar,21.428571428571374,24.489795918367285,30.61224489795911,FUTURE_CRITICAL,STABLE
Rajasthan_29.6972_74.2944,Rajasthan,Hanumangarh,0.0,0.0,0.0,FUTURE_CRITICAL,FUTURE_CRITICAL
Rajasthan_25.4083_75.8875,Rajasthan,Bundi,0.0,0.0,0.0,FUTURE_CRITICAL,FUTURE_CRITICAL
Rajasthan_25.4372_75.5153,Rajasthan,Bundi,19.64285714285714,8.163265306122447,0.0,FUTURE_CRITICAL,FUTURE_CRITICAL
West Bengal_22.572_88.026,West Bengal,Howrah,0.0,0.0,0.0,FUTURE_CRITICAL,FUTURE_CRITICAL
West Bengal_22.534_88.063,West Bengal,Howrah,0.0,0.0,0.0,FUTURE_CRITICAL,FUTURE_CRITICAL
Haryana_28.7653_75.9831,Haryana,Bhiwani,0.0,0.0,0.0,FUTURE_CRITICAL,FUTURE_CRITICAL
Haryana_28.7667_75.7083,Haryana,Bhiwani,0.0,0.0,0.0,FUTURE_CRITICAL,FUTURE_CRITICAL
Haryana_28.7806_76.3667,Haryana,Charki Dadri,0.0,0.0,0.0,FUTURE_CRITICAL,FUTURE_CRITICAL
Rajasthan_29.6833_74.1625,Rajasthan,Hanumangarh,0.0,0.0,0.0,FUTURE_CRITICAL,FUTURE_CRITICAL
Rajasthan_25.4458_76.4347,Rajasthan,Kota,14.000000000000023,8.285714285714329,0.0,FUTURE_CRITICAL,FUTURE_CRITICAL
Rajasthan_25.4375_76.4,Rajasthan,Kota,0.0,0.0,0.0,FUTURE_CRITICAL,FUTURE_CRITICAL
Rajasthan_25.4797_71.4,Rajasthan,Barmer,0.0,0.0,0.0,FUTURE_CRITICAL,FUTURE_CRITICAL
Rajasthan_25.4708_75.8667,Rajasthan,Bundi,0.0,0.0,0.0,FUTURE_CRITICAL,FUTURE_CRITICAL
Rajasthan_25.4_75.5583,Rajasthan,Bundi,15.78947368421052,16.16541353383457,16.9172932330827,FUTURE_CRITICAL,FUTURE_CRITICAL
Rajasthan_25.4944_75.79,Rajasthan,Bundi,0.0,0.0,0.0,FUTURE_CRITICAL,FUTURE_CRITICAL
Rajasthan_29.6167_74.2833,Rajasthan,Hanumangarh,0.0,0.0,0.0,FUTURE_CRITICAL,FUTURE_CRITICAL
Haryana_28.7028_76.2167,Haryana,Bhiwani,29.032258064516114,27.188940092165893,23.502304147465413,STABLE,FUTURE_CRITICAL
Rajasthan_29.6828_73.8583,Rajasthan,Ganganagar,0.0,0.0,0.0,FUTURE_CRITICAL,FUTURE_CRITICAL
Rajasthan_29.6333_73.7667,Rajasthan,Ganganagar,0.0,0.0,0.0,FUTURE_CRITICAL,FUTURE_CRITICAL
Rajasthan_29.5625_73.9708,Rajasthan,Hanumangarh,0.0,0.0,0.0,FUTURE_CRITICAL,FUTURE_CRITICAL
Haryana_28.6722_76.4306,Haryana,Jhajjar,0.0,0.0,0.0,FUTURE_CRITICAL,FUTURE_CRITICAL
Haryana_28.675_76.8417,Haryana,Jhajjar,32.14285714285713,24.404761904761884,8.928571428571397,FUTURE_CRITICAL,FUTURE_CRITICAL
Rajasthan_29.625_74.3167,Rajasthan,Hanumangarh,0.0,0.0,0.0,FUTURE_CRITICAL,FUTURE_CRITICAL
Rajasthan_25.5444_74.5075,Rajasthan,Bhilwara,31.89655172413792,28.57142857142856,21.92118226600983,STABLE,FUTURE_CRITICAL
Rajasthan_25.5417_75.9958,Rajasthan,Bundi,0.0,0.0,0.0,FUTURE_CRITICAL,FUTURE_CRITICAL
Rajasthan_25.5667_71.9,Rajasthan,Balotra,0.0,0.0,0.0,FUTURE_CRITICAL,FUTURE_CRITICAL
Haryana_28.5708_76.8417,Haryana,Jhajjar,0.0,0.0,0.0,FUTURE_CRITICAL,FUTURE_CRITICAL
Rajasthan_29.5611_74.3333,Rajasthan,Hanumangarh,0.0,0.0,0.0,FUTURE_CRITICAL,FUTURE_CRITICAL
Rajasthan_29.5958_73.6167,Rajasthan,Ganganagar,0.0,0.0,0.0,FUTURE_CRITICAL,FUTURE_CRITICAL
Rajasthan_25.5858_71.2333,Rajasthan,Barmer,0.0,3.451327433628326,10.353982300884956,FUTURE_CRITICAL,FUTURE_CRITICAL
Rajasthan_25.6042_74.9,Rajasthan,Shahpura,35.44303797468354,31.464737793851715,23.508137432188047,STABLE,FUTURE_CRITICAL
Rajasthan_29.5208_73.5833,Rajasthan,Ganganagar,0.0,0.0,0.0,FUTURE_CRITICAL,FUTURE_CRITICAL
Rajasthan_29.5125_73.6167,Rajasthan,Ganganagar,0.0,0.0,0.0,FUTURE_CRITICAL,FUTURE_CRITICAL
Haryana_28.1944_77.3778,Haryana,Palwal,15.384615384615397,12.307692307692319,6.153846153846154,FUTURE_CRITICAL,FUTURE_CRITICAL
Haryana_28.2208_77.3083,Haryana,Palwal,0.0,0.0,0.0,FUTURE_CRITICAL,FUTURE_CRITICAL
Haryana_28.3458_77.3208,Haryana,Faridabad,8.695652173913004,3.8043478260868957,0.0,FUTURE_CRITICAL,FUTURE_CRITICAL
Andhra Pradesh_16.7921_82.0637,Andhra Pradesh,Dr. B.R. Ambedkar KonaseemaRavulapalem,29.411764705882348,26.14379084967321,19.60784313725489,STABLE,FUTURE_CRITICAL
Andhra Pradesh_16.7898_82.066,Andhra Pradesh,Dr. B.R. Ambedkar KonaseemaRavulapalem,0.0,0.0,0.0,FUTURE_CRITICAL,FUTURE_CRITICAL
Rajasthan_25.6333_74.6,Rajasthan,Bhilwara,39.814814814814824,34.65608465608467,24.33862433862435,STABLE,FUTURE_CRITICAL
Andhra Pradesh_16.3337_81.7332,Andhra Pradesh,Dr. B.R. Ambedkar KonaseemaSakhinetipalle,0.0,0.0,0.0,FUTURE_CRITICAL,FUTURE_CRITICAL
Rajasthan_25.6667_76.1833,Rajasthan,Bundi,0.0,0.0,0.0,FUTURE_CRITICAL,FUTURE_CRITICAL
Goa_15.737_73.9036,Goa,North Goa,8.333333333333337,3.7037037037037313,0.0,FUTURE_CRITICAL,FUTURE_CRITICAL
Goa_15.7546_73.8353,Goa,North Goa,21.42857142857142,13.392857142857139,0.0,FUTURE_CRITICAL,FUTURE_CRITICAL
Rajasthan_29.475_74.1269,Rajasthan,Hanumangarh,0.0,0.0,0.0,FUTURE_CRITICAL,FUTURE_CRITICAL
Rajasthan_29.4667_73.9333,Rajasthan,Hanumangarh,0.0,0.0,0.0,FUTURE_CRITICAL,FUTURE_CRITICAL
Rajasthan_25.7361_71.3972,Rajasthan,Barmer,0.0,0.0,0.0,FUTURE_CRITICAL,FUTURE_CRITICAL
Goa_15.7094_73.7518,Goa,North Goa,0.0,0.0,0.0,FUTURE_CRITICAL,FUTURE_CRITICAL
Goa_15.7084_73.8529,Goa,North Goa,0.0,0.0,0.0,FUTURE_CRITICAL,FUTURE_CRITICAL
Goa_15.7325_73.8996,Goa,North Goa,0.0,0.0,0.0,FUTURE_CRITICAL,FUTURE_CRITICAL
Goa_15.7176_73.7981,Goa,North Goa,0.0,0.0,0.0,FUTURE_CRITICAL,FUTURE_CRITICAL
Goa_15.7404_73.8245,Goa,North Goa,0.0,0.0,0.0,FUTURE_CRITICAL,FUTURE_CRITICAL
Rajasthan_29.3083_73.2292,Rajasthan,Anupgarh,0.0,0.0,0.0,FUTURE_CRITICAL,FUTURE_CRITICAL
Rajasthan_29.4125_74.2,Rajasthan,Hanumangarh,0.0,0.0,0.0,FUTURE_CRITICAL,FUTURE_CRITICAL
Andhra Pradesh_16.7764_82.0879,Andhra Pradesh,Dr. B.R. Ambedkar KonaseemaRavulapalem,13.043478260869556,8.695652173913038,0.0,FUTURE_CRITICAL,FUTURE_CRITICAL
Rajasthan_29.2833_74.1708,Rajasthan,Hanumangarh,46.72897196261682,38.31775700934579,21.495327102803753,STABLE,FUTURE_CRITICAL
Assam_26.2581_92.3117,Assam,Marigaon,0.0,0.0,0.0,FUTURE_CRITICAL,FUTURE_CRITICAL
Goa_15.6808_73.7511,Goa,North Goa,34.285714285714285,26.984126984126988,12.380952380952392,STABLE,FUTURE_CRITICAL
Goa_15.6688_73.8818,Goa,North Goa,0.0,0.0,0.0,FUTURE_CRITICAL,FUTURE_CRITICAL
Goa_15.6877_73.9268,Goa,North Goa,23.076923076923062,16.239316239316214,2.564102564102555,FUTURE_CRITICAL,FUTURE_CRITICAL
Rajasthan_29.2806_74.7667,Rajasthan,Hanumangarh,0.0,0.0,0.0,FUTURE_CRITICAL,FUTURE_CRITICAL
Rajasthan_25.7917_71.5792,Rajasthan,Barmer,0.0,0.0,0.0,FUTURE_CRITICAL,FUTURE_CRITICAL
Rajasthan_25.8667_74.55,Rajasthan,Bhilwara,6.930693069306926,0.0,0.0,FUTURE_CRITICAL,FUTURE_CRITICAL
Goa_15.636_73.7396,Goa,North Goa,19.999999999999986,11.111111111111105,0.0,FUTURE_CRITICAL,FUTURE_CRITICAL
Goa_15.6278_74.1308,Goa,North Goa,32.558139534883715,24.127906976744175,7.267441860465096,FUTURE_CRITICAL,FUTURE_CRITICAL
Rajasthan_29.25_74.8333,Rajasthan,Hanumangarh,0.0,0.0,0.0,FUTURE_CRITICAL,FUTURE_CRITICAL
Rajasthan_25.85_74.1333,Rajasthan,Rajsamand,0.0,0.0,0.0,FUTURE_CRITICAL,FUTURE_CRITICAL
Rajasthan_25.8833_75.5667,Rajasthan,Tonk,33.33333333333336,26.984126984127023,14.285714285714302,STABLE,FUTURE_CRITICAL
Goa_15.6101_73.8243,Goa,North Goa,0.0,0.0,0.0,FUTURE_CRITICAL,FUTURE_CRITICAL
Goa_15.6269_73.8759,Goa,North Goa,0.0,0.0,0.0,FUTURE_CRITICAL,FUTURE_CRITICAL
Rajasthan_25.86_71.7542,Rajasthan,Barmer,0.0,0.0,0.0,FUTURE_CRITICAL,FUTURE_CRITICAL
Rajasthan_25.8875_71.2417,Rajasthan,Barmer,0.0,0.0,0.0,FUTURE_CRITICAL,FUTURE_CRITICAL
Rajasthan_25.895_71.5603,Rajasthan,Barmer,0.0,0.0,0.0,FUTURE_CRITICAL,FUTURE_CRITICAL
Rajasthan_25.8958_75.8333,Rajasthan,Tonk,0.0,0.0,0.0,FUTURE_CRITICAL,FUTURE_CRITICAL
Goa_15.5804_73.926,Goa,North Goa,0.0,0.0,0.0,FUTURE_CRITICAL,FUTURE_CRITICAL
Goa_15.6113_74.067,Goa,North Goa,25.00000000000002,19.444444444444485,8.333333333333359,FUTURE_CRITICAL,FUTURE_CRITICAL
Rajasthan_29.2167_74.5333,Rajasthan,Hanumangarh,0.0,0.0,0.0,FUTURE_CRITICAL,FUTURE_CRITICAL
Rajasthan_29.1_75.0333,Rajasthan,Hanumangarh,0.0,0.0,0.0,FUTURE_CRITICAL,FUTURE_CRITICAL
Andhra Pradesh_16.7294_82.2141,Andhra Pradesh,Dr. B.R. Ambedkar KonaseemaI. Polavaram,0.0,0.0,0.0,FUTURE_CRITICAL,FUTURE_CRITICAL
Rajasthan_25.9111_75.0417,Rajasthan,Kekri,0.0,0.0,0.0,FUTURE_CRITICAL,FUTURE_CRITICAL
Rajasthan_29.0333_74.7333,Rajasthan,Hanumangarh,0.0,0.0,0.0,FUTURE_CRITICAL,FUTURE_CRITICAL
West Bengal_23.1253_88.465,West Bengal,Hooghly,19.23076923076923,23.076923076923073,30.76923076923077,FUTURE_CRITICAL,STABLE
Goa_15.5616_74.1632,Goa,North Goa,24.32432432432431,23.12312312312311,20.7207207207207,FUTURE_CRITICAL,FUTURE_CRITICAL
Goa_15.5593_73.8676,Goa,North Goa,0.0,0.0,0.0,FUTURE_CRITICAL,FUTURE_CRITICAL
Assam_26.2717_90.46,Assam,Dhubri,29.032258064516135,20.161290322580637,2.4193548387096864,FUTURE_CRITICAL,FUTURE_CRITICAL
Goa_15.5696_73.8635,Goa,North Goa,0.0,0.0,0.0,FUTURE_CRITICAL,FUTURE_CRITICAL
Rajasthan_29.1906_73.2189,Rajasthan,Anupgarh,0.0,0.0,0.0,FUTURE_CRITICAL,FUTURE_CRITICAL
Rajasthan_29.1667_73.375,Rajasthan,Anupgarh,0.0,0.0,0.0,FUTURE_CRITICAL,FUTURE_CRITICAL
Rajasthan_25.9283_76.3714,Rajasthan,Sawai Madhopur,18.181818181818187,1.81818181818183,0.0,FUTURE_CRITICAL,FUTURE_CRITICAL
Rajasthan_25.9667_74.4642,Rajasthan,Beawar,13.675213675213682,1.5873015873015928,0.0,FUTURE_CRITICAL,FUTURE_CRITICAL
Rajasthan_25.9333_76.4333,Rajasthan,Sawai Madhopur,0.0,0.0,0.0,FUTURE_CRITICAL,FUTURE_CRITICAL
West Bengal_23.135_88.3978,West Bengal,Hooghly,51.61290322580645,41.93548387096774,22.580645161290303,STABLE,FUTURE_CRITICAL
Goa_15.5394_74.0882,Goa,North Goa,0.0,0.0,0.0,FUTURE_CRITICAL,FUTURE_CRITICAL
Goa_15.5376_73.8687,Goa,North Goa,6.666666666666643,0.7407407407407085,0.0,FUTURE_CRITICAL,FUTURE_CRITICAL
Goa_15.5472_74.0508,Goa,North Goa,0.0,0.0,0.0,FUTURE_CRITICAL,FUTURE_CRITICAL
Goa_15.552_73.9241,Goa,North Goa,13.04347826086959,10.326086956521763,4.89130434782612,FUTURE_CRITICAL,FUTURE_CRITICAL
Rajasthan_29.0833_73.3667,Rajasthan,Anupgarh,0.0,0.0,0.0,FUTURE_CRITICAL,FUTURE_CRITICAL
Rajasthan_29.075_74.3,Rajasthan,Hanumangarh,0.0,0.0,0.0,FUTURE_CRITICAL,FUTURE_CRITICAL
Rajasthan_25.9717_71.145,Rajasthan,Barmer,12.162162162162172,11.583011583011594,10.424710424710437,FUTURE_CRITICAL,FUTURE_CRITICAL
Rajasthan_25.9939_71.7569,Rajasthan,Barmer,0.0,0.0,0.0,FUTURE_CRITICAL,FUTURE_CRITICAL
Andhra Pradesh_16.7159_81.8964,Andhra Pradesh,Dr. B.R. Ambedkar KonaseemaKothapeta,34.78260869565217,23.913043478260864,2.1739130434782483,FUTURE_CRITICAL,FUTURE_CRITICAL
Goa_15.5025_74.1396,Goa,North Goa,7.692307692307665,0.8547008547008517,0.0,FUTURE_CRITICAL,FUTURE_CRITICAL
Goa_15.533_74.1372,Goa,North Goa,0.0,0.0,0.0,FUTURE_CRITICAL,FUTURE_CRITICAL
Rajasthan_28.9708_75.0333,Rajasthan,Hanumangarh,0.0,0.0,0.0,FUTURE_CRITICAL,FUTURE_CRITICAL
Rajasthan_29.0333_73.4333,Rajasthan,Anupgarh,0.0,0.0,0.0,FUTURE_CRITICAL,FUTURE_CRITICAL
Rajasthan_26.0181_70.8272,Rajasthan,Barmer,0.0,0.0,0.0,FUTURE_CRITICAL,FUTURE_CRITICAL
Rajasthan_26.0167_76.4583,Rajasthan,Sawai Madhopur,18.461538461538453,15.824175824175823,10.549450549450533,FUTURE_CRITICAL,FUTURE_CRITICAL
Goa_15.4961_74.0975,Goa,North Goa,17.499999999999993,7.1874999999999805,0.0,FUTURE_CRITICAL,FUTURE_CRITICAL
Goa_15.4894_73.8742,Goa,North Goa,4.444444444444429,0.0,0.0,FUTURE_CRITICAL,FUTURE_CRITICAL
Rajasthan_28.9167_74.2,Rajasthan,Hanumangarh,0.0,0.0,0.0,FUTURE_CRITICAL,FUTURE_CRITICAL
Rajasthan_28.975_74.2917,Rajasthan,Hanumangarh,0.0,0.0,0.0,FUTURE_CRITICAL,FUTURE_CRITICAL
Rajasthan_26.0225_75.4889,Rajasthan,Tonk,0.0,0.0,0.0,FUTURE_CRITICAL,FUTURE_CRITICAL
Rajasthan_26.0333_75.1,Rajasthan,Kekri,28.57142857142857,23.129251700680275,12.244897959183676,FUTURE_CRITICAL,FUTURE_CRITICAL
Rajasthan_26.0583_75.8083,Rajasthan,Tonk,0.0,0.0,0.0,FUTURE_CRITICAL,FUTURE_CRITICAL
Andhra Pradesh_16.4135_81.8047,Andhra Pradesh,Dr. B.R. Ambedkar KonaseemaMalikipuram,30.000000000000014,26.666666666666693,20.000000000000064,STABLE,FUTURE_CRITICAL
West Bengal_23.3187_88.453,West Bengal,Nadia,33.333333333333336,24.99999999999999,8.333333333333348,FUTURE_CRITICAL,FUTURE_CRITICAL
Goa_15.4296_74.1924,Goa,South Goa,0.0,0.0,0.0,FUTURE_CRITICAL,FUTURE_CRITICAL
Goa_15.4828_74.1369,Goa,North Goa,15.38461538461533,8.653846153846068,0.0,FUTURE_CRITICAL,FUTURE_CRITICAL
Rajasthan_28.8667_74.2778,Rajasthan,Hanumangarh,0.0,0.0,0.0,FUTURE_CRITICAL,FUTURE_CRITICAL
Rajasthan_26.0583_75.875,Rajasthan,Tonk,0.0,0.0,0.0,FUTURE_CRITICAL,FUTURE_CRITICAL
Goa_15.3207_74.035,Goa,South Goa,14.999999999999991,7.77777777777775,0.0,FUTURE_CRITICAL,FUTURE_CRITICAL
Goa_15.335_74.2438,Goa,South Goa,1.6949152542372836,0.0,0.0,FUTURE_CRITICAL,FUTURE_CRITICAL
Goa_15.3701_73.8383,Goa,South Goa,25.00000000000001,18.055555555555593,4.166666666666652,FUTURE_CRITICAL,FUTURE_CRITICAL
Goa_15.3638_74.1753,Goa,South Goa,0.0,0.0,0.0,FUTURE_CRITICAL,FUTURE_CRITICAL
Goa_15.377_74.2297,Goa,South Goa,0.0,0.0,0.0,FUTURE_CRITICAL,FUTURE_CRITICAL
Andhra Pradesh_16.48_81.8446,Andhra Pradesh,Dr. B.R. Ambedkar KonaseemaRazole,0.0,0.0,0.0,FUTURE_CRITICAL,FUTURE_CRITICAL
Rajasthan_26.0881_74.3992,Rajasthan,Beawar,7.14285714285714,0.0,0.0,FUTURE_CRITICAL,FUTURE_CRITICAL
Rajasthan_26.0783_74.3761,Rajasthan,Beawar,7.6271186440677985,0.0,0.0,FUTURE_CRITICAL,FUTURE_CRITICAL
Rajasthan_26.0917_75.8333,Rajasthan,Tonk,0.0,0.0,0.0,FUTURE_CRITICAL,FUTURE_CRITICAL
Goa_15.2389_74.113,Goa,South Goa,11.111111111111116,1.2345679012345623,0.0,FUTURE_CRITICAL,FUTURE_CRITICAL
Goa_15.2175_74.0807,Goa,South Goa,22.222222222222243,13.580246913580252,0.0,FUTURE_CRITICAL,FUTURE_CRITICAL
Goa_15.3055_74.0483,Goa,South Goa,12.50000000000001,5.555555555555591,0.0,FUTURE_CRITICAL,FUTURE_CRITICAL
Goa_15.2734_74.1006,Goa,South Goa,19.047619047619058,11.64021164021164,0.0,FUTURE_CRITICAL,FUTURE_CRITICAL
Rajasthan_28.7667_73.8167,Rajasthan,Bikaner,0.0,0.0,0.0,FUTURE_CRITICAL,FUTURE_CRITICAL
Rajasthan_26.0_73.0208,Rajasthan,Jodhpur (Gramin),28.57142857142856,26.530612244897956,22.448979591836714,STABLE,FUTURE_CRITICAL
West Bengal_23.5526_87.2719,West Bengal,Paschim Bardhaman,48.00000000000001,37.60000000000001,16.800000000000015,EARLY_DEPLETION_WARNING,FUTURE_CRITICAL
Goa_15.0415_73.9912,Goa,South Goa,28.571428571428537,26.190476190476165,21.428571428571352,STABLE,FUTURE_CRITICAL
Goa_15.0392_74.0294,Goa,South Goa,3.124999999999989,0.0,0.0,FUTURE_CRITICAL,FUTURE_CRITICAL
Goa_15.0929_74.0306,Goa,South Goa,0.0,0.0,0.0,FUTURE_CRITICAL,FUTURE_CRITICAL
Rajasthan_28.6694_75.2333,Rajasthan,Churu,0.0,0.0,0.0,FUTURE_CRITICAL,FUTURE_CRITICAL
Rajasthan_26.1139_73.2472,Rajasthan,Jodhpur (Gramin),21.42857142857142,22.959183673469376,26.02040816326531,FUTURE_CRITICAL,STABLE
Rajasthan_26.1292_74.9278,Rajasthan,Kekri,11.111111111111116,2.857142857142847,0.0,FUTURE_CRITICAL,FUTURE_CRITICAL
Rajasthan_28.6333_75.375,Rajasthan,Churu,5.084745762711873,0.0,0.0,FUTURE_CRITICAL,FUTURE_CRITICAL
Rajasthan_28.5917_73.1917,Rajasthan,Bikaner,0.0,0.0,0.0,FUTURE_CRITICAL,FUTURE_CRITICAL
West Bengal_23.5756_87.2878,West Bengal,Paschim Bardhaman,41.666666666666664,34.999999999999986,21.666666666666647,STABLE,FUTURE_CRITICAL
Goa_14.998_74.1907,Goa,South Goa,4.166666666666674,0.0,0.0,FUTURE_CRITICAL,FUTURE_CRITICAL
Goa_15.0072_74.0523,Goa,South Goa,0.0,0.0,0.0,FUTURE_CRITICAL,FUTURE_CRITICAL
Rajasthan_26.1833_75.575,Rajasthan,Tonk,13.888888888888884,15.740740740740733,19.444444444444454,FUTURE_CRITICAL,FUTURE_CRITICAL
Andhra Pradesh_16.6963_82.1802,Andhra Pradesh,Dr. B.R. Ambedkar KonaseemaI. Polavaram,0.0,0.0,0.0,FUTURE_CRITICAL,FUTURE_CRITICAL
Rajasthan_28.5769_74.5044,Rajasthan,Churu,0.0,0.0,0.0,FUTURE_CRITICAL,FUTURE_CRITICAL
West Bengal_23.6506_88.1468,West Bengal,Nadia,25.00000000000011,10.00000000000022,0.0,FUTURE_CRITICAL,FUTURE_CRITICAL
Goa_14.9629_74.0546,Goa,South Goa,0.0,0.0,0.0,FUTURE_CRITICAL,FUTURE_CRITICAL
Goa_14.9499_74.0553,Goa,South Goa,0.0,0.0,0.0,FUTURE_CRITICAL,FUTURE_CRITICAL
Goa_14.9924_74.1056,Goa,South Goa,0.0,0.0,0.0,FUTURE_CRITICAL,FUTURE_CRITICAL
Rajasthan_26.225_72.9083,Rajasthan,Jodhpur (Gramin),0.0,0.0,0.0,FUTURE_CRITICAL,FUTURE_CRITICAL
West Bengal_23.6635_87.0607,West Bengal,Paschim Bardhaman,48.00000000000001,37.60000000000001,16.800000000000015,EARLY_DEPLETION_WARNING,FUTURE_CRITICAL
Delhi_28.8347_77.0225,Delhi,North West,0.0,0.0,0.0,FUTURE_CRITICAL,FUTURE_CRITICAL
Rajasthan_28.5042_74.7375,Rajasthan,Churu,6.060606060606045,6.926406926406903,8.658008658008631,FUTURE_CRITICAL,FUTURE_CRITICAL
Rajasthan_26.2383_75.1875,Rajasthan,Tonk,0.0,0.0,0.0,FUTURE_CRITICAL,FUTURE_CRITICAL
Rajasthan_26.2333_74.4917,Rajasthan,Ajmer,14.444444444444448,11.111111111111116,4.444444444444451,FUTURE_CRITICAL,FUTURE_CRITICAL
Rajasthan_26.2528_76.3858,Rajasthan,Sawai Madhopur,27.083333333333314,18.154761904761873,0.29761904761901326,FUTURE_CRITICAL,FUTURE_CRITICAL
Rajasthan_28.4792_73.5583,Rajasthan,Bikaner,0.0,0.0,0.0,FUTURE_CRITICAL,FUTURE_CRITICAL
Rajasthan_28.4708_75.0792,Rajasthan,Churu,0.0,0.0,0.0,FUTURE_CRITICAL,FUTURE_CRITICAL
West Bengal_23.6888_87.0854,West Bengal,Paschim Bardhaman,13.333333333333341,6.666666666666677,0.0,FUTURE_CRITICAL,FUTURE_CRITICAL
Delhi_28.6958_77.2278,Delhi,Central,5.88235294117645,0.0,0.0,FUTURE_CRITICAL,FUTURE_CRITICAL
West Bengal_23.6776_87.1741,West Bengal,Paschim Bardhaman,13.793103448275856,0.0,0.0,FUTURE_CRITICAL,FUTURE_CRITICAL
Rajasthan_26.2_73.8167,Rajasthan,Beawar,0.0,0.0,0.0,FUTURE_CRITICAL,FUTURE_CRITICAL
Rajasthan_26.2867_74.7403,Rajasthan,Ajmer,33.333333333333336,24.149659863945583,5.782312925170063,FUTURE_CRITICAL,FUTURE_CRITICAL
Andhra Pradesh_16.4922_80.0076,Andhra Pradesh,Palnadu,26.595744680851062,22.34042553191489,13.829787234042556,FUTURE_CRITICAL,FUTURE_CRITICAL
West Bengal_23.704_87.084,West Bengal,Paschim Bardhaman,16.666666666666675,6.666666666666677,0.0,FUTURE_CRITICAL,FUTURE_CRITICAL
Delhi_28.6911_77.1239,Delhi,North West,0.0,0.0,0.0,FUTURE_CRITICAL,FUTURE_CRITICAL
Delhi_28.6903_77.0792,Delhi,North West,0.0,0.0,0.0,FUTURE_CRITICAL,FUTURE_CRITICAL
Rajasthan_26.2833_75.3833,Rajasthan,Tonk,0.0,0.0,0.0,FUTURE_CRITICAL,FUTURE_CRITICAL
Andhra Pradesh_16.686_81.6052,Andhra Pradesh,West Godavari,34.482758620689665,29.501915708812277,19.540229885057492,STABLE,FUTURE_CRITICAL
Rajasthan_26.3219_72.9519,Rajasthan,Jodhpur,0.0,0.0,0.0,FUTURE_CRITICAL,FUTURE_CRITICAL
Rajasthan_26.3111_77.2422,Rajasthan,Karauli,0.0,0.0,0.0,FUTURE_CRITICAL,FUTURE_CRITICAL
West Bengal_23.6988_87.0792,West Bengal,Paschim Bardhaman,16.51376146788991,0.0,0.0,FUTURE_CRITICAL,FUTURE_CRITICAL
West Bengal_23.7421_86.8148,West Bengal,Paschim Bardhaman,43.749999999999986,36.66666666666666,22.499999999999996,STABLE,FUTURE_CRITICAL
Rajasthan_28.4333_75.1306,Rajasthan,Churu,0.0,0.0,0.0,FUTURE_CRITICAL,FUTURE_CRITICAL
Rajasthan_26.3294_74.0631,Rajasthan,Beawar,0.0,0.0,0.0,FUTURE_CRITICAL,FUTURE_CRITICAL
Rajasthan_26.3542_76.2542,Rajasthan,Sawai Madhopur,0.0,0.0,0.0,FUTURE_CRITICAL,FUTURE_CRITICAL
Rajasthan_26.3519_75.1,Rajasthan,Ajmer,23.33333333333333,23.492063492063487,23.809523809523803,FUTURE_CRITICAL,FUTURE_CRITICAL
Andhra Pradesh_16.6728_82.165,Andhra Pradesh,Dr. B.R. Ambedkar KonaseemaI. Polavaram,14.285714285714302,5.952380952380965,0.0,FUTURE_CRITICAL,FUTURE_CRITICAL
Andhra Pradesh_16.6613_82.0125,Andhra Pradesh,Dr. B.R. Ambedkar KonaseemaAinavilli,0.0,0.0,0.0,FUTURE_CRITICAL,FUTURE_CRITICAL
West Bengal_23.745_86.8146,West Bengal,Paschim Bardhaman,40.0,28.000000000000014,3.9999999999999925,EARLY_DEPLETION_WARNING,FUTURE_CRITICAL
Delhi_28.6164_77.3044,Delhi,East,44.444444444444464,36.507936507936556,20.634920634920682,STABLE,FUTURE_CRITICAL
Rajasthan_28.14_74.9597,Rajasthan,Sikar,0.0,0.0,0.0,FUTURE_CRITICAL,FUTURE_CRITICAL
Rajasthan_28.11_76.835,Rajasthan,Khairthal-Tijara,0.0,0.0,0.0,FUTURE_CRITICAL,FUTURE_CRITICAL
Rajasthan_28.2_75.1778,Rajasthan,Jhunjhunu,0.0,0.0,0.0,FUTURE_CRITICAL,FUTURE_CRITICAL
Rajasthan_26.38_76.9258,Rajasthan,Karauli,0.0,0.0,0.0,FUTURE_CRITICAL,FUTURE_CRITICAL
Rajasthan_26.3833_72.5,Rajasthan,Jodhpur (Gramin),0.0,0.0,0.0,FUTURE_CRITICAL,FUTURE_CRITICAL
Rajasthan_28.0914_74.8636,Rajasthan,Sikar,14.285714285714167,16.32653061224468,20.4081632653059,FUTURE_CRITICAL,FUTURE_CRITICAL
West Bengal_23.7781_88.2939,West Bengal,Nadia,0.0,0.0,0.0,FUTURE_CRITICAL,FUTURE_CRITICAL
Assam_26.3989_92.2322,Assam,Marigaon,19.999999999999986,21.904761904761884,25.71428571428568,FUTURE_CRITICAL,STABLE
Rajasthan_26.4086_75.4975,Rajasthan,Tonk,27.586206896551747,19.211822660098544,2.4630541871921374,FUTURE_CRITICAL,FUTURE_CRITICAL
Rajasthan_26.4_74.8667,Rajasthan,Ajmer,14.285714285714302,1.7857142857143127,0.0,FUTURE_CRITICAL,FUTURE_CRITICAL
Rajasthan_28.0661_74.7539,Rajasthan,Churu,28.723404255319107,26.063829787234006,20.74468085106379,STABLE,FUTURE_CRITICAL
West Bengal_23.9873_88.7083,West Bengal,Nadia,22.72727272727273,9.999999999999986,0.0,FUTURE_CRITICAL,FUTURE_CRITICAL
West Bengal_23.945_88.6155,West Bengal,Nadia,12.50000000000001,0.0,0.0,FUTURE_CRITICAL,FUTURE_CRITICAL
Rajasthan_26.4833_76.7333,Rajasthan,Gangapurcity,23.750000000000004,11.041666666666682,0.0,FUTURE_CRITICAL,FUTURE_CRITICAL
Rajasthan_26.5039_75.5136,Rajasthan,Dudu,15.492957746478863,11.830985915492953,4.507042253521131,FUTURE_CRITICAL,FUTURE_CRITICAL
Rajasthan_26.5103_73.3778,Rajasthan,Jodhpur (Gramin),17.500000000000014,5.714285714285728,0.0,FUTURE_CRITICAL,FUTURE_CRITICAL
Rajasthan_28.0417_72.35,Rajasthan,Bikaner,8.333333333333304,3.030303030302939,0.0,FUTURE_CRITICAL,FUTURE_CRITICAL
Rajasthan_26.51_73.2119,Rajasthan,Jodhpur (Gramin),0.0,0.0,0.0,FUTURE_CRITICAL,FUTURE_CRITICAL
Rajasthan_26.5122_75.6019,Rajasthan,Dudu,20.68965517241381,8.10344827586208,0.0,FUTURE_CRITICAL,FUTURE_CRITICAL
Chhattisgarh_22.9667_82.6958,Chhattisgarh,Surajpur,17.187499999999968,1.2499999999999734,0.0,FUTURE_CRITICAL,FUTURE_CRITICAL
Andhra Pradesh_16.5307_81.9234,Andhra Pradesh,Dr. B.R. Ambedkar KonaseemaMamidikuduru,0.0,0.0,0.0,FUTURE_CRITICAL,FUTURE_CRITICAL
Rajasthan_26.5378_71.5447,Rajasthan,Jaisalmer,0.0,0.0,0.0,FUTURE_CRITICAL,FUTURE_CRITICAL
Rajasthan_26.5925_75.45,Rajasthan,Dudu,32.044198895027634,28.287292817679564,20.773480662983445,STABLE,FUTURE_CRITICAL
West Bengal_25.5337_88.1509,West Bengal,Uttar Dinajpur,33.33333333333336,25.000000000000057,8.333333333333382,STABLE,FUTURE_CRITICAL
Chandigarh_30.75_76.7861,Chandigarh,Chandigarh,5.882352941176483,1.2700534759358506,0.0,FUTURE_CRITICAL,FUTURE_CRITICAL
Chhattisgarh_23.4028_82.6858,Chhattisgarh,Surajpur,15.909090909090917,5.454545454545457,0.0,FUTURE_CRITICAL,FUTURE_CRITICAL
West Bengal_26.3092_88.2608,West Bengal,Uttar Dinajpur,11.111111111111127,8.888888888888902,4.444444444444451,FUTURE_CRITICAL,FUTURE_CRITICAL
Chhattisgarh_21.0542_81.7514,Chhattisgarh,Balodabazar-Bhatapara,0.0,20.000000000000007,60.0,FUTURE_CRITICAL,RECOVERY_EXPECTED
Rajasthan_27.9833_72.35,Rajasthan,Bikaner,1.8518518518518157,3.4567901234567433,6.666666666666654,FUTURE_CRITICAL,FUTURE_CRITICAL
Rajasthan_28.035_72.4917,Rajasthan,Bikaner,0.0,0.0,0.0,FUTURE_CRITICAL,FUTURE_CRITICAL
Andhra Pradesh_16.6562_82.1221,Andhra Pradesh,Dr. B.R. Ambedkar KonaseemaMummidivaram,5.555555555555558,0.6944444444444531,0.0,FUTURE_CRITICAL,FUTURE_CRITICAL
Andhra Pradesh_16.6544_81.9381,Andhra Pradesh,Dr. B.R. Ambedkar KonaseemaAmbajipeta,0.0,0.0,0.0,FUTURE_CRITICAL,FUTURE_CRITICAL
Rajasthan_27.9972_76.3167,Rajasthan,Kotputli-Behror,0.0,0.0,0.0,FUTURE_CRITICAL,FUTURE_CRITICAL
Chandigarh_30.7125_76.7853,Chandigarh,Chandigarh,12.195121951219523,9.485094850948528,4.065040650406537,FUTURE_CRITICAL,FUTURE_CRITICAL
Rajasthan_26.6186_70.4867,Rajasthan,Jaisalmer,0.0,0.0,0.0,FUTURE_CRITICAL,FUTURE_CRITICAL
Rajasthan_26.6233_71.5708,Rajasthan,Jaisalmer,7.692307692307709,0.0,0.0,FUTURE_CRITICAL,FUTURE_CRITICAL
Rajasthan_26.6514_74.9361,Rajasthan,Ajmer,8.968609865470857,6.213965406790523,0.7046764894298563,FUTURE_CRITICAL,FUTURE_CRITICAL
West Bengal_26.5064_88.7155,West Bengal,Jalpaiguri,23.076923076923062,10.256410256410254,0.0,FUTURE_CRITICAL,FUTURE_CRITICAL
Assam_27.7098_94.8566,Assam,Dhemaji,0.0,0.0,0.0,FUTURE_CRITICAL,FUTURE_CRITICAL
Rajasthan_27.9297_74.8992,Rajasthan,Sikar,29.999999999999716,24.285714285714022,12.857142857142634,FUTURE_CRITICAL,FUTURE_CRITICAL
Rajasthan_27.9667_76.7167,Rajasthan,Khairthal-Tijara,0.0,0.0,0.0,FUTURE_CRITICAL,FUTURE_CRITICAL
Rajasthan_26.6931_76.925,Rajasthan,Karauli,25.0,14.28571428571429,0.0,FUTURE_CRITICAL,FUTURE_CRITICAL
Andhra Pradesh_16.6187_82.0195,Andhra Pradesh,Dr. B.R. Ambedkar KonaseemaAinavilli,28.57142857142857,17.85714285714286,0.0,FUTURE_CRITICAL,FUTURE_CRITICAL
Andhra Pradesh_16.6165_82.0731,Andhra Pradesh,Dr. B.R. Ambedkar KonaseemaMummidivaram,18.181818181818155,11.688311688311648,0.0,FUTURE_CRITICAL,FUTURE_CRITICAL
West Bengal_26.5376_88.6438,West Bengal,Jalpaiguri,0.0,0.0,0.0,FUTURE_CRITICAL,FUTURE_CRITICAL
West Bengal_26.5266_88.1442,West Bengal,Darjeeling,0.0,0.0,0.0,FUTURE_CRITICAL,FUTURE_CRITICAL
West Bengal_26.5238_88.1438,West Bengal,Darjeeling,0.0,0.0,0.0,FUTURE_CRITICAL,FUTURE_CRITICAL
Assam_27.5417_94.7222,Assam,Dhemaji,14.28571428571429,16.071428571428605,19.64285714285716,FUTURE_CRITICAL,FUTURE_CRITICAL
Rajasthan_27.9331_76.8644,Rajasthan,Khairthal-Tijara,24.615384615384638,13.846153846153875,0.0,FUTURE_CRITICAL,FUTURE_CRITICAL
Rajasthan_26.6_75.95,Rajasthan,Jaipur (Gramin),0.0,0.0,0.0,FUTURE_CRITICAL,FUTURE_CRITICAL
Rajasthan_26.6_70.7,Rajasthan,Jaisalmer,0.0,0.0,0.0,FUTURE_CRITICAL,FUTURE_CRITICAL
Rajasthan_27.8664_76.7956,Rajasthan,Khairthal-Tijara,0.0,0.0,0.0,FUTURE_CRITICAL,FUTURE_CRITICAL
Rajasthan_26.7136_75.8903,Rajasthan,Jaipur (Gramin),20.58823529411763,11.34453781512601,0.0,FUTURE_CRITICAL,FUTURE_CRITICAL
Rajasthan_26.7122_71.4325,Rajasthan,Jaisalmer,7.317073170731636,8.536585365853522,10.975609756097448,FUTURE_CRITICAL,FUTURE_CRITICAL
Rajasthan_26.7167_71.3083,Rajasthan,Jaisalmer,8.000000000000117,0.0,0.0,FUTURE_CRITICAL,FUTURE_CRITICAL
Rajasthan_27.8392_74.8922,Rajasthan,Sikar,0.0,0.0,0.0,FUTURE_CRITICAL,FUTURE_CRITICAL
West Bengal_26.547_88.8263,West Bengal,Jalpaiguri,0.0,0.0,0.0,FUTURE_CRITICAL,FUTURE_CRITICAL
Assam_27.4374_94.2982,Assam,Lakhimpur,0.0,0.0,0.0,FUTURE_CRITICAL,FUTURE_CRITICAL
West Bengal_26.5442_89.1055,West Bengal,Jalpaiguri,15.999999999999993,17.33333333333332,19.999999999999996,FUTURE_CRITICAL,FUTURE_CRITICAL
Rajasthan_26.7556_75.8994,Rajasthan,Jaipur (Gramin),28.57142857142859,19.38775510204087,1.0204081632653073,FUTURE_CRITICAL,FUTURE_CRITICAL
West Bengal_26.5557_88.1924,West Bengal,Darjeeling,0.0,0.0,0.0,FUTURE_CRITICAL,FUTURE_CRITICAL
Assam_27.4029_94.1746,Assam,Lakhimpur,0.0,0.0,0.0,FUTURE_CRITICAL,FUTURE_CRITICAL
West Bengal_26.5504_88.8071,West Bengal,Jalpaiguri,6.249999999999978,0.0,0.0,FUTURE_CRITICAL,FUTURE_CRITICAL
West Bengal_26.5647_88.8194,West Bengal,Jalpaiguri,14.70588235294118,14.70588235294118,14.70588235294118,FUTURE_CRITICAL,FUTURE_CRITICAL
West Bengal_26.5596_88.1205,West Bengal,Darjeeling,40.000000000000036,30.00000000000007,10.000000000000053,STABLE,FUTURE_CRITICAL
Assam_27.3235_94.1356,Assam,Lakhimpur,0.0,0.0,0.0,FUTURE_CRITICAL,FUTURE_CRITICAL
West Bengal_26.5558_88.1922,West Bengal,Darjeeling,0.0,0.0,0.0,FUTURE_CRITICAL,FUTURE_CRITICAL
Rajasthan_27.7622_72.1639,Rajasthan,Bikaner,0.0,0.0,0.0,FUTURE_CRITICAL,FUTURE_CRITICAL
Andhra Pradesh_16.5582_81.5017,Andhra Pradesh,West Godavari,24.99999999999999,22.22222222222222,16.66666666666663,FUTURE_CRITICAL,FUTURE_CRITICAL
Rajasthan_27.7128_74.8211,Rajasthan,Sikar,12.82051282051283,1.8315018315017806,0.0,FUTURE_CRITICAL,FUTURE_CRITICAL
Rajasthan_27.7822_77.2267,Rajasthan,Deeg,0.0,0.0,0.0,FUTURE_CRITICAL,FUTURE_CRITICAL
Andhra Pradesh_16.5896_80.522,Andhra Pradesh,Ntr,14.28571428571429,8.333333333333337,0.0,FUTURE_CRITICAL,FUTURE_CRITICAL
Rajasthan_27.6547_77.0633,Rajasthan,Deeg,0.0,0.0,0.0,FUTURE_CRITICAL,FUTURE_CRITICAL
West Bengal_26.5751_88.175,West Bengal,Darjeeling,19.99999999999993,16.666666666666607,9.999999999999964,FUTURE_CRITICAL,FUTURE_CRITICAL
Assam_27.125_93.9083,Assam,Lakhimpur,0.0,0.0,0.0,FUTURE_CRITICAL,FUTURE_CRITICAL
Rajasthan_27.7203_71.9806,Rajasthan,Jaisalmer,0.0,0.0,0.0,FUTURE_CRITICAL,FUTURE_CRITICAL
Rajasthan_26.825_76.9333,Rajasthan,Karauli,0.0,0.0,0.0,FUTURE_CRITICAL,FUTURE_CRITICAL
Rajasthan_26.8678_76.4,Rajasthan,Dausa,40.29850746268656,28.358208955223862,4.477611940298464,EARLY_DEPLETION_WARNING,FUTURE_CRITICAL
West Bengal_26.6143_89.0092,West Bengal,Jalpaiguri,0.0,0.0,0.0,FUTURE_CRITICAL,FUTURE_CRITICAL
Assam_27.0473_93.9472,Assam,Lakhimpur,0.0,0.0,0.0,FUTURE_CRITICAL,FUTURE_CRITICAL
Assam_27.0833_95.2,Assam,Charaideo,0.0,0.0,0.0,FUTURE_CRITICAL,FUTURE_CRITICAL
Assam_27.1458_94.7472,Assam,Sivasagar,0.0,0.0,0.0,FUTURE_CRITICAL,FUTURE_CRITICAL
Assam_26.88_93.6099,Assam,Biswanath,0.0,0.0,0.0,FUTURE_CRITICAL,FUTURE_CRITICAL
Assam_26.8678_93.4164,Assam,Biswanath,0.0,0.0,0.0,FUTURE_CRITICAL,FUTURE_CRITICAL
Assam_26.9014_93.7081,Assam,Biswanath,0.0,0.0,0.0,FUTURE_CRITICAL,FUTURE_CRITICAL
Assam_27.0424_93.8104,Assam,Lakhimpur,0.0,0.0,0.0,FUTURE_CRITICAL,FUTURE_CRITICAL
West Bengal_26.5715_88.8089,West Bengal,Jalpaiguri,7.692307692307699,0.0,0.0,FUTURE_CRITICAL,FUTURE_CRITICAL
Rajasthan_27.6347_70.2444,Rajasthan,Jaisalmer,0.0,0.0,0.0,FUTURE_CRITICAL,FUTURE_CRITICAL
Rajasthan_27.6917_76.3556,Rajasthan,Kotputli-Behror,0.0,0.0,0.0,FUTURE_CRITICAL,FUTURE_CRITICAL
Rajasthan_26.9125_70.835,Rajasthan,Jaisalmer,3.7037037037037535,2.116402116402105,0.0,FUTURE_CRITICAL,FUTURE_CRITICAL
Rajasthan_26.935_78.1375,Rajasthan,Dholpur,2.1897810218977853,0.0,0.0,FUTURE_CRITICAL,FUTURE_CRITICAL
Rajasthan_26.9333_76.85,Rajasthan,Karauli,15.384615384615385,3.296703296703307,0.0,FUTURE_CRITICAL,FUTURE_CRITICAL
Rajasthan_27.6167_74.77,Rajasthan,Sikar,3.2258064516129448,0.0,0.0,FUTURE_CRITICAL,FUTURE_CRITICAL
West Bengal_26.6848_88.2022,West Bengal,Darjeeling,22.222222222222243,14.81481481481486,4.440892098500626e-14,FUTURE_CRITICAL,FUTURE_CRITICAL
Assam_26.85_93.4658,Assam,Biswanath,0.0,0.0,0.0,FUTURE_CRITICAL,FUTURE_CRITICAL
Assam_26.4667_90.8083,Assam,Bongaigaon,0.0,0.0,0.0,FUTURE_CRITICAL,FUTURE_CRITICAL
Rajasthan_27.6125_72.0333,Rajasthan,Jaisalmer,0.0,0.0,0.0,FUTURE_CRITICAL,FUTURE_CRITICAL
Rajasthan_26.9639_77.39,Rajasthan,Bharatpur,10.869565217391308,0.0,0.0,FUTURE_CRITICAL,FUTURE_CRITICAL
Andhra Pradesh_16.5879_81.8885,Andhra Pradesh,Dr. B.R. Ambedkar KonaseemaRavulapalem,0.0,0.0,0.0,FUTURE_CRITICAL,FUTURE_CRITICAL
Rajasthan_27.5833_76.8097,Rajasthan,Alwar,0.0,0.0,0.0,FUTURE_CRITICAL,FUTURE_CRITICAL
Rajasthan_26.9667_76.3333,Rajasthan,Dausa,0.0,0.0,0.0,FUTURE_CRITICAL,FUTURE_CRITICAL
Rajasthan_26.9806_76.2833,Rajasthan,Dausa,0.0,0.0,0.0,FUTURE_CRITICAL,FUTURE_CRITICAL
Rajasthan_26.975_76.9556,Rajasthan,Dausa,4.081632653061284,0.0,0.0,FUTURE_CRITICAL,FUTURE_CRITICAL
Rajasthan_26.975_76.2917,Rajasthan,Dausa,0.0,0.0,0.0,FUTURE_CRITICAL,FUTURE_CRITICAL
Rajasthan_26.9833_75.8667,Rajasthan,Jaipur,0.0,0.0,0.0,FUTURE_CRITICAL,FUTURE_CRITICAL
Rajasthan_27.5703_74.4333,Rajasthan,Didwana-Kuchaman,0.0,0.0,0.0,FUTURE_CRITICAL,FUTURE_CRITICAL
Assam_26.75_93.1875,Assam,Biswanath,0.0,0.0,0.0,FUTURE_CRITICAL,FUTURE_CRITICAL
Assam_26.8225_92.7861,Assam,Sonitpur,21.42857142857143,24.10714285714286,29.464285714285722,FUTURE_CRITICAL,STABLE
Assam_26.8493_93.4652,Assam,Biswanath,0.0,0.0,0.0,FUTURE_CRITICAL,FUTURE_CRITICAL
West Bengal_26.6974_88.3173,West Bengal,Darjeeling,19.354838709677434,20.6451612903226,23.225806451612918,FUTURE_CRITICAL,FUTURE_CRITICAL
West Bengal_26.7021_88.3337,West Bengal,Darjeeling,5.555555555555536,0.9259259259258967,0.0,FUTURE_CRITICAL,FUTURE_CRITICAL
Rajasthan_27.55_71.7083,Rajasthan,Jaisalmer,11.999999999999956,0.0,0.0,FUTURE_CRITICAL,FUTURE_CRITICAL
Rajasthan_27.5969_76.1922,Rajasthan,Kotputli-Behror,0.0,0.0,0.0,FUTURE_CRITICAL,FUTURE_CRITICAL
Rajasthan_27.0139_77.175,Rajasthan,Bharatpur,0.0,0.0,0.0,FUTURE_CRITICAL,FUTURE_CRITICAL
Rajasthan_26.9833_76.38,Rajasthan,Dausa,0.0,0.0,0.0,FUTURE_CRITICAL,FUTURE_CRITICAL
Rajasthan_27.0333_77.55,Rajasthan,Bharatpur,0.0,0.0,0.0,FUTURE_CRITICAL,FUTURE_CRITICAL
Rajasthan_27.0_71.0542,Rajasthan,Jaisalmer,0.0,0.0,0.0,FUTURE_CRITICAL,FUTURE_CRITICAL
Rajasthan_27.0972_76.7867,Rajasthan,Dausa,0.0,0.0,0.0,FUTURE_CRITICAL,FUTURE_CRITICAL
West Bengal_26.7203_88.3831,West Bengal,Darjeeling,24.193548387096765,23.118279569892465,20.96774193548385,FUTURE_CRITICAL,FUTURE_CRITICAL
Rajasthan_27.0833_71.55,Rajasthan,Jaisalmer,0.0,0.0,0.0,FUTURE_CRITICAL,FUTURE_CRITICAL
Andhra Pradesh_16.586_81.3882,Andhra Pradesh,West Godavari,3.125000000000011,0.0,0.0,FUTURE_CRITICAL,FUTURE_CRITICAL
Andhra Pradesh_16.583_81.3889,Andhra Pradesh,West Godavari,22.22222222222222,17.28395061728394,7.4074074074074066,FUTURE_CRITICAL,FUTURE_CRITICAL
Rajasthan_27.1181_76.3275,Rajasthan,Alwar,0.0,0.0,0.0,FUTURE_CRITICAL,FUTURE_CRITICAL
Rajasthan_27.5436_71.2972,Rajasthan,Jaisalmer,23.52941176470581,8.235294117646951,0.0,FUTURE_CRITICAL,FUTURE_CRITICAL
Assam_26.7022_92.4744,Assam,Sonitpur,25.000000000000032,23.437500000000057,20.312500000000068,FUTURE_CRITICAL,FUTURE_CRITICAL
Rajasthan_27.5419_71.1483,Rajasthan,Jaisalmer,9.433962264150942,18.01029159519726,35.16295025728991,FUTURE_CRITICAL,RECOVERY_EXPECTED
Rajasthan_27.1483_77.0764,Rajasthan,Bharatpur,0.0,0.0,0.0,FUTURE_CRITICAL,FUTURE_CRITICAL
Rajasthan_27.1483_77.0761,Rajasthan,Bharatpur,0.0,0.0,0.0,FUTURE_CRITICAL,FUTURE_CRITICAL
West Bengal_26.7911_88.3626,West Bengal,Darjeeling,18.918918918918948,19.81981981981984,21.621621621621657,FUTURE_CRITICAL,FUTURE_CRITICAL
West Bengal_26.7867_89.0645,West Bengal,Jalpaiguri,13.333333333333341,14.000000000000023,15.333333333333366,FUTURE_CRITICAL,FUTURE_CRITICAL
West Bengal_26.7674_88.2602,West Bengal,Darjeeling,33.33333333333341,22.22222222222233,9.992007221626409e-14,FUTURE_CRITICAL,FUTURE_CRITICAL
Assam_26.6372_93.6278,Assam,Golaghat,16.666666666666675,17.70833333333336,19.791666666666686,FUTURE_CRITICAL,FUTURE_CRITICAL
Assam_26.6583_93.175,Assam,Biswanath,0.0,0.0,0.0,FUTURE_CRITICAL,FUTURE_CRITICAL
Assam_26.6881_92.3778,Assam,Sonitpur,0.0,0.0,0.0,FUTURE_CRITICAL,FUTURE_CRITICAL
West Bengal_26.7563_88.2401,West Bengal,Darjeeling,45.454545454545446,37.12121212121211,20.45454545454546,STABLE,FUTURE_CRITICAL
Rajasthan_27.5097_76.9994,Rajasthan,Alwar,0.0,0.0,0.0,FUTURE_CRITICAL,FUTURE_CRITICAL
Rajasthan_27.525_77.075,Rajasthan,Deeg,0.0,0.0,0.0,FUTURE_CRITICAL,FUTURE_CRITICAL
Rajasthan_27.5167_74.5167,Rajasthan,Didwana-Kuchaman,0.0,0.0,0.0,FUTURE_CRITICAL,FUTURE_CRITICAL
Rajasthan_27.2083_77.2125,Rajasthan,Bharatpur,0.0,0.0,0.0,FUTURE_CRITICAL,FUTURE_CRITICAL
Rajasthan_27.2375_76.4,Rajasthan,Alwar,0.0,0.0,0.0,FUTURE_CRITICAL,FUTURE_CRITICAL
Rajasthan_27.2256_75.5297,Rajasthan,Jaipur (Gramin),0.0,0.0,0.0,FUTURE_CRITICAL,FUTURE_CRITICAL
Rajasthan_27.48_77.3167,Rajasthan,Deeg,0.0,0.0,0.0,FUTURE_CRITICAL,FUTURE_CRITICAL
Rajasthan_27.2383_76.555,Rajasthan,Alwar,0.0,0.0,0.0,FUTURE_CRITICAL,FUTURE_CRITICAL
Assam_26.6167_93.4583,Assam,Golaghat,0.0,0.0,0.0,FUTURE_CRITICAL,FUTURE_CRITICAL
West Bengal_26.8806_88.8035,West Bengal,Jalpaiguri,13.793103448275856,13.218390804597702,12.06896551724137,FUTURE_CRITICAL,FUTURE_CRITICAL
West Bengal_26.869_88.7114,West Bengal,Jalpaiguri,0.0,0.0,0.0,FUTURE_CRITICAL,FUTURE_CRITICAL
Assam_26.5817_93.87,Assam,Golaghat,5.714285714285716,6.857142857142861,9.14285714285713,FUTURE_CRITICAL,FUTURE_CRITICAL
Assam_26.575_91.9,Assam,Udalguri,0.0,0.0,0.0,FUTURE_CRITICAL,FUTURE_CRITICAL
Assam_26.5922_92.9344,Assam,Nagaon,0.0,0.0,0.0,FUTURE_CRITICAL,FUTURE_CRITICAL
Assam_26.5858_93.3258,Assam,Golaghat,0.0,0.0,0.0,FUTURE_CRITICAL,FUTURE_CRITICAL
West Bengal_26.8699_88.6714,West Bengal,Jalpaiguri,12.5,14.583333333333325,18.75,FUTURE_CRITICAL,FUTURE_CRITICAL
Rajasthan_27.4753_74.5125,Rajasthan,Didwana-Kuchaman,31.03448275862074,21.182266009852313,1.4778325123153246,FUTURE_CRITICAL,FUTURE_CRITICAL
Andhra Pradesh_16.5734_82.0051,Andhra Pradesh,Dr. B.R. Ambedkar KonaseemaAmalapuram,37.50000000000002,27.08333333333337,6.250000000000034,EARLY_DEPLETION_WARNING,FUTURE_CRITICAL
Rajasthan_27.35_76.8597,Rajasthan,Alwar,0.0,0.0,0.0,FUTURE_CRITICAL,FUTURE_CRITICAL
Rajasthan_27.3583_70.4833,Rajasthan,Jaisalmer,0.0,0.0,0.0,FUTURE_CRITICAL,FUTURE_CRITICAL
Andhra Pradesh_13.1956_79.004,Andhra Pradesh,Chittoor,16.981132075471685,19.811320754716977,25.47169811320754,FUTURE_CRITICAL,STABLE
West Bengal_26.8807_88.4726,West Bengal,Darjeeling,39.99999999999986,27.99999999999976,3.999999999999737,EARLY_DEPLETION_WARNING,FUTURE_CRITICAL
