station_id,year,WL_MBGL,GAVI,STATE_UT,DISTRICT,mean_delta,WL_forecast_1y,WL_forecast_3y,min_wl,max_wl,GAVI_forecast_1y,GAVI_forecast_3y,GAVI_CATEGORY_1y,GAVI_CATEGORY_3y,FUTURE_ALERT_1y,FUTURE_ALERT_3y
Rajasthan_27.4653_73.6161,2020,33.8,36.842105263158075,Rajasthan,Nagaur,0.23999999999999916,34.04,34.519999999999996,32.6,34.5,24.210526315789537,0.0,Critical,Critical,FUTURE_CRITICAL,FUTURE_CRITICAL
Rajasthan_25.1333_76.9,2020,3.3,20.000000000000018,Rajasthan,Baran,0.07999999999999999,3.38,3.5399999999999996,2.9,3.4,4.0000000000000036,0.0,Critical,Critical,FUTURE_CRITICAL,FUTURE_CRITICAL
Uttar Pradesh_25.47_81.9667,2020,15.1,89.47368421052632,Uttar Pradesh,Prayagraj,0.11999999999999993,15.219999999999999,15.459999999999999,14.5,20.2,87.36842105263159,83.15789473684212,Safe,Safe,STABLE,STABLE
Uttar Pradesh_25.8139_83.8889,2020,1.6,100.0,Uttar Pradesh,Ballia,-0.5199999999999999,1.08,0.04000000000000048,1.6,5.8,100.0,100.0,Safe,Safe,STABLE,STABLE
Uttar Pradesh_24.4083_78.7667,2020,5.7,100.0,Uttar Pradesh,Lalitpur,-0.14000000000000004,5.5600000000000005,5.28,5.7,9.7,100.0,100.0,Safe,Safe,STABLE,STABLE
Rajasthan_25.7458_71.6628,2020,49.3,0.0,Rajasthan,Barmer,1.819999999999999,50.0,50.0,38.2,49.3,0.0,0.0,Critical,Critical,FUTURE_CRITICAL,FUTURE_CRITICAL
Arunachal Pradesh_27.3083_93.9694,2020,1.2,66.66666666666667,Arunachal Pradesh,Papum Pare,-0.06000000000000002,1.14,1.02,0.9,1.8,73.33333333333334,86.66666666666667,Watch,Safe,STABLE,RECOVERY_EXPECTED
Rajasthan_29.3472_73.6625,2020,7.4,0.0,Rajasthan,Anupgarh,0.13999999999999999,7.54,7.82,2.3,7.4,0.0,0.0,Critical,Critical,FUTURE_CRITICAL,FUTURE_CRITICAL
Uttar Pradesh_25.8917_83.2,2020,4.3,9.523809523809534,Uttar Pradesh,Azamgarh,0.38,4.68,5.4399999999999995,2.4,4.5,0.0,0.0,Critical,Critical,FUTURE_CRITICAL,FUTURE_CRITICAL
Telangana_17.15_77.7194,2020,5.5,100.0,Telangana,Vikarabad,-0.3,5.2,4.6,5.5,17.4,100.0,100.0,Safe,Safe,STABLE,STABLE
Rajasthan_24.3572_74.3536,2020,14.5,0.0,Rajasthan,Chittorgarh,0.26000000000000034,14.76,15.280000000000001,4.3,14.5,0.0,0.0,Critical,Critical,FUTURE_CRITICAL,FUTURE_CRITICAL
Rajasthan_24.15_73.8333,2020,5.6,40.27777777777778,Rajasthan,Salumbar,-0.5800000000000001,5.02,3.8599999999999994,1.3,8.5,48.33333333333334,64.44444444444444,Stressed,Watch,STABLE,RECOVERY_EXPECTED
Uttar Pradesh_26.1083_81.0083,2020,3.4,100.0,Uttar Pradesh,Rae Bareli,-0.06000000000000005,3.34,3.2199999999999998,3.4,6.5,100.0,100.0,Safe,Safe,STABLE,STABLE
Uttar Pradesh_26.1514_81.1417,2020,2.0,91.66666666666666,Uttar Pradesh,Rae Bareli,0.020000000000000018,2.02,2.06,1.9,3.1,89.99999999999999,86.66666666666666,Safe,Safe,STABLE,STABLE
Uttar Pradesh_28.7314_78.2822,2020,15.6,0.0,Uttar Pradesh,Amroha,0.43999999999999967,16.04,16.919999999999998,7.8,15.6,0.0,0.0,Critical,Critical,FUTURE_CRITICAL,FUTURE_CRITICAL
Uttar Pradesh_26.1675_81.9086,2020,4.9,48.837209302325576,Uttar Pradesh,Amethi,0.44000000000000006,5.340000000000001,6.220000000000001,2.7,7.0,38.60465116279068,18.13953488372092,Stressed,Critical,EARLY_DEPLETION_WARNING,FUTURE_CRITICAL
Rajasthan_23.95_74.0833,2020,9.4,50.0,Rajasthan,Dungarpur,-0.43999999999999984,8.96,8.080000000000002,6.9,11.9,58.79999999999998,76.39999999999996,Watch,Safe,STABLE,RECOVERY_EXPECTED
Rajasthan_23.6167_74.5083,2020,1.6,100.0,Rajasthan,Banswara,-1.02,0.5800000000000001,0.0,1.6,6.8,100.0,100.0,Safe,Safe,STABLE,STABLE
Uttar Pradesh_28.6589_78.6597,2020,14.8,0.0,Uttar Pradesh,Moradabad,0.4400000000000002,15.24,16.12,12.6,14.8,0.0,0.0,Critical,Critical,FUTURE_CRITICAL,FUTURE_CRITICAL
Rajasthan_23.625_74.8664,2020,1.6,70.58823529411764,Rajasthan,Pratapgarh,-0.22000000000000003,1.3800000000000001,0.94,1.1,2.8,83.52941176470587,100.0,Safe,Safe,RECOVERY_EXPECTED,RECOVERY_EXPECTED
Rajasthan_23.5_74.1,2020,4.9,29.09090909090909,Rajasthan,Banswara,-0.31999999999999984,4.58,3.940000000000001,1.0,6.5,34.909090909090914,46.54545454545453,Stressed,Stressed,STABLE,RECOVERY_EXPECTED
Madhya Pradesh_21.5403_78.6389,2020,4.3,100.0,Madhya Pradesh,Pandhurna,-0.34,3.96,3.28,4.3,9.8,100.0,100.0,Safe,Safe,STABLE,STABLE
Madhya Pradesh_21.5878_78.7314,2020,7.3,100.0,Madhya Pradesh,Pandhurna,-0.3799999999999999,6.92,6.16,7.3,18.0,100.0,100.0,Safe,Safe,STABLE,STABLE
Madhya Pradesh_21.5725_78.4472,2020,4.2,89.04109589041096,Madhya Pradesh,Pandhurna,-0.09999999999999983,4.1000000000000005,3.900000000000001,3.4,10.7,90.41095890410958,93.15068493150683,Safe,Safe,STABLE,STABLE
Uttar Pradesh_28.5583_79.0125,2020,9.5,17.647058823529438,Uttar Pradesh,Rampur,-0.060000000000000143,9.44,9.32,8.1,9.8,21.176470588235354,28.23529411764707,Critical,Stressed,FUTURE_CRITICAL,STABLE
Madhya Pradesh_21.5894_78.5183,2020,5.3,100.0,Madhya Pradesh,Pandhurna,-0.36,4.9399999999999995,4.22,5.3,8.6,100.0,100.0,Safe,Safe,STABLE,STABLE
Madhya Pradesh_21.6519_78.8028,2020,11.4,8.823529411764675,Madhya Pradesh,Pandhurna,0.2454545454545454,11.645454545454546,12.136363636363637,8.3,11.7,1.604278074866261,0.0,Critical,Critical,FUTURE_CRITICAL,FUTURE_CRITICAL
Madhya Pradesh_21.6553_78.8056,2020,12.3,81.57894736842105,Madhya Pradesh,Pandhurna,0.2800000000000001,12.58,13.14,10.9,18.5,77.89473684210526,70.52631578947368,Safe,Watch,STABLE,STABLE
Rajasthan_23.4211_74.2919,2020,5.4,15.78947368421052,Rajasthan,Banswara,-4.4408920985006264e-17,5.4,5.4,2.2,6.0,15.78947368421052,15.78947368421052,Critical,Critical,FUTURE_CRITICAL,FUTURE_CRITICAL
Assam_26.1111_90.5486,2020,3.8,100.0,Assam,Goalpara,-0.08000000000000006,3.7199999999999998,3.5599999999999996,3.8,4.4,100.0,100.0,Safe,Safe,STABLE,STABLE
Uttar Pradesh_28.6133_78.3589,2020,16.8,0.0,Uttar Pradesh,Amroha,0.7200000000000003,17.52,18.96,13.2,16.8,0.0,0.0,Critical,Critical,FUTURE_CRITICAL,FUTURE_CRITICAL
Madhya Pradesh_21.7881_78.8306,2020,3.3,57.14285714285715,Madhya Pradesh,Pandhurna,0.18,3.48,3.84,2.4,4.5,48.57142857142856,31.428571428571438,Stressed,Stressed,STABLE,EARLY_DEPLETION_WARNING
Uttar Pradesh_26.5189_80.1292,2020,3.9,100.0,Uttar Pradesh,Kanpur Dehat,-0.08000000000000003,3.82,3.6599999999999997,3.9,5.9,100.0,100.0,Safe,Safe,STABLE,STABLE
Uttar Pradesh_28.52_77.39,2020,37.0,0.0,Uttar Pradesh,Gautam Buddha Nagar,2.9444444444444446,39.94444444444444,45.833333333333336,10.5,37.0,0.0,0.0,Critical,Critical,FUTURE_CRITICAL,FUTURE_CRITICAL
Uttar Pradesh_26.5825_82.3853,2020,4.3,91.6666666666667,Uttar Pradesh,Ayodhya,0.019999999999999973,4.319999999999999,4.359999999999999,4.2,5.4,90.00000000000007,86.66666666666674,Safe,Safe,STABLE,STABLE
Uttar Pradesh_26.5283_80.675,2020,1.0,100.0,Uttar Pradesh,Unnao,-0.22000000000000003,0.78,0.33999999999999986,1.0,2.7,100.0,100.0,Safe,Safe,STABLE,STABLE
Madhya Pradesh_21.9647_78.7703,2020,2.4,100.0,Madhya Pradesh,Chhindwara,-0.19999999999999982,2.2,1.8000000000000005,2.4,9.3,100.0,100.0,Safe,Safe,STABLE,STABLE
Uttar Pradesh_26.5283_80.2319,2020,6.4,100.0,Uttar Pradesh,Kanpur Nagar,-0.039999999999999855,6.36,6.280000000000001,6.4,7.7,100.0,100.0,Safe,Safe,STABLE,STABLE
Madhya Pradesh_22.2011_79.0617,2020,5.5,100.0,Madhya Pradesh,Chhindwara,-0.11999999999999993,5.38,5.140000000000001,5.5,8.9,100.0,100.0,Safe,Safe,STABLE,STABLE
Assam_27.7028_94.8558,2020,5.5,0.0,Assam,Dhemaji,0.04000000000000005,5.54,5.62,4.9,5.5,0.0,0.0,Critical,Critical,FUTURE_CRITICAL,FUTURE_CRITICAL
Madhya Pradesh_22.4333_79.1722,2020,6.4,9.80392156862745,Madhya Pradesh,Chhindwara,0.9200000000000003,7.32,9.16,1.8,6.9,0.0,0.0,Critical,Critical,FUTURE_CRITICAL,FUTURE_CRITICAL
Madhya Pradesh_22.5903_79.1792,2020,7.5,86.66666666666667,Madhya Pradesh,Chhindwara,-0.040000000000000036,7.46,7.38,7.3,8.8,89.33333333333333,94.66666666666667,Safe,Safe,STABLE,STABLE
Uttar Pradesh_26.7117_79.4119,2020,4.7,74.99999999999997,Uttar Pradesh,Auraiya,-1.6653345369377347e-17,4.7,4.7,4.5,5.3,74.99999999999997,74.99999999999997,Watch,Watch,STABLE,STABLE
Uttar Pradesh_27.9167_79.93,2020,8.0,23.809523809523814,Uttar Pradesh,Shahjahanpur,0.5599999999999999,8.56,9.68,4.8,9.0,10.47619047619046,0.0,Critical,Critical,FUTURE_CRITICAL,FUTURE_CRITICAL
Uttar Pradesh_26.7033_82.0717,2020,1.9,100.0,Uttar Pradesh,Ayodhya,-0.24000000000000005,1.66,1.1799999999999997,1.9,4.6,100.0,100.0,Safe,Safe,STABLE,STABLE
Uttar Pradesh_26.7117_82.045,2020,1.8,100.0,Uttar Pradesh,Ayodhya,-0.1999999999999999,1.6,1.2000000000000004,1.8,4.2,100.0,100.0,Safe,Safe,STABLE,STABLE
Punjab_31.275_76.375,2020,4.9,25.0,Punjab,Rupnagar,0.66,5.5600000000000005,6.880000000000001,1.6,6.0,9.999999999999998,0.0,Critical,Critical,FUTURE_CRITICAL,FUTURE_CRITICAL
Assam_24.7275_92.5833,2020,0.7,71.42857142857143,Assam,Hailakandi,-0.18000000000000002,0.5199999999999999,0.15999999999999992,0.3,1.7,84.28571428571429,100.0,Safe,Safe,RECOVERY_EXPECTED,RECOVERY_EXPECTED
Uttar Pradesh_26.8278_80.8153,2020,14.3,41.463414634146325,Uttar Pradesh,Lucknow,0.48000000000000015,14.780000000000001,15.740000000000002,11.9,16.0,29.75609756097558,6.341463414634097,Stressed,Critical,EARLY_DEPLETION_WARNING,FUTURE_CRITICAL
Rajasthan_26.6417_77.0042,2020,17.1,68.42105263157893,Rajasthan,Karauli,-0.13999999999999985,16.96,16.680000000000003,14.1,23.6,69.89473684210526,72.84210526315786,Watch,Watch,STABLE,STABLE
Uttar Pradesh_26.9042_80.5042,2020,4.8,100.0,Uttar Pradesh,Unnao,-0.24000000000000005,4.56,4.08,4.8,7.5,100.0,100.0,Safe,Safe,STABLE,STABLE
Uttar Pradesh_27.7097_78.7375,2020,3.4,58.33333333333333,Uttar Pradesh,Kasganj,0.1,3.5,3.7,2.9,4.1,49.99999999999998,33.33333333333329,Stressed,Stressed,STABLE,EARLY_DEPLETION_WARNING
Uttar Pradesh_26.9783_79.495,2020,4.8,0.0,Uttar Pradesh,Kannauj,0.43999999999999995,5.24,6.119999999999999,2.5,4.8,0.0,0.0,Critical,Critical,FUTURE_CRITICAL,FUTURE_CRITICAL
Assam_27.2167_94.1083,2020,2.1,0.0,Assam,Lakhimpur,-1.6653345369377347e-17,2.1,2.1,1.8,2.1,0.0,0.0,Critical,Critical,FUTURE_CRITICAL,FUTURE_CRITICAL
Haryana_29.4_76.65,2020,20.0,0.0,Haryana,Jind,0.9399999999999998,20.94,22.82,15.3,20.0,0.0,0.0,Critical,Critical,FUTURE_CRITICAL,FUTURE_CRITICAL
Uttar Pradesh_27.0222_80.7417,2020,12.4,42.22222222222223,Uttar Pradesh,Lucknow,0.5199999999999999,12.92,13.96,9.8,14.3,30.666666666666686,7.555555555555548,Stressed,Critical,EARLY_DEPLETION_WARNING,FUTURE_CRITICAL
Assam_27.0819_93.9,2020,4.3,59.999999999999964,Assam,Lakhimpur,-0.05999999999999994,4.24,4.12,4.1,4.6,71.99999999999989,95.99999999999991,Watch,Safe,RECOVERY_EXPECTED,RECOVERY_EXPECTED
Uttar Pradesh_27.05_83.7333,2020,4.3,3.125000000000011,Uttar Pradesh,Mahrajganj,0.24000000000000005,4.54,5.02,1.2,4.4,0.0,0.0,Critical,Critical,FUTURE_CRITICAL,FUTURE_CRITICAL
Uttar Pradesh_27.0417_80.6583,2020,7.8,89.28571428571429,Uttar Pradesh,Lucknow,0.05999999999999996,7.859999999999999,7.9799999999999995,7.5,10.3,87.14285714285717,82.85714285714288,Safe,Safe,STABLE,STABLE
Telangana_18.8_79.9167,2020,11.6,96.15384615384616,Telangana,Jayashankar Bhupalapally,0.020000000000000018,11.62,11.66,11.5,14.1,95.38461538461542,93.84615384615384,Safe,Safe,STABLE,STABLE
Uttar Pradesh_27.0833_80.8764,2020,10.9,97.43589743589745,Uttar Pradesh,Lucknow,-0.12000000000000006,10.780000000000001,10.540000000000001,10.8,14.7,100.0,100.0,Safe,Safe,STABLE,STABLE
Uttar Pradesh_27.6589_79.7653,2020,3.5,100.0,Uttar Pradesh,Hardoi,-0.14000000000000004,3.36,3.08,3.5,5.1,100.0,100.0,Safe,Safe,STABLE,STABLE
Uttar Pradesh_27.1472_83.5639,2020,2.2,55.17241379310344,Uttar Pradesh,Mahrajganj,-0.1399999999999999,2.0600000000000005,1.7800000000000005,0.9,3.8,59.999999999999986,69.65517241379308,Watch,Watch,STABLE,STABLE
Rajasthan_27.6333_76.3333,2020,44.0,0.0,Rajasthan,Kotputli-Behror,2.78,46.78,50.0,30.1,44.0,0.0,0.0,Critical,Critical,FUTURE_CRITICAL,FUTURE_CRITICAL
Uttar Pradesh_27.6153_78.2722,2020,4.4,49.99999999999998,Uttar Pradesh,Hathras,0.2200000000000001,4.62,5.0600000000000005,3.3,5.5,39.99999999999999,19.99999999999997,Stressed,Critical,STABLE,FUTURE_CRITICAL
Uttar Pradesh_27.2244_79.2861,2020,6.6,0.0,Uttar Pradesh,Mainpuri,0.21999999999999992,6.819999999999999,7.26,5.5,6.6,0.0,0.0,Critical,Critical,FUTURE_CRITICAL,FUTURE_CRITICAL
Rajasthan_26.975_71.7528,2020,15.4,0.0,Rajasthan,Jaisalmer,0.2800000000000001,15.68,16.240000000000002,13.6,15.4,0.0,0.0,Critical,Critical,FUTURE_CRITICAL,FUTURE_CRITICAL
Uttar Pradesh_27.275_82.2867,2020,1.3,100.0,Uttar Pradesh,Balrampur,-0.29999999999999993,1.0,0.40000000000000024,1.3,3.3,100.0,100.0,Safe,Safe,STABLE,STABLE
Rajasthan_26.9833_71.2333,2020,33.0,40.00000000000009,Rajasthan,Jaisalmer,-1.1102230246251566e-17,33.0,33.0,32.1,33.6,40.00000000000009,40.00000000000009,Stressed,Stressed,STABLE,STABLE
Rajasthan_27.0333_70.9,2020,23.8,3.5714285714285032,Rajasthan,Jaisalmer,0.18000000000000052,23.98,24.340000000000003,21.1,23.9,0.0,0.0,Critical,Critical,FUTURE_CRITICAL,FUTURE_CRITICAL
Meghalaya_25.5928_91.9192,2020,2.9,77.94117647058823,Meghalaya,East Khasi Hills,0.1,3.0,3.2,1.4,8.2,76.47058823529412,73.52941176470587,Safe,Watch,STABLE,STABLE
Telangana_18.2333_80.2542,2020,5.8,0.0,Telangana,Mulugu,0.76,6.56,8.08,1.6,5.8,0.0,0.0,Critical,Critical,FUTURE_CRITICAL,FUTURE_CRITICAL
Uttar Pradesh_27.4958_82.0861,2020,3.0,100.0,Uttar Pradesh,Balrampur,0.0,3.0,3.0,3.0,4.2,100.0,100.0,Safe,Safe,STABLE,STABLE
Uttar Pradesh_27.3_83.3317,2020,2.8,33.333333333333336,Uttar Pradesh,Mahrajganj,0.13999999999999987,2.9399999999999995,3.2199999999999993,1.6,3.4,25.555555555555575,10.000000000000032,Stressed,Critical,STABLE,FUTURE_CRITICAL
Uttar Pradesh_27.4139_82.4139,2020,2.0,100.0,Uttar Pradesh,Balrampur,-0.02000000000000004,1.98,1.94,2.0,4.7,100.0,100.0,Safe,Safe,STABLE,STABLE
Uttar Pradesh_27.4667_79.4333,2020,15.2,0.0,Uttar Pradesh,Farrukhabad,0.8599999999999998,16.06,17.779999999999998,10.9,15.2,0.0,0.0,Critical,Critical,FUTURE_CRITICAL,FUTURE_CRITICAL
Uttar Pradesh_27.4533_78.2133,2020,11.8,31.24999999999998,Uttar Pradesh,Etah,0.2,12.0,12.4,10.7,12.3,18.75000000000002,0.0,Critical,Critical,FUTURE_CRITICAL,FUTURE_CRITICAL
Uttar Pradesh_27.4833_79.6639,2020,2.3,100.0,Uttar Pradesh,Farrukhabad,-0.6599999999999999,1.64,0.32000000000000006,2.3,6.4,100.0,100.0,Safe,Safe,STABLE,STABLE
Nagaland_nan_93.7289,2021,3.2,92.3076923076923,Nagaland,Dimapur,-0.47999999999999987,2.72,1.7600000000000007,3.0,5.6,100.0,100.0,Safe,Safe,STABLE,STABLE
Assam_26.4889_90.6167,2021,5.4,0.0,Assam,Bongaigaon,0.64,6.04,7.32,2.0,5.4,0.0,0.0,Critical,Critical,FUTURE_CRITICAL,FUTURE_CRITICAL
Meghalaya_25.9208_90.5083,2021,2.7,100.0,Meghalaya,North Garo Hills,-0.11999999999999993,2.58,2.3400000000000003,2.7,5.4,100.0,100.0,Safe,Safe,STABLE,STABLE
Assam_26.5_92.125,2021,4.8,18.181818181818198,Assam,Darrang,0.15999999999999995,4.96,5.279999999999999,3.9,5.0,3.6363636363636376,0.0,Critical,Critical,FUTURE_CRITICAL,FUTURE_CRITICAL
Telangana_18.6167_79.3833,2021,4.6,100.0,Telangana,Peddapalli,-0.3666666666666667,4.2333333333333325,3.4999999999999996,4.6,13.3,100.0,100.0,Safe,Safe,STABLE,STABLE
Punjab_30.3778_76.6792,2021,11.7,100.0,Punjab,Patiala,-0.11666666666666682,11.583333333333332,11.35,11.7,12.9,100.0,100.0,Safe,Safe,STABLE,STABLE
Assam_26.75_92.1083,2021,3.0,45.454545454545446,Assam,Udalguri,0.020000000000000007,3.02,3.06,2.4,3.5,43.636363636363626,39.99999999999999,Stressed,Stressed,STABLE,STABLE
Punjab_30.3958_75.1333,2021,31.9,0.0,Punjab,Bathinda,1.3833333333333329,33.28333333333333,36.05,23.6,31.9,0.0,0.0,Critical,Critical,FUTURE_CRITICAL,FUTURE_CRITICAL
Punjab_30.4589_76.0208,2021,32.5,0.0,Punjab,Malerkotla,0.6333333333333334,33.13333333333333,34.4,28.7,32.5,0.0,0.0,Critical,Critical,FUTURE_CRITICAL,FUTURE_CRITICAL
Assam_26.4751_92.0765,2021,6.3,44.99999999999999,Assam,Darrang,0.3666666666666667,6.666666666666666,7.4,4.1,8.1,35.83333333333334,17.499999999999982,Stressed,Critical,STABLE,FUTURE_CRITICAL
Haryana_29.775_76.5056,2021,22.7,5.357142857142872,Haryana,Kaithal,0.8,23.5,25.1,17.4,23.0,0.0,0.0,Critical,Critical,FUTURE_CRITICAL,FUTURE_CRITICAL
Telangana_18.0575_78.1089,2021,5.9,69.44444444444444,Telangana,Medak,-0.04999999999999997,5.8500000000000005,5.75,4.8,8.4,70.83333333333333,73.61111111111111,Watch,Watch,STABLE,STABLE
Assam_27.3159_94.0425,2021,4.8,21.42857142857142,Assam,Lakhimpur,-0.06000000000000001,4.74,4.62,3.7,5.1,25.71428571428568,34.28571428571426,Stressed,Stressed,STABLE,STABLE
Telangana_18.025_78.2194,2021,1.4,97.61904761904762,Telangana,Medak,-0.5000000000000001,0.8999999999999998,0.0,1.2,9.6,100.0,100.0,Safe,Safe,STABLE,STABLE
Assam_24.6964_92.7578,2021,0.7,70.0,Assam,Cachar,-0.01666666666666668,0.6833333333333332,0.6499999999999999,0.4,1.4,71.66666666666669,75.00000000000001,Watch,Safe,STABLE,STABLE
Assam_27.5371_94.5979,2021,2.5,18.181818181818198,Assam,Dhemaji,-0.04000000000000002,2.46,2.38,1.6,2.7,21.818181818181838,29.09090909090911,Critical,Stressed,FUTURE_CRITICAL,STABLE
Punjab_30.8358_75.2689,2021,35.4,0.0,Punjab,Moga,0.7500000000000001,36.15,37.65,30.9,35.4,0.0,0.0,Critical,Critical,FUTURE_CRITICAL,FUTURE_CRITICAL
Assam_27.7528_95.1389,2021,1.9,66.66666666666669,Assam,Dhemaji,-0.10000000000000002,1.7999999999999998,1.5999999999999999,1.6,2.5,77.7777777777778,100.0,Safe,Safe,RECOVERY_EXPECTED,RECOVERY_EXPECTED
Punjab_31.0583_76.125,2021,10.5,21.052631578947377,Punjab,Shahid Bhagat Singh Nagar Nawanshahr,0.13749999999999996,10.6375,10.9125,9.0,10.9,13.815789473684259,0.0,Critical,Critical,FUTURE_CRITICAL,FUTURE_CRITICAL
Telangana_17.6667_77.5833,2021,4.5,100.0,Telangana,Sangareddy,-0.8666666666666668,3.6333333333333333,1.8999999999999995,4.5,13.3,100.0,100.0,Safe,Safe,STABLE,STABLE
Jharkhand_22.2833_86.7167,2021,10.2,100.0,Jharkhand,East Singhbum,-0.36000000000000015,9.84,9.12,10.2,14.3,100.0,100.0,Safe,Safe,STABLE,STABLE
Jharkhand_22.0892_85.5944,2021,10.0,0.0,Jharkhand,West Singhbhum,0.7,10.7,12.1,4.7,10.0,0.0,0.0,Critical,Critical,FUTURE_CRITICAL,FUTURE_CRITICAL
Punjab_31.9_74.6667,2021,7.1,0.0,Punjab,Amritsar,0.2666666666666666,7.366666666666666,7.8999999999999995,5.5,7.1,0.0,0.0,Critical,Critical,FUTURE_CRITICAL,FUTURE_CRITICAL
Delhi_nan_77.0625,2021,6.5,0.0,Delhi,North,0.019999999999999917,6.52,6.56,5.6,6.5,0.0,0.0,Critical,Critical,FUTURE_CRITICAL,FUTURE_CRITICAL
Delhi_nan_76.9972,2021,2.0,85.71428571428571,Delhi,North,-0.35999999999999993,1.6400000000000001,0.9200000000000002,1.7,3.8,100.0,100.0,Safe,Safe,RECOVERY_EXPECTED,STABLE
Delhi_nan_77.0736,2021,23.5,4.444444444444429,Delhi,North,0.5600000000000002,24.06,25.18,19.2,23.7,0.0,0.0,Critical,Critical,FUTURE_CRITICAL,FUTURE_CRITICAL
Delhi_nan_77.1517,2021,11.4,35.48387096774193,Delhi,North,0.2375000000000001,11.637500000000001,12.1125,9.4,12.5,27.822580645161253,12.499999999999979,Stressed,Critical,STABLE,FUTURE_CRITICAL
Delhi_nan_77.1569,2021,17.0,100.0,Delhi,New Delhi,-2.575,14.425,9.274999999999999,17.0,37.6,100.0,100.0,Safe,Safe,STABLE,STABLE
Delhi_nan_77.1628,2021,1.7,58.333333333333336,Delhi,North,0.0,1.7,1.7,0.7,3.1,58.333333333333336,58.333333333333336,Watch,Watch,STABLE,STABLE
Delhi_nan_77.1972,2021,9.0,56.52173913043479,Delhi,North,0.039999999999999855,9.04,9.12,8.0,10.3,54.78260869565222,51.304347826087,Watch,Watch,STABLE,STABLE
Delhi_nan_77.1994,2021,7.5,98.49624060150376,Delhi,North,0.02857142857142847,7.5285714285714285,7.585714285714285,7.3,20.6,98.28141783029001,97.85177228786252,Safe,Safe,STABLE,STABLE
Delhi_nan_77.1975,2021,7.6,56.250000000000036,Delhi,North,0.13999999999999985,7.739999999999999,8.02,6.9,8.5,47.50000000000006,30.00000000000004,Stressed,Stressed,STABLE,EARLY_DEPLETION_WARNING
Tripura_23.1408_91.6272,2021,3.8,39.02439024390245,Tripura,South Tripura,-0.3200000000000001,3.4799999999999995,2.8399999999999994,1.3,5.4,46.82926829268295,62.43902439024392,Stressed,Watch,STABLE,RECOVERY_EXPECTED
Uttarakhand_29.4886_79.1419,2021,4.0,96.29629629629629,Uttarakhand,Nainital,-0.06666666666666675,3.933333333333333,3.8,3.8,9.2,97.53086419753086,100.0,Safe,Safe,STABLE,STABLE
Tripura_23.5833_91.2042,2021,1.5,82.35294117647058,Tripura,Sepahijala,-0.27999999999999997,1.22,0.6600000000000001,1.2,2.9,98.82352941176471,100.0,Safe,Safe,RECOVERY_EXPECTED,RECOVERY_EXPECTED
Arunachal Pradesh_27.1039_93.6417,2021,2.9,78.57142857142858,Arunachal Pradesh,Papum Pare,-0.09999999999999998,2.8,2.6,2.6,4.0,85.71428571428574,100.0,Safe,Safe,STABLE,RECOVERY_EXPECTED
Haryana_28.8667_77.0472,2021,5.4,23.913043478260853,Haryana,Sonipat,0.7000000000000001,6.1000000000000005,7.5,1.9,6.5,8.695652173913015,0.0,Critical,Critical,FUTURE_CRITICAL,FUTURE_CRITICAL
Assam_26.0822_90.5497,2021,3.3,83.33333333333339,Assam,Goalpara,-1.61907524424502e-17,3.3,3.3,3.2,3.8,83.33333333333339,83.33333333333339,Safe,Safe,STABLE,STABLE
Telangana_17.0925_79.7764,2021,3.0,100.0,Telangana,Suryapet,-0.6666666666666666,2.3333333333333335,1.0,3.0,7.1,100.0,100.0,Safe,Safe,STABLE,STABLE
Haryana_28.2278_76.8708,2021,15.0,96.49122807017544,Haryana,Nuh,-0.14285714285714285,14.857142857142858,14.571428571428571,14.4,31.5,97.3266499582289,98.99749373433583,Safe,Safe,STABLE,STABLE
Kerala_9.3964_76.8542,2021,15.1,100.0,Kerala,Pathanamthitta,-0.25999999999999973,14.84,14.32,15.1,18.3,100.0,100.0,Safe,Safe,STABLE,STABLE
Haryana_28.0708_76.5792,2022,33.0,0.0,Haryana,Rewari,1.5999999999999999,34.6,37.8,16.3,33.0,0.0,0.0,Critical,Critical,FUTURE_CRITICAL,FUTURE_CRITICAL
Haryana_28.1292_76.6042,2022,13.5,26.785714285714292,Haryana,Rewari,0.6833333333333331,14.183333333333334,15.549999999999999,9.4,15.0,14.583333333333325,0.0,Critical,Critical,FUTURE_CRITICAL,FUTURE_CRITICAL
Kerala_9.4026_76.6103,2022,8.7,28.000000000000046,Kerala,Pathanamthitta,-0.07142857142857142,8.628571428571428,8.485714285714286,6.9,9.4,30.857142857142893,36.57142857142859,Stressed,Stressed,STABLE,STABLE
Haryana_28.1042_77.0042,2022,2.4,100.0,Haryana,Nuh,-0.01666666666666669,2.3833333333333333,2.3499999999999996,2.4,3.3,100.0,100.0,Safe,Safe,STABLE,STABLE
Kerala_9.3896_77.0123,2022,5.0,100.0,Kerala,Pathanamthitta,-0.049999999999999954,4.95,4.8500000000000005,5.0,5.3,100.0,100.0,Safe,Safe,STABLE,STABLE
Kerala_9.4358_76.6116,2022,12.9,11.764705882352933,Kerala,Pathanamthitta,-0.07142857142857142,12.82857142857143,12.685714285714287,6.9,13.7,12.815126050420156,14.915966386554603,Critical,Critical,FUTURE_CRITICAL,FUTURE_CRITICAL
Haryana_28.0083_77.3417,2022,11.1,0.0,Haryana,Palwal,0.5285714285714285,11.628571428571428,12.685714285714285,5.4,11.1,0.0,0.0,Critical,Critical,FUTURE_CRITICAL,FUTURE_CRITICAL
Kerala_9.4538_76.6484,2022,4.0,26.666666666666682,Kerala,Pathanamthitta,0.040000000000000015,4.04,4.12,2.9,4.4,24.00000000000001,18.666666666666675,Critical,Critical,FUTURE_CRITICAL,FUTURE_CRITICAL
Haryana_28.2967_76.6903,2022,44.6,14.465408805031432,Haryana,Gurugram,2.2,46.800000000000004,50.0,31.0,46.9,0.6289308176100294,0.0,Critical,Critical,FUTURE_CRITICAL,FUTURE_CRITICAL
Haryana_28.4361_76.3167,2022,19.5,18.07228915662651,Haryana,Jhajjar,1.3,20.8,23.4,12.7,21.0,2.409638554216864,0.0,Critical,Critical,FUTURE_CRITICAL,FUTURE_CRITICAL
Jharkhand_24.3917_85.4792,2022,3.5,79.48717948717949,Jharkhand,Koderma,-0.4428571428571429,3.057142857142857,2.1714285714285713,2.7,6.6,90.84249084249085,100.0,Safe,Safe,RECOVERY_EXPECTED,RECOVERY_EXPECTED
Kerala_9.3009_76.7299,2022,2.1,69.23076923076923,Kerala,Pathanamthitta,-0.2571428571428571,1.842857142857143,1.3285714285714287,1.3,3.9,79.12087912087912,98.90109890109889,Safe,Safe,STABLE,RECOVERY_EXPECTED
Kerala_9.2651_76.7876,2022,3.6,46.66666666666664,Kerala,Pathanamthitta,0.0833333333333333,3.6833333333333336,3.85,2.8,4.3,41.111111111111086,29.999999999999982,Stressed,Stressed,STABLE,EARLY_DEPLETION_WARNING
Jharkhand_23.7958_86.4208,2022,1.6,100.0,Jharkhand,Dhanbad,-0.39999999999999997,1.2000000000000002,0.40000000000000013,1.6,5.8,100.0,100.0,Safe,Safe,STABLE,STABLE
Haryana_28.8_76.5833,2022,1.8,26.66666666666667,Haryana,Rohtak,0.1666666666666667,1.9666666666666668,2.3000000000000003,0.7,2.2,15.555555555555555,0.0,Critical,Critical,FUTURE_CRITICAL,FUTURE_CRITICAL
Haryana_28.9319_77.1639,2022,22.0,15.04424778761061,Haryana,Sonipat,0.36666666666666653,22.366666666666667,23.1,12.4,23.7,11.799410029498514,5.309734513274322,Critical,Critical,FUTURE_CRITICAL,FUTURE_CRITICAL
Haryana_28.945_76.0333,2022,4.1,92.59259259259261,Haryana,Bhiwani,-0.35714285714285715,3.7428571428571424,3.0285714285714285,3.9,6.6,100.0,100.0,Safe,Safe,STABLE,STABLE
Madhya Pradesh_21.2317_76.15,2022,24.4,91.46341463414635,Madhya Pradesh,Burhanpur,-1.5,22.9,19.9,23.7,31.9,100.0,100.0,Safe,Safe,STABLE,STABLE
Madhya Pradesh_21.4264_76.3506,2022,5.2,42.10526315789473,Madhya Pradesh,Burhanpur,-0.31999999999999995,4.88,4.24,3.0,6.8,50.526315789473685,67.36842105263156,Watch,Watch,STABLE,RECOVERY_EXPECTED
Madhya Pradesh_21.4533_76.3936,2022,4.9,66.66666666666666,Madhya Pradesh,Burhanpur,0.18,5.08,5.44,4.0,6.7,60.0,46.66666666666666,Watch,Stressed,STABLE,EARLY_DEPLETION_WARNING
Telangana_17.5008_78.5358,2022,7.3,48.78048780487806,Telangana,Medchal Malkajgiri,-0.5714285714285715,6.728571428571429,5.585714285714285,3.1,11.3,55.74912891986064,69.68641114982579,Watch,Watch,STABLE,RECOVERY_EXPECTED
Haryana_29.1833_76.5389,2022,1.0,92.85714285714286,Haryana,Sonipat,-0.16000000000000006,0.84,0.5199999999999998,0.9,2.3,100.0,100.0,Safe,Safe,STABLE,STABLE
Haryana_29.2125_76.7708,2022,3.1,100.0,Haryana,Sonipat,-0.24999999999999992,2.85,2.3500000000000005,3.1,7.5,100.0,100.0,Safe,Safe,STABLE,STABLE
Madhya Pradesh_22.0206_76.1369,2022,5.6,98.59154929577466,Madhya Pradesh,Khargone (West Nimar),-1.4,4.199999999999999,1.4000000000000004,5.5,12.6,100.0,100.0,Safe,Safe,STABLE,STABLE
Telangana_17.5334_79.3528,2022,3.8,95.57522123893806,Telangana,Jangaon,-0.7999999999999999,3.0,1.4,3.3,14.6,100.0,100.0,Safe,Safe,STABLE,STABLE
Telangana_nan_81.0833,2022,1.5,100.0,Telangana,Bhadradri Kothagudem,-0.19999999999999998,1.3,0.9,1.5,4.0,100.0,100.0,Safe,Safe,STABLE,STABLE
Punjab_31.8458_74.7583,2022,12.6,0.0,Punjab,Amritsar,0.25,12.85,13.35,11.1,12.6,0.0,0.0,Critical,Critical,FUTURE_CRITICAL,FUTURE_CRITICAL
Telangana_nan_80.8303,2022,4.0,72.22222222222221,Telangana,Bhadradri Kothagudem,-0.049999999999999954,3.95,3.85,3.5,5.3,74.99999999999999,80.55555555555554,Watch,Safe,STABLE,STABLE
Madhya Pradesh_23.0961_80.0547,2022,1.9,100.0,Madhya Pradesh,Jabalpur,-0.3,1.5999999999999999,1.0,1.9,3.4,100.0,100.0,Safe,Safe,STABLE,STABLE
Haryana_29.2944_76.7744,2022,4.7,85.18518518518518,Haryana,Panipat,0.06666666666666672,4.766666666666667,4.9,4.3,7.0,82.71604938271604,77.77777777777776,Safe,Safe,STABLE,STABLE
Delhi_28.6047_77.2661,2022,3.2,100.0,Delhi,Nazul Land,-0.11999999999999997,3.08,2.8400000000000003,3.2,5.4,100.0,100.0,Safe,Safe,STABLE,STABLE
Delhi_28.5944_77.2733,2022,2.9,100.0,Delhi,South East,-0.10000000000000002,2.8,2.5999999999999996,2.9,4.0,100.0,100.0,Safe,Safe,STABLE,STABLE
Kerala_10.2019_76.5267,2022,4.6,100.0,Kerala,Ernakulam,-0.3142857142857144,4.285714285714286,3.6571428571428566,4.6,7.8,100.0,100.0,Safe,Safe,STABLE,STABLE
Madhya Pradesh_23.1528_79.8856,2022,1.1,100.0,Madhya Pradesh,Jabalpur,-0.25999999999999995,0.8400000000000001,0.3200000000000003,1.1,4.7,100.0,100.0,Safe,Safe,STABLE,STABLE
Madhya Pradesh_23.1528_79.9275,2022,7.1,0.0,Madhya Pradesh,Jabalpur,0.6799999999999999,7.779999999999999,9.14,3.7,7.1,0.0,0.0,Critical,Critical,FUTURE_CRITICAL,FUTURE_CRITICAL
Madhya Pradesh_23.1547_79.9039,2022,4.0,35.71428571428572,Madhya Pradesh,Jabalpur,0.18,4.18,4.54,3.1,4.5,22.857142857142875,0.0,Critical,Critical,FUTURE_CRITICAL,FUTURE_CRITICAL
Madhya Pradesh_23.1553_79.9486,2022,4.6,0.0,Madhya Pradesh,Jabalpur,0.2399999999999999,4.84,5.319999999999999,3.4,4.6,0.0,0.0,Critical,Critical,FUTURE_CRITICAL,FUTURE_CRITICAL
Madhya Pradesh_23.1661_79.9472,2022,2.5,98.64864864864865,Madhya Pradesh,Jabalpur,0.020000000000000018,2.52,2.56,2.4,9.8,98.37837837837837,97.83783783783784,Safe,Safe,STABLE,STABLE
Madhya Pradesh_23.1714_79.9306,2022,2.2,13.33333333333332,Madhya Pradesh,Jabalpur,0.26000000000000006,2.4600000000000004,2.9800000000000004,0.9,2.4,0.0,0.0,Critical,Critical,FUTURE_CRITICAL,FUTURE_CRITICAL
Madhya Pradesh_23.1583_79.8922,2022,2.8,14.285714285714302,Madhya Pradesh,Jabalpur,0.23999999999999994,3.0399999999999996,3.5199999999999996,1.6,3.0,0.0,0.0,Critical,Critical,FUTURE_CRITICAL,FUTURE_CRITICAL
Madhya Pradesh_23.1583_79.9158,2022,0.8,100.0,Madhya Pradesh,Jabalpur,-0.039999999999999904,0.7600000000000001,0.6800000000000004,0.8,8.2,100.0,100.0,Safe,Safe,STABLE,STABLE
Madhya Pradesh_23.1586_79.9486,2022,2.1,0.0,Madhya Pradesh,Jabalpur,0.019999999999999997,2.12,2.16,1.6,2.1,0.0,0.0,Critical,Critical,FUTURE_CRITICAL,FUTURE_CRITICAL
Madhya Pradesh_23.1619_79.9536,2022,11.6,53.65853658536586,Madhya Pradesh,Jabalpur,0.38000000000000006,11.98,12.74,9.7,13.8,44.39024390243902,25.853658536585368,Stressed,Stressed,STABLE,EARLY_DEPLETION_WARNING
Madhya Pradesh_23.1658_79.9328,2022,2.0,91.66666666666666,Madhya Pradesh,Jabalpur,-0.21999999999999997,1.78,1.34,1.9,3.1,100.0,100.0,Safe,Safe,STABLE,STABLE
Punjab_31.2958_75.2,2022,11.0,20.000000000000018,Punjab,Kapurthala,0.21428571428571427,11.214285714285714,11.642857142857142,9.4,11.4,9.285714285714342,0.0,Critical,Critical,FUTURE_CRITICAL,FUTURE_CRITICAL
Madhya Pradesh_23.1761_79.96,2022,5.8,63.26530612244898,Madhya Pradesh,Jabalpur,0.36,6.16,6.88,4.0,8.9,55.91836734693878,41.22448979591837,Watch,Stressed,STABLE,EARLY_DEPLETION_WARNING
Madhya Pradesh_23.1806_79.9417,2022,2.6,41.666666666666664,Madhya Pradesh,Jabalpur,0.12000000000000002,2.72,2.96,1.9,3.1,31.666666666666654,11.66666666666668,Stressed,Critical,EARLY_DEPLETION_WARNING,FUTURE_CRITICAL
Madhya Pradesh_23.1875_79.9217,2022,4.2,10.000000000000009,Madhya Pradesh,Jabalpur,0.36,4.5600000000000005,5.28,2.4,4.4,0.0,0.0,Critical,Critical,FUTURE_CRITICAL,FUTURE_CRITICAL
West Bengal_25.0255_88.0472,2022,5.3,45.16129032258066,West Bengal,Malda,-0.14285714285714293,5.157142857142857,4.871428571428571,3.6,6.7,49.76958525345624,58.98617511520739,Stressed,Watch,STABLE,STABLE
Madhya Pradesh_23.1903_79.9853,2022,3.3,50.0,Madhya Pradesh,Jabalpur,0.2,3.5,3.9,2.3,4.3,39.99999999999999,19.999999999999996,Stressed,Critical,EARLY_DEPLETION_WARNING,FUTURE_CRITICAL
Madhya Pradesh_23.2031_79.9875,2022,8.9,7.692307692307699,Madhya Pradesh,Jabalpur,0.2,9.1,9.5,4.1,9.3,3.846153846153866,0.0,Critical,Critical,FUTURE_CRITICAL,FUTURE_CRITICAL
Telangana_17.7679_79.3745,2022,2.5,86.53846153846155,Telangana,Jangaon,-0.5142857142857143,1.9857142857142858,0.9571428571428569,1.8,7.0,96.42857142857143,100.0,Safe,Safe,STABLE,STABLE
Telangana_nan_78.4937,2022,2.4,100.0,Telangana,Adilabad,-0.039999999999999994,2.36,2.28,2.4,3.0,100.0,100.0,Safe,Safe,STABLE,STABLE
Telangana_17.8259_79.0163,2022,2.3,100.0,Telangana,Jangaon,-0.8428571428571427,1.457142857142857,0.0,2.3,10.0,100.0,100.0,Safe,Safe,STABLE,STABLE
Kerala_12.2931_75.135,2022,9.4,0.0,Kerala,Kasaragod,0.060000000000000143,9.46,9.58,9.0,9.4,0.0,0.0,Critical,Critical,FUTURE_CRITICAL,FUTURE_CRITICAL
Madhya Pradesh_24.1328_81.5522,2022,2.4,100.0,Madhya Pradesh,Sidhi,-0.09999999999999999,2.3,2.1,2.4,4.2,100.0,100.0,Safe,Safe,STABLE,STABLE
Telangana_17.8831_77.8822,2022,4.1,100.0,Telangana,Medak,-0.15714285714285722,3.9428571428571426,3.628571428571428,4.1,7.9,100.0,100.0,Safe,Safe,STABLE,STABLE
Punjab_30.7933_74.59,2022,4.9,100.0,Punjab,Faridkot,-0.23999999999999985,4.66,4.180000000000001,4.9,6.1,100.0,100.0,Safe,Safe,STABLE,STABLE
Telangana_17.9078_79.4342,2022,1.9,100.0,Telangana,Jangaon,-1.0428571428571427,0.8571428571428572,0.0,1.9,12.1,100.0,100.0,Safe,Safe,STABLE,STABLE
Telangana_19.0806_78.5111,2022,3.3,96.96969696969698,Telangana,Nirmal,-0.17142857142857146,3.1285714285714286,2.7857142857142856,3.2,6.5,100.0,100.0,Safe,Safe,STABLE,STABLE
Telangana_17.9769_78.4386,2022,7.0,0.0,Telangana,Medak,0.0,7.0,7.0,5.3,7.0,0.0,0.0,Critical,Critical,FUTURE_CRITICAL,FUTURE_CRITICAL
Telangana_18.0217_79.8064,2022,2.1,100.0,Telangana,Warangal,-0.8800000000000001,1.22,0.0,2.1,6.5,100.0,100.0,Safe,Safe,STABLE,STABLE
Telangana_18.8593_79.0113,2022,2.1,90.625,Telangana,Jagitial,-0.9666666666666668,1.1333333333333333,0.0,1.5,7.9,100.0,100.0,Safe,Safe,STABLE,STABLE
Telangana_18.8395_78.6477,2022,5.6,100.0,Telangana,Jagitial,-0.4571428571428573,5.142857142857142,4.228571428571428,5.6,9.9,100.0,100.0,Safe,Safe,STABLE,STABLE
Telangana_18.7975_78.901,2022,4.5,59.999999999999964,Telangana,Jagitial,0.016666666666666594,4.516666666666667,4.55,4.3,4.8,56.66666666666664,50.0,Watch,Watch,STABLE,STABLE
Telangana_18.8097_78.7803,2022,2.3,100.0,Telangana,Jagitial,-0.1166666666666667,2.183333333333333,1.9499999999999997,2.3,3.2,100.0,100.0,Safe,Safe,STABLE,STABLE
Punjab_30.475_76.5958,2022,37.6,57.3333333333333,Punjab,Patiala,-0.4166666666666667,37.18333333333334,36.35,34.4,41.9,62.888888888888815,73.99999999999996,Watch,Watch,STABLE,RECOVERY_EXPECTED
Telangana_18.7894_78.6943,2022,7.0,76.00000000000001,Telangana,Jagitial,-0.08000000000000007,6.92,6.76,6.4,8.9,79.20000000000002,85.60000000000002,Safe,Safe,STABLE,STABLE
Telangana_18.7994_78.8137,2022,2.3,98.52941176470588,Telangana,Jagitial,0.014285714285714235,2.314285714285714,2.3428571428571425,2.2,9.0,98.31932773109244,97.89915966386556,Safe,Safe,STABLE,STABLE
Telangana_18.7995_79.0102,2022,3.3,28.57142857142859,Telangana,Jagitial,0.05999999999999996,3.36,3.4799999999999995,2.3,3.7,24.2857142857143,15.714285714285758,Critical,Critical,FUTURE_CRITICAL,FUTURE_CRITICAL
Punjab_30.3528_76.3083,2022,28.4,0.0,Punjab,Patiala,0.6714285714285714,29.07142857142857,30.41428571428571,23.7,28.4,0.0,0.0,Critical,Critical,FUTURE_CRITICAL,FUTURE_CRITICAL
Haryana_30.0006_76.7536,2022,35.9,11.538461538461696,Haryana,Kurukshetra,0.38333333333333286,36.28333333333333,37.05,33.6,36.2,0.0,0.0,Critical,Critical,FUTURE_CRITICAL,FUTURE_CRITICAL
Punjab_30.2819_74.0278,2022,1.4,93.75000000000001,Punjab,Fazilka,0.014285714285714278,1.4142857142857141,1.4428571428571428,1.3,2.9,92.85714285714288,91.07142857142857,Safe,Safe,STABLE,STABLE
Punjab_30.0578_74.3417,2022,3.9,100.0,Punjab,Fazilka,-1.0,2.9,0.8999999999999999,3.9,10.4,100.0,100.0,Safe,Safe,STABLE,STABLE
Assam_26.5508_92.2083,2023,4.0,85.7142857142857,Assam,Darrang,-0.1166666666666667,3.8833333333333333,3.65,3.8,5.2,94.04761904761904,100.0,Safe,Safe,STABLE,STABLE
Assam_26.5494_92.8936,2023,1.8,100.0,Assam,Nagaon,-0.1142857142857143,1.6857142857142857,1.4571428571428573,1.8,2.7,100.0,100.0,Safe,Safe,STABLE,STABLE
Assam_26.5681_91.5867,2023,2.5,92.3076923076923,Assam,Tamulpur,-0.0666666666666667,2.433333333333333,2.3,2.4,3.7,97.43589743589745,100.0,Safe,Safe,STABLE,STABLE
Rajasthan_27.225_77.0917,2023,38.1,0.0,Rajasthan,Bharatpur,1.0,39.1,41.1,31.1,38.1,0.0,0.0,Critical,Critical,FUTURE_CRITICAL,FUTURE_CRITICAL
Assam_26.7139_92.325,2023,2.1,58.333333333333336,Assam,Udalguri,-0.08333333333333333,2.0166666666666666,1.85,0.6,4.2,60.64814814814815,65.27777777777779,Watch,Watch,STABLE,STABLE
Rajasthan_26.9667_77.3,2023,19.4,85.18518518518523,Rajasthan,Bharatpur,0.15999999999999953,19.56,19.879999999999995,18.6,24.0,82.22222222222226,76.29629629629639,Safe,Safe,STABLE,STABLE
Assam_27.2716_94.0253,2023,1.8,66.66666666666664,Assam,Lakhimpur,-0.014285714285714268,1.7857142857142858,1.7571428571428573,1.7,2.0,71.42857142857139,80.95238095238088,Watch,Safe,STABLE,STABLE
Rajasthan_26.8528_75.7667,2023,43.6,0.0,Rajasthan,Jaipur,1.2666666666666673,44.86666666666667,47.400000000000006,32.5,43.6,0.0,0.0,Critical,Critical,FUTURE_CRITICAL,FUTURE_CRITICAL
Rajasthan_26.8042_77.4306,2023,5.7,100.0,Rajasthan,Bharatpur,-0.25999999999999995,5.44,4.92,5.7,9.0,100.0,100.0,Safe,Safe,STABLE,STABLE
Rajasthan_26.7361_75.325,2023,8.2,26.923076923076938,Rajasthan,Dudu,0.6333333333333332,8.833333333333332,10.099999999999998,4.4,9.6,14.743589743589759,0.0,Critical,Critical,FUTURE_CRITICAL,FUTURE_CRITICAL
Rajasthan_27.9917_72.2967,2023,18.9,75.00000000000003,Rajasthan,Bikaner,-0.016666666666666895,18.883333333333333,18.849999999999998,18.2,21.0,75.59523809523809,76.78571428571435,Safe,Safe,STABLE,STABLE
Delhi_28.5089_77.3406,2023,8.3,34.999999999999964,Delhi,South East,-0.13999999999999985,8.16,7.880000000000001,7.0,9.0,41.99999999999999,55.99999999999996,Stressed,Watch,STABLE,RECOVERY_EXPECTED
Delhi_28.5061_77.1822,2023,13.4,94.44444444444444,Delhi,South,-2.35,11.05,6.35,12.5,28.7,100.0,100.0,Safe,Safe,STABLE,STABLE
Delhi_28.42_77.2078,2023,20.9,31.70731707317077,Delhi,South,-0.2166666666666668,20.68333333333333,20.249999999999996,18.1,22.2,36.99186991869927,47.5609756097562,Stressed,Stressed,STABLE,RECOVERY_EXPECTED
Delhi_28.5181_76.9042,2023,1.7,75.0,Delhi,South West,-0.08333333333333341,1.6166666666666665,1.4499999999999997,1.4,2.6,81.94444444444446,95.83333333333334,Safe,Safe,STABLE,RECOVERY_EXPECTED
Delhi_28.5361_76.9047,2023,1.8,75.0,Delhi,South West,-0.05714285714285711,1.7428571428571429,1.6285714285714288,1.5,2.7,79.76190476190477,89.28571428571426,Safe,Safe,STABLE,STABLE
Assam_26.4167_92.6167,2023,2.1,100.0,Assam,Nagaon,-0.78,1.32,0.0,2.1,6.0,100.0,100.0,Safe,Safe,STABLE,STABLE
Delhi_28.5453_77.2022,2023,23.2,100.0,Delhi,South,-2.033333333333333,21.166666666666664,17.1,23.2,35.4,100.0,100.0,Safe,Safe,STABLE,STABLE
Delhi_28.65_77.0167,2023,3.6,25.0,Delhi,West,-0.12857142857142856,3.4714285714285715,3.2142857142857144,0.9,4.5,28.57142857142857,35.71428571428571,Stressed,Stressed,STABLE,STABLE
Delhi_28.595_77.2508,2023,4.4,87.49999999999999,Delhi,New Delhi,-0.5,3.9000000000000004,2.9000000000000004,3.9,7.9,99.99999999999999,100.0,Safe,Safe,RECOVERY_EXPECTED,STABLE
Delhi_28.6147_77.0006,2023,15.9,100.0,Delhi,South West,-0.7285714285714286,15.17142857142857,13.714285714285715,15.9,23.3,100.0,100.0,Safe,Safe,STABLE,STABLE
Delhi_28.6281_77.3181,2023,26.1,0.0,Delhi,East,1.1833333333333336,27.283333333333335,29.650000000000002,19.0,26.1,0.0,0.0,Critical,Critical,FUTURE_CRITICAL,FUTURE_CRITICAL
Delhi_28.6186_77.1111,2023,35.7,100.0,Delhi,West,-0.11428571428571388,35.58571428571429,35.35714285714286,35.7,39.7,100.0,100.0,Safe,Safe,STABLE,STABLE
Delhi_28.63_77.0914,2023,6.3,100.0,Delhi,West,-0.7714285714285715,5.5285714285714285,3.9857142857142853,6.3,13.4,100.0,100.0,Safe,Safe,STABLE,STABLE
Delhi_28.6392_77.1622,2023,30.1,16.822429906542034,Delhi,West,1.4833333333333336,31.583333333333336,34.550000000000004,21.2,31.9,2.9595015576323602,0.0,Critical,Critical,FUTURE_CRITICAL,FUTURE_CRITICAL
Delhi_28.6322_77.0742,2023,8.0,91.42857142857143,Delhi,West,-1.3714285714285717,6.628571428571428,3.8857142857142852,7.1,17.6,100.0,100.0,Safe,Safe,STABLE,STABLE
Delhi_28.6722_77.2306,2023,3.5,41.176470588235304,Delhi,Central,0.18,3.68,4.04,2.5,4.2,30.58823529411765,9.411764705882364,Stressed,Critical,EARLY_DEPLETION_WARNING,FUTURE_CRITICAL
Delhi_28.6822_76.9942,2023,2.0,50.0,Delhi,West,-0.2,1.8,1.4,0.6,3.4,57.14285714285714,71.42857142857143,Watch,Watch,STABLE,RECOVERY_EXPECTED
Rajasthan_28.2625_74.875,2023,27.7,100.0,Rajasthan,Churu,-1.0000000000000007,26.7,24.699999999999996,27.7,34.2,100.0,100.0,Safe,Safe,STABLE,STABLE
Rajasthan_28.3292_73.4875,2023,34.8,0.0,Rajasthan,Bikaner,0.29999999999999954,35.099999999999994,35.699999999999996,33.0,34.8,0.0,0.0,Critical,Critical,FUTURE_CRITICAL,FUTURE_CRITICAL
Assam_26.3667_90.5667,2023,4.7,25.92592592592593,Assam,Bongaigaon,0.1714285714285715,4.871428571428572,5.214285714285714,2.7,5.4,19.57671957671957,6.8783068783068835,Critical,Critical,FUTURE_CRITICAL,FUTURE_CRITICAL
Assam_26.3583_90.6167,2023,3.9,100.0,Assam,Bongaigaon,-0.11428571428571435,3.7857142857142856,3.557142857142857,3.9,5.4,100.0,100.0,Safe,Safe,STABLE,STABLE
Delhi_28.6556_77.2358,2023,4.2,100.0,Delhi,Central,-0.9600000000000002,3.24,1.3199999999999994,4.2,9.0,100.0,100.0,Safe,Safe,STABLE,STABLE
Delhi_28.6781_77.0947,2023,3.9,66.66666666666666,Delhi,West,-0.2333333333333333,3.6666666666666665,3.2,2.8,6.1,73.73737373737373,87.87878787878786,Watch,Safe,STABLE,RECOVERY_EXPECTED
Rajasthan_26.1503_71.8067,2023,13.1,100.0,Rajasthan,Balotra,-1.0166666666666666,12.083333333333332,10.05,13.1,24.8,100.0,100.0,Safe,Safe,STABLE,STABLE
Rajasthan_26.0875_76.3611,2023,2.8,100.0,Rajasthan,Sawai Madhopur,-0.78,2.0199999999999996,0.45999999999999996,2.8,11.6,100.0,100.0,Safe,Safe,STABLE,STABLE
Rajasthan_26.0917_74.5125,2023,9.5,23.59550561797752,Rajasthan,Beawar,0.85,10.35,12.05,2.7,11.6,14.04494382022471,0.0,Critical,Critical,FUTURE_CRITICAL,FUTURE_CRITICAL
Goa_15.3982_73.8368,2023,1.7,64.28571428571429,Goa,South Goa,0.062499999999999986,1.7625,1.8875,1.2,2.6,59.821428571428584,50.89285714285714,Watch,Watch,STABLE,STABLE
Rajasthan_26.025_74.6583,2023,9.1,74.78991596638656,Rajasthan,Kekri,-0.36666666666666686,8.733333333333333,7.999999999999999,6.1,18.0,77.87114845938376,84.03361344537815,Safe,Safe,STABLE,STABLE
Rajasthan_28.9333_73.4083,2023,6.8,72.72727272727275,Rajasthan,Bikaner,-0.2666666666666668,6.533333333333333,6.0,6.2,8.4,84.84848484848486,100.0,Safe,Safe,RECOVERY_EXPECTED,RECOVERY_EXPECTED
Goa_15.5878_74.1912,2023,5.8,0.0,Goa,North Goa,0.2875,6.0874999999999995,6.6625,3.0,5.8,0.0,0.0,Critical,Critical,FUTURE_CRITICAL,FUTURE_CRITICAL
Rajasthan_25.8333_74.2833,2023,7.7,32.710280373831765,Rajasthan,Bhilwara,1.2,8.9,11.3,0.5,11.2,21.495327102803728,0.0,Critical,Critical,FUTURE_CRITICAL,FUTURE_CRITICAL
Haryana_28.15_77.325,2023,11.1,0.0,Haryana,Palwal,0.46249999999999986,11.5625,12.487499999999999,7.1,11.1,0.0,0.0,Critical,Critical,FUTURE_CRITICAL,FUTURE_CRITICAL
Haryana_28.1556_77.4264,2023,22.9,54.28571428571435,Haryana,Palwal,0.3199999999999996,23.22,23.859999999999996,21.3,24.8,45.142857142857196,26.85714285714299,Stressed,Stressed,STABLE,EARLY_DEPLETION_WARNING
Rajasthan_29.3792_74.2708,2023,1.6,89.28571428571428,Rajasthan,Hanumangarh,5.551115123125783e-17,1.6,1.6000000000000003,1.0,6.6,89.28571428571428,89.28571428571428,Safe,Safe,STABLE,STABLE
Assam_26.2542_91.5583,2023,1.2,92.3076923076923,Assam,Kamrup,-0.03333333333333325,1.1666666666666667,1.1,0.9,4.8,93.16239316239316,94.87179487179486,Safe,Safe,STABLE,STABLE
Rajasthan_25.6033_71.2833,2023,12.0,0.0,Rajasthan,Barmer,0.3333333333333333,12.333333333333334,13.0,8.7,12.0,0.0,0.0,Critical,Critical,FUTURE_CRITICAL,FUTURE_CRITICAL
Haryana_28.3944_77.4389,2023,18.8,100.0,Haryana,Faridabad,-0.019999999999999574,18.78,18.740000000000002,18.8,21.0,100.0,100.0,Safe,Safe,STABLE,STABLE
Rajasthan_25.5167_76.1667,2023,3.5,51.85185185185184,Rajasthan,Bundi,0.24000000000000005,3.74,4.220000000000001,0.9,6.3,47.4074074074074,38.5185185185185,Stressed,Stressed,STABLE,STABLE
Haryana_28.7033_75.9033,2023,12.3,0.0,Haryana,Bhiwani,0.06000000000000005,12.360000000000001,12.48,7.9,12.3,0.0,0.0,Critical,Critical,FUTURE_CRITICAL,FUTURE_CRITICAL
Haryana_28.7417_75.925,2023,12.7,51.11111111111113,Haryana,Bhiwani,0.07999999999999971,12.78,12.939999999999998,8.3,17.3,50.222222222222236,48.44444444444448,Watch,Stressed,STABLE,STABLE
Assam_26.2384_90.3751,2023,16.7,5.882352941176549,Assam,Dhubri,0.0999999999999999,16.8,17.0,15.1,16.8,0.0,0.0,Critical,Critical,FUTURE_CRITICAL,FUTURE_CRITICAL
Haryana_28.8083_76.2444,2023,7.5,0.0,Haryana,Bhiwani,0.13999999999999999,7.64,7.92,6.5,7.5,0.0,0.0,Critical,Critical,FUTURE_CRITICAL,FUTURE_CRITICAL
Haryana_29.075_76.5583,2023,1.1,100.0,Haryana,Sonipat,-0.019999999999999962,1.08,1.0400000000000003,1.1,1.6,100.0,100.0,Safe,Safe,STABLE,STABLE
Telangana_15.8781_78.1331,2023,2.5,88.46153846153847,Telangana,Jogulamba Gadwal,-0.2875,2.2125,1.6375000000000002,2.2,4.8,99.51923076923079,100.0,Safe,Safe,RECOVERY_EXPECTED,STABLE
Rajasthan_25.1583_76.3,2023,2.3,100.0,Rajasthan,Baran,-0.2333333333333334,2.0666666666666664,1.5999999999999996,2.3,5.1,100.0,100.0,Safe,Safe,STABLE,STABLE
West Bengal_22.3021_88.1058,2023,2.6,9.090909090909083,West Bengal,South 24 Parganas,-0.039999999999999904,2.56,2.4800000000000004,0.6,2.8,10.909090909090901,14.545454545454517,Critical,Critical,FUTURE_CRITICAL,FUTURE_CRITICAL
Haryana_28.9633_76.3,2023,9.4,100.0,Haryana,Rohtak,-0.5444444444444445,8.855555555555556,7.766666666666667,9.4,15.8,100.0,100.0,Safe,Safe,STABLE,STABLE
Haryana_28.9847_76.8125,2023,4.3,100.0,Haryana,Sonipat,-0.32500000000000007,3.9749999999999996,3.3249999999999997,4.3,8.9,100.0,100.0,Safe,Safe,STABLE,STABLE
Rajasthan_25.1583_71.45,2023,20.0,0.0,Rajasthan,Barmer,0.7666666666666666,20.766666666666666,22.3,15.2,20.0,0.0,0.0,Critical,Critical,FUTURE_CRITICAL,FUTURE_CRITICAL
Haryana_29.1389_76.3389,2023,2.2,86.66666666666666,Haryana,Jind,-0.3714285714285714,1.8285714285714287,1.085714285714286,1.8,4.8,99.04761904761904,100.0,Safe,Safe,RECOVERY_EXPECTED,STABLE
Haryana_29.2667_76.4583,2023,1.2,100.0,Haryana,Jind,-0.4571428571428572,0.7428571428571428,0.0,1.2,4.4,100.0,100.0,Safe,Safe,STABLE,STABLE
Telangana_16.23_77.8106,2023,1.3,50.0,Telangana,Jogulamba Gadwal,0.012499999999999997,1.3125,1.3375000000000001,1.0,1.6,47.91666666666667,43.749999999999986,Stressed,Stressed,STABLE,STABLE
Haryana_29.125_76.4083,2023,3.0,100.0,Haryana,Jind,-0.30000000000000004,2.7,2.0999999999999996,3.0,6.4,100.0,100.0,Safe,Safe,STABLE,STABLE
Rajasthan_25.0339_72.5206,2023,4.2,100.0,Rajasthan,Jalore,-0.8333333333333331,3.366666666666667,1.7000000000000006,4.2,9.2,100.0,100.0,Safe,Safe,STABLE,STABLE
Telangana_16.2283_77.8112,2023,0.8,100.0,Telangana,Jogulamba Gadwal,-0.5625,0.23750000000000004,0.0,0.8,6.8,100.0,100.0,Safe,Safe,STABLE,STABLE
Rajasthan_24.9417_74.5194,2023,13.5,100.0,Rajasthan,Chittorgarh,-1.3500000000000003,12.15,9.45,13.5,28.7,100.0,100.0,Safe,Safe,STABLE,STABLE
Haryana_29.3819_77.0911,2023,15.5,0.0,Haryana,Panipat,0.9800000000000001,16.48,18.44,10.6,15.5,0.0,0.0,Critical,Critical,FUTURE_CRITICAL,FUTURE_CRITICAL
Haryana_29.3708_75.9208,2023,9.2,62.5,Haryana,Hisar,-0.36363636363636365,8.836363636363636,8.10909090909091,6.2,14.2,67.04545454545455,76.13636363636364,Watch,Safe,STABLE,STABLE
Andhra Pradesh_16.9726_81.7851,2023,2.7,33.33333333333333,Andhra Pradesh,East Godavari,0.012500000000000011,2.7125000000000004,2.7375000000000003,1.9,3.1,32.29166666666664,30.208333333333314,Stressed,Stressed,STABLE,STABLE
Uttarakhand_30.4175_77.7281,2023,3.6,94.0,Uttarakhand,Dehradun,-0.1625,3.4375,3.1125,3.3,8.3,97.24999999999999,100.0,Safe,Safe,STABLE,STABLE
Rajasthan_24.7_73.75,2023,7.9,0.0,Rajasthan,Udaipur,0.15000000000000005,8.05,8.350000000000001,0.1,7.9,0.0,0.0,Critical,Critical,FUTURE_CRITICAL,FUTURE_CRITICAL
Haryana_29.5042_75.6458,2023,5.1,89.65517241379311,Haryana,Fatehabad,-0.1625000000000001,4.9375,4.612499999999999,4.8,7.7,95.25862068965517,100.0,Safe,Safe,STABLE,STABLE
Haryana_29.5_76.7347,2023,24.2,15.094339622641517,Haryana,Karnal,1.5,25.7,28.7,15.2,25.8,0.9433962264151052,0.0,Critical,Critical,FUTURE_CRITICAL,FUTURE_CRITICAL
Uttarakhand_30.3314_77.8819,2023,6.4,39.99999999999986,Uttarakhand,Dehradun,0.012500000000000063,6.4125000000000005,6.437500000000001,6.1,6.6,37.49999999999982,32.49999999999975,Stressed,Stressed,STABLE,STABLE
Assam_26.1918_91.6148,2023,3.2,100.0,Assam,Kamrup Metro,-0.27999999999999997,2.9200000000000004,2.3600000000000003,3.2,4.9,100.0,100.0,Safe,Safe,STABLE,STABLE
Rajasthan_23.85_73.7792,2023,3.2,75.86206896551724,Rajasthan,Dungarpur,-0.06666666666666661,3.1333333333333337,3.0000000000000004,2.5,5.4,78.16091954022988,82.75862068965516,Safe,Safe,STABLE,STABLE
Uttarakhand_30.0531_77.9386,2023,13.3,0.0,Uttarakhand,Haridwar,0.4750000000000001,13.775,14.725000000000001,8.7,13.3,0.0,0.0,Critical,Critical,FUTURE_CRITICAL,FUTURE_CRITICAL
Rajasthan_23.7958_74.5667,2023,8.9,34.23423423423423,Rajasthan,Pratapgarh,-0.7599999999999999,8.14,6.620000000000001,1.6,12.7,41.081081081081074,54.77477477477476,Stressed,Watch,STABLE,RECOVERY_EXPECTED
Rajasthan_23.6922_73.7244,2023,5.7,26.5625,Rajasthan,Dungarpur,0.20000000000000004,5.9,6.300000000000001,1.0,7.4,23.4375,17.18749999999999,Critical,Critical,FUTURE_CRITICAL,FUTURE_CRITICAL
Rajasthan_23.5333_74.45,2023,6.0,0.0,Rajasthan,Banswara,0.08333333333333333,6.083333333333333,6.25,1.6,6.0,0.0,0.0,Critical,Critical,FUTURE_CRITICAL,FUTURE_CRITICAL
Jammu and Kashmir_32.5762_75.1031,2023,4.0,13.333333333333341,Jammu and Kashmir,Samba,0.07142857142857142,4.071428571428571,4.214285714285714,2.7,4.2,8.571428571428596,0.0,Critical,Critical,FUTURE_CRITICAL,FUTURE_CRITICAL
Andhra Pradesh_17.2036_81.4172,2023,3.0,100.0,Andhra Pradesh,Eluru,-0.21428571428571427,2.7857142857142856,2.357142857142857,3.0,6.2,100.0,100.0,Safe,Safe,STABLE,STABLE
Telangana_17.5143_78.5208,2023,2.4,98.21428571428572,Telangana,Medchal Malkajgiri,-0.9624999999999999,1.4375,0.0,2.2,13.4,100.0,100.0,Safe,Safe,STABLE,STABLE
Punjab_32.2667_75.625,2023,4.9,14.285714285714269,Punjab,Pathankot,-0.012500000000000011,4.8875,4.862500000000001,0.7,5.6,14.540816326530603,15.05102040816324,Critical,Critical,FUTURE_CRITICAL,FUTURE_CRITICAL
Punjab_32.2625_75.5917,2023,11.0,0.0,Punjab,Pathankot,0.2250000000000001,11.225,11.675,8.2,11.0,0.0,0.0,Critical,Critical,FUTURE_CRITICAL,FUTURE_CRITICAL
Punjab_31.9514_75.715,2023,13.8,1.8181818181818077,Punjab,Hoshiarpur,1.08,14.88,17.04,8.4,13.9,0.0,0.0,Critical,Critical,FUTURE_CRITICAL,FUTURE_CRITICAL
Punjab_32.0208_75.6875,2023,7.3,13.953488372093048,Punjab,Hoshiarpur,0.5285714285714286,7.828571428571428,8.885714285714286,3.6,7.9,1.6611295681063454,0.0,Critical,Critical,FUTURE_CRITICAL,FUTURE_CRITICAL
Jammu and Kashmir_32.8027_74.7776,2023,18.3,6.034482758620685,Jammu and Kashmir,Jammu,0.2124999999999999,18.5125,18.9375,7.4,19.0,4.2025862068965525,0.5387931034482762,Critical,Critical,FUTURE_CRITICAL,FUTURE_CRITICAL
Assam_26.1192_91.9633,2023,1.8,81.81818181818181,Assam,Kamrup Metro,-0.0666666666666667,1.7333333333333334,1.6,1.4,3.6,84.84848484848484,90.9090909090909,Safe,Safe,STABLE,STABLE
Assam_26.1189_91.98,2023,2.5,33.333333333333336,Assam,Kamrup Metro,0.0285714285714286,2.5285714285714285,2.585714285714286,1.3,3.1,31.746031746031754,28.57142857142857,Stressed,Stressed,STABLE,STABLE
Punjab_31.35_74.7,2023,18.3,0.0,Punjab,Tarn Taran,0.4125000000000001,18.712500000000002,19.5375,15.0,18.3,0.0,0.0,Critical,Critical,FUTURE_CRITICAL,FUTURE_CRITICAL
Telangana_17.777_79.0957,2023,8.0,79.34782608695652,Telangana,Jangaon,-2.085714285714286,5.914285714285715,1.742857142857142,4.2,22.6,90.6832298136646,100.0,Safe,Safe,RECOVERY_EXPECTED,RECOVERY_EXPECTED
Jammu and Kashmir_33.1732_74.2069,2023,3.8,0.0,Jammu and Kashmir,Rajouri,0.1333333333333333,3.933333333333333,4.199999999999999,0.3,3.8,0.0,0.0,Critical,Critical,FUTURE_CRITICAL,FUTURE_CRITICAL
Assam_26.1167_92.1667,2023,3.7,9.090909090909062,Assam,Marigaon,-7.93016446160826e-18,3.7,3.7,2.7,3.8,9.090909090909062,9.090909090909062,Critical,Critical,FUTURE_CRITICAL,FUTURE_CRITICAL
Telangana_17.8713_79.2891,2023,3.2,98.48484848484848,Telangana,Jangaon,-0.06249999999999996,3.1375,3.0125,3.1,9.7,99.43181818181817,100.0,Safe,Safe,STABLE,STABLE
Punjab_30.8661_76.2314,2023,12.3,29.411764705882337,Punjab,Ludhiana,-6.938893903907228e-18,12.3,12.3,11.1,12.8,29.411764705882337,29.411764705882337,Stressed,Stressed,STABLE,STABLE
Punjab_30.9042_76.2889,2023,12.7,33.33333333333353,Punjab,Ludhiana,0.03749999999999984,12.737499999999999,12.812499999999998,12.3,12.9,27.08333333333358,14.583333333333693,Stressed,Critical,STABLE,FUTURE_CRITICAL
Punjab_30.8117_76.5383,2023,39.0,18.604651162790642,Punjab,Rupnagar,-0.10000000000000042,38.9,38.699999999999996,35.5,39.8,20.930232558139515,25.581395348837255,Critical,Stressed,FUTURE_CRITICAL,STABLE
Punjab_30.7858_74.5461,2023,4.0,53.846153846153854,Punjab,Faridkot,-0.03333333333333329,3.966666666666667,3.9000000000000004,3.4,4.7,56.41025641025641,61.53846153846152,Watch,Watch,STABLE,STABLE
Punjab_30.6917_74.9806,2023,25.0,0.0,Punjab,Moga,0.7285714285714288,25.728571428571428,27.185714285714287,19.2,25.0,0.0,0.0,Critical,Critical,FUTURE_CRITICAL,FUTURE_CRITICAL
Punjab_30.6897_74.5272,2023,3.5,71.42857142857144,Punjab,Faridkot,-0.09999999999999994,3.4,3.2,3.1,4.5,78.57142857142858,92.85714285714285,Safe,Safe,STABLE,RECOVERY_EXPECTED
Telangana_17.9684_79.2531,2023,5.3,74.30167597765363,Telangana,Siddipet,0.0250000000000003,5.325,5.375000000000001,0.7,18.6,74.16201117318437,73.88268156424581,Watch,Watch,STABLE,STABLE
Jharkhand_23.4794_84.7119,2023,3.0,89.1891891891892,Jharkhand,Lohardaga,-0.41250000000000003,2.5875,1.7625,2.6,6.3,100.0,100.0,Safe,Safe,RECOVERY_EXPECTED,STABLE
Punjab_30.6464_74.6394,2023,2.8,5.882352941176472,Punjab,Faridkot,-0.0166666666666667,2.783333333333333,2.7499999999999996,1.2,2.9,6.8627450980392135,8.82352941176473,Critical,Critical,FUTURE_CRITICAL,FUTURE_CRITICAL
Andhra Pradesh_17.6773_82.4944,2023,1.9,100.0,Andhra Pradesh,Anakapalli,-0.33749999999999997,1.5625,0.8875,1.9,5.8,100.0,100.0,Safe,Safe,STABLE,STABLE
Punjab_30.5597_76.6597,2023,7.9,51.85185185185184,Punjab,S.A.S Nagar,0.2600000000000001,8.16,8.680000000000001,6.6,9.3,42.22222222222223,22.96296296296293,Stressed,Critical,STABLE,FUTURE_CRITICAL
Punjab_30.4153_76.1744,2023,26.5,0.0,Punjab,Patiala,0.5285714285714285,27.02857142857143,28.085714285714285,22.4,26.5,0.0,0.0,Critical,Critical,FUTURE_CRITICAL,FUTURE_CRITICAL
Jharkhand_23.7958_86.4667,2023,9.6,63.01369863013699,Jharkhand,Dhanbad,-0.15714285714285708,9.442857142857143,9.128571428571428,6.9,14.2,65.16634050880626,69.47162426614481,Watch,Watch,STABLE,STABLE
Telangana_18.2473_78.4341,2023,2.2,100.0,Telangana,Kamareddy,-1.5666666666666664,0.6333333333333337,0.0,2.2,12.9,100.0,100.0,Safe,Safe,STABLE,STABLE
Punjab_30.2908_74.8136,2023,12.3,0.0,Punjab,Bathinda,0.4400000000000002,12.74,13.620000000000001,10.1,12.3,0.0,0.0,Critical,Critical,FUTURE_CRITICAL,FUTURE_CRITICAL
Punjab_30.2289_74.7881,2023,6.3,84.6153846153846,Punjab,Bathinda,2.2204460492503132e-17,6.3,6.3,6.1,7.4,84.6153846153846,84.6153846153846,Safe,Safe,STABLE,STABLE
Jharkhand_24.1792_84.025,2023,6.3,42.55319148936172,Jharkhand,Palamu,-0.028571428571428532,6.271428571428571,6.214285714285714,3.6,8.3,43.16109422492402,44.376899696048646,Stressed,Stressed,STABLE,STABLE
Punjab_30.1128_74.0778,2023,1.3,41.66666666666667,Punjab,Fazilka,0.08571428571428574,1.3857142857142857,1.5571428571428574,0.6,1.8,34.52380952380953,20.238095238095234,Stressed,Critical,STABLE,FUTURE_CRITICAL
Punjab_30.1236_75.4403,2023,16.9,0.0,Punjab,Mansa,0.9857142857142855,17.885714285714283,19.857142857142854,10.0,16.9,0.0,0.0,Critical,Critical,FUTURE_CRITICAL,FUTURE_CRITICAL
Telangana_18.2833_78.352,2023,3.3,100.0,Telangana,Kamareddy,-1.6799999999999997,1.62,0.0,3.3,13.5,100.0,100.0,Safe,Safe,STABLE,STABLE
Jharkhand_24.2006_84.8756,2023,6.6,0.0,Jharkhand,Chatra,0.28333333333333327,6.883333333333333,7.449999999999999,4.7,6.6,0.0,0.0,Critical,Critical,FUTURE_CRITICAL,FUTURE_CRITICAL
Jharkhand_24.3097_85.1683,2023,6.8,56.52173913043478,Jharkhand,Chatra,0.14285714285714285,6.942857142857143,7.228571428571429,5.8,8.1,50.31055900621115,37.88819875776396,Watch,Stressed,STABLE,EARLY_DEPLETION_WARNING
Andhra Pradesh_16.0209_80.9115,2023,4.9,10.71428571428571,Andhra Pradesh,Krishna,-0.05999999999999996,4.840000000000001,4.720000000000001,2.4,5.2,12.857142857142833,17.142857142857125,Critical,Critical,FUTURE_CRITICAL,FUTURE_CRITICAL
Punjab_29.8_75.2833,2023,6.2,39.99999999999998,Punjab,Mansa,0.09999999999999996,6.3,6.5,5.3,6.8,33.333333333333336,19.999999999999986,Stressed,Critical,STABLE,FUTURE_CRITICAL
Punjab_29.8417_75.2792,2023,3.0,100.0,Punjab,Mansa,-0.12857142857142856,2.8714285714285714,2.6142857142857143,3.0,4.8,100.0,100.0,Safe,Safe,STABLE,STABLE
Punjab_29.9083_75.4611,2023,8.3,7.407407407407385,Punjab,Mansa,0.18333333333333357,8.483333333333334,8.850000000000001,3.3,8.7,4.012345679012319,0.0,Critical,Critical,FUTURE_CRITICAL,FUTURE_CRITICAL
Punjab_30.0583_74.6139,2023,0.6,98.68421052631578,Punjab,Sri Muktsar Sahib,-0.15,0.44999999999999996,0.15000000000000002,0.3,23.1,99.3421052631579,100.0,Safe,Safe,STABLE,STABLE
Telangana_18.3119_79.8704,2023,0.9,50.0,Telangana,Jayashankar Bhupalapally,3.96508223080413e-18,0.9,0.9,0.7,1.1,50.0,50.0,Watch,Watch,STABLE,STABLE
Nagaland_nan_93.6236,2023,3.7,80.35714285714286,Nagaland,Dimapur,-0.3499999999999999,3.35,2.6500000000000004,2.6,8.2,86.60714285714286,99.10714285714285,Safe,Safe,STABLE,RECOVERY_EXPECTED
Nagaland_nan_93.7375,2023,12.0,0.0,Nagaland,Dimapur,1.2333333333333334,13.233333333333334,15.7,4.6,12.0,0.0,0.0,Critical,Critical,FUTURE_CRITICAL,FUTURE_CRITICAL
Nagaland_nan_93.7292,2023,6.2,0.0,Nagaland,Dimapur,0.5800000000000001,6.78,7.94,2.7,6.2,0.0,0.0,Critical,Critical,FUTURE_CRITICAL,FUTURE_CRITICAL
Nagaland_nan_93.7733,2023,2.6,27.27272727272727,Nagaland,Dimapur,-0.01666666666666668,2.5833333333333335,2.55,1.0,3.2,28.030303030303028,29.545454545454565,Stressed,Stressed,STABLE,STABLE
Nagaland_nan_93.7619,2023,3.3,94.84536082474226,Nagaland,Dimapur,-1.5333333333333334,1.7666666666666664,0.0,2.8,12.5,100.0,100.0,Safe,Safe,STABLE,STABLE
Andhra Pradesh_17.7759_83.2168,2023,3.0,93.22033898305084,Andhra Pradesh,Visakhapatnam,0.016666666666666535,3.0166666666666666,3.05,2.6,8.5,92.93785310734464,92.37288135593221,Safe,Safe,STABLE,STABLE
Nagaland_nan_93.7958,2023,2.2,85.71428571428571,Nagaland,Dimapur,-0.17999999999999985,2.0200000000000005,1.6600000000000006,1.7,5.2,90.85714285714285,100.0,Safe,Safe,STABLE,STABLE
Nagaland_nan_93.7742,2023,8.4,49.59349593495935,Nagaland,Dimapur,-0.03333333333333292,8.366666666666667,8.3,2.2,14.5,49.864498644986455,50.40650406504065,Stressed,Watch,STABLE,STABLE
Telangana_18.5582_79.9244,2023,1.3,93.33333333333333,Telangana,Jayashankar Bhupalapally,-0.38750000000000007,0.9125,0.13749999999999996,1.0,5.5,100.0,100.0,Safe,Safe,STABLE,STABLE
Telangana_18.4985_77.7843,2023,2.5,100.0,Telangana,Kamareddy,-0.5166666666666666,1.9833333333333334,0.9500000000000002,2.5,9.9,100.0,100.0,Safe,Safe,STABLE,STABLE
Meghalaya_nan_90.25,2023,3.4,37.50000000000002,Meghalaya,West Garo Hills,0.03999999999999996,3.44,3.5199999999999996,2.9,3.7,32.500000000000014,22.500000000000064,Stressed,Critical,STABLE,FUTURE_CRITICAL
Meghalaya_nan_90.05,2023,3.6,0.0,Meghalaya,West Garo Hills,0.060000000000000074,3.66,3.7800000000000002,2.4,3.6,0.0,0.0,Critical,Critical,FUTURE_CRITICAL,FUTURE_CRITICAL
Nagaland_nan_93.6006,2023,7.2,0.0,Nagaland,Dimapur,0.25,7.45,7.95,4.5,7.2,0.0,0.0,Critical,Critical,FUTURE_CRITICAL,FUTURE_CRITICAL
Telangana_18.4005_77.7148,2023,1.2,89.65517241379311,Telangana,Kamareddy,-0.3714285714285714,0.8285714285714285,0.08571428571428585,0.9,3.8,100.0,100.0,Safe,Safe,RECOVERY_EXPECTED,STABLE
Telangana_18.3854_77.7945,2023,3.9,100.0,Telangana,Kamareddy,-1.7285714285714284,2.1714285714285717,0.0,3.9,16.0,100.0,100.0,Safe,Safe,STABLE,STABLE
Telangana_18.3344_79.6797,2023,3.5,100.0,Telangana,Jayashankar Bhupalapally,-0.4750000000000001,3.025,2.0749999999999997,3.5,9.7,100.0,100.0,Safe,Safe,STABLE,STABLE
Meghalaya_nan_92.175,2023,0.4,100.0,Meghalaya,West Jaintia Hills,-0.03999999999999996,0.36000000000000004,0.28000000000000014,0.4,0.6,100.0,100.0,Safe,Safe,STABLE,STABLE
Meghalaya_nan_92.0333,2023,0.7,100.0,Meghalaya,West Jaintia Hills,-0.19999999999999998,0.5,0.09999999999999998,0.7,1.9,100.0,100.0,Safe,Safe,STABLE,STABLE
Nagaland_nan_93.7167,2023,7.4,0.0,Nagaland,Dimapur,0.4333333333333334,7.833333333333334,8.700000000000001,2.4,7.4,0.0,0.0,Critical,Critical,FUTURE_CRITICAL,FUTURE_CRITICAL
Nagaland_nan_93.6853,2023,1.9,83.72093023255815,Nagaland,Dimapur,-1.2,0.7,0.0,0.5,9.1,97.67441860465115,100.0,Safe,Safe,RECOVERY_EXPECTED,RECOVERY_EXPECTED
Meghalaya_25.6633_90.6103,2023,2.2,64.70588235294117,Meghalaya,East Garo Hills,0.05714285714285716,2.257142857142857,2.371428571428572,1.6,3.3,61.34453781512605,54.62184873949577,Watch,Watch,STABLE,STABLE
Andhra Pradesh_17.8029_83.3542,2023,14.2,29.24528301886794,Andhra Pradesh,Visakhapatnam,0.6428571428571429,14.842857142857142,16.128571428571426,6.7,17.3,23.180592991913763,11.051212938005417,Critical,Critical,FUTURE_CRITICAL,FUTURE_CRITICAL
Assam_26.0636_93.185,2023,1.5,100.0,Assam,Karbi Anglong,-0.12857142857142856,1.3714285714285714,1.1142857142857143,1.5,3.1,100.0,100.0,Safe,Safe,STABLE,STABLE
Jharkhand_24.3833_87.1833,2023,7.1,0.0,Jharkhand,Dumka,0.36,7.46,8.18,5.3,7.1,0.0,0.0,Critical,Critical,FUTURE_CRITICAL,FUTURE_CRITICAL
Jharkhand_24.3_85.4167,2023,5.9,100.0,Jharkhand,Hazaribagh,-0.12857142857142856,5.771428571428572,5.514285714285714,5.9,10.4,100.0,100.0,Safe,Safe,STABLE,STABLE
Telangana_18.6394_79.9513,2023,8.0,18.6046511627907,Telangana,Jayashankar Bhupalapally,1.0,9.0,11.0,1.0,9.6,6.976744186046513,0.0,Critical,Critical,FUTURE_CRITICAL,FUTURE_CRITICAL
Meghalaya_25.6192_90.7675,2023,2.5,100.0,Meghalaya,East Garo Hills,-0.14285714285714282,2.357142857142857,2.0714285714285716,2.5,3.5,100.0,100.0,Safe,Safe,STABLE,STABLE
Madhya Pradesh_26.6428_78.8794,2023,35.1,0.0,Madhya Pradesh,Bhind,1.7800000000000005,36.88,40.440000000000005,22.8,35.1,0.0,0.0,Critical,Critical,FUTURE_CRITICAL,FUTURE_CRITICAL
Madhya Pradesh_26.75_78.6442,2023,12.9,100.0,Madhya Pradesh,Bhind,-1.4599999999999997,11.440000000000001,8.520000000000001,12.9,27.0,100.0,100.0,Safe,Safe,STABLE,STABLE
Telangana_18.6255_79.9448,2023,4.1,68.96551724137932,Telangana,Jayashankar Bhupalapally,-0.062499999999999944,4.0375,3.9124999999999996,3.2,6.1,71.12068965517241,75.43103448275863,Watch,Safe,STABLE,STABLE
Madhya Pradesh_26.1861_78.9472,2023,10.8,68.5185185185185,Madhya Pradesh,Bhind,-1.7,9.100000000000001,5.700000000000001,2.3,29.3,74.8148148148148,87.4074074074074,Watch,Safe,STABLE,RECOVERY_EXPECTED
Madhya Pradesh_26.3683_78.4839,2023,0.6,100.0,Madhya Pradesh,Bhind,-0.20000000000000004,0.3999999999999999,0.0,0.6,3.8,100.0,100.0,Safe,Safe,STABLE,STABLE
Madhya Pradesh_26.3553_78.6342,2023,6.3,17.647058823529427,Madhya Pradesh,Bhind,0.44000000000000006,6.74,7.62,3.5,6.9,4.705882352941182,0.0,Critical,Critical,FUTURE_CRITICAL,FUTURE_CRITICAL
Madhya Pradesh_26.3444_78.4919,2023,2.6,71.42857142857142,Madhya Pradesh,Bhind,-0.21666666666666676,2.3833333333333333,1.9499999999999997,1.4,5.6,76.58730158730158,86.90476190476191,Safe,Safe,STABLE,RECOVERY_EXPECTED
Madhya Pradesh_26.4978_78.6011,2023,7.7,82.97872340425532,Madhya Pradesh,Bhind,0.15999999999999998,7.86,8.18,6.9,11.6,79.57446808510637,72.76595744680851,Safe,Watch,STABLE,STABLE
Madhya Pradesh_26.4753_78.4783,2023,5.0,74.54545454545455,Madhya Pradesh,Bhind,-0.1333333333333333,4.866666666666667,4.6,3.6,9.1,76.96969696969697,81.81818181818183,Safe,Safe,STABLE,STABLE
Madhya Pradesh_26.4306_77.8767,2023,18.4,0.0,Madhya Pradesh,Morena,1.2999999999999996,19.7,22.299999999999997,11.9,18.4,0.0,0.0,Critical,Critical,FUTURE_CRITICAL,FUTURE_CRITICAL
Madhya Pradesh_26.6369_78.9417,2023,25.3,93.20388349514563,Madhya Pradesh,Bhind,-1.9199999999999993,23.380000000000003,19.540000000000003,24.6,34.9,100.0,100.0,Safe,Safe,STABLE,STABLE
Madhya Pradesh_26.6147_78.1447,2023,29.6,5.61797752808989,Madhya Pradesh,Morena,1.6800000000000004,31.28,34.64,21.2,30.1,0.0,0.0,Critical,Critical,FUTURE_CRITICAL,FUTURE_CRITICAL
Madhya Pradesh_26.5214_78.7306,2023,10.4,100.0,Madhya Pradesh,Bhind,-4.0,6.4,0.0,10.4,30.4,100.0,100.0,Safe,Safe,STABLE,STABLE
Madhya Pradesh_26.7472_78.2375,2023,30.2,0.0,Madhya Pradesh,Morena,0.0,30.2,30.2,22.2,30.2,0.0,0.0,Critical,Critical,FUTURE_CRITICAL,FUTURE_CRITICAL
Madhya Pradesh_26.6778_78.3803,2023,22.3,100.0,Madhya Pradesh,Morena,-0.01999999999999956,22.28,22.240000000000002,22.3,39.4,100.0,100.0,Safe,Safe,STABLE,STABLE
Madhya Pradesh_26.16_78.455,2023,12.4,100.0,Madhya Pradesh,Gwalior,-0.38333333333333314,12.016666666666667,11.25,12.4,19.0,100.0,100.0,Safe,Safe,STABLE,STABLE
Madhya Pradesh_26.1644_78.355,2023,10.2,67.92452830188681,Madhya Pradesh,Gwalior,-0.7200000000000003,9.479999999999999,8.04,8.5,13.8,81.50943396226418,100.0,Safe,Safe,RECOVERY_EXPECTED,RECOVERY_EXPECTED
Madhya Pradesh_26.2_77.6392,2023,3.5,82.6086956521739,Madhya Pradesh,Morena,-1.14,2.3600000000000003,0.08000000000000007,2.3,9.2,99.13043478260869,100.0,Safe,Safe,RECOVERY_EXPECTED,RECOVERY_EXPECTED
Jharkhand_24.8369_87.2392,2023,5.0,50.0,Jharkhand,Godda,0.05999999999999993,5.06,5.18,3.8,6.2,47.50000000000002,42.500000000000014,Stressed,Stressed,STABLE,STABLE
Madhya Pradesh_26.2381_78.7811,2023,3.7,38.46153846153846,Madhya Pradesh,Datia,0.26000000000000006,3.9600000000000004,4.48,2.1,4.7,28.46153846153845,8.461538461538453,Stressed,Critical,EARLY_DEPLETION_WARNING,FUTURE_CRITICAL
Madhya Pradesh_25.9961_78.8792,2023,5.2,28.57142857142856,Madhya Pradesh,Bhind,0.2600000000000001,5.46,5.98,3.7,5.8,16.19047619047619,0.0,Critical,Critical,FUTURE_CRITICAL,FUTURE_CRITICAL
Madhya Pradesh_25.9847_78.2839,2023,4.1,100.0,Madhya Pradesh,Gwalior,-0.9,3.1999999999999997,1.3999999999999995,4.1,8.6,100.0,100.0,Safe,Safe,STABLE,STABLE
Madhya Pradesh_25.9747_77.8314,2023,2.4,73.07692307692307,Madhya Pradesh,Gwalior,-0.17999999999999988,2.22,1.8600000000000003,1.7,4.3,79.99999999999999,93.84615384615384,Safe,Safe,STABLE,RECOVERY_EXPECTED
Madhya Pradesh_26.0358_78.2558,2023,8.1,89.3939393939394,Madhya Pradesh,Gwalior,-0.019999999999999928,8.08,8.04,7.4,14.0,89.6969696969697,90.30303030303031,Safe,Safe,STABLE,STABLE
Madhya Pradesh_26.0294_78.7972,2023,8.2,100.0,Madhya Pradesh,Bhind,-0.38000000000000006,7.819999999999999,7.059999999999999,8.2,20.6,100.0,100.0,Safe,Safe,STABLE,STABLE
Madhya Pradesh_26.0106_78.6567,2023,5.8,94.94949494949495,Madhya Pradesh,Datia,-0.5600000000000002,5.239999999999999,4.119999999999999,5.3,15.2,100.0,100.0,Safe,Safe,STABLE,STABLE
Madhya Pradesh_26.1178_78.0211,2023,14.6,88.46153846153845,Madhya Pradesh,Gwalior,-1.916666666666667,12.683333333333334,8.849999999999998,13.1,26.1,100.0,100.0,Safe,Safe,RECOVERY_EXPECTED,STABLE
Madhya Pradesh_26.0806_78.9031,2023,12.5,51.85185185185184,Madhya Pradesh,Bhind,-0.1,12.4,12.2,11.2,13.9,55.555555555555536,62.962962962962976,Watch,Watch,STABLE,STABLE
Madhya Pradesh_26.05_77.9333,2023,3.3,84.44444444444446,Madhya Pradesh,Gwalior,-0.5,2.8,1.7999999999999998,2.6,7.1,95.55555555555556,100.0,Safe,Safe,RECOVERY_EXPECTED,RECOVERY_EXPECTED
Madhya Pradesh_26.1539_78.4328,2023,10.9,89.99999999999999,Madhya Pradesh,Gwalior,-0.21666666666666648,10.683333333333334,10.25,10.0,19.0,92.4074074074074,97.22222222222221,Safe,Safe,STABLE,STABLE
Madhya Pradesh_26.1492_78.7011,2023,31.5,30.701754385964918,Madhya Pradesh,Datia,-0.10000000000000035,31.4,31.2,23.6,35.0,31.578947368421073,33.33333333333335,Stressed,Stressed,STABLE,STABLE
Madhya Pradesh_26.1186_78.0658,2023,39.3,0.0,Madhya Pradesh,Gwalior,2.5199999999999996,41.81999999999999,46.86,22.0,39.3,0.0,0.0,Critical,Critical,FUTURE_CRITICAL,FUTURE_CRITICAL
Madhya Pradesh_26.1736_78.5428,2023,18.8,11.290322580645151,Madhya Pradesh,Gwalior,-0.033333333333333805,18.766666666666666,18.7,2.3,20.9,11.46953405017921,11.827956989247312,Critical,Critical,FUTURE_CRITICAL,FUTURE_CRITICAL
Madhya Pradesh_25.2683_80.1944,2023,4.3,100.0,Madhya Pradesh,Chhatarpur,-0.2999999999999998,4.0,3.4000000000000004,4.3,13.1,100.0,100.0,Safe,Safe,STABLE,STABLE
Madhya Pradesh_25.2547_78.6733,2023,4.6,96.15384615384616,Madhya Pradesh,Niwari,-0.15000000000000008,4.449999999999999,4.1499999999999995,4.3,12.1,98.07692307692308,100.0,Safe,Safe,STABLE,STABLE
Madhya Pradesh_25.3514_78.6453,2023,12.6,69.64285714285714,Madhya Pradesh,Niwari,-0.2333333333333328,12.366666666666667,11.900000000000002,7.5,24.3,71.03174603174602,73.8095238095238,Watch,Watch,STABLE,STABLE
Madhya Pradesh_25.3494_78.6411,2023,8.0,60.60606060606061,Madhya Pradesh,Niwari,0.0,8.0,8.0,6.7,10.0,60.60606060606061,60.60606060606061,Watch,Watch,STABLE,STABLE
Madhya Pradesh_25.3458_78.8,2023,4.1,95.1048951048951,Madhya Pradesh,Niwari,-0.9333333333333336,3.166666666666666,1.299999999999999,3.4,17.7,100.0,100.0,Safe,Safe,STABLE,STABLE
Madhya Pradesh_25.7328_78.7431,2023,4.9,100.0,Madhya Pradesh,Datia,-0.41999999999999993,4.48,3.6400000000000006,4.9,14.0,100.0,100.0,Safe,Safe,STABLE,STABLE
Madhya Pradesh_25.6936_78.5811,2023,3.6,83.33333333333331,Madhya Pradesh,Datia,-0.29999999999999993,3.3000000000000003,2.7,3.3,5.1,99.99999999999997,100.0,Safe,Safe,RECOVERY_EXPECTED,RECOVERY_EXPECTED
Madhya Pradesh_25.6453_78.4594,2023,3.4,88.63636363636364,Madhya Pradesh,Datia,-1.1199999999999999,2.2800000000000002,0.04000000000000048,1.9,15.1,97.12121212121212,100.0,Safe,Safe,STABLE,STABLE
Madhya Pradesh_25.8297_78.2444,2023,3.4,78.26086956521739,Madhya Pradesh,Gwalior,0.29999999999999993,3.6999999999999997,4.3,1.9,8.8,73.91304347826087,65.21739130434783,Watch,Watch,STABLE,STABLE
Madhya Pradesh_25.8189_78.1803,2023,2.9,85.56701030927834,Madhya Pradesh,Gwalior,0.27999999999999997,3.1799999999999997,3.7399999999999998,1.5,11.2,82.68041237113401,76.90721649484537,Safe,Safe,STABLE,STABLE
Madhya Pradesh_25.7783_78.5006,2023,8.8,28.301886792452823,Madhya Pradesh,Datia,0.36000000000000015,9.16,9.88,5.0,10.3,21.509433962264158,7.924528301886791,Critical,Critical,FUTURE_CRITICAL,FUTURE_CRITICAL
Madhya Pradesh_25.9519_77.9308,2023,5.1,62.50000000000002,Madhya Pradesh,Gwalior,0.0,5.1,5.1,4.5,6.1,62.50000000000002,62.50000000000002,Watch,Watch,STABLE,STABLE
Madhya Pradesh_25.89_78.7956,2023,13.4,91.37931034482759,Madhya Pradesh,Datia,0.060000000000000143,13.46,13.58,12.9,18.7,90.34482758620689,88.27586206896552,Safe,Safe,STABLE,STABLE
Madhya Pradesh_25.8972_77.7772,2023,2.2,75.0,Madhya Pradesh,Gwalior,0.11999999999999995,2.3200000000000003,2.56,1.6,4.0,70.0,60.0,Watch,Watch,STABLE,STABLE
Madhya Pradesh_25.8433_77.9519,2023,3.9,100.0,Madhya Pradesh,Gwalior,-0.13999999999999993,3.76,3.48,3.9,8.8,100.0,100.0,Safe,Safe,STABLE,STABLE
Madhya Pradesh_25.0236_79.2375,2023,4.2,96.875,Madhya Pradesh,Tikamgarh,-0.2666666666666666,3.9333333333333336,3.4000000000000004,3.9,13.5,99.65277777777779,100.0,Safe,Safe,STABLE,STABLE
Madhya Pradesh_25.0236_79.225,2023,4.5,100.0,Madhya Pradesh,Tikamgarh,-0.21666666666666667,4.283333333333333,3.85,4.5,7.8,100.0,100.0,Safe,Safe,STABLE,STABLE
Madhya Pradesh_25.0031_79.0475,2023,4.1,68.8888888888889,Madhya Pradesh,Tikamgarh,-0.1333333333333336,3.966666666666666,3.699999999999999,2.7,7.2,71.85185185185188,77.77777777777781,Watch,Safe,STABLE,STABLE
Madhya Pradesh_25.0717_78.8731,2023,8.1,0.0,Madhya Pradesh,Tikamgarh,0.4666666666666666,8.566666666666666,9.5,3.3,8.1,0.0,0.0,Critical,Critical,FUTURE_CRITICAL,FUTURE_CRITICAL
Madhya Pradesh_25.0303_81.3647,2023,5.6,73.58490566037736,Madhya Pradesh,Rewa,-0.3000000000000001,5.3,4.699999999999999,4.2,9.5,79.24528301886792,90.56603773584906,Safe,Safe,STABLE,RECOVERY_EXPECTED
Madhya Pradesh_25.0267_79.7989,2023,6.6,89.23076923076924,Madhya Pradesh,Chhatarpur,-0.18000000000000002,6.42,6.06,5.9,12.4,92.0,97.53846153846155,Safe,Safe,STABLE,STABLE
Madhya Pradesh_25.1136_81.3019,2023,6.9,63.74999999999999,Madhya Pradesh,Rewa,-0.85,6.050000000000001,4.3500000000000005,4.0,12.0,74.37499999999999,95.625,Watch,Safe,RECOVERY_EXPECTED,RECOVERY_EXPECTED
Madhya Pradesh_25.0775_79.3333,2023,6.2,23.33333333333334,Madhya Pradesh,Tikamgarh,0.04999999999999997,6.25,6.35,3.9,6.9,21.66666666666668,18.333333333333357,Critical,Critical,FUTURE_CRITICAL,FUTURE_CRITICAL
Madhya Pradesh_25.1278_80.2439,2023,5.1,41.66666666666667,Madhya Pradesh,Chhatarpur,0.019999999999999973,5.119999999999999,5.159999999999999,3.7,6.1,40.83333333333336,39.16666666666669,Stressed,Stressed,STABLE,STABLE
Madhya Pradesh_25.1253_79.0944,2023,11.5,0.0,Madhya Pradesh,Tikamgarh,0.08333333333333333,11.583333333333334,11.75,5.4,11.5,0.0,0.0,Critical,Critical,FUTURE_CRITICAL,FUTURE_CRITICAL
Madhya Pradesh_25.115_78.7917,2023,4.6,61.904761904761905,Madhya Pradesh,Niwari,0.26666666666666666,4.866666666666666,5.3999999999999995,2.2,8.5,57.67195767195767,49.20634920634922,Watch,Stressed,STABLE,STABLE
Madhya Pradesh_25.2061_78.7539,2023,3.9,75.92592592592592,Madhya Pradesh,Niwari,-0.82,3.08,1.44,2.6,8.0,91.11111111111111,100.0,Safe,Safe,RECOVERY_EXPECTED,RECOVERY_EXPECTED
Madhya Pradesh_25.1964_78.6961,2023,5.4,100.0,Madhya Pradesh,Niwari,-0.5599999999999998,4.840000000000001,3.7200000000000006,5.4,10.8,100.0,100.0,Safe,Safe,STABLE,STABLE
Madhya Pradesh_25.1861_80.2872,2023,2.2,49.99999999999998,Madhya Pradesh,Chhatarpur,0.12,2.3200000000000003,2.56,1.6,2.8,39.99999999999997,19.999999999999986,Stressed,Critical,EARLY_DEPLETION_WARNING,FUTURE_CRITICAL
Madhya Pradesh_25.3447_78.8011,2023,3.8,84.81012658227849,Madhya Pradesh,Niwari,-1.34,2.46,0.0,2.6,10.5,100.0,100.0,Safe,Safe,RECOVERY_EXPECTED,RECOVERY_EXPECTED
Madhya Pradesh_24.8619_79.3847,2023,9.5,34.042553191489354,Madhya Pradesh,Chhatarpur,0.6199999999999999,10.12,11.36,6.4,11.1,20.851063829787243,0.0,Critical,Critical,FUTURE_CRITICAL,FUTURE_CRITICAL
Madhya Pradesh_24.85_79.4808,2023,8.4,74.5098039215686,Madhya Pradesh,Chhatarpur,-0.019999999999999928,8.38,8.34,7.1,12.2,74.9019607843137,75.68627450980392,Watch,Safe,STABLE,STABLE
Madhya Pradesh_24.8481_79.1706,2023,3.3,81.25000000000001,Madhya Pradesh,Tikamgarh,-0.1166666666666667,3.183333333333333,2.9499999999999997,2.7,5.9,84.89583333333334,92.18750000000001,Safe,Safe,STABLE,STABLE
Madhya Pradesh_24.9322_79.5864,2023,3.0,98.11320754716981,Madhya Pradesh,Chhatarpur,-1.0399999999999998,1.9600000000000002,0.0,2.9,8.2,100.0,100.0,Safe,Safe,STABLE,STABLE
Madhya Pradesh_24.92_78.8386,2023,2.8,55.882352941176485,Madhya Pradesh,Tikamgarh,0.23333333333333325,3.033333333333333,3.4999999999999996,1.3,4.7,49.01960784313727,35.294117647058854,Stressed,Stressed,STABLE,EARLY_DEPLETION_WARNING
Madhya Pradesh_24.8681_79.72,2023,6.4,58.33333333333333,Madhya Pradesh,Chhatarpur,0.3,6.7,7.300000000000001,4.9,8.5,50.0,33.333333333333314,Watch,Stressed,STABLE,EARLY_DEPLETION_WARNING
Madhya Pradesh_24.9711_78.8394,2023,5.1,83.72093023255816,Madhya Pradesh,Tikamgarh,-0.6600000000000001,4.4399999999999995,3.119999999999999,4.4,8.7,99.06976744186049,100.0,Safe,Safe,RECOVERY_EXPECTED,RECOVERY_EXPECTED
Madhya Pradesh_24.9625_81.4917,2023,17.9,47.222222222222285,Madhya Pradesh,Rewa,-0.033333333333333486,17.866666666666664,17.799999999999997,16.0,19.6,48.14814814814825,50.0000000000001,Stressed,Watch,STABLE,STABLE
Andhra Pradesh_15.9354_80.4451,2023,3.0,0.0,Andhra Pradesh,Bapatla,0.18750000000000003,3.1875,3.5625,1.5,3.0,0.0,0.0,Critical,Critical,FUTURE_CRITICAL,FUTURE_CRITICAL
Madhya Pradesh_24.9_79.5911,2023,5.9,100.0,Madhya Pradesh,Chhatarpur,-0.4800000000000001,5.42,4.46,5.9,9.7,100.0,100.0,Safe,Safe,STABLE,STABLE
Madhya Pradesh_24.9964_79.6514,2023,6.6,0.0,Madhya Pradesh,Chhatarpur,0.3799999999999999,6.9799999999999995,7.739999999999999,4.7,6.6,0.0,0.0,Critical,Critical,FUTURE_CRITICAL,FUTURE_CRITICAL
Madhya Pradesh_24.9731_81.3911,2023,20.3,0.0,Madhya Pradesh,Rewa,0.18333333333333357,20.483333333333334,20.85,16.8,20.3,0.0,0.0,Critical,Critical,FUTURE_CRITICAL,FUTURE_CRITICAL
Madhya Pradesh_24.7944_78.9283,2023,2.3,100.0,Madhya Pradesh,Tikamgarh,-0.6333333333333333,1.6666666666666665,0.3999999999999999,2.3,7.5,100.0,100.0,Safe,Safe,STABLE,STABLE
Madhya Pradesh_24.7867_81.775,2023,9.8,24.99999999999999,Madhya Pradesh,Mauganj,0.4142857142857143,10.214285714285715,11.042857142857144,4.4,11.6,19.246031746031733,7.738095238095211,Critical,Critical,FUTURE_CRITICAL,FUTURE_CRITICAL
Madhya Pradesh_24.7769_82.0833,2023,9.1,7.272727272727275,Madhya Pradesh,Mauganj,0.1,9.2,9.4,4.0,9.5,5.4545454545454675,1.8181818181818077,Critical,Critical,FUTURE_CRITICAL,FUTURE_CRITICAL
Madhya Pradesh_24.8156_81.645,2023,5.0,100.0,Madhya Pradesh,Rewa,-0.5500000000000002,4.45,3.3499999999999996,5.0,8.3,100.0,100.0,Safe,Safe,STABLE,STABLE
Madhya Pradesh_24.7978_79.4772,2023,7.6,41.666666666666664,Madhya Pradesh,Chhatarpur,-0.4599999999999998,7.14,6.220000000000001,2.7,11.1,47.14285714285714,58.09523809523809,Stressed,Watch,STABLE,RECOVERY_EXPECTED
Madhya Pradesh_24.8364_78.9972,2023,7.0,84.61538461538461,Madhya Pradesh,Tikamgarh,-0.7166666666666667,6.283333333333333,4.85,5.8,13.6,93.80341880341881,100.0,Safe,Safe,STABLE,RECOVERY_EXPECTED
Madhya Pradesh_24.8339_81.3653,2023,9.3,60.86956521739128,Madhya Pradesh,Rewa,0.176923076923077,9.476923076923077,9.830769230769231,6.6,13.5,58.30546265328873,53.1772575250836,Watch,Watch,STABLE,STABLE
Madhya Pradesh_24.6819_81.7147,2023,5.0,59.77011494252873,Madhya Pradesh,Mauganj,-0.8666666666666666,4.133333333333334,2.4000000000000004,1.5,10.2,69.73180076628351,89.6551724137931,Watch,Safe,STABLE,RECOVERY_EXPECTED
Madhya Pradesh_24.675_81.8889,2023,6.4,29.999999999999982,Madhya Pradesh,Mauganj,0.12857142857142861,6.528571428571429,6.7857142857142865,4.3,7.3,25.71428571428568,17.142857142857114,Stressed,Critical,STABLE,FUTURE_CRITICAL
Madhya Pradesh_24.6503_79.4981,2023,5.7,100.0,Madhya Pradesh,Chhatarpur,-0.8400000000000002,4.86,3.1799999999999997,5.7,11.2,100.0,100.0,Safe,Safe,STABLE,STABLE
Madhya Pradesh_24.71_82.1092,2023,7.7,18.51851851851849,Madhya Pradesh,Mauganj,-0.01666666666666668,7.683333333333334,7.65,5.5,8.2,19.135802469135776,20.37037037037034,Critical,Critical,FUTURE_CRITICAL,FUTURE_CRITICAL
Madhya Pradesh_24.7089_81.9925,2023,8.3,47.87234042553191,Madhya Pradesh,Mauganj,0.7166666666666668,9.016666666666667,10.450000000000001,3.4,12.8,40.248226950354606,25.0,Stressed,Stressed,STABLE,EARLY_DEPLETION_WARNING
Madhya Pradesh_24.6925_79.3689,2023,8.1,45.9016393442623,Madhya Pradesh,Chhatarpur,-0.2800000000000001,7.819999999999999,7.26,4.8,10.9,50.49180327868854,59.67213114754099,Watch,Watch,STABLE,STABLE
Madhya Pradesh_24.7414_82.0456,2023,11.0,1.754385964912275,Madhya Pradesh,Mauganj,0.7999999999999999,11.8,13.4,5.4,11.1,0.0,0.0,Critical,Critical,FUTURE_CRITICAL,FUTURE_CRITICAL
Madhya Pradesh_24.7283_81.4089,2023,4.4,60.606060606060595,Madhya Pradesh,Rewa,-0.06666666666666658,4.333333333333334,4.200000000000001,1.8,8.4,61.61616161616161,63.636363636363626,Watch,Watch,STABLE,STABLE
Telangana_18.9791_78.3778,2023,2.0,100.0,Telangana,Nizamabad,-0.325,1.675,1.025,2.0,6.3,100.0,100.0,Safe,Safe,STABLE,STABLE
Madhya Pradesh_24.7569_78.8347,2023,4.7,78.78787878787878,Madhya Pradesh,Tikamgarh,0.04999999999999997,4.75,4.85,4.0,7.3,77.27272727272727,74.24242424242425,Safe,Watch,STABLE,STABLE
Madhya Pradesh_24.7561_79.05,2023,1.1,100.0,Madhya Pradesh,Tikamgarh,-0.4166666666666667,0.6833333333333333,0.0,1.1,9.4,100.0,100.0,Safe,Safe,STABLE,STABLE
Madhya Pradesh_24.7439_78.8381,2023,6.5,73.68421052631578,Madhya Pradesh,Tikamgarh,0.18333333333333326,6.683333333333334,7.05,5.0,10.7,70.46783625730994,64.03508771929825,Watch,Watch,STABLE,STABLE
Madhya Pradesh_24.5469_79.2528,2023,3.4,80.0,Madhya Pradesh,Chhatarpur,-0.13999999999999996,3.26,2.98,2.8,5.8,84.66666666666667,94.0,Safe,Safe,STABLE,STABLE
Madhya Pradesh_24.5439_81.3031,2023,6.6,100.0,Madhya Pradesh,Rewa,-0.15000000000000005,6.449999999999999,6.1499999999999995,6.6,9.1,100.0,100.0,Safe,Safe,STABLE,STABLE
Madhya Pradesh_24.5219_81.3897,2023,11.0,10.256410256410264,Madhya Pradesh,Rewa,-0.06666666666666667,10.933333333333334,10.8,7.5,11.4,11.965811965811968,15.384615384615374,Critical,Critical,FUTURE_CRITICAL,FUTURE_CRITICAL
Madhya Pradesh_24.5622_79.5328,2023,10.3,100.0,Madhya Pradesh,Chhatarpur,-0.9399999999999998,9.360000000000001,7.480000000000001,10.3,17.5,100.0,100.0,Safe,Safe,STABLE,STABLE
Madhya Pradesh_24.5528_81.77,2023,7.7,71.42857142857142,Madhya Pradesh,Mauganj,-0.5999999999999999,7.1000000000000005,5.9,6.5,10.7,85.7142857142857,100.0,Safe,Safe,RECOVERY_EXPECTED,RECOVERY_EXPECTED
Madhya Pradesh_24.5472_82.1308,2023,14.4,76.36363636363636,Madhya Pradesh,Sidhi,0.6875000000000002,15.0875,16.462500000000002,13.1,18.6,63.86363636363637,38.86363636363633,Watch,Stressed,EARLY_DEPLETION_WARNING,EARLY_DEPLETION_WARNING
Madhya Pradesh_24.5881_79.6097,2023,8.8,100.0,Madhya Pradesh,Chhatarpur,-0.5799999999999998,8.22,7.060000000000001,8.8,12.1,100.0,100.0,Safe,Safe,STABLE,STABLE
Madhya Pradesh_24.5783_81.4367,2023,9.2,92.85714285714289,Madhya Pradesh,Rewa,-0.65,8.549999999999999,7.249999999999999,8.9,13.1,100.0,100.0,Safe,Safe,STABLE,STABLE
Madhya Pradesh_24.5719_79.0219,2023,12.1,0.0,Madhya Pradesh,Tikamgarh,0.0,12.1,12.1,8.1,12.1,0.0,0.0,Critical,Critical,FUTURE_CRITICAL,FUTURE_CRITICAL
Madhya Pradesh_24.6133_79.6692,2023,5.2,82.6923076923077,Madhya Pradesh,Chhatarpur,-0.44000000000000006,4.76,3.88,4.3,9.5,91.15384615384615,100.0,Safe,Safe,STABLE,RECOVERY_EXPECTED
Madhya Pradesh_24.6011_81.3564,2023,9.4,53.06122448979591,Madhya Pradesh,Rewa,-0.11666666666666654,9.283333333333333,9.05,7.1,12.0,55.442176870748305,60.20408163265305,Watch,Watch,STABLE,STABLE
Madhya Pradesh_24.645_81.5433,2023,11.0,89.65517241379311,Madhya Pradesh,Rewa,-1.3,9.7,7.1,10.1,18.8,100.0,100.0,Safe,Safe,RECOVERY_EXPECTED,STABLE
Madhya Pradesh_24.6394_79.4817,2023,13.6,51.891891891891895,Madhya Pradesh,Chhatarpur,0.16363636363636339,13.763636363636364,14.09090909090909,4.7,23.2,51.007371007371006,49.238329238329236,Watch,Stressed,STABLE,STABLE
Madhya Pradesh_24.4061_81.9769,2023,6.5,55.88235294117647,Madhya Pradesh,Sidhi,0.3,6.8,7.4,5.0,8.4,47.058823529411775,29.411764705882348,Stressed,Stressed,STABLE,EARLY_DEPLETION_WARNING
Madhya Pradesh_24.4028_81.8875,2023,8.0,80.00000000000007,Madhya Pradesh,Sidhi,-0.019999999999999896,7.98,7.94,7.9,8.4,83.99999999999999,92.0,Safe,Safe,STABLE,STABLE
Madhya Pradesh_24.3964_81.7547,2023,7.7,51.28205128205128,Madhya Pradesh,Sidhi,0.5499999999999999,8.25,9.35,3.9,11.7,44.230769230769226,30.12820512820513,Stressed,Stressed,STABLE,EARLY_DEPLETION_WARNING
Madhya Pradesh_24.4775_79.275,2023,4.2,71.42857142857142,Madhya Pradesh,Chhatarpur,-0.07999999999999995,4.12,3.9600000000000004,3.6,5.7,75.23809523809524,82.85714285714285,Safe,Safe,STABLE,STABLE
Madhya Pradesh_24.4717_81.3781,2023,3.7,83.99999999999999,Madhya Pradesh,Rewa,-0.41999999999999993,3.2800000000000002,2.4400000000000004,3.3,5.8,100.0,100.0,Safe,Safe,RECOVERY_EXPECTED,RECOVERY_EXPECTED
Madhya Pradesh_24.4194_82.0375,2023,4.5,62.0,Madhya Pradesh,Sidhi,0.3599999999999999,4.859999999999999,5.58,2.6,7.6,54.80000000000002,40.400000000000006,Watch,Stressed,STABLE,EARLY_DEPLETION_WARNING
Assam_26.0589_93.1906,2023,1.0,98.0392156862745,Assam,Karbi Anglong,-0.29999999999999993,0.7000000000000001,0.1000000000000002,0.9,6.0,100.0,100.0,Safe,Safe,STABLE,STABLE
Madhya Pradesh_24.2597_80.7644,2023,5.2,51.162790697674424,Madhya Pradesh,Maihar,-0.2333333333333333,4.966666666666667,4.5,3.1,7.4,56.589147286821714,67.44186046511629,Watch,Watch,STABLE,RECOVERY_EXPECTED
Madhya Pradesh_24.2486_79.2872,2023,13.5,2.2471910112359494,Madhya Pradesh,Chhatarpur,0.2200000000000001,13.72,14.16,4.8,13.7,0.0,0.0,Critical,Critical,FUTURE_CRITICAL,FUTURE_CRITICAL
Madhya Pradesh_24.2375_81.7383,2023,4.7,79.16666666666666,Madhya Pradesh,Sidhi,-0.3666666666666667,4.333333333333334,3.6,3.7,8.5,86.80555555555554,100.0,Safe,Safe,STABLE,RECOVERY_EXPECTED
Madhya Pradesh_24.2947_79.2272,2023,1.9,73.52941176470588,Madhya Pradesh,Chhatarpur,-0.1,1.7999999999999998,1.5999999999999999,1.0,4.4,76.47058823529413,82.3529411764706,Safe,Safe,STABLE,STABLE
Madhya Pradesh_24.2886_81.7875,2023,7.8,52.941176470588225,Madhya Pradesh,Sidhi,0.11428571428571425,7.914285714285714,8.142857142857142,7.0,8.7,46.218487394958,32.77310924369748,Stressed,Stressed,STABLE,EARLY_DEPLETION_WARNING
Madhya Pradesh_24.275_81.9019,2023,4.6,0.0,Madhya Pradesh,Sidhi,0.19999999999999996,4.8,5.199999999999999,3.4,4.6,0.0,0.0,Critical,Critical,FUTURE_CRITICAL,FUTURE_CRITICAL
Madhya Pradesh_24.3189_82.3042,2023,14.4,72.97297297297298,Madhya Pradesh,Singrauli,0.011111111111111072,14.411111111111111,14.433333333333334,13.4,17.1,72.67267267267268,72.07207207207209,Watch,Watch,STABLE,STABLE
Madhya Pradesh_24.3144_80.9756,2023,17.3,21.311475409836046,Madhya Pradesh,Maihar,-2.4399999999999995,14.860000000000001,9.980000000000002,7.7,19.9,41.31147540983605,81.31147540983605,Stressed,Safe,RECOVERY_EXPECTED,RECOVERY_EXPECTED
Madhya Pradesh_24.3533_81.8258,2023,7.8,50.00000000000002,Madhya Pradesh,Sidhi,3.172065784643304e-17,7.8,7.8,6.8,8.8,50.00000000000002,50.00000000000002,Watch,Watch,STABLE,STABLE
Madhya Pradesh_24.3431_81.4808,2023,12.3,33.78378378378378,Madhya Pradesh,Sidhi,-0.611111111111111,11.68888888888889,10.466666666666669,7.4,14.8,42.04204204204204,58.55855855855854,Stressed,Watch,STABLE,RECOVERY_EXPECTED
Madhya Pradesh_24.1619_81.8625,2023,4.2,100.0,Madhya Pradesh,Sidhi,-0.016666666666666646,4.183333333333334,4.15,4.2,5.4,100.0,100.0,Safe,Safe,STABLE,STABLE
Madhya Pradesh_24.1467_81.4883,2023,13.1,85.71428571428577,Madhya Pradesh,Sidhi,-0.04285714285714295,13.057142857142857,12.971428571428572,12.8,14.9,87.75510204081637,91.83673469387757,Safe,Safe,STABLE,STABLE
Madhya Pradesh_24.1964_82.4558,2023,8.9,60.416666666666664,Madhya Pradesh,Singrauli,-0.15555555555555559,8.744444444444445,8.433333333333334,7.0,11.8,63.6574074074074,70.13888888888889,Watch,Watch,STABLE,STABLE
Madhya Pradesh_24.1858_81.6558,2023,8.0,80.43478260869564,Madhya Pradesh,Sidhi,-0.20000000000000004,7.8,7.4,7.1,11.7,84.78260869565217,93.4782608695652,Safe,Safe,STABLE,STABLE
Madhya Pradesh_24.19_81.4833,2023,13.5,47.82608695652174,Madhya Pradesh,Sidhi,0.014285714285714235,13.514285714285714,13.542857142857143,12.3,14.6,47.20496894409939,45.96273291925467,Stressed,Stressed,STABLE,STABLE
Madhya Pradesh_24.1994_79.3261,2023,9.4,19.99999999999993,Madhya Pradesh,Chhatarpur,-0.05999999999999979,9.34,9.22,8.2,9.7,23.999999999999964,31.999999999999908,Critical,Stressed,FUTURE_CRITICAL,STABLE
Madhya Pradesh_24.0011_82.1058,2023,5.0,0.0,Madhya Pradesh,Singrauli,0.25999999999999995,5.26,5.779999999999999,3.4,5.0,0.0,0.0,Critical,Critical,FUTURE_CRITICAL,FUTURE_CRITICAL
Madhya Pradesh_23.9867_81.7086,2023,4.3,0.0,Madhya Pradesh,Sidhi,0.07999999999999995,4.38,4.54,3.7,4.3,0.0,0.0,Critical,Critical,FUTURE_CRITICAL,FUTURE_CRITICAL
Madhya Pradesh_23.9456_82.485,2023,9.5,0.0,Madhya Pradesh,Singrauli,1.1,10.6,12.8,3.2,9.5,0.0,0.0,Critical,Critical,FUTURE_CRITICAL,FUTURE_CRITICAL
Madhya Pradesh_24.0417_82.2056,2023,7.0,0.0,Madhya Pradesh,Singrauli,0.7,7.7,9.1,3.5,7.0,0.0,0.0,Critical,Critical,FUTURE_CRITICAL,FUTURE_CRITICAL
Madhya Pradesh_24.0397_82.3178,2023,5.8,81.25000000000001,Madhya Pradesh,Singrauli,0.059999999999999984,5.859999999999999,5.9799999999999995,5.5,7.1,77.50000000000003,70.00000000000001,Safe,Watch,STABLE,STABLE
Madhya Pradesh_24.0397_82.2039,2023,4.2,92.3076923076923,Madhya Pradesh,Singrauli,0.04000000000000009,4.24,4.32,4.0,6.6,90.76923076923076,87.69230769230768,Safe,Safe,STABLE,STABLE
Madhya Pradesh_24.0472_82.2558,2023,6.3,42.85714285714287,Madhya Pradesh,Singrauli,0.040000000000000036,6.34,6.42,5.9,6.6,37.14285714285715,25.7142857142857,Stressed,Stressed,STABLE,EARLY_DEPLETION_WARNING
Madhya Pradesh_24.0469_81.9467,2023,8.6,36.065573770491824,Madhya Pradesh,Sidhi,0.6499999999999999,9.25,10.549999999999999,4.7,10.8,25.409836065573778,4.098360655737732,Stressed,Critical,EARLY_DEPLETION_WARNING,FUTURE_CRITICAL
Madhya Pradesh_24.045_81.9222,2023,8.9,13.333333333333341,Madhya Pradesh,Sidhi,0.21666666666666679,9.116666666666667,9.55,6.3,9.3,6.111111111111123,0.0,Critical,Critical,FUTURE_CRITICAL,FUTURE_CRITICAL
Madhya Pradesh_24.1014_81.8192,2023,6.8,34.693877551020414,Madhya Pradesh,Sidhi,0.5333333333333333,7.333333333333333,8.4,3.6,8.5,23.809523809523824,2.0408163265306034,Critical,Critical,FUTURE_CRITICAL,FUTURE_CRITICAL
Madhya Pradesh_24.04_82.0414,2023,5.3,75.51020408163265,Madhya Pradesh,Singrauli,0.019999999999999928,5.319999999999999,5.359999999999999,4.1,9.0,75.10204081632654,74.28571428571429,Safe,Watch,STABLE,STABLE
Madhya Pradesh_24.12_81.63,2023,7.4,40.62499999999998,Madhya Pradesh,Sidhi,0.02857142857142866,7.428571428571429,7.485714285714287,5.5,8.7,39.73214285714284,37.94642857142853,Stressed,Stressed,STABLE,STABLE
Madhya Pradesh_24.1203_81.9342,2023,8.2,72.3404255319149,Madhya Pradesh,Singrauli,0.039999999999999966,8.239999999999998,8.319999999999999,6.9,11.6,71.4893617021277,69.78723404255322,Watch,Watch,STABLE,STABLE
Madhya Pradesh_24.1017_81.8478,2023,3.0,78.72340425531915,Madhya Pradesh,Sidhi,0.10000000000000009,3.1,3.3000000000000003,2.0,6.7,76.59574468085107,72.34042553191489,Safe,Watch,STABLE,STABLE
Madhya Pradesh_23.8283_79.4361,2023,2.1,11.111111111111116,Madhya Pradesh,Damoh,0.059999999999999984,2.16,2.2800000000000002,1.3,2.2,4.444444444444451,0.0,Critical,Critical,FUTURE_CRITICAL,FUTURE_CRITICAL
Madhya Pradesh_23.8228_79.4367,2023,2.3,8.333333333333337,Madhya Pradesh,Damoh,0.21999999999999992,2.5199999999999996,2.9599999999999995,1.2,2.4,0.0,0.0,Critical,Critical,FUTURE_CRITICAL,FUTURE_CRITICAL
Madhya Pradesh_23.705_79.5367,2023,3.1,79.99999999999999,Madhya Pradesh,Damoh,0.020000000000000018,3.12,3.16,3.0,3.5,75.99999999999997,67.99999999999997,Safe,Watch,STABLE,STABLE
Madhya Pradesh_24.0111_82.4717,2023,8.1,39.13043478260872,Madhya Pradesh,Singrauli,0.8399999999999999,8.94,10.62,3.9,10.8,26.956521739130444,2.6086956521739313,Stressed,Critical,EARLY_DEPLETION_WARNING,FUTURE_CRITICAL
Madhya Pradesh_23.4525_77.6975,2023,3.3,100.0,Madhya Pradesh,Raisen,-0.3200000000000001,2.9799999999999995,2.3399999999999994,3.3,8.1,100.0,100.0,Safe,Safe,STABLE,STABLE
Madhya Pradesh_23.3244_76.7508,2023,2.8,65.85365853658536,Madhya Pradesh,Shajapur,-0.4142857142857143,2.3857142857142857,1.557142857142857,1.4,5.5,75.9581881533101,96.16724738675958,Safe,Safe,RECOVERY_EXPECTED,RECOVERY_EXPECTED
Madhya Pradesh_23.2822_80.3692,2023,3.2,63.829787234042556,Madhya Pradesh,Jabalpur,0.28333333333333327,3.4833333333333334,4.05,1.5,6.2,57.801418439716315,45.74468085106383,Watch,Stressed,STABLE,EARLY_DEPLETION_WARNING
Madhya Pradesh_23.6783_79.5736,2023,2.7,77.77777777777776,Madhya Pradesh,Damoh,0.040000000000000036,2.74,2.8200000000000003,2.5,3.4,73.3333333333333,64.44444444444441,Watch,Watch,STABLE,STABLE
Madhya Pradesh_23.65_79.5592,2023,1.5,78.57142857142858,Madhya Pradesh,Damoh,-0.43999999999999995,1.06,0.18000000000000016,0.9,3.7,94.28571428571428,100.0,Safe,Safe,RECOVERY_EXPECTED,RECOVERY_EXPECTED
Madhya Pradesh_23.6058_76.3411,2023,3.4,100.0,Madhya Pradesh,Shajapur,-0.6666666666666666,2.7333333333333334,1.4,3.4,8.6,100.0,100.0,Safe,Safe,STABLE,STABLE
Madhya Pradesh_23.685_79.7189,2023,2.1,100.0,Madhya Pradesh,Damoh,-0.62,1.48,0.2400000000000002,2.1,5.2,100.0,100.0,Safe,Safe,STABLE,STABLE
Madhya Pradesh_23.6783_81.3967,2023,13.7,15.306122448979597,Madhya Pradesh,Shahdol,-0.3111111111111113,13.388888888888888,12.766666666666666,5.4,15.2,18.48072562358277,24.829931972789122,Critical,Critical,FUTURE_CRITICAL,FUTURE_CRITICAL
Madhya Pradesh_23.1958_81.9786,2023,5.9,45.16129032258064,Madhya Pradesh,Anuppur,0.2125,6.112500000000001,6.5375000000000005,4.2,7.3,38.3064516129032,24.596774193548367,Stressed,Critical,STABLE,FUTURE_CRITICAL
Madhya Pradesh_23.2072_80.1583,2023,3.6,100.0,Madhya Pradesh,Jabalpur,-1.48,2.12,0.0,3.6,11.0,100.0,100.0,Safe,Safe,STABLE,STABLE
Madhya Pradesh_23.1978_79.9631,2023,5.8,76.92307692307693,Madhya Pradesh,Jabalpur,-0.5166666666666667,5.283333333333333,4.25,4.6,9.8,86.85897435897436,100.0,Safe,Safe,STABLE,RECOVERY_EXPECTED
Madhya Pradesh_23.2292_80.2494,2023,3.0,96.42857142857143,Madhya Pradesh,Jabalpur,-0.020000000000000035,2.98,2.94,2.9,5.7,97.14285714285714,98.57142857142857,Safe,Safe,STABLE,STABLE
Madhya Pradesh_23.2139_77.475,2023,3.3,27.272727272727295,Madhya Pradesh,Bhopal,-0.03750000000000005,3.2624999999999997,3.1874999999999996,2.5,3.6,30.68181818181821,37.50000000000004,Stressed,Stressed,STABLE,STABLE
Madhya Pradesh_23.2089_77.3756,2023,0.6,88.88888888888889,Madhya Pradesh,Bhopal,-0.6199999999999999,0.0,0.0,0.0,5.4,100.0,100.0,Safe,Safe,RECOVERY_EXPECTED,STABLE
Madhya Pradesh_23.2336_76.0181,2023,9.0,52.38095238095237,Madhya Pradesh,Ujjain,-0.21999999999999992,8.78,8.34,8.0,10.1,62.857142857142875,83.80952380952381,Watch,Safe,RECOVERY_EXPECTED,RECOVERY_EXPECTED
Madhya Pradesh_23.2331_76.0183,2023,7.1,76.92307692307693,Madhya Pradesh,Ujjain,-0.5999999999999999,6.5,5.3,6.2,10.1,92.3076923076923,100.0,Safe,Safe,RECOVERY_EXPECTED,RECOVERY_EXPECTED
Madhya Pradesh_23.2306_77.4067,2023,3.6,22.2222222222222,Madhya Pradesh,Bhopal,0.14000000000000004,3.74,4.0200000000000005,2.9,3.8,6.666666666666621,0.0,Critical,Critical,FUTURE_CRITICAL,FUTURE_CRITICAL
Madhya Pradesh_22.9892_79.8739,2023,3.3,73.52941176470588,Madhya Pradesh,Jabalpur,-0.4,2.9,2.0999999999999996,2.4,5.8,85.29411764705883,100.0,Safe,Safe,RECOVERY_EXPECTED,RECOVERY_EXPECTED
Madhya Pradesh_22.9778_75.8333,2023,5.9,77.35849056603773,Madhya Pradesh,Indore,0.020000000000000108,5.920000000000001,5.960000000000001,4.7,10.0,76.98113207547168,76.2264150943396,Safe,Safe,STABLE,STABLE
Madhya Pradesh_22.9711_75.8278,2023,5.2,83.6734693877551,Madhya Pradesh,Indore,-0.019999999999999796,5.180000000000001,5.140000000000001,3.6,13.4,83.87755102040816,84.28571428571429,Safe,Safe,STABLE,STABLE
Madhya Pradesh_23.0783_79.9125,2023,2.9,92.72727272727272,Madhya Pradesh,Jabalpur,-0.85,2.05,0.3500000000000001,2.5,8.0,100.0,100.0,Safe,Safe,STABLE,STABLE
Madhya Pradesh_23.0447_75.3789,2023,5.7,88.88888888888889,Madhya Pradesh,Ujjain,-2.5999999999999996,3.1000000000000005,0.0,3.1,26.5,100.0,100.0,Safe,Safe,RECOVERY_EXPECTED,STABLE
Madhya Pradesh_23.1194_81.7006,2023,6.6,24.07407407407408,Madhya Pradesh,Anuppur,-0.43333333333333335,6.166666666666666,5.3,2.5,7.9,32.09876543209879,48.14814814814815,Stressed,Stressed,STABLE,RECOVERY_EXPECTED
Madhya Pradesh_23.1069_79.9906,2023,6.9,31.818181818181802,Madhya Pradesh,Jabalpur,-0.13999999999999996,6.760000000000001,6.48,5.4,7.6,38.18181818181815,50.90909090909089,Stressed,Watch,STABLE,RECOVERY_EXPECTED
Andhra Pradesh_18.3401_84.1221,2023,2.2,22.22222222222222,Andhra Pradesh,Srikakulam,0.0,2.2,2.2,0.8,2.6,22.22222222222222,22.22222222222222,Critical,Critical,FUTURE_CRITICAL,FUTURE_CRITICAL
Madhya Pradesh_23.1442_79.8028,2023,15.5,0.0,Madhya Pradesh,Jabalpur,1.3,16.8,19.4,5.7,15.5,0.0,0.0,Critical,Critical,FUTURE_CRITICAL,FUTURE_CRITICAL
Madhya Pradesh_23.1383_79.6653,2023,3.6,100.0,Madhya Pradesh,Jabalpur,-1.9833333333333334,1.6166666666666667,0.0,3.6,15.5,100.0,100.0,Safe,Safe,STABLE,STABLE
Madhya Pradesh_22.7964_75.7431,2023,3.1,100.0,Madhya Pradesh,Indore,-0.6999999999999998,2.4000000000000004,1.0000000000000004,3.1,8.3,100.0,100.0,Safe,Safe,STABLE,STABLE
Madhya Pradesh_22.7439_75.5697,2023,7.4,81.69014084507042,Madhya Pradesh,Indore,-0.31999999999999995,7.08,6.44,6.1,13.2,86.19718309859155,95.2112676056338,Safe,Safe,STABLE,STABLE
Madhya Pradesh_22.8433_75.5394,2023,18.1,0.0,Madhya Pradesh,Indore,0.9200000000000003,19.020000000000003,20.860000000000003,10.3,18.1,0.0,0.0,Critical,Critical,FUTURE_CRITICAL,FUTURE_CRITICAL
Karnataka_12.8347_76.7322,2023,1.6,71.42857142857142,Karnataka,Mandya,0.19999999999999998,1.8,2.2,1.0,3.1,61.904761904761905,42.85714285714285,Watch,Stressed,STABLE,EARLY_DEPLETION_WARNING
Madhya Pradesh_22.8197_81.3306,2023,2.5,91.30434782608697,Madhya Pradesh,Dindori,-0.2999999999999999,2.2,1.6000000000000003,2.1,6.7,97.82608695652173,100.0,Safe,Safe,STABLE,STABLE
Madhya Pradesh_22.2914_77.0031,2023,6.0,39.99999999999999,Madhya Pradesh,Harda,0.54,6.54,7.62,3.3,7.8,27.999999999999993,3.9999999999999925,Stressed,Critical,EARLY_DEPLETION_WARNING,FUTURE_CRITICAL
Madhya Pradesh_22.2547_77.23,2023,11.0,21.428571428571473,Madhya Pradesh,Harda,0.21999999999999992,11.22,11.66,9.9,11.3,5.714285714285716,0.0,Critical,Critical,FUTURE_CRITICAL,FUTURE_CRITICAL
Madhya Pradesh_22.2539_76.035,2023,6.5,100.0,Madhya Pradesh,Khargone (West Nimar),-0.4499999999999999,6.05,5.15,6.5,9.2,100.0,100.0,Safe,Safe,STABLE,STABLE
Madhya Pradesh_22.3942_75.975,2023,2.0,85.52631578947368,Madhya Pradesh,Khargone (West Nimar),-0.9166666666666666,1.0833333333333335,0.0,0.9,8.5,97.58771929824562,100.0,Safe,Safe,RECOVERY_EXPECTED,STABLE
Madhya Pradesh_22.3458_77.0875,2023,5.0,96.29629629629632,Madhya Pradesh,Harda,0.019999999999999928,5.02,5.06,4.9,7.6,95.55555555555559,94.0740740740741,Safe,Safe,STABLE,STABLE
Madhya Pradesh_22.5139_75.9183,2023,9.7,26.415094339622648,Madhya Pradesh,Indore,0.7799999999999998,10.479999999999999,12.04,5.8,11.1,11.69811320754719,0.0,Critical,Critical,FUTURE_CRITICAL,FUTURE_CRITICAL
Telangana_nan_80.8868,2023,4.6,85.71428571428572,Telangana,Bhadradri Kothagudem,-0.375,4.225,3.4749999999999996,4.1,7.6,96.42857142857143,100.0,Safe,Safe,RECOVERY_EXPECTED,STABLE
Madhya Pradesh_22.4908_77.5283,2023,4.7,72.22222222222221,Madhya Pradesh,Narmadapuram,0.0,4.7,4.7,4.2,6.0,72.22222222222221,72.22222222222221,Watch,Watch,STABLE,STABLE
Madhya Pradesh_22.4839_76.9861,2023,2.4,100.0,Madhya Pradesh,Harda,-0.4799999999999997,1.9200000000000002,0.9600000000000009,2.4,11.7,100.0,100.0,Safe,Safe,STABLE,STABLE
Madhya Pradesh_22.6756_75.9456,2023,4.4,100.0,Madhya Pradesh,Indore,-0.9199999999999999,3.4800000000000004,1.6400000000000006,4.4,10.1,100.0,100.0,Safe,Safe,STABLE,STABLE
Madhya Pradesh_22.6311_75.7922,2023,8.6,100.0,Madhya Pradesh,Indore,-0.5666666666666664,8.033333333333333,6.9,8.6,27.8,100.0,100.0,Safe,Safe,STABLE,STABLE
Madhya Pradesh_22.7375_75.8833,2023,5.5,100.0,Madhya Pradesh,Indore,-0.8800000000000001,4.62,2.8599999999999994,5.5,10.4,100.0,100.0,Safe,Safe,STABLE,STABLE
Madhya Pradesh_22.7033_75.8894,2023,4.4,100.0,Madhya Pradesh,Indore,-1.08,3.3200000000000003,1.1600000000000001,4.4,9.8,100.0,100.0,Safe,Safe,STABLE,STABLE
Madhya Pradesh_22.6872_76.03,2023,5.6,100.0,Madhya Pradesh,Indore,-1.1000000000000012,4.499999999999998,2.2999999999999963,5.6,33.4,100.0,100.0,Safe,Safe,STABLE,STABLE
Madhya Pradesh_22.8094_75.6742,2023,4.3,100.0,Madhya Pradesh,Indore,-0.8400000000000001,3.46,1.7799999999999994,4.3,9.8,100.0,100.0,Safe,Safe,STABLE,STABLE
Madhya Pradesh_22.1417_80.125,2023,6.3,31.034482758620697,Madhya Pradesh,Balaghat,-0.01000000000000006,6.29,6.27,4.3,7.2,31.379310344827584,32.0689655172414,Stressed,Stressed,STABLE,STABLE
Madhya Pradesh_22.1239_75.6083,2023,8.3,0.0,Madhya Pradesh,Khargone (West Nimar),0.3166666666666667,8.616666666666667,9.25,5.3,8.3,0.0,0.0,Critical,Critical,FUTURE_CRITICAL,FUTURE_CRITICAL
Madhya Pradesh_22.1733_76.0711,2023,2.7,70.58823529411764,Madhya Pradesh,Khargone (West Nimar),-0.6,2.1,0.9000000000000004,1.2,6.3,82.35294117647058,100.0,Safe,Safe,RECOVERY_EXPECTED,RECOVERY_EXPECTED
Madhya Pradesh_22.1625_76.8594,2023,1.0,0.0,Madhya Pradesh,Harda,0.07999999999999999,1.08,1.24,0.5,1.0,0.0,0.0,Critical,Critical,FUTURE_CRITICAL,FUTURE_CRITICAL
Madhya Pradesh_22.1542_80.6722,2023,2.8,100.0,Madhya Pradesh,Balaghat,-0.3333333333333333,2.4666666666666663,1.7999999999999998,2.8,5.0,100.0,100.0,Safe,Safe,STABLE,STABLE
Madhya Pradesh_22.1889_80.9369,2023,2.0,87.87878787878788,Madhya Pradesh,Balaghat,-0.3,1.7,1.1,1.6,4.9,96.96969696969697,100.0,Safe,Safe,STABLE,STABLE
Madhya Pradesh_22.1833_80.7139,2023,1.6,100.0,Madhya Pradesh,Balaghat,-0.11666666666666663,1.4833333333333334,1.2500000000000002,1.6,2.7,100.0,100.0,Safe,Safe,STABLE,STABLE
Madhya Pradesh_22.2358_80.8708,2023,0.9,100.0,Madhya Pradesh,Balaghat,-0.10000000000000002,0.8,0.6,0.9,1.8,100.0,100.0,Safe,Safe,STABLE,STABLE
Madhya Pradesh_22.2186_76.9469,2023,8.8,3.44827586206895,Madhya Pradesh,Harda,0.5600000000000002,9.360000000000001,10.48,6.0,8.9,0.0,0.0,Critical,Critical,FUTURE_CRITICAL,FUTURE_CRITICAL
Telangana_nan_80.8529,2023,7.3,87.49999999999999,Telangana,Bhadradri Kothagudem,-0.1250000000000001,7.175,6.925,7.1,8.7,95.31249999999999,100.0,Safe,Safe,STABLE,STABLE
Telangana_nan_81.1202,2023,6.2,17.24137931034483,Telangana,Bhadradri Kothagudem,-0.025000000000000012,6.175,6.125,3.8,6.7,18.10344827586208,19.82758620689655,Critical,Critical,FUTURE_CRITICAL,FUTURE_CRITICAL
Madhya Pradesh_22.2983_77.3206,2023,11.8,100.0,Madhya Pradesh,Harda,-1.3799999999999994,10.420000000000002,7.660000000000002,11.8,25.4,100.0,100.0,Safe,Safe,STABLE,STABLE
Madhya Pradesh_21.9364_75.1361,2023,7.4,42.85714285714285,Madhya Pradesh,Barwani,0.33333333333333326,7.733333333333333,8.4,4.6,9.5,36.05442176870748,22.448979591836725,Stressed,Critical,STABLE,FUTURE_CRITICAL
Madhya Pradesh_21.9828_76.4639,2023,4.5,66.66666666666664,Madhya Pradesh,Khandwa (East Nimar),0.08000000000000007,4.58,4.74,4.1,5.3,59.999999999999964,46.66666666666662,Watch,Stressed,STABLE,EARLY_DEPLETION_WARNING
Madhya Pradesh_21.9656_80.125,2023,6.6,14.285714285714302,Madhya Pradesh,Balaghat,0.1333333333333333,6.7333333333333325,7.0,3.0,7.2,11.11111111111114,4.761904761904767,Critical,Critical,FUTURE_CRITICAL,FUTURE_CRITICAL
Madhya Pradesh_22.0117_80.5464,2023,1.7,100.0,Madhya Pradesh,Balaghat,-0.3333333333333334,1.3666666666666665,0.6999999999999997,1.7,4.0,100.0,100.0,Safe,Safe,STABLE,STABLE
Madhya Pradesh_22.0111_80.7397,2023,5.8,47.61904761904763,Madhya Pradesh,Balaghat,0.0666666666666665,5.866666666666666,5.999999999999999,4.7,6.8,44.444444444444464,38.09523809523814,Stressed,Stressed,STABLE,STABLE
Madhya Pradesh_22.0775_76.9156,2023,1.7,100.0,Madhya Pradesh,Harda,-0.5599999999999999,1.1400000000000001,0.02000000000000024,1.7,8.8,100.0,100.0,Safe,Safe,STABLE,STABLE
Madhya Pradesh_22.0519_80.6806,2023,6.5,90.00000000000003,Madhya Pradesh,Balaghat,-0.11666666666666671,6.383333333333333,6.1499999999999995,6.4,7.4,100.0,100.0,Safe,Safe,STABLE,STABLE
Madhya Pradesh_22.0306_75.6289,2023,2.8,100.0,Madhya Pradesh,Khargone (West Nimar),-0.2666666666666666,2.533333333333333,2.0,2.8,10.2,100.0,100.0,Safe,Safe,STABLE,STABLE
Madhya Pradesh_22.1236_75.6083,2023,3.8,4.166666666666674,Madhya Pradesh,Khargone (West Nimar),0.08333333333333336,3.8833333333333333,4.05,1.5,3.9,0.694444444444442,0.0,Critical,Critical,FUTURE_CRITICAL,FUTURE_CRITICAL
Madhya Pradesh_22.0875_76.1183,2023,4.2,100.0,Madhya Pradesh,Khandwa (East Nimar),-2.2204460492503132e-17,4.2,4.2,4.2,5.7,100.0,100.0,Safe,Safe,STABLE,STABLE
Madhya Pradesh_22.0822_76.8328,2023,7.5,96.87500000000001,Madhya Pradesh,Khandwa (East Nimar),-0.22000000000000003,7.28,6.84,7.4,10.6,100.0,100.0,Safe,Safe,STABLE,STABLE
Madhya Pradesh_21.8292_75.7428,2023,3.6,100.0,Madhya Pradesh,Khargone (West Nimar),-0.5,3.1,2.1,3.6,8.6,100.0,100.0,Safe,Safe,STABLE,STABLE
Madhya Pradesh_21.8714_75.1847,2023,7.0,0.0,Madhya Pradesh,Barwani,0.6666666666666666,7.666666666666667,9.0,2.2,7.0,0.0,0.0,Critical,Critical,FUTURE_CRITICAL,FUTURE_CRITICAL
Madhya Pradesh_21.8678_76.5661,2023,1.6,100.0,Madhya Pradesh,Khandwa (East Nimar),-0.6999999999999998,0.9000000000000002,0.0,1.6,6.8,100.0,100.0,Safe,Safe,STABLE,STABLE
Madhya Pradesh_21.8628_76.7086,2023,1.8,100.0,Madhya Pradesh,Khandwa (East Nimar),-0.26000000000000006,1.54,1.0199999999999998,1.8,6.3,100.0,100.0,Safe,Safe,STABLE,STABLE
Madhya Pradesh_21.9297_76.4475,2023,10.3,49.999999999999986,Madhya Pradesh,Khandwa (East Nimar),0.9200000000000003,11.22,13.060000000000002,5.7,14.9,39.99999999999999,19.99999999999997,Stressed,Critical,STABLE,FUTURE_CRITICAL
Madhya Pradesh_21.9017_76.1794,2023,5.0,25.0,Madhya Pradesh,Khandwa (East Nimar),0.13999999999999996,5.14,5.42,2.6,5.8,20.625000000000004,11.875000000000002,Critical,Critical,FUTURE_CRITICAL,FUTURE_CRITICAL
Madhya Pradesh_21.8964_80.7953,2023,5.4,54.54545454545454,Madhya Pradesh,Balaghat,0.3333333333333333,5.733333333333333,6.4,3.4,7.8,46.96969696969697,31.818181818181813,Stressed,Stressed,STABLE,EARLY_DEPLETION_WARNING
Madhya Pradesh_21.9617_76.6981,2023,3.2,100.0,Madhya Pradesh,Khandwa (East Nimar),-0.36,2.8400000000000003,2.12,3.2,11.8,100.0,100.0,Safe,Safe,STABLE,STABLE
Madhya Pradesh_21.93_80.3519,2023,4.0,100.0,Madhya Pradesh,Balaghat,-0.5,3.5,2.5,4.0,9.0,100.0,100.0,Safe,Safe,STABLE,STABLE
Madhya Pradesh_21.705_80.225,2023,11.7,85.71428571428577,Madhya Pradesh,Balaghat,0.05999999999999979,11.76,11.879999999999999,11.4,13.5,82.85714285714289,77.1428571428572,Safe,Safe,STABLE,STABLE
Madhya Pradesh_21.7806_80.81,2023,11.3,0.0,Madhya Pradesh,Balaghat,1.1333333333333335,12.433333333333334,14.700000000000001,3.0,11.3,0.0,0.0,Critical,Critical,FUTURE_CRITICAL,FUTURE_CRITICAL
Madhya Pradesh_21.7708_79.8033,2023,5.2,0.0,Madhya Pradesh,Balaghat,0.21111111111111114,5.411111111111111,5.833333333333334,1.9,5.2,0.0,0.0,Critical,Critical,FUTURE_CRITICAL,FUTURE_CRITICAL
Madhya Pradesh_21.8053_76.7456,2023,7.7,93.10344827586206,Madhya Pradesh,Khandwa (East Nimar),0.040000000000000036,7.74,7.82,7.5,10.4,91.72413793103448,88.9655172413793,Safe,Safe,STABLE,STABLE
Madhya Pradesh_21.7_76.2264,2023,3.3,100.0,Madhya Pradesh,Khandwa (East Nimar),-0.2200000000000001,3.0799999999999996,2.6399999999999997,3.3,5.8,100.0,100.0,Safe,Safe,STABLE,STABLE
Madhya Pradesh_21.7944_76.4275,2023,8.9,12.82051282051282,Madhya Pradesh,Khandwa (East Nimar),0.6799999999999999,9.58,10.940000000000001,5.5,9.4,0.0,0.0,Critical,Critical,FUTURE_CRITICAL,FUTURE_CRITICAL
Madhya Pradesh_21.8172_76.3617,2023,3.7,95.0,Madhya Pradesh,Khandwa (East Nimar),-0.10000000000000012,3.6,3.4,3.6,5.6,100.0,100.0,Safe,Safe,STABLE,STABLE
Madhya Pradesh_21.8128_80.1836,2023,5.1,54.54545454545456,Madhya Pradesh,Balaghat,-0.10000000000000013,4.999999999999999,4.799999999999999,4.6,5.7,63.636363636363704,81.81818181818188,Watch,Safe,STABLE,RECOVERY_EXPECTED
Madhya Pradesh_21.8089_75.1753,2023,6.2,96.96969696969695,Madhya Pradesh,Barwani,-0.64,5.5600000000000005,4.28,6.1,9.4,100.0,100.0,Safe,Safe,STABLE,STABLE
Madhya Pradesh_21.8253_75.8531,2023,8.3,94.44444444444444,Madhya Pradesh,Khargone (West Nimar),-1.133333333333333,7.166666666666668,4.900000000000001,7.9,15.1,100.0,100.0,Safe,Safe,STABLE,STABLE
Madhya Pradesh_21.8228_74.9653,2023,7.1,76.81159420289856,Madhya Pradesh,Barwani,-0.8833333333333334,6.216666666666666,4.449999999999999,5.5,12.4,89.61352657004832,100.0,Safe,Safe,RECOVERY_EXPECTED,RECOVERY_EXPECTED
Madhya Pradesh_21.8619_75.9558,2023,5.7,100.0,Madhya Pradesh,Khargone (West Nimar),-0.34,5.36,4.68,5.7,7.4,100.0,100.0,Safe,Safe,STABLE,STABLE
Madhya Pradesh_21.8328_76.4669,2023,4.3,100.0,Madhya Pradesh,Khandwa (East Nimar),-0.10000000000000005,4.2,3.9999999999999996,4.3,5.8,100.0,100.0,Safe,Safe,STABLE,STABLE
Madhya Pradesh_21.6361_79.7861,2023,4.2,95.1219512195122,Madhya Pradesh,Balaghat,-0.3599999999999999,3.8400000000000003,3.1200000000000006,4.0,8.1,100.0,100.0,Safe,Safe,STABLE,STABLE
Madhya Pradesh_21.6825_74.9233,2023,6.4,100.0,Madhya Pradesh,Barwani,-1.0666666666666667,5.333333333333334,3.2,6.4,15.3,100.0,100.0,Safe,Safe,STABLE,STABLE
Madhya Pradesh_21.6644_80.0172,2023,5.5,100.0,Madhya Pradesh,Balaghat,-0.08000000000000004,5.42,5.26,5.5,7.5,100.0,100.0,Safe,Safe,STABLE,STABLE
Madhya Pradesh_21.6989_76.2269,2023,3.6,100.0,Madhya Pradesh,Khandwa (East Nimar),-0.18,3.42,3.06,3.6,5.7,100.0,100.0,Safe,Safe,STABLE,STABLE
Madhya Pradesh_21.6936_75.1028,2023,4.1,92.85714285714289,Madhya Pradesh,Barwani,-0.20000000000000004,3.8999999999999995,3.4999999999999996,4.0,5.4,100.0,100.0,Safe,Safe,STABLE,STABLE
Madhya Pradesh_21.6886_76.1978,2023,13.2,0.0,Madhya Pradesh,Khandwa (East Nimar),1.64,14.84,18.119999999999997,5.0,13.2,0.0,0.0,Critical,Critical,FUTURE_CRITICAL,FUTURE_CRITICAL
Madhya Pradesh_21.7228_75.6672,2023,7.4,100.0,Madhya Pradesh,Khargone (West Nimar),-0.65,6.75,5.45,7.4,11.3,100.0,100.0,Safe,Safe,STABLE,STABLE
Madhya Pradesh_21.7139_79.7972,2023,2.1,100.0,Madhya Pradesh,Balaghat,-0.9999999999999997,1.1000000000000005,0.0,2.1,7.2,100.0,100.0,Safe,Safe,STABLE,STABLE
Madhya Pradesh_21.5292_76.3106,2023,6.3,90.47619047619048,Madhya Pradesh,Burhanpur,0.0499999999999999,6.35,6.449999999999999,5.9,10.1,89.2857142857143,86.90476190476193,Safe,Safe,STABLE,STABLE
Madhya Pradesh_21.5092_76.7583,2023,5.9,100.0,Madhya Pradesh,Burhanpur,-0.7666666666666666,5.133333333333334,3.6000000000000005,5.9,13.0,100.0,100.0,Safe,Safe,STABLE,STABLE
Madhya Pradesh_21.5483_75.4814,2023,3.9,82.0,Madhya Pradesh,Khargone (West Nimar),-0.2799999999999999,3.62,3.06,3.0,8.0,87.6,98.8,Safe,Safe,STABLE,RECOVERY_EXPECTED
Madhya Pradesh_21.5475_76.2664,2023,3.9,100.0,Madhya Pradesh,Burhanpur,-0.5199999999999999,3.38,2.3400000000000003,3.9,8.2,100.0,100.0,Safe,Safe,STABLE,STABLE
Madhya Pradesh_21.5694_75.3244,2023,9.9,0.0,Madhya Pradesh,Barwani,0.7833333333333332,10.683333333333334,12.25,2.3,9.9,0.0,0.0,Critical,Critical,FUTURE_CRITICAL,FUTURE_CRITICAL
Madhya Pradesh_21.6097_75.5528,2023,7.1,73.77049180327869,Madhya Pradesh,Khargone (West Nimar),-0.75,6.35,4.85,5.5,11.6,86.06557377049181,100.0,Safe,Safe,RECOVERY_EXPECTED,RECOVERY_EXPECTED
Madhya Pradesh_21.6011_79.9792,2023,6.3,0.0,Madhya Pradesh,Balaghat,0.58,6.88,8.04,2.3,6.3,0.0,0.0,Critical,Critical,FUTURE_CRITICAL,FUTURE_CRITICAL
Madhya Pradesh_21.1517_76.1617,2023,8.6,66.03773584905662,Madhya Pradesh,Burhanpur,-0.48333333333333345,8.116666666666665,7.1499999999999995,6.8,12.1,75.15723270440253,93.39622641509435,Safe,Safe,STABLE,RECOVERY_EXPECTED
Madhya Pradesh_21.3369_76.4867,2023,8.5,68.18181818181817,Madhya Pradesh,Burhanpur,0.1166666666666667,8.616666666666667,8.85,7.8,10.0,62.87878787878785,52.272727272727295,Watch,Watch,STABLE,EARLY_DEPLETION_WARNING
Madhya Pradesh_21.3017_76.3725,2023,13.4,100.0,Madhya Pradesh,Burhanpur,-0.13999999999999985,13.26,12.98,13.4,18.5,100.0,100.0,Safe,Safe,STABLE,STABLE
Madhya Pradesh_21.43_76.6792,2023,8.3,100.0,Madhya Pradesh,Burhanpur,-0.3,8.0,7.4,8.3,11.8,100.0,100.0,Safe,Safe,STABLE,STABLE
Madhya Pradesh_21.4289_76.6533,2023,13.1,52.38095238095237,Madhya Pradesh,Burhanpur,0.2,13.299999999999999,13.7,12.1,14.2,42.85714285714288,23.809523809523814,Stressed,Critical,STABLE,FUTURE_CRITICAL
Kerala_10.0057_77.1162,2023,9.6,86.95652173913048,Kerala,Idukki,-0.05000000000000005,9.549999999999999,9.45,9.3,11.6,89.13043478260877,93.47826086956528,Safe,Safe,STABLE,STABLE
Kerala_10.0662_76.4942,2023,7.3,75.00000000000001,Kerala,Ernakulam,-0.1333333333333333,7.166666666666666,6.9,6.8,8.8,81.6666666666667,94.99999999999997,Safe,Safe,STABLE,RECOVERY_EXPECTED
Kerala_9.8824_76.765,2023,4.5,87.93103448275862,Kerala,Idukki,0.025000000000000022,4.525,4.575,3.8,9.6,87.49999999999999,86.63793103448275,Safe,Safe,STABLE,STABLE
Kerala_9.8401_77.0373,2023,2.8,16.666666666666675,Kerala,Idukki,0.06250000000000003,2.8625,2.9875,2.3,2.9,6.250000000000011,0.0,Critical,Critical,FUTURE_CRITICAL,FUTURE_CRITICAL
Assam_26.0172_93.3817,2023,2.3,70.00000000000001,Assam,Karbi Anglong,-0.01666666666666668,2.283333333333333,2.25,2.0,3.0,71.66666666666669,75.0,Watch,Safe,STABLE,STABLE
Kerala_9.6999_76.7582,2023,5.7,0.0,Kerala,Kottayam,0.02500000000000005,5.7250000000000005,5.775,4.8,5.7,0.0,0.0,Critical,Critical,FUTURE_CRITICAL,FUTURE_CRITICAL
Kerala_10.6981_76.092,2023,9.5,100.0,Kerala,Thrissur,-0.03750000000000007,9.4625,9.3875,9.5,10.3,100.0,100.0,Safe,Safe,STABLE,STABLE
Kerala_10.6616_76.0877,2023,9.5,98.80952380952381,Kerala,Thrissur,-1.5250000000000001,7.975,4.925,9.3,26.1,100.0,100.0,Safe,Safe,STABLE,STABLE
Kerala_9.5788_76.472,2023,1.6,57.14285714285714,Kerala,Kottayam,0.019999999999999997,1.62,1.6600000000000001,1.3,2.0,54.28571428571427,48.571428571428555,Watch,Stressed,STABLE,STABLE
Andhra Pradesh_nan_77.1262,2023,2.0,75.0,Andhra Pradesh,Kurnool,-0.26666666666666666,1.7333333333333334,1.2,1.4,3.8,86.1111111111111,100.0,Safe,Safe,RECOVERY_EXPECTED,RECOVERY_EXPECTED
Andhra Pradesh_nan_77.0639,2023,6.2,100.0,Andhra Pradesh,Kurnool,-0.08333333333333331,6.116666666666667,5.95,6.2,7.3,100.0,100.0,Safe,Safe,STABLE,STABLE
Kerala_10.7244_76.8875,2023,5.7,100.0,Kerala,Palakkad,-0.12857142857142853,5.571428571428572,5.314285714285715,5.7,8.2,100.0,100.0,Safe,Safe,STABLE,STABLE
Kerala_10.7392_76.5756,2023,4.0,59.999999999999986,Kerala,Palakkad,0.049999999999999975,4.05,4.15,3.6,4.6,55.00000000000001,44.99999999999995,Watch,Stressed,STABLE,EARLY_DEPLETION_WARNING
Assam_25.9833_92.9289,2023,5.5,58.333333333333336,Assam,Hojai,-0.05714285714285718,5.442857142857143,5.328571428571428,4.5,6.9,60.71428571428571,65.47619047619048,Watch,Watch,STABLE,STABLE
Kerala_10.7558_76.5047,2023,4.8,45.83333333333335,Kerala,Palakkad,0.08750000000000002,4.8875,5.0625,3.5,5.9,42.1875,34.89583333333335,Stressed,Stressed,STABLE,STABLE
Kerala_10.7547_76.7928,2023,1.6,63.63636363636363,Kerala,Palakkad,-0.014285714285714266,1.5857142857142859,1.5571428571428574,0.8,3.0,64.28571428571428,65.58441558441558,Watch,Watch,STABLE,STABLE
Andhra Pradesh_nan_77.2221,2023,4.5,53.65853658536586,Andhra Pradesh,Kurnool,0.22857142857142868,4.728571428571429,5.185714285714286,2.6,6.7,48.083623693379785,36.93379790940766,Stressed,Stressed,STABLE,EARLY_DEPLETION_WARNING
Andhra Pradesh_nan_77.1882,2023,5.8,100.0,Andhra Pradesh,Kurnool,-1.1833333333333336,4.616666666666666,2.249999999999999,5.8,17.0,100.0,100.0,Safe,Safe,STABLE,STABLE
Kerala_9.4952_76.3341,2023,3.8,60.00000000000002,Kerala,Alappuzha,0.0,3.8,3.8,3.6,4.1,60.00000000000002,60.00000000000002,Watch,Watch,STABLE,STABLE
Kerala_10.7658_76.5433,2023,8.5,23.376623376623385,Kerala,Palakkad,0.7374999999999999,9.2375,10.7125,2.6,10.3,13.7987012987013,0.0,Critical,Critical,FUTURE_CRITICAL,FUTURE_CRITICAL
Kerala_9.4429_76.6738,2023,3.2,0.0,Kerala,Pathanamthitta,0.11250000000000002,3.3125,3.5375,1.6,3.2,0.0,0.0,Critical,Critical,FUTURE_CRITICAL,FUTURE_CRITICAL
Kerala_9.4483_76.6967,2023,2.5,80.32786885245902,Kerala,Pathanamthitta,0.17142857142857132,2.6714285714285713,3.0142857142857142,1.3,7.4,77.51756440281031,71.89695550351288,Safe,Watch,STABLE,STABLE
Kerala_9.4468_76.8766,2023,3.7,10.526315789473673,Kerala,Kottayam,0.21250000000000002,3.9125,4.3375,2.0,3.9,0.0,0.0,Critical,Critical,FUTURE_CRITICAL,FUTURE_CRITICAL
Kerala_9.4526_76.7458,2023,2.0,70.0,Kerala,Pathanamthitta,0.04705882352941176,2.0470588235294116,2.1411764705882352,1.1,4.1,68.43137254901961,65.29411764705883,Watch,Watch,STABLE,STABLE
Kerala_10.8489_76.0833,2023,15.4,0.0,Kerala,Malappuram,1.125,16.525,18.775,5.5,15.4,0.0,0.0,Critical,Critical,FUTURE_CRITICAL,FUTURE_CRITICAL
Andhra Pradesh_nan_77.2849,2023,6.7,0.0,Andhra Pradesh,Kurnool,0.3500000000000001,7.050000000000001,7.75,4.6,6.7,0.0,0.0,Critical,Critical,FUTURE_CRITICAL,FUTURE_CRITICAL
Kerala_9.417_76.7306,2023,2.0,33.33333333333336,Kerala,Pathanamthitta,0.014285714285714303,2.0142857142857142,2.0428571428571427,1.6,2.2,30.952380952380988,26.190476190476243,Stressed,Stressed,STABLE,STABLE
Kerala_9.4137_76.8233,2023,3.5,0.0,Kerala,Pathanamthitta,0.14285714285714285,3.642857142857143,3.9285714285714284,2.5,3.5,0.0,0.0,Critical,Critical,FUTURE_CRITICAL,FUTURE_CRITICAL
Kerala_9.4237_76.7042,2023,4.5,40.000000000000036,Kerala,Pathanamthitta,-0.025000000000000015,4.475,4.425,4.2,4.7,45.00000000000011,55.00000000000007,Stressed,Watch,STABLE,RECOVERY_EXPECTED
Kerala_9.4199_76.8151,2023,2.8,10.526315789473696,Kerala,Pathanamthitta,0.037500000000000006,2.8375,2.9124999999999996,1.1,3.0,8.552631578947379,4.605263157894757,Critical,Critical,FUTURE_CRITICAL,FUTURE_CRITICAL
Kerala_9.4326_76.3454,2023,1.8,0.0,Kerala,Alappuzha,0.06666666666666665,1.8666666666666667,2.0,1.4,1.8,0.0,0.0,Critical,Critical,FUTURE_CRITICAL,FUTURE_CRITICAL
Kerala_9.4253_76.9124,2023,9.4,86.66666666666666,Kerala,Kottayam,0.02500000000000007,9.425,9.475000000000001,9.0,12.0,85.8333333333333,84.16666666666663,Safe,Safe,STABLE,STABLE
Kerala_9.4355_76.6077,2023,3.4,3.125,Kerala,Pathanamthitta,-0.012500000000000022,3.3874999999999997,3.3625,0.3,3.5,3.515625000000011,4.296875,Critical,Critical,FUTURE_CRITICAL,FUTURE_CRITICAL
Assam_25.9772_93.7625,2023,4.0,44.11764705882353,Assam,Karbi Anglong,0.0,4.0,4.0,2.1,5.5,44.11764705882353,44.11764705882353,Stressed,Stressed,STABLE,STABLE
Kerala_9.3963_76.8542,2023,9.2,19.444444444444475,Kerala,Pathanamthitta,0.21249999999999997,9.4125,9.837499999999999,6.3,9.9,13.541666666666686,1.7361111111111605,Critical,Critical,FUTURE_CRITICAL,FUTURE_CRITICAL
Kerala_9.39_76.7884,2023,4.5,11.764705882352954,Kerala,Pathanamthitta,0.16249999999999998,4.6625,4.9875,1.5,4.9,6.985294117647078,0.0,Critical,Critical,FUTURE_CRITICAL,FUTURE_CRITICAL
Kerala_9.3966_76.6827,2023,7.5,77.77777777777777,Kerala,Pathanamthitta,-0.012499999999999956,7.4875,7.4625,7.1,8.9,78.47222222222221,79.86111111111109,Safe,Safe,STABLE,STABLE
Kerala_9.4024_76.7426,2023,4.0,19.23076923076923,Kerala,Pathanamthitta,0.03749999999999995,4.0375,4.1125,1.9,4.5,17.788461538461554,14.903846153846157,Critical,Critical,FUTURE_CRITICAL,FUTURE_CRITICAL
Kerala_9.403_76.6685,2023,3.7,0.0,Kerala,Pathanamthitta,0.014285714285714275,3.7142857142857144,3.742857142857143,3.0,3.7,0.0,0.0,Critical,Critical,FUTURE_CRITICAL,FUTURE_CRITICAL
Kerala_11.0397_76.0889,2023,7.3,82.22222222222223,Kerala,Malappuram,-0.4625,6.8374999999999995,5.9125,6.5,11.0,92.50000000000001,100.0,Safe,Safe,RECOVERY_EXPECTED,RECOVERY_EXPECTED
Kerala_9.4069_76.6765,2023,9.2,84.00000000000006,Kerala,Pathanamthitta,-0.02500000000000014,9.174999999999999,9.124999999999998,8.8,11.3,85.00000000000007,87.0000000000001,Safe,Safe,STABLE,STABLE
Andhra Pradesh_nan_77.5963,2023,1.2,94.44444444444446,Andhra Pradesh,Kurnool,-0.014285714285714266,1.1857142857142857,1.1571428571428573,1.1,2.9,95.23809523809524,96.82539682539682,Safe,Safe,STABLE,STABLE
Kerala_9.3663_76.8566,2023,6.2,100.0,Kerala,Pathanamthitta,-0.019999999999999914,6.180000000000001,6.140000000000001,6.2,6.9,100.0,100.0,Safe,Safe,STABLE,STABLE
Kerala_9.3633_76.8906,2023,9.9,0.0,Kerala,Pathanamthitta,-6.938893903907228e-18,9.9,9.9,2.4,9.9,0.0,0.0,Critical,Critical,FUTURE_CRITICAL,FUTURE_CRITICAL
Kerala_9.368_76.6572,2023,7.2,0.0,Kerala,Pathanamthitta,0.09999999999999995,7.3,7.5,6.2,7.2,0.0,0.0,Critical,Critical,FUTURE_CRITICAL,FUTURE_CRITICAL
Andhra Pradesh_nan_77.6142,2023,1.6,100.0,Andhra Pradesh,Kurnool,-0.2285714285714285,1.3714285714285717,0.9142857142857146,1.6,4.1,100.0,100.0,Safe,Safe,STABLE,STABLE
Andhra Pradesh_nan_77.5967,2023,0.4,95.1219512195122,Andhra Pradesh,Kurnool,-0.4714285714285715,0.0,0.0,0.2,4.3,100.0,100.0,Safe,Safe,STABLE,STABLE
Kerala_9.3823_76.7082,2023,7.5,23.5294117647059,Kerala,Pathanamthitta,-0.025000000000000015,7.475,7.425,6.2,7.9,25.000000000000043,27.941176470588267,Stressed,Stressed,STABLE,STABLE
Kerala_9.3832_76.6404,2023,2.4,100.0,Kerala,Pathanamthitta,-0.46249999999999997,1.9375,1.0125,2.4,6.1,100.0,100.0,Safe,Safe,STABLE,STABLE
Kerala_9.3923_76.9659,2023,2.6,19.99999999999997,Kerala,Pathanamthitta,0.012500000000000008,2.6125000000000003,2.6375,1.8,2.8,18.749999999999957,16.249999999999964,Critical,Critical,FUTURE_CRITICAL,FUTURE_CRITICAL
Kerala_9.3841_76.6212,2023,5.0,33.33333333333336,Kerala,Pathanamthitta,-0.0571428571428572,4.942857142857143,4.828571428571428,4.2,5.4,38.0952380952381,47.61904761904766,Stressed,Stressed,STABLE,STABLE
Kerala_9.3364_76.7086,2023,1.8,54.16666666666667,Kerala,Pathanamthitta,-0.16250000000000003,1.6375,1.3125,0.7,3.1,60.9375,74.47916666666667,Watch,Watch,STABLE,RECOVERY_EXPECTED
Kerala_9.331_76.9271,2023,10.4,0.0,Kerala,Pathanamthitta,0.13749999999999996,10.5375,10.8125,8.5,10.4,0.0,0.0,Critical,Critical,FUTURE_CRITICAL,FUTURE_CRITICAL
Kerala_9.3451_76.6564,2023,7.3,66.66666666666669,Kerala,Pathanamthitta,-0.15000000000000002,7.1499999999999995,6.85,6.7,8.5,75.00000000000003,91.6666666666667,Safe,Safe,STABLE,RECOVERY_EXPECTED
Kerala_9.3532_76.3727,2023,3.1,0.0,Kerala,Alappuzha,0.08750000000000002,3.1875,3.3625000000000003,2.3,3.1,0.0,0.0,Critical,Critical,FUTURE_CRITICAL,FUTURE_CRITICAL
Kerala_9.3522_76.7274,2023,5.8,41.66666666666667,Kerala,Pathanamthitta,0.125,5.925,6.175,4.4,6.8,36.458333333333336,26.041666666666675,Stressed,Stressed,STABLE,EARLY_DEPLETION_WARNING
Kerala_9.3541_76.8023,2023,5.3,30.303030303030308,Kerala,Pathanamthitta,-0.11249999999999999,5.1875,4.9624999999999995,3.0,6.3,33.712121212121204,40.53030303030304,Stressed,Stressed,STABLE,STABLE
Kerala_9.3535_76.6793,2023,6.1,66.66666666666669,Kerala,Pathanamthitta,-0.15000000000000002,5.949999999999999,5.6499999999999995,5.5,7.3,75.00000000000003,91.6666666666667,Safe,Safe,STABLE,RECOVERY_EXPECTED
Kerala_9.3605_76.9876,2023,5.8,0.0,Kerala,Pathanamthitta,0.014285714285714235,5.814285714285714,5.8428571428571425,4.2,5.8,0.0,0.0,Critical,Critical,FUTURE_CRITICAL,FUTURE_CRITICAL
Kerala_9.3675_76.9035,2023,2.6,98.57142857142857,Kerala,Pathanamthitta,-0.03750000000000003,2.5625,2.4875,2.5,9.5,99.10714285714286,100.0,Safe,Safe,STABLE,STABLE
Kerala_9.3201_76.8112,2023,2.4,25.000000000000032,Kerala,Pathanamthitta,-0.0142857142857143,2.3857142857142857,2.357142857142857,2.1,2.5,28.57142857142859,35.71428571428571,Stressed,Stressed,STABLE,STABLE
Kerala_9.3223_76.736,2023,2.9,6.666666666666677,Kerala,Pathanamthitta,0.175,3.0749999999999997,3.425,1.5,3.0,0.0,0.0,Critical,Critical,FUTURE_CRITICAL,FUTURE_CRITICAL
Kerala_9.3275_76.8808,2023,5.0,72.72727272727273,Kerala,Pathanamthitta,0.03749999999999998,5.0375,5.1125,4.7,5.8,69.31818181818186,62.50000000000002,Watch,Watch,STABLE,STABLE
Andhra Pradesh_nan_77.8074,2023,6.2,92.85714285714285,Andhra Pradesh,Kurnool,-0.10000000000000002,6.1000000000000005,5.9,5.8,11.4,94.64285714285712,98.21428571428571,Safe,Safe,STABLE,STABLE
Kerala_9.2439_76.7522,2023,8.6,25.0,Kerala,Pathanamthitta,0.03749999999999987,8.6375,8.712499999999999,7.1,9.1,23.125000000000018,19.375000000000053,Critical,Critical,FUTURE_CRITICAL,FUTURE_CRITICAL
Kerala_9.2699_76.9285,2023,7.1,12.500000000000021,Kerala,Pathanamthitta,-5.204170427930421e-17,7.1,7.1,5.0,7.4,12.500000000000021,12.500000000000021,Critical,Critical,FUTURE_CRITICAL,FUTURE_CRITICAL
Kerala_9.2609_76.878,2023,4.1,8.333333333333382,Kerala,Pathanamthitta,0.07142857142857133,4.171428571428571,4.314285714285713,3.0,4.2,2.38095238095245,0.0,Critical,Critical,FUTURE_CRITICAL,FUTURE_CRITICAL
Kerala_9.2907_76.7222,2023,3.4,17.391304347826086,Kerala,Pathanamthitta,0.175,3.5749999999999997,3.925,1.5,3.8,9.782608695652184,0.0,Critical,Critical,FUTURE_CRITICAL,FUTURE_CRITICAL
Kerala_9.2874_76.8222,2023,6.5,29.999999999999982,Kerala,Pathanamthitta,-0.012499999999999959,6.4875,6.4625,5.8,6.8,31.25,33.74999999999994,Stressed,Stressed,STABLE,STABLE
Kerala_9.3146_76.7742,2023,6.4,31.24999999999999,Kerala,Pathanamthitta,-0.042857142857142864,6.357142857142858,6.271428571428571,5.3,6.9,33.92857142857141,39.2857142857143,Stressed,Stressed,STABLE,STABLE
Kerala_9.2012_76.848,2023,2.8,28.57142857142859,Kerala,Pathanamthitta,0.09999999999999998,2.9,3.0999999999999996,2.3,3.0,14.28571428571429,0.0,Critical,Critical,FUTURE_CRITICAL,FUTURE_CRITICAL
Kerala_9.1925_76.6707,2023,6.1,0.0,Kerala,Alappuzha,0.02857142857142852,6.128571428571428,6.185714285714285,4.8,6.1,0.0,0.0,Critical,Critical,FUTURE_CRITICAL,FUTURE_CRITICAL
Kerala_9.2141_76.8075,2023,9.8,16.666666666666618,Kerala,Pathanamthitta,0.1,9.9,10.100000000000001,9.3,9.9,0.0,0.0,Critical,Critical,FUTURE_CRITICAL,FUTURE_CRITICAL
Kerala_9.2087_76.873,2023,3.9,29.41176470588237,Kerala,Pathanamthitta,-0.03750000000000006,3.8625,3.7874999999999996,2.7,4.4,31.61764705882356,36.02941176470592,Stressed,Stressed,STABLE,STABLE
Kerala_9.2244_76.7735,2023,4.9,75.47169811320754,Kerala,Pathanamthitta,0.0,4.9,4.9,3.6,8.9,75.47169811320754,75.47169811320754,Safe,Safe,STABLE,STABLE
Kerala_9.2244_76.7734,2023,3.9,15.384615384615364,Kerala,Pathanamthitta,0.15714285714285717,4.057142857142857,4.371428571428572,2.8,4.1,3.296703296703285,0.0,Critical,Critical,FUTURE_CRITICAL,FUTURE_CRITICAL
Kerala_9.2317_76.8441,2023,5.4,75.86206896551724,Kerala,Pathanamthitta,0.012500000000000067,5.4125000000000005,5.437500000000001,4.7,7.6,75.4310344827586,74.56896551724135,Safe,Watch,STABLE,STABLE
Kerala_11.1708_76.3201,2023,5.4,0.0,Kerala,Malappuram,0.10000000000000007,5.5,5.7,4.5,5.4,0.0,0.0,Critical,Critical,FUTURE_CRITICAL,FUTURE_CRITICAL
Kerala_9.2294_76.7541,2023,7.1,0.0,Kerala,Pathanamthitta,0.03749999999999992,7.137499999999999,7.2124999999999995,5.8,7.1,0.0,0.0,Critical,Critical,FUTURE_CRITICAL,FUTURE_CRITICAL
Kerala_9.1555_76.8544,2023,7.1,0.0,Kerala,Pathanamthitta,0.024999999999999904,7.124999999999999,7.174999999999999,6.2,7.1,0.0,0.0,Critical,Critical,FUTURE_CRITICAL,FUTURE_CRITICAL
Kerala_9.1858_76.9125,2023,6.3,25.0,Kerala,Pathanamthitta,-0.04285714285714283,6.257142857142857,6.171428571428572,5.4,6.6,28.57142857142856,35.71428571428569,Stressed,Stressed,STABLE,STABLE
Kerala_9.1444_76.7328,2023,4.2,68.75,Kerala,Pathanamthitta,0.07142857142857144,4.271428571428571,4.414285714285715,3.7,5.3,64.2857142857143,55.35714285714284,Watch,Watch,STABLE,STABLE
Kerala_9.1635_76.8698,2023,8.3,3.2258064516128893,Kerala,Pathanamthitta,0.3750000000000001,8.675,9.425,5.3,8.4,0.0,0.0,Critical,Critical,FUTURE_CRITICAL,FUTURE_CRITICAL
Kerala_11.3047_75.8787,2023,13.4,0.0,Kerala,Kozhikode,0.40000000000000013,13.8,14.600000000000001,9.5,13.4,0.0,0.0,Critical,Critical,FUTURE_CRITICAL,FUTURE_CRITICAL
Kerala_11.3296_75.9415,2023,6.0,0.0,Kerala,Kozhikode,0.20000000000000004,6.2,6.6,4.6,6.0,0.0,0.0,Critical,Critical,FUTURE_CRITICAL,FUTURE_CRITICAL
Kerala_11.3669_75.7969,2023,1.8,30.76923076923078,Kerala,Kozhikode,0.042857142857142864,1.842857142857143,1.9285714285714286,0.9,2.2,27.472527472527474,20.879120879120904,Stressed,Critical,STABLE,FUTURE_CRITICAL
Kerala_11.4481_75.8592,2023,3.4,52.63157894736843,Kerala,Kozhikode,0.04999999999999999,3.4499999999999997,3.55,2.5,4.4,50.00000000000002,44.73684210526317,Watch,Stressed,STABLE,STABLE
Kerala_11.4237_75.9378,2023,1.1,49.999999999999986,Kerala,Kozhikode,0.0,1.1,1.1,0.9,1.3,49.999999999999986,49.999999999999986,Stressed,Stressed,STABLE,STABLE
Assam_25.8469_92.8978,2023,9.1,44.70588235294118,Assam,West Karbi Anglong,0.7833333333333331,9.883333333333333,11.45,4.4,12.9,35.49019607843138,17.058823529411782,Stressed,Critical,STABLE,FUTURE_CRITICAL
Assam_25.8417_93.45,2023,20.3,10.294117647058808,Assam,Karbi Anglong,0.18333333333333357,20.483333333333334,20.85,14.2,21.0,7.598039215686258,2.2058823529411575,Critical,Critical,FUTURE_CRITICAL,FUTURE_CRITICAL
Kerala_8.8319_77.0083,2023,5.2,100.0,Kerala,Kollam,-0.2333333333333332,4.966666666666667,4.500000000000001,5.2,6.6,100.0,100.0,Safe,Safe,STABLE,STABLE
Kerala_8.8477_76.7288,2023,10.5,75.00000000000003,Kerala,Kollam,-0.10000000000000009,10.4,10.2,9.9,12.3,79.16666666666667,87.50000000000004,Safe,Safe,STABLE,STABLE
Kerala_11.6406_76.1871,2023,6.9,78.94736842105262,Kerala,Wayanad,0.014285714285714346,6.914285714285715,6.942857142857143,6.1,9.9,78.57142857142856,77.81954887218045,Safe,Safe,STABLE,STABLE
Kerala_11.6442_76.3306,2023,2.2,54.54545454545452,Kerala,Wayanad,-0.012499999999999956,2.1875,2.1625000000000005,1.7,2.8,55.681818181818166,57.95454545454539,Watch,Watch,STABLE,STABLE
Kerala_11.6031_76.3449,2023,2.6,100.0,Kerala,Wayanad,-0.024999999999999977,2.575,2.5250000000000004,2.6,3.5,100.0,100.0,Safe,Safe,STABLE,STABLE
Kerala_11.663_76.2574,2023,5.2,74.19354838709677,Kerala,Wayanad,-0.21250000000000002,4.9875,4.5625,4.4,7.5,81.0483870967742,94.75806451612905,Safe,Safe,STABLE,RECOVERY_EXPECTED
Kerala_11.673_76.2844,2023,6.6,73.91304347826089,Kerala,Wayanad,0.049999999999999906,6.6499999999999995,6.749999999999999,6.0,8.3,71.73913043478264,67.39130434782614,Watch,Watch,STABLE,STABLE
Kerala_8.8169_76.9642,2023,7.8,41.66666666666671,Kerala,Kollam,-6.938893903907228e-18,7.8,7.8,7.1,8.3,41.66666666666671,41.66666666666671,Stressed,Stressed,STABLE,STABLE
Kerala_11.6844_76.1125,2023,7.0,57.89473684210527,Kerala,Wayanad,0.05714285714285718,7.057142857142857,7.171428571428572,6.2,8.1,54.88721804511278,48.872180451127804,Watch,Stressed,STABLE,STABLE
Kerala_11.6684_76.3145,2023,4.4,86.36363636363633,Kerala,Wayanad,-0.012499999999999943,4.3875,4.362500000000001,4.1,6.3,86.93181818181816,88.06818181818177,Safe,Safe,STABLE,STABLE
Kerala_8.5917_76.9531,2023,4.6,100.0,Kerala,Thiruvananthapuram,-0.48750000000000004,4.1125,3.1374999999999993,4.6,10.8,100.0,100.0,Safe,Safe,STABLE,STABLE
Kerala_8.3848_77.0723,2023,17.4,34.48275862068966,Kerala,Thiruvananthapuram,-0.0375000000000002,17.362499999999997,17.287499999999998,11.7,20.4,34.9137931034483,35.77586206896552,Stressed,Stressed,STABLE,STABLE
Kerala_11.9283_75.5093,2023,4.9,46.15384615384613,Kerala,Kannur,-1.3877787807814457e-17,4.9,4.9,4.2,5.5,46.15384615384613,46.15384615384613,Stressed,Stressed,STABLE,STABLE
Kerala_11.93_75.5395,2023,4.5,28.57142857142859,Kerala,Kannur,-0.025000000000000022,4.475,4.425,4.0,4.7,32.14285714285721,39.28571428571432,Stressed,Stressed,STABLE,STABLE
Kerala_12.653_74.9216,2023,10.8,78.57142857142853,Kerala,Kasaragod,-0.11249999999999982,10.6875,10.462500000000002,10.5,11.9,86.60714285714286,100.0,Safe,Safe,STABLE,RECOVERY_EXPECTED
Kerala_12.6633_75.0318,2023,9.3,83.3333333333333,Kerala,Kasaragod,-0.09999999999999987,9.200000000000001,9.000000000000002,9.0,10.8,88.88888888888884,99.9999999999999,Safe,Safe,STABLE,RECOVERY_EXPECTED
Kerala_11.9108_75.3641,2023,7.5,66.66666666666667,Kerala,Kannur,-0.05000000000000004,7.45,7.35,7.3,7.9,74.99999999999996,91.66666666666671,Watch,Safe,STABLE,RECOVERY_EXPECTED
Kerala_11.9772_75.7741,2023,6.6,0.0,Kerala,Kannur,0.1285714285714285,6.728571428571428,6.985714285714285,5.7,6.6,0.0,0.0,Critical,Critical,FUTURE_CRITICAL,FUTURE_CRITICAL
Kerala_11.9593_75.5166,2023,12.2,6.060606060606089,Kerala,Kannur,0.38749999999999996,12.587499999999999,13.362499999999999,9.1,12.4,0.0,0.0,Critical,Critical,FUTURE_CRITICAL,FUTURE_CRITICAL
Kerala_11.9966_75.7243,2023,4.0,100.0,Kerala,Kannur,-0.025,3.975,3.925,4.0,4.4,100.0,100.0,Safe,Safe,STABLE,STABLE
Kerala_12.0087_75.7528,2023,6.3,100.0,Kerala,Kannur,9.516197353929913e-17,6.3,6.3,6.3,10.7,100.0,100.0,Safe,Safe,STABLE,STABLE
Kerala_12.5585_75.0991,2023,4.0,100.0,Kerala,Kasaragod,-2.45,1.5499999999999998,0.0,4.0,23.7,100.0,100.0,Safe,Safe,STABLE,STABLE
Kerala_12.3885_75.0431,2023,6.5,100.0,Kerala,Kasaragod,-0.012499999999999963,6.4875,6.4625,6.5,10.4,100.0,100.0,Safe,Safe,STABLE,STABLE
Kerala_12.4195_75.1658,2023,10.1,0.0,Kerala,Kasaragod,0.6499999999999999,10.75,12.049999999999999,4.8,10.1,0.0,0.0,Critical,Critical,FUTURE_CRITICAL,FUTURE_CRITICAL
Kerala_12.4997_75.2695,2023,10.4,17.02127659574466,Kerala,Kasaragod,-0.050000000000000024,10.35,10.25,6.5,11.2,18.085106382978722,20.2127659574468,Critical,Critical,FUTURE_CRITICAL,FUTURE_CRITICAL
West Bengal_26.8646_88.6257,2023,4.5,0.0,West Bengal,Jalpaiguri,0.5399999999999999,5.04,6.119999999999999,1.8,4.5,0.0,0.0,Critical,Critical,FUTURE_CRITICAL,FUTURE_CRITICAL
Assam_26.61_91.58,2023,3.2,39.99999999999999,Assam,Tamulpur,0.09999999999999999,3.3000000000000003,3.5,2.6,3.6,29.999999999999982,10.000000000000009,Stressed,Critical,EARLY_DEPLETION_WARNING,FUTURE_CRITICAL
West Bengal_nan_89.7671,2024,3.5,45.00000000000001,West Bengal,Alipurduar,-0.14000000000000004,3.36,3.08,2.4,4.4,52.000000000000014,65.99999999999999,Watch,Watch,STABLE,RECOVERY_EXPECTED
West Bengal_nan_87.511,2024,1.2,72.72727272727273,West Bengal,Paschim Medinipur,-0.16,1.04,0.72,0.9,2.0,87.27272727272727,100.0,Safe,Safe,RECOVERY_EXPECTED,RECOVERY_EXPECTED
West Bengal_26.8813_88.8144,2024,9.6,11.594202898550732,West Bengal,Jalpaiguri,0.0,9.6,9.6,3.5,10.4,11.594202898550732,11.594202898550732,Critical,Critical,FUTURE_CRITICAL,FUTURE_CRITICAL
Assam_26.4986_91.075,2024,2.1,100.0,Assam,Bajali,-0.21249999999999997,1.8875000000000002,1.4625000000000001,2.1,4.1,100.0,100.0,Safe,Safe,STABLE,STABLE
Assam_26.4931_90.5375,2024,2.4,85.00000000000001,Assam,Bongaigaon,-0.16249999999999998,2.2375,1.9125,1.8,5.8,89.0625,97.1875,Safe,Safe,STABLE,STABLE
Assam_26.5067_94.1569,2024,1.0,92.85714285714286,Assam,Jorhat,-0.16249999999999998,0.8375,0.5125000000000001,0.9,2.3,100.0,100.0,Safe,Safe,STABLE,STABLE
Assam_26.5669_92.8622,2024,1.3,100.0,Assam,Nagaon,-0.30000000000000004,1.0,0.3999999999999999,1.3,4.1,100.0,100.0,Safe,Safe,STABLE,STABLE
Rajasthan_27.395_77.3525,2024,11.2,70.45454545454548,Rajasthan,Deeg,0.17142857142857132,11.37142857142857,11.714285714285714,9.9,14.3,66.5584415584416,58.766233766233796,Watch,Watch,STABLE,STABLE
Rajasthan_27.4833_71.7833,2024,12.0,0.0,Rajasthan,Jaisalmer,0.35714285714285715,12.357142857142858,13.071428571428571,6.5,12.0,0.0,0.0,Critical,Critical,FUTURE_CRITICAL,FUTURE_CRITICAL
Rajasthan_27.3753_74.5167,2024,34.9,8.07453416149071,Rajasthan,Didwana-Kuchaman,1.2428571428571424,36.14285714285714,38.628571428571426,20.1,36.2,0.3549245785271049,0.0,Critical,Critical,FUTURE_CRITICAL,FUTURE_CRITICAL
Rajasthan_27.3667_75.4,2024,38.7,0.0,Rajasthan,Sikar,1.971428571428572,40.67142857142858,44.61428571428572,24.9,38.7,0.0,0.0,Critical,Critical,FUTURE_CRITICAL,FUTURE_CRITICAL
West Bengal_nan_89.72,2024,3.4,100.0,West Bengal,Alipurduar,-0.25000000000000006,3.15,2.6499999999999995,3.4,4.9,100.0,100.0,Safe,Safe,STABLE,STABLE
West Bengal_nan_89.7194,2024,3.1,74.99999999999997,West Bengal,Alipurduar,0.02000000000000006,3.12,3.16,3.0,3.4,69.99999999999997,59.99999999999995,Watch,Watch,STABLE,EARLY_DEPLETION_WARNING
West Bengal_nan_87.6483,2024,5.7,50.0,West Bengal,Birbhum,0.059999999999999956,5.76,5.88,5.4,6.0,40.00000000000006,20.00000000000003,Stressed,Critical,STABLE,FUTURE_CRITICAL
Uttar Pradesh_26.425_80.4167,2024,3.8,54.16666666666667,Uttar Pradesh,Kanpur Nagar,-0.06666666666666665,3.7333333333333334,3.5999999999999996,1.6,6.4,55.55555555555556,58.33333333333335,Watch,Watch,STABLE,STABLE
Kerala_12.4767_75.2095,2024,9.6,76.7123287671233,Kerala,Kasaragod,-0.6375,8.9625,7.6875,7.9,15.2,85.44520547945204,100.0,Safe,Safe,STABLE,RECOVERY_EXPECTED
Kerala_12.4669_75.19,2024,9.4,100.0,Kerala,Kasaragod,-0.011111111111111072,9.38888888888889,9.366666666666667,9.4,17.4,100.0,100.0,Safe,Safe,STABLE,STABLE
Kerala_12.4793_75.0365,2024,9.3,100.0,Kerala,Kasaragod,-0.5999999999999999,8.700000000000001,7.500000000000001,9.3,12.9,100.0,100.0,Safe,Safe,STABLE,STABLE
Kerala_12.4961_75.1315,2024,12.0,0.0,Kerala,Kasaragod,0.31111111111111117,12.311111111111112,12.933333333333334,9.1,12.0,0.0,0.0,Critical,Critical,FUTURE_CRITICAL,FUTURE_CRITICAL
Kerala_12.4803_75.0576,2024,22.2,0.0,Kerala,Kasaragod,-0.12941176470588242,22.070588235294117,21.811764705882354,11.4,22.2,1.1982570806100212,3.5947712418300526,Critical,Critical,FUTURE_CRITICAL,FUTURE_CRITICAL
Uttar Pradesh_26.2969_79.43,2024,3.0,100.0,Uttar Pradesh,Jalaun,-0.2166666666666666,2.783333333333333,2.35,3.0,4.6,100.0,100.0,Safe,Safe,STABLE,STABLE
Uttar Pradesh_26.2708_81.2886,2024,4.5,82.92682926829268,Uttar Pradesh,Rae Bareli,-0.04999999999999997,4.45,4.35,3.8,7.9,84.14634146341463,86.58536585365854,Safe,Safe,STABLE,STABLE
Uttar Pradesh_26.4083_82.3917,2024,5.7,100.0,Uttar Pradesh,Ambedkar Nagar,-0.07999999999999984,5.62,5.460000000000001,5.7,7.7,100.0,100.0,Safe,Safe,STABLE,STABLE
Uttar Pradesh_26.3167_81.35,2024,1.2,100.0,Uttar Pradesh,Rae Bareli,-0.21666666666666667,0.9833333333333333,0.5499999999999999,1.2,2.7,100.0,100.0,Safe,Safe,STABLE,STABLE
Kerala_12.4983_75.1919,2024,3.2,92.38095238095238,Kerala,Kasaragod,-0.7666666666666666,2.4333333333333336,0.9000000000000004,2.4,12.9,99.68253968253968,100.0,Safe,Safe,STABLE,STABLE
Kerala_12.501_74.9874,2024,7.2,100.0,Kerala,Kasaragod,-0.32500000000000007,6.875,6.225,7.2,9.8,100.0,100.0,Safe,Safe,STABLE,STABLE
Kerala_12.5098_75.08,2024,11.4,100.0,Kerala,Kasaragod,-0.14444444444444432,11.255555555555556,10.966666666666667,11.4,13.4,100.0,100.0,Safe,Safe,STABLE,STABLE
Kerala_12.5061_75.0911,2024,9.1,100.0,Kerala,Kasaragod,-0.7333333333333333,8.366666666666667,6.9,9.1,15.7,100.0,100.0,Safe,Safe,STABLE,STABLE
Kerala_12.5131_75.005,2024,8.4,100.0,Kerala,Kasaragod,-0.5999999999999999,7.800000000000001,6.6000000000000005,8.4,15.5,100.0,100.0,Safe,Safe,STABLE,STABLE
Kerala_12.5102_75.0504,2024,9.5,73.33333333333331,Kerala,Kasaragod,-0.022222222222222143,9.477777777777778,9.433333333333334,9.1,10.6,74.81481481481478,77.77777777777773,Watch,Safe,STABLE,STABLE
Kerala_12.5154_75.0229,2024,7.5,100.0,Kerala,Kasaragod,-0.10000000000000009,7.4,7.199999999999999,7.5,9.1,100.0,100.0,Safe,Safe,STABLE,STABLE
Uttar Pradesh_26.2667_81.4333,2024,1.8,80.0,Uttar Pradesh,Amethi,9.25185853854297e-18,1.8,1.8,1.5,3.0,80.0,80.0,Safe,Safe,STABLE,STABLE
Andhra Pradesh_14.8209_78.8782,2024,3.3,80.0,Andhra Pradesh,Y.S.R.,-0.5333333333333333,2.7666666666666666,1.6999999999999997,2.1,8.1,88.8888888888889,100.0,Safe,Safe,STABLE,RECOVERY_EXPECTED
Kerala_12.4578_75.0964,2024,4.9,100.0,Kerala,Kasaragod,-0.2625,4.6375,4.112500000000001,4.9,8.6,100.0,100.0,Safe,Safe,STABLE,STABLE
Assam_24.4514_92.6194,2024,0.8,87.5,Assam,Hailakandi,-0.26249999999999996,0.5375000000000001,0.012500000000000178,0.5,2.9,98.4375,100.0,Safe,Safe,RECOVERY_EXPECTED,STABLE
Assam_24.4333_92.2917,2024,1.2,83.33333333333334,Assam,Karimganj,0.0,1.2,1.2,1.1,1.7,83.33333333333334,83.33333333333334,Safe,Safe,STABLE,STABLE
Kerala_12.4658_75.0084,2024,5.8,100.0,Kerala,Kasaragod,-0.6272727272727272,5.172727272727273,3.918181818181818,5.8,14.1,100.0,100.0,Safe,Safe,STABLE,STABLE
Kerala_12.4645_75.0587,2024,8.1,92.42424242424242,Kerala,Kasaragod,-0.7625,7.3374999999999995,5.8125,7.6,14.2,100.0,100.0,Safe,Safe,STABLE,STABLE
Uttar Pradesh_26.3111_81.3733,2024,3.0,84.0,Uttar Pradesh,Rae Bareli,7.401486830834377e-17,3.0,3.0,2.6,5.1,84.0,84.0,Safe,Safe,STABLE,STABLE
Uttar Pradesh_26.4472_82.0167,2024,5.3,14.28571428571428,Uttar Pradesh,Sultanpur,0.11999999999999993,5.42,5.659999999999999,3.5,5.6,8.571428571428562,0.0,Critical,Critical,FUTURE_CRITICAL,FUTURE_CRITICAL
Uttar Pradesh_26.4292_80.1667,2024,2.6,77.77777777777779,Uttar Pradesh,Kanpur Nagar,-0.020000000000000018,2.58,2.54,2.2,4.0,78.8888888888889,81.11111111111111,Safe,Safe,STABLE,STABLE
Uttar Pradesh_26.25_83.5125,2024,5.9,29.268292682926813,Uttar Pradesh,Mau,-0.19999999999999984,5.7,5.300000000000001,3.0,7.1,34.14634146341462,43.90243902439022,Stressed,Stressed,STABLE,STABLE
Uttar Pradesh_26.3083_81.2583,2024,2.0,80.0,Uttar Pradesh,Rae Bareli,-0.06666666666666667,1.9333333333333333,1.8,1.7,3.2,84.44444444444444,93.33333333333333,Safe,Safe,STABLE,STABLE
Kerala_12.5134_75.1135,2024,12.3,0.0,Kerala,Kasaragod,0.6666666666666667,12.966666666666667,14.3,5.9,12.3,0.0,0.0,Critical,Critical,FUTURE_CRITICAL,FUTURE_CRITICAL
Kerala_12.5258_74.9953,2024,8.8,54.929577464788714,Kerala,Kasaragod,-0.4428571428571428,8.357142857142858,7.471428571428572,5.6,12.7,61.167002012072416,73.6418511066398,Watch,Watch,STABLE,RECOVERY_EXPECTED
Kerala_12.5202_75.0168,2024,10.6,65.73426573426573,Kerala,Kasaragod,-0.07777777777777789,10.522222222222222,10.366666666666665,5.7,20.0,66.27816627816628,67.36596736596738,Watch,Watch,STABLE,STABLE
Arunachal Pradesh_28.1514_95.2958,2024,12.1,0.0,Arunachal Pradesh,East Siang,0.25,12.35,12.85,9.1,12.1,0.0,0.0,Critical,Critical,FUTURE_CRITICAL,FUTURE_CRITICAL
Arunachal Pradesh_27.9133_95.3436,2024,5.9,0.0,Arunachal Pradesh,East Siang,0.42500000000000004,6.325,7.175000000000001,2.0,5.9,0.0,0.0,Critical,Critical,FUTURE_CRITICAL,FUTURE_CRITICAL
Kerala_12.5403_75.1093,2024,1.9,100.0,Kerala,Kasaragod,-1.4000000000000001,0.4999999999999998,0.0,1.9,15.2,100.0,100.0,Safe,Safe,STABLE,STABLE
Kerala_12.5408_75.1267,2024,9.8,100.0,Kerala,Kasaragod,-1.4499999999999997,8.350000000000001,5.450000000000001,9.8,22.1,100.0,100.0,Safe,Safe,STABLE,STABLE
Uttar Pradesh_26.2583_81.3528,2024,2.7,85.71428571428572,Uttar Pradesh,Rae Bareli,0.0,2.7,2.7,2.2,5.7,85.71428571428572,85.71428571428572,Safe,Safe,STABLE,STABLE
Uttar Pradesh_26.46_83.42,2024,4.5,23.076923076923062,Uttar Pradesh,Gorakhpur,0.03333333333333336,4.533333333333333,4.6,3.5,4.8,20.512820512820507,15.384615384615397,Critical,Critical,FUTURE_CRITICAL,FUTURE_CRITICAL
Uttar Pradesh_26.4508_82.7758,2024,4.0,52.941176470588246,Uttar Pradesh,Ambedkar Nagar,0.15999999999999998,4.16,4.4799999999999995,3.2,4.9,43.52941176470589,24.705882352941224,Stressed,Critical,STABLE,FUTURE_CRITICAL
Kerala_12.4211_75.0815,2024,10.7,21.126760563380287,Kerala,Kasaragod,0.46249999999999997,11.1625,12.087499999999999,5.1,12.2,14.612676056338024,1.5845070422535357,Critical,Critical,FUTURE_CRITICAL,FUTURE_CRITICAL
Kerala_12.4565_75.1408,2024,9.2,37.93103448275866,Kerala,Kasaragod,0.049999999999999746,9.249999999999998,9.349999999999998,7.4,10.3,36.20689655172422,32.758620689655274,Stressed,Stressed,STABLE,STABLE
Kerala_12.4505_75.0593,2024,2.9,100.0,Kerala,Kasaragod,-0.4111111111111109,2.488888888888889,1.6666666666666672,2.9,11.7,100.0,100.0,Safe,Safe,STABLE,STABLE
Kerala_12.4567_75.0353,2024,15.3,0.0,Kerala,Kasaragod,0.5444444444444445,15.844444444444445,16.933333333333334,10.4,15.3,0.0,0.0,Critical,Critical,FUTURE_CRITICAL,FUTURE_CRITICAL
Kerala_12.4566_75.1397,2024,9.5,17.647058823529417,Kerala,Kasaragod,0.5125,10.0125,11.0375,5.3,10.4,7.598039215686292,0.0,Critical,Critical,FUTURE_CRITICAL,FUTURE_CRITICAL
Kerala_12.4613_75.166,2024,12.9,49.99999999999994,Kerala,Kasaragod,-0.09999999999999984,12.8,12.600000000000001,12.1,13.7,56.24999999999992,68.74999999999989,Watch,Watch,STABLE,RECOVERY_EXPECTED
Andhra Pradesh_14.832_78.9521,2024,3.7,48.71794871794871,Andhra Pradesh,Y.S.R.,0.03333333333333341,3.7333333333333334,3.8000000000000003,1.7,5.6,47.86324786324786,46.15384615384613,Stressed,Stressed,STABLE,STABLE
Uttar Pradesh_26.2517_81.535,2024,1.7,95.45454545454545,Uttar Pradesh,Amethi,-0.08333333333333338,1.6166666666666665,1.4499999999999997,1.6,3.8,99.24242424242425,100.0,Safe,Safe,STABLE,STABLE
Kerala_12.5405_75.0005,2024,3.8,100.0,Kerala,Kasaragod,0.0,3.8,3.8,3.8,13.7,100.0,100.0,Safe,Safe,STABLE,STABLE
Kerala_12.545_75.0723,2024,4.9,100.0,Kerala,Kasaragod,-0.41111111111111104,4.488888888888889,3.666666666666667,4.9,13.7,100.0,100.0,Safe,Safe,STABLE,STABLE
Kerala_12.5444_74.9618,2024,8.1,53.571428571428584,Kerala,Kasaragod,0.16666666666666666,8.266666666666666,8.6,2.9,14.1,52.08333333333335,49.10714285714286,Watch,Stressed,STABLE,STABLE
Kerala_12.5487_75.1646,2024,10.5,64.84375,Kerala,Kasaragod,-0.8555555555555555,9.644444444444444,7.933333333333334,6.0,18.8,71.52777777777779,84.89583333333333,Watch,Safe,STABLE,RECOVERY_EXPECTED
Uttar Pradesh_26.2403_82.3111,2024,3.7,72.72727272727272,Uttar Pradesh,Sultanpur,0.08333333333333333,3.7833333333333337,3.95,3.1,5.3,68.93939393939392,61.36363636363635,Watch,Watch,STABLE,STABLE
Uttar Pradesh_26.2361_80.35,2024,2.3,0.0,Uttar Pradesh,Kanpur Nagar,0.1333333333333333,2.433333333333333,2.6999999999999997,1.3,2.3,0.0,0.0,Critical,Critical,FUTURE_CRITICAL,FUTURE_CRITICAL
Kerala_12.3827_75.1005,2024,11.3,30.864197530864203,Kerala,Kasaragod,0.13888888888888887,11.43888888888889,11.716666666666667,5.7,13.8,29.149519890260635,25.72016460905351,Stressed,Stressed,STABLE,STABLE
Kerala_12.4036_75.1029,2024,5.1,100.0,Kerala,Kasaragod,-0.4111111111111112,4.688888888888888,3.8666666666666663,5.1,10.5,100.0,100.0,Safe,Safe,STABLE,STABLE
Kerala_12.4004_75.0311,2024,10.0,0.0,Kerala,Kasaragod,0.1111111111111111,10.11111111111111,10.333333333333334,3.9,10.0,0.0,0.0,Critical,Critical,FUTURE_CRITICAL,FUTURE_CRITICAL
Kerala_12.404_75.1024,2024,8.7,37.93103448275866,Kerala,Kasaragod,-0.044444444444444425,8.655555555555555,8.566666666666666,6.9,9.8,39.46360153256708,42.52873563218393,Stressed,Stressed,STABLE,STABLE
Kerala_12.4145_75.0514,2024,11.2,0.0,Kerala,Kasaragod,0.14444444444444432,11.344444444444443,11.633333333333333,7.5,11.2,0.0,0.0,Critical,Critical,FUTURE_CRITICAL,FUTURE_CRITICAL
Kerala_12.429_75.0724,2024,10.2,7.500000000000018,Kerala,Kasaragod,0.09999999999999984,10.299999999999999,10.499999999999998,6.5,10.5,5.000000000000027,4.440892098500626e-14,Critical,Critical,FUTURE_CRITICAL,FUTURE_CRITICAL
Uttar Pradesh_26.4806_79.9033,2024,5.2,100.0,Uttar Pradesh,Kanpur Dehat,-0.09999999999999998,5.1000000000000005,4.9,5.2,7.7,100.0,100.0,Safe,Safe,STABLE,STABLE
Uttar Pradesh_26.58_82.38,2024,4.5,77.77777777777777,Uttar Pradesh,Ayodhya,-1.3877787807814457e-17,4.5,4.5,4.3,5.2,77.77777777777777,77.77777777777777,Safe,Safe,STABLE,STABLE
Kerala_12.3399_75.0892,2024,4.8,77.52808988764043,Kerala,Kasaragod,-0.7999999999999999,4.0,2.4,2.8,11.7,86.51685393258425,100.0,Safe,Safe,STABLE,RECOVERY_EXPECTED
Kerala_12.3392_75.1082,2024,7.8,88.23529411764706,Kerala,Kasaragod,0.20000000000000007,8.0,8.4,5.8,22.8,87.05882352941177,84.70588235294117,Safe,Safe,STABLE,STABLE
Kerala_12.3552_75.0952,2024,12.3,2.083333333333326,Kerala,Kasaragod,0.5222222222222224,12.822222222222223,13.866666666666667,7.6,12.4,0.0,0.0,Critical,Critical,FUTURE_CRITICAL,FUTURE_CRITICAL
Assam_24.5583_92.8,2024,0.3,90.0,Assam,Cachar,-0.05000000000000006,0.24999999999999994,0.1499999999999998,0.1,2.1,92.5,97.50000000000001,Safe,Safe,STABLE,STABLE
Assam_24.5389_92.4833,2024,1.5,74.07407407407408,Assam,Karimganj,0.07500000000000001,1.575,1.725,0.8,3.5,71.2962962962963,65.74074074074075,Watch,Watch,STABLE,STABLE
Kerala_12.3625_75.0633,2024,8.2,100.0,Kerala,Kasaragod,-0.1857142857142858,8.014285714285714,7.642857142857142,8.2,11.2,100.0,100.0,Safe,Safe,STABLE,STABLE
Uttar Pradesh_26.5125_79.3806,2024,4.4,100.0,Uttar Pradesh,Auraiya,-0.050000000000000044,4.3500000000000005,4.25,4.4,8.0,100.0,100.0,Safe,Safe,STABLE,STABLE
Uttar Pradesh_26.4917_82.3083,2024,6.0,76.19047619047619,Uttar Pradesh,Ambedkar Nagar,0.016666666666666607,6.016666666666667,6.05,5.5,7.6,75.39682539682539,73.80952380952381,Safe,Watch,STABLE,STABLE
Uttar Pradesh_26.2333_81.91,2024,4.3,54.54545454545454,Uttar Pradesh,Amethi,0.06000000000000005,4.359999999999999,4.48,2.8,6.1,52.727272727272734,49.09090909090907,Watch,Stressed,STABLE,STABLE
Uttar Pradesh_26.2583_82.0833,2024,10.2,100.0,Uttar Pradesh,Sultanpur,-0.43333333333333357,9.766666666666666,8.899999999999999,10.2,13.4,100.0,100.0,Safe,Safe,STABLE,STABLE
Kerala_12.5516_75.1833,2024,4.9,100.0,Kerala,Kasaragod,-0.3999999999999999,4.5,3.7000000000000006,4.9,9.2,100.0,100.0,Safe,Safe,STABLE,STABLE
Kerala_12.55_75.2465,2024,13.1,0.0,Kerala,Kasaragod,0.15555555555555559,13.255555555555555,13.566666666666666,11.2,13.1,0.0,0.0,Critical,Critical,FUTURE_CRITICAL,FUTURE_CRITICAL
Kerala_12.5592_74.9742,2024,9.0,100.0,Kerala,Kasaragod,-0.28888888888888886,8.71111111111111,8.133333333333333,9.0,13.0,100.0,100.0,Safe,Safe,STABLE,STABLE
Kerala_12.5638_75.132,2024,12.1,100.0,Kerala,Kasaragod,-0.2333333333333332,11.866666666666667,11.4,12.1,17.7,100.0,100.0,Safe,Safe,STABLE,STABLE
Kerala_12.5619_75.1998,2024,10.4,0.0,Kerala,Kasaragod,0.27777777777777785,10.677777777777779,11.233333333333334,7.1,10.4,0.0,0.0,Critical,Critical,FUTURE_CRITICAL,FUTURE_CRITICAL
Kerala_12.5833_75.0366,2024,10.5,75.00000000000011,Kerala,Kasaragod,-0.05000000000000012,10.45,10.35,10.4,10.8,87.50000000000028,100.0,Safe,Safe,RECOVERY_EXPECTED,RECOVERY_EXPECTED
Kerala_12.563_75.1653,2024,8.0,100.0,Kerala,Kasaragod,-0.6000000000000001,7.4,6.199999999999999,8.0,16.2,100.0,100.0,Safe,Safe,STABLE,STABLE
Uttar Pradesh_26.605_83.0311,2024,3.1,64.70588235294117,Uttar Pradesh,Sant Kabir Nagar,0.01666666666666668,3.1166666666666667,3.1500000000000004,2.5,4.2,63.725490196078425,61.76470588235292,Watch,Watch,STABLE,STABLE
Kerala_12.2653_75.1889,2024,14.0,0.0,Kerala,Kasaragod,1.1166666666666667,15.116666666666667,17.35,6.4,14.0,0.0,0.0,Critical,Critical,FUTURE_CRITICAL,FUTURE_CRITICAL
Kerala_12.2644_75.1542,2024,21.9,0.0,Kerala,Kasaragod,1.111111111111111,23.01111111111111,25.23333333333333,8.3,21.9,0.0,0.0,Critical,Critical,FUTURE_CRITICAL,FUTURE_CRITICAL
Kerala_12.3133_75.0922,2024,11.3,0.0,Kerala,Kasaragod,0.2333333333333335,11.533333333333335,12.000000000000002,8.3,11.3,0.0,0.0,Critical,Critical,FUTURE_CRITICAL,FUTURE_CRITICAL
Kerala_12.3115_75.0762,2024,13.8,0.0,Kerala,Kasaragod,1.3875,15.1875,17.9625,2.0,13.8,0.0,0.0,Critical,Critical,FUTURE_CRITICAL,FUTURE_CRITICAL
Kerala_12.3241_75.0942,2024,1.9,100.0,Kerala,Kasaragod,-1.375,0.5249999999999999,0.0,1.9,13.1,100.0,100.0,Safe,Safe,STABLE,STABLE
Kerala_12.3153_75.1069,2024,1.9,100.0,Kerala,Kasaragod,-0.9222222222222223,0.9777777777777776,0.0,1.9,10.6,100.0,100.0,Safe,Safe,STABLE,STABLE
Kerala_12.3277_75.0712,2024,10.6,9.183673469387754,Kerala,Kasaragod,0.6642857142857144,11.264285714285714,12.592857142857143,1.7,11.5,2.405247813411082,0.0,Critical,Critical,FUTURE_CRITICAL,FUTURE_CRITICAL
Andhra Pradesh_14.8948_78.924,2024,5.3,63.1578947368421,Andhra Pradesh,Y.S.R.,-0.6666666666666665,4.633333333333333,3.3000000000000003,1.8,11.3,70.17543859649122,84.21052631578947,Watch,Safe,STABLE,RECOVERY_EXPECTED
Andhra Pradesh_14.8889_78.8807,2024,4.8,90.78947368421052,Andhra Pradesh,Y.S.R.,-0.7666666666666666,4.033333333333333,2.5,4.1,11.7,100.0,100.0,Safe,Safe,STABLE,STABLE
Kerala_12.5881_75.0005,2024,10.6,75.49668874172187,Kerala,Kasaragod,0.2555555555555554,10.855555555555554,11.366666666666665,6.9,22.0,73.80426784400296,70.41942604856513,Watch,Watch,STABLE,STABLE
Kerala_12.5836_75.0753,2024,4.8,100.0,Kerala,Kasaragod,-1.0777777777777777,3.7222222222222223,1.5666666666666664,4.8,14.5,100.0,100.0,Safe,Safe,STABLE,STABLE
Arunachal Pradesh_27.8378_95.2182,2024,2.0,57.14285714285714,Arunachal Pradesh,East Siang,-0.04999999999999997,1.95,1.85,1.7,2.4,64.28571428571428,78.57142857142854,Watch,Safe,STABLE,RECOVERY_EXPECTED
Arunachal Pradesh_27.8167_94.3167,2024,3.2,0.0,Arunachal Pradesh,Kamle,0.11428571428571432,3.3142857142857145,3.542857142857143,1.4,3.2,0.0,0.0,Critical,Critical,FUTURE_CRITICAL,FUTURE_CRITICAL
Kerala_12.5905_74.9486,2024,9.2,84.00000000000001,Kerala,Kasaragod,-0.2888888888888891,8.91111111111111,8.333333333333332,8.4,13.4,89.77777777777781,100.0,Safe,Safe,STABLE,RECOVERY_EXPECTED
Kerala_12.5896_74.945,2024,10.3,65.38461538461537,Kerala,Kasaragod,-0.13749999999999996,10.162500000000001,9.887500000000001,9.4,12.0,70.67307692307688,81.24999999999997,Watch,Safe,STABLE,RECOVERY_EXPECTED
Uttar Pradesh_26.1764_83.6569,2024,6.0,9.999999999999998,Uttar Pradesh,Mau,0.15000000000000005,6.15,6.45,3.3,6.3,4.999999999999982,0.0,Critical,Critical,FUTURE_CRITICAL,FUTURE_CRITICAL
Andhra Pradesh_14.791_79.9997,2024,2.3,25.00000000000001,Andhra Pradesh,Sri Potti Sriramulu Nellore,-0.07777777777777779,2.222222222222222,2.0666666666666664,0.2,3.0,27.77777777777779,33.333333333333336,Stressed,Stressed,STABLE,STABLE
Kerala_12.2281_75.1563,2024,11.4,0.0,Kerala,Kasaragod,0.5,11.9,12.9,6.8,11.4,0.0,0.0,Critical,Critical,FUTURE_CRITICAL,FUTURE_CRITICAL
Kerala_12.2125_75.1708,2024,5.5,100.0,Kerala,Kasaragod,-0.7250000000000001,4.775,3.3249999999999997,5.5,11.7,100.0,100.0,Safe,Safe,STABLE,STABLE
Kerala_12.2471_75.1342,2024,7.7,72.0,Kerala,Kasaragod,0.311111111111111,8.011111111111111,8.633333333333333,4.2,16.7,69.5111111111111,64.53333333333333,Watch,Watch,STABLE,STABLE
Kerala_12.2353_75.228,2024,7.3,92.6829268292683,Kerala,Kasaragod,-0.19999999999999998,7.1,6.7,7.0,11.1,97.56097560975611,100.0,Safe,Safe,STABLE,STABLE
Kerala_12.2523_75.2696,2024,12.4,0.0,Kerala,Kasaragod,0.037500000000000075,12.4375,12.512500000000001,11.9,12.4,0.0,0.0,Critical,Critical,FUTURE_CRITICAL,FUTURE_CRITICAL
Uttar Pradesh_26.5833_79.4708,2024,5.1,7.894736842105276,Uttar Pradesh,Auraiya,0.5833333333333334,5.683333333333333,6.85,1.6,5.4,0.0,0.0,Critical,Critical,FUTURE_CRITICAL,FUTURE_CRITICAL
Uttar Pradesh_26.6167_80.1875,2024,10.0,100.0,Uttar Pradesh,Kanpur Nagar,-0.0666666666666668,9.933333333333334,9.799999999999999,10.0,13.7,100.0,100.0,Safe,Safe,STABLE,STABLE
Uttar Pradesh_26.2286_79.9786,2024,4.7,69.23076923076923,Uttar Pradesh,Kanpur Dehat,-0.04999999999999997,4.65,4.550000000000001,3.5,7.4,70.51282051282051,73.07692307692307,Watch,Watch,STABLE,STABLE
Uttar Pradesh_26.2125_81.8125,2024,4.8,62.7906976744186,Uttar Pradesh,Amethi,-0.03333333333333336,4.766666666666667,4.699999999999999,3.2,7.5,63.565891472868216,65.11627906976747,Watch,Watch,STABLE,STABLE
Kerala_12.6026_75.1245,2024,5.5,88.37209302325581,Kerala,Kasaragod,-0.10000000000000003,5.4,5.2,4.5,13.1,89.53488372093022,91.86046511627907,Safe,Safe,STABLE,STABLE
Kerala_12.5922_75.1183,2024,9.0,33.3333333333333,Kerala,Kasaragod,-0.0571428571428572,8.942857142857143,8.82857142857143,7.6,9.7,36.05442176870744,41.496598639455726,Stressed,Stressed,STABLE,STABLE
Kerala_12.6088_75.008,2024,8.9,85.52631578947367,Kerala,Kasaragod,-0.022222222222222143,8.877777777777778,8.833333333333334,7.8,15.4,85.81871345029239,86.40350877192982,Safe,Safe,STABLE,STABLE
Kerala_12.6074_75.1655,2024,5.1,77.4193548387097,Kerala,Kasaragod,-0.30000000000000004,4.8,4.199999999999999,4.4,7.5,87.0967741935484,100.0,Safe,Safe,STABLE,RECOVERY_EXPECTED
Kerala_12.6204_74.9613,2024,10.1,100.0,Kerala,Kasaragod,-0.12222222222222213,9.977777777777778,9.733333333333333,10.1,15.2,100.0,100.0,Safe,Safe,STABLE,STABLE
Kerala_12.6233_75.0461,2024,7.0,100.0,Kerala,Kasaragod,-0.21111111111111114,6.788888888888889,6.366666666666666,7.0,10.0,100.0,100.0,Safe,Safe,STABLE,STABLE
Uttar Pradesh_26.15_83.3,2024,5.8,41.176470588235304,Uttar Pradesh,Azamgarh,-0.016666666666666757,5.783333333333333,5.75,3.8,7.2,41.66666666666667,42.64705882352941,Stressed,Stressed,STABLE,STABLE
Uttar Pradesh_26.2014_83.2297,2024,6.4,0.0,Uttar Pradesh,Azamgarh,0.2666666666666668,6.666666666666667,7.200000000000001,3.3,6.4,0.0,0.0,Critical,Critical,FUTURE_CRITICAL,FUTURE_CRITICAL
Uttar Pradesh_26.1775_82.1608,2024,11.1,100.0,Uttar Pradesh,Sultanpur,-0.05000000000000012,11.049999999999999,10.95,11.1,13.4,100.0,100.0,Safe,Safe,STABLE,STABLE
Uttar Pradesh_26.6917_82.6833,2024,3.2,49.999999999999986,Uttar Pradesh,Basti,0.050000000000000044,3.25,3.3500000000000005,2.5,3.9,46.42857142857143,39.28571428571425,Stressed,Stressed,STABLE,STABLE
Kerala_12.039_75.2824,2024,12.5,100.0,Kerala,Kannur,-0.3714285714285714,12.128571428571428,11.385714285714286,12.5,16.1,100.0,100.0,Safe,Safe,STABLE,STABLE
Kerala_12.143_75.1777,2024,7.2,42.35294117647058,Kerala,Kasaragod,0.4888888888888888,7.688888888888889,8.666666666666666,2.3,10.8,36.601307189542474,25.098039215686274,Stressed,Stressed,STABLE,EARLY_DEPLETION_WARNING
Kerala_12.1236_75.1821,2024,10.6,0.0,Kerala,Kasaragod,0.6555555555555554,11.255555555555555,12.566666666666666,3.4,10.6,0.0,0.0,Critical,Critical,FUTURE_CRITICAL,FUTURE_CRITICAL
Kerala_12.1925_75.1672,2024,11.6,0.0,Kerala,Kasaragod,0.7333333333333333,12.333333333333332,13.799999999999999,2.3,11.6,0.0,0.0,Critical,Critical,FUTURE_CRITICAL,FUTURE_CRITICAL
Kerala_12.1609_75.1696,2024,7.0,0.0,Kerala,Kasaragod,0.4875,7.4875,8.4625,2.8,7.0,0.0,0.0,Critical,Critical,FUTURE_CRITICAL,FUTURE_CRITICAL
Assam_24.5969_92.3206,2024,1.0,60.0,Assam,Karimganj,-0.075,0.925,0.775,0.6,1.6,67.5,82.5,Watch,Safe,STABLE,RECOVERY_EXPECTED
Assam_24.5625_92.4139,2024,1.3,14.28571428571428,Assam,Karimganj,0.0875,1.3875,1.5625,0.1,1.5,8.03571428571429,0.0,Critical,Critical,FUTURE_CRITICAL,FUTURE_CRITICAL
Uttar Pradesh_26.5975_80.2717,2024,9.7,100.0,Uttar Pradesh,Kanpur Nagar,-0.06666666666666671,9.633333333333333,9.5,9.7,10.7,100.0,100.0,Safe,Safe,STABLE,STABLE
Kerala_12.6213_74.9882,2024,9.2,37.500000000000014,Kerala,Kasaragod,0.2555555555555554,9.455555555555554,9.966666666666665,6.2,11.0,32.17592592592597,21.527777777777814,Stressed,Critical,STABLE,FUTURE_CRITICAL
Kerala_12.6291_75.0767,2024,9.1,0.0,Kerala,Kasaragod,0.3777777777777777,9.477777777777778,10.233333333333333,5.7,9.1,0.0,0.0,Critical,Critical,FUTURE_CRITICAL,FUTURE_CRITICAL
Kerala_12.6263_75.0957,2024,10.8,0.0,Kerala,Kasaragod,0.5777777777777778,11.377777777777778,12.533333333333335,2.0,10.8,0.0,0.0,Critical,Critical,FUTURE_CRITICAL,FUTURE_CRITICAL
Kerala_12.6392_75.014,2024,14.3,0.0,Kerala,Kasaragod,0.47777777777777786,14.777777777777779,15.733333333333334,9.7,14.3,0.0,0.0,Critical,Critical,FUTURE_CRITICAL,FUTURE_CRITICAL
Kerala_12.6364_75.14,2024,6.5,100.0,Kerala,Kasaragod,-0.11111111111111113,6.388888888888889,6.166666666666667,6.5,7.6,100.0,100.0,Safe,Safe,STABLE,STABLE
Kerala_12.6451_75.1088,2024,8.2,47.61904761904763,Kerala,Kasaragod,0.011111111111111072,8.21111111111111,8.233333333333333,7.1,9.2,47.0899470899471,46.031746031746046,Stressed,Stressed,STABLE,STABLE
Uttar Pradesh_26.1433_82.0333,2024,6.7,39.99999999999998,Uttar Pradesh,Amethi,0.1500000000000001,6.8500000000000005,7.15,5.8,7.3,29.99999999999995,9.999999999999964,Stressed,Critical,EARLY_DEPLETION_WARNING,FUTURE_CRITICAL
Uttar Pradesh_26.1389_82.125,2024,2.6,79.16666666666666,Uttar Pradesh,Sultanpur,-0.03333333333333336,2.566666666666667,2.5,2.1,4.5,80.55555555555554,83.33333333333334,Safe,Safe,STABLE,STABLE
Kerala_11.9794_75.3169,2024,2.0,100.0,Kerala,Kannur,-0.04444444444444441,1.9555555555555555,1.8666666666666667,2.0,2.7,100.0,100.0,Safe,Safe,STABLE,STABLE
Kerala_11.9983_75.6855,2024,9.8,0.0,Kerala,Kannur,0.3000000000000001,10.100000000000001,10.700000000000001,4.1,9.8,0.0,0.0,Critical,Critical,FUTURE_CRITICAL,FUTURE_CRITICAL
Kerala_12.0255_75.7083,2024,5.3,94.44444444444446,Kerala,Kannur,2.4671622769447922e-17,5.3,5.3,5.2,7.0,94.44444444444446,94.44444444444446,Safe,Safe,STABLE,STABLE
Kerala_12.0238_75.2665,2024,5.9,0.0,Kerala,Kannur,0.48888888888888893,6.388888888888889,7.366666666666667,0.9,5.9,0.0,0.0,Critical,Critical,FUTURE_CRITICAL,FUTURE_CRITICAL
Kerala_12.0712_75.2598,2024,7.7,100.0,Kerala,Kannur,-0.13333333333333336,7.566666666666666,7.3,7.7,9.4,100.0,100.0,Safe,Safe,STABLE,STABLE
Uttar Pradesh_26.6667_82.125,2024,4.3,35.71428571428572,Uttar Pradesh,Ayodhya,0.29999999999999993,4.6,5.199999999999999,2.5,5.3,25.00000000000001,3.571428571428592,Stressed,Critical,EARLY_DEPLETION_WARNING,FUTURE_CRITICAL
Uttar Pradesh_26.6667_79.1833,2024,4.6,100.0,Uttar Pradesh,Etawah,0.0,4.6,4.6,4.6,7.7,100.0,100.0,Safe,Safe,STABLE,STABLE
Uttar Pradesh_26.6333_82.6917,2024,4.1,0.0,Uttar Pradesh,Basti,0.18333333333333326,4.283333333333333,4.6499999999999995,2.3,4.1,0.0,0.0,Critical,Critical,FUTURE_CRITICAL,FUTURE_CRITICAL
Uttar Pradesh_26.7094_79.2025,2024,9.4,0.0,Uttar Pradesh,Etawah,0.5600000000000003,9.96,11.080000000000002,4.7,9.4,0.0,0.0,Critical,Critical,FUTURE_CRITICAL,FUTURE_CRITICAL
Uttar Pradesh_26.75_81.4833,2024,9.1,58.974358974358985,Uttar Pradesh,Bara Banki,0.2666666666666666,9.366666666666667,9.899999999999999,7.5,11.4,52.13675213675213,38.4615384615385,Watch,Stressed,STABLE,EARLY_DEPLETION_WARNING
Uttar Pradesh_26.7494_81.155,2024,5.4,84.84848484848484,Uttar Pradesh,Lucknow,-0.11666666666666654,5.283333333333334,5.050000000000001,4.9,8.2,88.38383838383837,95.45454545454545,Safe,Safe,STABLE,STABLE
Assam_24.6417_92.3542,2024,0.2,0.0,Assam,Karimganj,0.025,0.225,0.275,0.0,0.2,0.0,0.0,Critical,Critical,FUTURE_CRITICAL,FUTURE_CRITICAL
Assam_24.6292_92.6747,2024,0.4,0.0,Assam,Hailakandi,0.025,0.42500000000000004,0.47500000000000003,0.0,0.4,0.0,0.0,Critical,Critical,FUTURE_CRITICAL,FUTURE_CRITICAL
Kerala_11.9442_76.0649,2024,2.9,100.0,Kerala,Wayanad,-0.17777777777777773,2.7222222222222223,2.3666666666666667,2.9,10.7,100.0,100.0,Safe,Safe,STABLE,STABLE
Kerala_11.9441_75.3427,2024,8.8,0.0,Kerala,Kannur,0.7777777777777779,9.57777777777778,11.133333333333335,1.5,8.8,0.0,0.0,Critical,Critical,FUTURE_CRITICAL,FUTURE_CRITICAL
Kerala_11.9495_75.6106,2024,11.4,0.0,Kerala,Kannur,0.8,12.200000000000001,13.8,3.9,11.4,0.0,0.0,Critical,Critical,FUTURE_CRITICAL,FUTURE_CRITICAL
Uttar Pradesh_26.6847_82.3083,2024,3.5,13.333333333333341,Uttar Pradesh,Ayodhya,0.2166666666666666,3.716666666666667,4.1499999999999995,2.2,3.7,0.0,0.0,Critical,Critical,FUTURE_CRITICAL,FUTURE_CRITICAL
Uttar Pradesh_26.6806_81.1722,2024,3.3,0.0,Uttar Pradesh,Lucknow,0.2199999999999999,3.5199999999999996,3.9599999999999995,1.6,3.3,0.0,0.0,Critical,Critical,FUTURE_CRITICAL,FUTURE_CRITICAL
Uttar Pradesh_26.1739_81.7622,2024,4.6,27.027027027027028,Uttar Pradesh,Amethi,0.2666666666666668,4.866666666666666,5.4,1.9,5.6,19.819819819819827,5.405405405405384,Critical,Critical,FUTURE_CRITICAL,FUTURE_CRITICAL
Kerala_12.6525_74.99,2024,7.4,76.19047619047619,Kerala,Kasaragod,0.08571428571428581,7.485714285714286,7.6571428571428575,6.4,10.6,74.14965986394559,70.06802721088434,Watch,Watch,STABLE,STABLE
Kerala_12.6457_75.0793,2024,14.5,0.0,Kerala,Kasaragod,0.8555555555555556,15.355555555555556,17.066666666666666,3.9,14.5,0.0,0.0,Critical,Critical,FUTURE_CRITICAL,FUTURE_CRITICAL
Kerala_12.6556_74.9531,2024,5.9,100.0,Kerala,Kasaragod,-0.36666666666666653,5.533333333333334,4.800000000000001,5.9,9.3,100.0,100.0,Safe,Safe,STABLE,STABLE
Arunachal Pradesh_27.6667_95.875,2024,3.5,71.875,Arunachal Pradesh,Namsai,0.11250000000000004,3.6125,3.8375000000000004,2.6,5.8,68.359375,61.328124999999986,Watch,Watch,STABLE,STABLE
Arunachal Pradesh_27.5_96.1333,2024,5.0,45.454545454545446,Arunachal Pradesh,Changlang,-0.025000000000000022,4.975,4.925,3.8,6.0,46.59090909090911,48.86363636363637,Stressed,Stressed,STABLE,STABLE
Kerala_12.6739_75.1194,2024,12.1,0.0,Kerala,Kasaragod,0.05555555555555555,12.155555555555555,12.266666666666666,10.4,12.1,0.0,0.0,Critical,Critical,FUTURE_CRITICAL,FUTURE_CRITICAL
Uttar Pradesh_26.1167_83.5417,2024,3.1,46.874999999999986,Uttar Pradesh,Mau,0.03333333333333344,3.1333333333333337,3.2,1.4,4.6,45.833333333333314,43.749999999999986,Stressed,Stressed,STABLE,STABLE
Uttar Pradesh_26.1042_79.2056,2024,3.6,28.000000000000004,Uttar Pradesh,Jalaun,0.6,4.2,5.4,0.0,5.0,15.999999999999993,0.0,Critical,Critical,FUTURE_CRITICAL,FUTURE_CRITICAL
Kerala_12.6784_75.037,2024,10.8,0.0,Kerala,Kasaragod,0.7000000000000001,11.5,12.9,4.6,10.8,0.0,0.0,Critical,Critical,FUTURE_CRITICAL,FUTURE_CRITICAL
Kerala_11.9032_75.5816,2024,3.5,75.00000000000003,Kerala,Kannur,-0.04444444444444441,3.4555555555555557,3.3666666666666667,3.2,4.4,78.70370370370371,86.11111111111113,Safe,Safe,STABLE,STABLE
Kerala_11.9076_75.992,2024,1.8,100.0,Kerala,Wayanad,-0.43749999999999994,1.3625,0.48750000000000027,1.8,5.3,100.0,100.0,Safe,Safe,STABLE,STABLE
Kerala_11.9272_75.3534,2024,9.2,15.384615384615397,Kerala,Kannur,-0.07500000000000018,9.125,8.974999999999998,4.8,10.0,16.826923076923073,19.711538461538503,Critical,Critical,FUTURE_CRITICAL,FUTURE_CRITICAL
Kerala_11.9121_75.4549,2024,8.7,0.0,Kerala,Kannur,0.16666666666666657,8.866666666666665,9.2,4.5,8.7,0.0,0.0,Critical,Critical,FUTURE_CRITICAL,FUTURE_CRITICAL
Kerala_11.9305_75.5724,2024,3.6,100.0,Kerala,Kannur,-0.47777777777777786,3.1222222222222222,2.1666666666666665,3.6,12.3,100.0,100.0,Safe,Safe,STABLE,STABLE
Kerala_11.9405_75.3945,2024,4.2,100.0,Kerala,Kannur,-0.3111111111111111,3.8888888888888893,3.2666666666666666,4.2,8.3,100.0,100.0,Safe,Safe,STABLE,STABLE
Kerala_12.6749_74.9625,2024,13.5,0.0,Kerala,Kasaragod,0.5333333333333334,14.033333333333333,15.1,7.8,13.5,0.0,0.0,Critical,Critical,FUTURE_CRITICAL,FUTURE_CRITICAL
Kerala_12.7008_75.0136,2024,17.6,0.0,Kerala,Kasaragod,1.0333333333333334,18.633333333333336,20.700000000000003,7.1,17.6,0.0,0.0,Critical,Critical,FUTURE_CRITICAL,FUTURE_CRITICAL
Kerala_12.6863_74.9843,2024,9.8,0.0,Kerala,Kasaragod,0.10000000000000003,9.9,10.100000000000001,7.4,9.8,0.0,0.0,Critical,Critical,FUTURE_CRITICAL,FUTURE_CRITICAL
Kerala_12.7131_74.9524,2024,10.3,100.0,Kerala,Kasaragod,-0.18888888888888886,10.111111111111112,9.733333333333334,10.3,13.4,100.0,100.0,Safe,Safe,STABLE,STABLE
Kerala_12.7116_75.0191,2024,8.0,100.0,Kerala,Kasaragod,-0.1111111111111111,7.888888888888889,7.666666666666667,8.0,11.6,100.0,100.0,Safe,Safe,STABLE,STABLE
Kerala_12.7162_74.9169,2024,8.7,100.0,Kerala,Kasaragod,-0.25555555555555565,8.444444444444443,7.933333333333333,8.7,13.3,100.0,100.0,Safe,Safe,STABLE,STABLE
Kerala_12.725_74.8855,2024,2.8,100.0,Kerala,Kasaragod,-0.39999999999999997,2.4,1.5999999999999999,2.8,10.3,100.0,100.0,Safe,Safe,STABLE,STABLE
Andhra Pradesh_14.7541_77.712,2024,3.7,63.38028169014085,Andhra Pradesh,Ananthapuramu,-0.31111111111111106,3.3888888888888893,2.766666666666667,1.1,8.2,67.76212832550861,76.52582159624413,Watch,Safe,STABLE,STABLE
Kerala_11.8814_76.0779,2024,7.5,91.30434782608695,Kerala,Wayanad,-0.1111111111111111,7.388888888888889,7.166666666666667,7.1,11.7,93.719806763285,98.55072463768114,Safe,Safe,STABLE,STABLE
Kerala_11.8764_75.3725,2024,10.4,0.0,Kerala,Kannur,0.20000000000000007,10.6,11.0,8.5,10.4,0.0,0.0,Critical,Critical,FUTURE_CRITICAL,FUTURE_CRITICAL
Kerala_11.9015_75.3473,2024,8.8,0.0,Kerala,Kannur,0.2666666666666667,9.066666666666668,9.600000000000001,5.9,8.8,0.0,0.0,Critical,Critical,FUTURE_CRITICAL,FUTURE_CRITICAL
Kerala_11.8831_75.3531,2024,6.6,16.666666666666696,Kerala,Kannur,-0.03333333333333341,6.566666666666666,6.499999999999999,5.1,6.9,18.518518518518544,22.22222222222229,Critical,Critical,FUTURE_CRITICAL,FUTURE_CRITICAL
Kerala_11.9026_76.0668,2024,8.6,100.0,Kerala,Wayanad,-0.12222222222222218,8.477777777777778,8.233333333333333,8.6,12.8,100.0,100.0,Safe,Safe,STABLE,STABLE
Uttar Pradesh_26.7833_83.05,2024,2.7,100.0,Uttar Pradesh,Sant Kabir Nagar,-0.13333333333333333,2.566666666666667,2.3000000000000003,2.7,5.2,100.0,100.0,Safe,Safe,STABLE,STABLE
Uttar Pradesh_26.7667_81.1125,2024,3.4,0.0,Uttar Pradesh,Lucknow,0.10000000000000007,3.5,3.7,1.8,3.4,0.0,0.0,Critical,Critical,FUTURE_CRITICAL,FUTURE_CRITICAL
Kerala_11.9073_76.0321,2024,17.4,0.0,Kerala,Wayanad,1.5555555555555556,18.955555555555556,22.066666666666666,3.4,17.4,0.0,0.0,Critical,Critical,FUTURE_CRITICAL,FUTURE_CRITICAL
Andhra Pradesh_15.1831_79.2747,2024,6.1,38.70967741935484,Andhra Pradesh,Prakasam,0.20999999999999996,6.31,6.7299999999999995,0.4,9.7,36.45161290322581,31.93548387096774,Stressed,Stressed,STABLE,STABLE
Andhra Pradesh_15.1179_77.64,2024,10.4,0.0,Andhra Pradesh,Ananthapuramu,0.7777777777777779,11.177777777777779,12.733333333333334,2.1,10.4,0.0,0.0,Critical,Critical,FUTURE_CRITICAL,FUTURE_CRITICAL
Kerala_12.7248_74.8855,2024,4.3,100.0,Kerala,Kasaragod,-0.6777777777777778,3.622222222222222,2.2666666666666666,4.3,11.3,100.0,100.0,Safe,Safe,STABLE,STABLE
Kerala_12.7471_74.9376,2024,7.0,100.0,Kerala,Kasaragod,-0.6111111111111112,6.388888888888889,5.166666666666666,7.0,13.1,100.0,100.0,Safe,Safe,STABLE,STABLE
Kerala_12.7415_74.9539,2024,13.2,0.0,Kerala,Kasaragod,0.3624999999999998,13.5625,14.287499999999998,9.1,13.2,0.0,0.0,Critical,Critical,FUTURE_CRITICAL,FUTURE_CRITICAL
Kerala_8.3614_77.0519,2024,4.1,100.0,Kerala,Thiruvananthapuram,-1.9222222222222212,2.1777777777777785,0.0,4.1,46.8,100.0,100.0,Safe,Safe,STABLE,STABLE
Kerala_8.3308_77.0627,2024,17.1,0.0,Kerala,Thiruvananthapuram,0.13750000000000018,17.2375,17.512500000000003,10.9,17.1,0.0,0.0,Critical,Critical,FUTURE_CRITICAL,FUTURE_CRITICAL
Arunachal Pradesh_27.4583_96.1083,2024,2.6,84.99999999999999,Arunachal Pradesh,Changlang,-0.012499999999999983,2.5875,2.5625,2.3,4.3,85.625,86.87499999999999,Safe,Safe,STABLE,STABLE
Arunachal Pradesh_27.4167_96.0458,2024,4.5,15.384615384615397,Arunachal Pradesh,Changlang,0.1375,4.6375,4.9125,3.4,4.7,4.807692307692301,0.0,Critical,Critical,FUTURE_CRITICAL,FUTURE_CRITICAL
Uttar Pradesh_26.83_79.5958,2024,4.1,25.806451612903246,Uttar Pradesh,Auraiya,0.3833333333333333,4.4833333333333325,5.25,1.8,4.9,13.440860215053796,0.0,Critical,Critical,FUTURE_CRITICAL,FUTURE_CRITICAL
Uttar Pradesh_26.7_80.1283,2024,2.6,100.0,Uttar Pradesh,Kanpur Nagar,-0.6399999999999999,1.9600000000000002,0.6800000000000004,2.6,7.8,100.0,100.0,Safe,Safe,STABLE,STABLE
Kerala_11.8611_76.1501,2024,1.5,100.0,Kerala,Wayanad,-0.9777777777777779,0.5222222222222221,0.0,1.5,13.4,100.0,100.0,Safe,Safe,STABLE,STABLE
Kerala_11.8717_75.5724,2024,7.7,0.0,Kerala,Kannur,0.25555555555555554,7.955555555555556,8.466666666666667,3.2,7.7,0.0,0.0,Critical,Critical,FUTURE_CRITICAL,FUTURE_CRITICAL
Kerala_11.8717_75.3931,2024,8.3,51.99999999999996,Kerala,Kannur,0.03333333333333341,8.333333333333334,8.4,7.1,9.6,50.66666666666663,47.99999999999998,Watch,Stressed,STABLE,STABLE
Kerala_11.875_75.3542,2024,6.6,100.0,Kerala,Kannur,-0.7666666666666666,5.833333333333333,4.3,6.6,12.3,100.0,100.0,Safe,Safe,STABLE,STABLE
Kerala_11.8744_75.3835,2024,4.7,100.0,Kerala,Kannur,-0.5874999999999999,4.112500000000001,2.9375000000000004,4.7,13.7,100.0,100.0,Safe,Safe,STABLE,STABLE
Assam_24.7183_92.7769,2024,2.8,31.25,Assam,Cachar,0.38,3.1799999999999997,3.94,0.6,3.8,19.375000000000007,0.0,Critical,Critical,FUTURE_CRITICAL,FUTURE_CRITICAL
Uttar Pradesh_26.7661_82.1608,2024,7.4,41.666666666666664,Uttar Pradesh,Ayodhya,0.14,7.54,7.82,6.7,7.9,30.00000000000003,6.666666666666677,Stressed,Critical,EARLY_DEPLETION_WARNING,FUTURE_CRITICAL
Andhra Pradesh_14.766_80.0031,2024,6.7,36.47058823529411,Andhra Pradesh,Sri Potti Sriramulu Nellore,-0.10000000000000003,6.6000000000000005,6.4,1.3,9.8,37.6470588235294,39.99999999999999,Stressed,Stressed,STABLE,STABLE
Uttar Pradesh_25.9833_79.4667,2024,1.8,100.0,Uttar Pradesh,Jalaun,-0.11666666666666665,1.6833333333333333,1.4500000000000002,1.8,4.9,100.0,100.0,Safe,Safe,STABLE,STABLE
Uttar Pradesh_26.0911_82.035,2024,4.6,41.66666666666667,Uttar Pradesh,Amethi,0.15000000000000005,4.75,5.05,2.5,6.1,37.499999999999986,29.166666666666664,Stressed,Stressed,STABLE,STABLE
Uttar Pradesh_26.0417_79.5917,2024,2.8,100.0,Uttar Pradesh,Jalaun,-0.9500000000000002,1.8499999999999996,0.0,2.8,15.3,100.0,100.0,Safe,Safe,STABLE,STABLE
Kerala_8.3828_76.9911,2024,10.0,0.0,Kerala,Thiruvananthapuram,1.011111111111111,11.011111111111111,13.033333333333333,0.1,10.0,0.0,0.0,Critical,Critical,FUTURE_CRITICAL,FUTURE_CRITICAL
Kerala_8.3664_77.0094,2024,5.8,100.0,Kerala,Thiruvananthapuram,-1.5999999999999999,4.2,1.0,5.8,27.2,100.0,100.0,Safe,Safe,STABLE,STABLE
Kerala_8.389_77.0738,2024,6.9,22.857142857142854,Kerala,Thiruvananthapuram,0.30000000000000004,7.2,7.800000000000001,4.2,7.7,14.28571428571429,0.0,Critical,Critical,FUTURE_CRITICAL,FUTURE_CRITICAL
Kerala_8.4072_77.0828,2024,8.0,100.0,Kerala,Thiruvananthapuram,-0.48888888888888893,7.511111111111111,6.533333333333333,8.0,15.3,100.0,100.0,Safe,Safe,STABLE,STABLE
Uttar Pradesh_25.9472_82.3917,2024,6.7,13.513513513513509,Uttar Pradesh,Jaunpur,0.5333333333333333,7.233333333333333,8.3,3.5,7.2,0.0,0.0,Critical,Critical,FUTURE_CRITICAL,FUTURE_CRITICAL
Uttar Pradesh_25.9356_84.0833,2024,2.6,62.49999999999998,Uttar Pradesh,Ballia,0.06666666666666665,2.666666666666667,2.8,1.7,4.1,59.7222222222222,54.166666666666664,Watch,Watch,STABLE,STABLE
Uttar Pradesh_26.0036_79.8181,2024,1.2,78.94736842105263,Uttar Pradesh,Jalaun,0.06666666666666655,1.2666666666666666,1.3999999999999997,0.8,2.7,75.43859649122808,68.42105263157896,Safe,Watch,STABLE,STABLE
Uttar Pradesh_26.87_78.5892,2024,36.4,51.47058823529414,Uttar Pradesh,Agra,0.5499999999999995,36.949999999999996,38.05,33.1,39.9,43.38235294117653,27.205882352941213,Stressed,Stressed,STABLE,EARLY_DEPLETION_WARNING
Uttar Pradesh_26.8419_79.0853,2024,4.2,27.27272727272726,Uttar Pradesh,Etawah,0.040000000000000036,4.24,4.32,3.4,4.5,23.636363636363612,16.363636363636335,Critical,Critical,FUTURE_CRITICAL,FUTURE_CRITICAL
Kerala_11.8408_75.8846,2024,7.9,91.30434782608695,Kerala,Wayanad,0.022222222222222254,7.9222222222222225,7.966666666666667,7.7,10.0,90.33816425120771,88.40579710144928,Safe,Safe,STABLE,STABLE
Kerala_11.845_75.6597,2024,4.0,100.0,Kerala,Kannur,-0.16666666666666666,3.8333333333333335,3.5,4.0,6.4,100.0,100.0,Safe,Safe,STABLE,STABLE
Kerala_11.84_75.9066,2024,6.2,0.0,Kerala,Wayanad,0.24444444444444446,6.444444444444445,6.933333333333334,4.0,6.2,0.0,0.0,Critical,Critical,FUTURE_CRITICAL,FUTURE_CRITICAL
Kerala_11.8496_76.0663,2024,17.4,0.0,Kerala,Wayanad,1.2111111111111112,18.61111111111111,21.03333333333333,6.4,17.4,0.0,0.0,Critical,Critical,FUTURE_CRITICAL,FUTURE_CRITICAL
Kerala_11.8574_75.5447,2024,4.3,100.0,Kerala,Kannur,-1.175,3.125,0.7749999999999995,4.3,14.2,100.0,100.0,Safe,Safe,STABLE,STABLE
Kerala_11.8561_76.1158,2024,15.3,0.0,Kerala,Wayanad,1.1333333333333333,16.433333333333334,18.7,4.6,15.3,0.0,0.0,Critical,Critical,FUTURE_CRITICAL,FUTURE_CRITICAL
Kerala_11.8631_75.4083,2024,5.0,0.0,Kerala,Kannur,0.5285714285714286,5.5285714285714285,6.585714285714285,0.9,5.0,0.0,0.0,Critical,Critical,FUTURE_CRITICAL,FUTURE_CRITICAL
Uttar Pradesh_26.9083_80.9431,2024,24.0,0.0,Uttar Pradesh,Lucknow,1.2833333333333332,25.28333333333333,27.85,16.3,24.0,0.0,0.0,Critical,Critical,FUTURE_CRITICAL,FUTURE_CRITICAL
Kerala_11.8089_75.5493,2024,10.7,28.000000000000004,Kerala,Kannur,0.19999999999999993,10.899999999999999,11.299999999999999,7.1,12.1,24.00000000000002,16.000000000000014,Critical,Critical,FUTURE_CRITICAL,FUTURE_CRITICAL
Assam_24.8667_92.5667,2024,2.7,26.08695652173911,Assam,Karimganj,-0.07499999999999996,2.625,2.4750000000000005,1.0,3.3,29.34782608695652,35.869565217391276,Stressed,Stressed,STABLE,STABLE
Assam_24.8097_92.8917,2024,5.0,0.0,Assam,Cachar,0.3375,5.3375,6.0125,1.9,5.0,0.0,0.0,Critical,Critical,FUTURE_CRITICAL,FUTURE_CRITICAL
Kerala_11.8334_75.8559,2024,6.0,0.0,Kerala,Wayanad,0.07777777777777775,6.0777777777777775,6.233333333333333,1.9,6.0,0.0,0.0,Critical,Critical,FUTURE_CRITICAL,FUTURE_CRITICAL
Kerala_11.8237_76.022,2024,6.9,100.0,Kerala,Wayanad,-0.3444444444444444,6.555555555555556,5.866666666666667,6.9,11.4,100.0,100.0,Safe,Safe,STABLE,STABLE
Kerala_11.8403_75.9551,2024,6.0,0.0,Kerala,Wayanad,0.5333333333333333,6.533333333333333,7.6,1.2,6.0,0.0,0.0,Critical,Critical,FUTURE_CRITICAL,FUTURE_CRITICAL
Kerala_11.835_76.1569,2024,12.2,0.0,Kerala,Wayanad,0.5666666666666667,12.766666666666666,13.899999999999999,6.9,12.2,0.0,0.0,Critical,Critical,FUTURE_CRITICAL,FUTURE_CRITICAL
Kerala_11.8428_75.6149,2024,7.2,63.636363636363626,Kerala,Kannur,-0.07777777777777779,7.122222222222223,6.966666666666667,6.8,7.9,70.70707070707066,84.84848484848483,Watch,Safe,STABLE,RECOVERY_EXPECTED
Uttar Pradesh_25.9931_79.15,2024,3.4,100.0,Uttar Pradesh,Jalaun,-0.45,2.9499999999999997,2.05,3.4,7.2,100.0,100.0,Safe,Safe,STABLE,STABLE
Kerala_8.3961_77.0061,2024,6.2,100.0,Kerala,Thiruvananthapuram,-1.7000000000000002,4.5,1.0999999999999996,6.2,26.7,100.0,100.0,Safe,Safe,STABLE,STABLE
Kerala_8.4147_77.0614,2024,14.4,26.923076923076916,Kerala,Thiruvananthapuram,0.02222222222222239,14.422222222222222,14.466666666666667,8.7,16.5,26.638176638176635,26.068376068376065,Stressed,Stressed,STABLE,STABLE
Kerala_8.4444_76.9438,2024,7.1,0.0,Kerala,Thiruvananthapuram,0.6666666666666666,7.766666666666667,9.1,2.5,7.1,0.0,0.0,Critical,Critical,FUTURE_CRITICAL,FUTURE_CRITICAL
Kerala_8.4232_77.0469,2024,9.6,37.25490196078432,Kerala,Thiruvananthapuram,0.15555555555555559,9.755555555555555,10.066666666666666,6.4,11.5,34.204793028322456,28.104575163398703,Stressed,Stressed,STABLE,STABLE
Kerala_8.4226_76.9769,2024,7.6,81.15942028985508,Kerala,Thiruvananthapuram,-1.0875000000000001,6.512499999999999,4.3374999999999995,5.0,18.8,89.03985507246377,100.0,Safe,Safe,STABLE,RECOVERY_EXPECTED
Kerala_8.4469_76.9942,2024,3.9,100.0,Kerala,Thiruvananthapuram,-0.7333333333333333,3.1666666666666665,1.7000000000000002,3.9,12.3,100.0,100.0,Safe,Safe,STABLE,STABLE
Kerala_8.5043_76.9618,2024,1.5,100.0,Kerala,Thiruvananthapuram,-1.677777777777778,0.0,0.0,1.5,16.8,100.0,100.0,Safe,Safe,STABLE,STABLE
Uttar Pradesh_26.98_82.3894,2024,2.9,100.0,Uttar Pradesh,Gonda,-0.08333333333333336,2.8166666666666664,2.65,2.9,4.0,100.0,100.0,Safe,Safe,STABLE,STABLE
Kerala_11.8018_76.2013,2024,8.9,83.33333333333333,Kerala,Wayanad,0.11250000000000004,9.012500000000001,9.2375,8.0,13.4,81.24999999999997,77.08333333333333,Safe,Safe,STABLE,STABLE
Kerala_11.802_76.1037,2024,3.2,100.0,Kerala,Wayanad,-0.15555555555555556,3.0444444444444447,2.7333333333333334,3.2,6.8,100.0,100.0,Safe,Safe,STABLE,STABLE
Kerala_11.8033_76.0303,2024,4.6,16.666666666666686,Kerala,Wayanad,0.4285714285714285,5.0285714285714285,5.885714285714285,1.6,5.2,4.761904761904767,0.0,Critical,Critical,FUTURE_CRITICAL,FUTURE_CRITICAL
Kerala_11.8032_76.0299,2024,7.1,0.0,Kerala,Wayanad,0.6555555555555556,7.7555555555555555,9.066666666666666,1.1,7.1,0.0,0.0,Critical,Critical,FUTURE_CRITICAL,FUTURE_CRITICAL
Kerala_11.8079_75.9243,2024,6.9,0.0,Kerala,Wayanad,0.4444444444444444,7.344444444444445,8.233333333333334,2.3,6.9,0.0,0.0,Critical,Critical,FUTURE_CRITICAL,FUTURE_CRITICAL
Kerala_11.8168_76.1635,2024,8.8,0.0,Kerala,Wayanad,0.688888888888889,9.488888888888889,10.866666666666667,2.6,8.8,0.0,0.0,Critical,Critical,FUTURE_CRITICAL,FUTURE_CRITICAL
Uttar Pradesh_26.8_82.7333,2024,6.4,19.99999999999997,Uttar Pradesh,Basti,0.1666666666666666,6.566666666666667,6.9,4.8,6.8,11.666666666666625,0.0,Critical,Critical,FUTURE_CRITICAL,FUTURE_CRITICAL
Uttar Pradesh_26.8944_80.9611,2024,40.9,0.0,Uttar Pradesh,Lucknow,1.7166666666666661,42.61666666666667,46.05,30.6,40.9,0.0,0.0,Critical,Critical,FUTURE_CRITICAL,FUTURE_CRITICAL
Uttar Pradesh_26.9292_81.1722,2024,5.9,7.692307692307665,Uttar Pradesh,Bara Banki,0.0,5.9,5.9,4.7,6.0,7.692307692307665,7.692307692307665,Critical,Critical,FUTURE_CRITICAL,FUTURE_CRITICAL
Uttar Pradesh_25.9211_79.4444,2024,7.3,69.23076923076923,Uttar Pradesh,Jalaun,-1.2,6.1,3.7,4.1,14.5,80.76923076923077,100.0,Safe,Safe,RECOVERY_EXPECTED,RECOVERY_EXPECTED
Uttar Pradesh_25.8728_79.425,2024,5.7,69.99999999999997,Uttar Pradesh,Jalaun,0.10000000000000009,5.800000000000001,6.0,5.1,7.1,64.99999999999994,54.999999999999986,Watch,Watch,STABLE,STABLE
Uttar Pradesh_25.9583_81.0361,2024,3.2,100.0,Uttar Pradesh,Fatehpur,-0.13999999999999996,3.06,2.7800000000000002,3.2,4.2,100.0,100.0,Safe,Safe,STABLE,STABLE
Kerala_8.4834_77.0722,2024,17.4,0.0,Kerala,Thiruvananthapuram,0.7666666666666665,18.166666666666664,19.7,8.4,17.4,0.0,0.0,Critical,Critical,FUTURE_CRITICAL,FUTURE_CRITICAL
Kerala_8.5201_76.9398,2024,6.5,100.0,Kerala,Thiruvananthapuram,-0.14285714285714285,6.357142857142857,6.071428571428571,6.5,11.5,100.0,100.0,Safe,Safe,STABLE,STABLE
Kerala_8.5157_76.8962,2024,17.9,0.0,Kerala,Thiruvananthapuram,2.483333333333333,20.383333333333333,25.349999999999998,1.9,17.9,0.0,0.0,Critical,Critical,FUTURE_CRITICAL,FUTURE_CRITICAL
Kerala_8.5579_76.9438,2024,3.1,100.0,Kerala,Thiruvananthapuram,-0.5,2.6,1.6,3.1,7.9,100.0,100.0,Safe,Safe,STABLE,STABLE
Kerala_8.5528_76.8542,2024,17.3,0.0,Kerala,Thiruvananthapuram,1.5222222222222221,18.822222222222223,21.866666666666667,3.0,17.3,0.0,0.0,Critical,Critical,FUTURE_CRITICAL,FUTURE_CRITICAL
Arunachal Pradesh_27.4047_94.1522,2024,4.3,83.33333333333333,Arunachal Pradesh,Lower Subansiri,0.0285714285714286,4.328571428571428,4.385714285714285,4.1,5.3,80.95238095238095,76.1904761904762,Safe,Safe,STABLE,STABLE
Arunachal Pradesh_27.2_95.525,2024,3.3,100.0,Arunachal Pradesh,Tirap,-0.0875,3.2125,3.0374999999999996,3.3,5.3,100.0,100.0,Safe,Safe,STABLE,STABLE
Uttar Pradesh_26.9667_83.1167,2024,4.6,39.13043478260872,Uttar Pradesh,Sant Kabir Nagar,0.08333333333333333,4.683333333333333,4.85,3.2,5.5,35.50724637681163,28.260869565217405,Stressed,Stressed,STABLE,STABLE
Andhra Pradesh_14.7334_80.0968,2024,3.2,13.636363636363635,Andhra Pradesh,Sri Potti Sriramulu Nellore,0.05555555555555553,3.2555555555555555,3.3666666666666667,1.3,3.5,11.111111111111116,6.060606060606077,Critical,Critical,FUTURE_CRITICAL,FUTURE_CRITICAL
Andhra Pradesh_14.7253_78.7075,2024,1.6,80.95238095238095,Andhra Pradesh,Y.S.R.,-0.13749999999999998,1.4625000000000001,1.1875,1.2,3.3,87.49999999999999,100.0,Safe,Safe,STABLE,RECOVERY_EXPECTED
Kerala_11.7969_76.0787,2024,2.4,100.0,Kerala,Wayanad,-0.31111111111111117,2.0888888888888886,1.4666666666666663,2.4,5.2,100.0,100.0,Safe,Safe,STABLE,STABLE
Kerala_11.7952_75.9066,2024,10.3,39.99999999999986,Kerala,Wayanad,0.033333333333333416,10.333333333333334,10.4,9.7,10.7,36.666666666666536,29.999999999999893,Stressed,Stressed,STABLE,STABLE
Kerala_11.8008_76.0704,2024,2.9,100.0,Kerala,Wayanad,-1.3555555555555554,1.5444444444444445,0.0,2.9,15.3,100.0,100.0,Safe,Safe,STABLE,STABLE
Kerala_11.799_75.5625,2024,7.1,0.0,Kerala,Kannur,0.16666666666666666,7.266666666666667,7.6,1.7,7.1,0.0,0.0,Critical,Critical,FUTURE_CRITICAL,FUTURE_CRITICAL
Kerala_11.8022_76.0032,2024,4.3,100.0,Kerala,Wayanad,-0.288888888888889,4.011111111111111,3.4333333333333327,4.3,8.1,100.0,100.0,Safe,Safe,STABLE,STABLE
Uttar Pradesh_26.9056_83.6,2024,2.5,54.54545454545454,Uttar Pradesh,Kushinagar,0.16666666666666666,2.6666666666666665,3.0,1.5,3.7,46.96969696969698,31.818181818181824,Stressed,Stressed,STABLE,EARLY_DEPLETION_WARNING
Uttar Pradesh_25.8417_80.625,2024,5.6,100.0,Uttar Pradesh,Fatehpur,-1.4,4.199999999999999,1.4000000000000004,5.6,14.1,100.0,100.0,Safe,Safe,STABLE,STABLE
Uttar Pradesh_25.8333_84.0333,2024,2.6,27.77777777777778,Uttar Pradesh,Ballia,0.016666666666666646,2.6166666666666667,2.65,1.3,3.1,26.851851851851848,25.00000000000001,Stressed,Stressed,STABLE,STABLE
Kerala_8.5642_76.9856,2024,9.7,0.0,Kerala,Thiruvananthapuram,0.85,10.549999999999999,12.25,1.2,9.7,0.0,0.0,Critical,Critical,FUTURE_CRITICAL,FUTURE_CRITICAL
Kerala_8.5642_76.895,2024,4.1,0.0,Kerala,Thiruvananthapuram,0.11111111111111106,4.21111111111111,4.433333333333333,0.7,4.1,0.0,0.0,Critical,Critical,FUTURE_CRITICAL,FUTURE_CRITICAL
Kerala_8.5686_77.0149,2024,46.5,0.0,Kerala,Thiruvananthapuram,4.877777777777777,50.0,50.0,2.2,46.5,0.0,0.0,Critical,Critical,FUTURE_CRITICAL,FUTURE_CRITICAL
Kerala_8.5682_77.0326,2024,3.6,100.0,Kerala,Thiruvananthapuram,-0.26666666666666666,3.3333333333333335,2.8,3.6,6.7,100.0,100.0,Safe,Safe,STABLE,STABLE
Kerala_8.6094_77.0008,2024,7.4,86.11111111111111,Kerala,Thiruvananthapuram,-0.06666666666666653,7.333333333333334,7.200000000000001,6.9,10.5,87.96296296296295,91.66666666666666,Safe,Safe,STABLE,STABLE
Kerala_8.6194_76.9389,2024,11.7,0.0,Kerala,Thiruvananthapuram,1.3499999999999996,13.049999999999999,15.749999999999998,3.6,11.7,0.0,0.0,Critical,Critical,FUTURE_CRITICAL,FUTURE_CRITICAL
Andhra Pradesh_15.313_78.2271,2024,4.0,74.07407407407408,Andhra Pradesh,Nandyal,0.09999999999999987,4.1,4.3,1.2,12.0,73.14814814814817,71.2962962962963,Watch,Watch,STABLE,STABLE
Kerala_11.7646_76.1981,2024,14.9,0.0,Kerala,Wayanad,1.4000000000000001,16.3,19.1,3.2,14.9,0.0,0.0,Critical,Critical,FUTURE_CRITICAL,FUTURE_CRITICAL
Uttar Pradesh_27.0306_79.1931,2024,3.3,0.0,Uttar Pradesh,Mainpuri,0.16666666666666666,3.4666666666666663,3.8,2.3,3.3,0.0,0.0,Critical,Critical,FUTURE_CRITICAL,FUTURE_CRITICAL
Uttar Pradesh_27.0042_80.9083,2024,11.9,100.0,Uttar Pradesh,Lucknow,-0.08333333333333333,11.816666666666666,11.65,11.9,15.2,100.0,100.0,Safe,Safe,STABLE,STABLE
Uttar Pradesh_27.03_78.2958,2024,44.2,4.761904761904501,Uttar Pradesh,Agra,0.2833333333333338,44.483333333333334,45.050000000000004,42.2,44.3,0.0,0.0,Critical,Critical,FUTURE_CRITICAL,FUTURE_CRITICAL
Kerala_11.7744_76.0808,2024,2.7,100.0,Kerala,Wayanad,-1.2333333333333334,1.4666666666666668,0.0,2.7,17.2,100.0,100.0,Safe,Safe,STABLE,STABLE
Kerala_11.7846_76.1664,2024,3.3,68.13186813186813,Kerala,Wayanad,0.32222222222222224,3.6222222222222222,4.266666666666667,0.4,9.5,64.59096459096459,57.509157509157504,Watch,Watch,STABLE,STABLE
Kerala_11.7772_75.5791,2024,7.4,100.0,Kerala,Kannur,-0.2777777777777778,7.122222222222223,6.566666666666667,7.4,11.3,100.0,100.0,Safe,Safe,STABLE,STABLE
Assam_24.8869_92.5889,2024,1.7,83.33333333333334,Assam,Cachar,-0.04285714285714289,1.657142857142857,1.5714285714285712,1.4,3.2,85.71428571428572,90.47619047619048,Safe,Safe,STABLE,STABLE
Assam_24.8714_92.5964,2024,7.3,24.675324675324674,Assam,Hailakandi,0.025000000000000022,7.325,7.375,1.5,9.2,24.350649350649345,23.70129870129869,Critical,Critical,FUTURE_CRITICAL,FUTURE_CRITICAL
Uttar Pradesh_27.0333_78.6167,2024,12.7,5.000000000000016,Uttar Pradesh,Firozabad,1.14,13.84,16.119999999999997,7.0,13.0,0.0,0.0,Critical,Critical,FUTURE_CRITICAL,FUTURE_CRITICAL
Uttar Pradesh_27.0314_79.2664,2024,5.6,50.0,Uttar Pradesh,Mainpuri,0.09999999999999994,5.699999999999999,5.8999999999999995,4.6,6.6,45.000000000000014,35.00000000000001,Stressed,Stressed,STABLE,STABLE
Uttar Pradesh_27.0714_80.4169,2024,2.1,88.88888888888889,Uttar Pradesh,Hardoi,-0.0666666666666667,2.033333333333333,1.9,2.0,2.9,96.29629629629632,100.0,Safe,Safe,STABLE,STABLE
Kerala_11.7478_75.5706,2024,1.9,100.0,Kerala,Kannur,-0.7111111111111111,1.1888888888888887,0.0,1.9,8.5,100.0,100.0,Safe,Safe,STABLE,STABLE
Kerala_11.7507_76.0914,2024,3.4,100.0,Kerala,Wayanad,-0.5777777777777777,2.822222222222222,1.6666666666666667,3.4,10.5,100.0,100.0,Safe,Safe,STABLE,STABLE
Kerala_11.7495_76.0178,2024,6.5,98.85057471264368,Kerala,Wayanad,-0.04444444444444448,6.455555555555556,6.366666666666666,6.4,15.1,99.36143039591315,100.0,Safe,Safe,STABLE,STABLE
Kerala_11.7517_75.5798,2024,3.1,100.0,Kerala,Kannur,-0.5777777777777777,2.522222222222222,1.366666666666667,3.1,13.8,100.0,100.0,Safe,Safe,STABLE,STABLE
Kerala_11.7547_76.0268,2024,6.1,0.0,Kerala,Wayanad,0.5111111111111111,6.611111111111111,7.633333333333333,1.3,6.1,0.0,0.0,Critical,Critical,FUTURE_CRITICAL,FUTURE_CRITICAL
Kerala_11.7518_75.5797,2024,1.2,100.0,Kerala,Kannur,-0.011111111111111072,1.1888888888888889,1.1666666666666667,1.2,5.8,100.0,100.0,Safe,Safe,STABLE,STABLE
Kerala_11.7715_76.0007,2024,4.9,100.0,Kerala,Wayanad,-0.011111111111111072,4.888888888888889,4.866666666666667,4.9,6.6,100.0,100.0,Safe,Safe,STABLE,STABLE
Andhra Pradesh_15.2452_78.5058,2024,3.3,71.42857142857144,Andhra Pradesh,Nandyal,0.028571428571428532,3.3285714285714283,3.3857142857142852,2.9,4.3,69.38775510204083,65.30612244897962,Watch,Watch,STABLE,STABLE
Kerala_8.611_76.8069,2024,11.6,0.0,Kerala,Thiruvananthapuram,1.383333333333333,12.983333333333333,15.75,2.9,11.6,0.0,0.0,Critical,Critical,FUTURE_CRITICAL,FUTURE_CRITICAL
Kerala_8.6102_76.8251,2024,6.2,0.0,Kerala,Thiruvananthapuram,0.5166666666666667,6.716666666666667,7.75,2.5,6.2,0.0,0.0,Critical,Critical,FUTURE_CRITICAL,FUTURE_CRITICAL
Kerala_8.6228_77.0355,2024,2.3,70.00000000000001,Kerala,Thiruvananthapuram,-0.02222222222222224,2.2777777777777777,2.233333333333333,2.0,3.0,72.22222222222223,76.6666666666667,Watch,Safe,STABLE,STABLE
Kerala_8.6429_77.0206,2024,6.0,100.0,Kerala,Thiruvananthapuram,-0.04444444444444448,5.955555555555556,5.866666666666666,6.0,6.8,100.0,100.0,Safe,Safe,STABLE,STABLE
Kerala_8.6308_76.9569,2024,6.0,0.0,Kerala,Thiruvananthapuram,0.24444444444444446,6.2444444444444445,6.733333333333333,3.4,6.0,0.0,0.0,Critical,Critical,FUTURE_CRITICAL,FUTURE_CRITICAL
Kerala_8.6488_76.9628,2024,6.7,86.48648648648648,Kerala,Thiruvananthapuram,-0.07499999999999998,6.625,6.4750000000000005,6.2,9.9,88.51351351351352,92.56756756756755,Safe,Safe,STABLE,STABLE
Kerala_8.6442_76.7983,2024,6.7,100.0,Kerala,Thiruvananthapuram,-0.4999999999999999,6.2,5.200000000000001,6.7,12.6,100.0,100.0,Safe,Safe,STABLE,STABLE
Kerala_8.6605_76.7863,2024,6.9,100.0,Kerala,Thiruvananthapuram,-0.1875000000000001,6.7125,6.3375,6.9,10.5,100.0,100.0,Safe,Safe,STABLE,STABLE
Kerala_11.7349_76.0734,2024,8.9,0.0,Kerala,Wayanad,0.6666666666666666,9.566666666666666,10.9,2.9,8.9,0.0,0.0,Critical,Critical,FUTURE_CRITICAL,FUTURE_CRITICAL
Kerala_11.7394_75.9082,2024,1.4,100.0,Kerala,Wayanad,-0.055555555555555504,1.3444444444444443,1.2333333333333334,1.4,13.8,100.0,100.0,Safe,Safe,STABLE,STABLE
Kerala_11.7383_75.9782,2024,2.2,100.0,Kerala,Wayanad,-0.7666666666666665,1.4333333333333336,0.0,2.2,10.5,100.0,100.0,Safe,Safe,STABLE,STABLE
Assam_24.9681_92.5753,2024,5.7,6.060606060606066,Assam,Cachar,0.06666666666666675,5.766666666666667,5.9,2.6,5.9,4.040404040404056,0.0,Critical,Critical,FUTURE_CRITICAL,FUTURE_CRITICAL
Assam_24.9403_92.7269,2024,2.1,0.0,Assam,Cachar,0.42000000000000004,2.52,3.3600000000000003,0.0,2.1,0.0,0.0,Critical,Critical,FUTURE_CRITICAL,FUTURE_CRITICAL
Assam_24.9389_92.7417,2024,0.9,88.8888888888889,Assam,Cachar,0.014285714285714266,0.9142857142857143,0.9428571428571428,0.8,1.7,87.3015873015873,84.12698412698414,Safe,Safe,STABLE,STABLE
Kerala_11.7442_75.8795,2024,8.0,0.0,Kerala,Wayanad,0.5888888888888888,8.588888888888889,9.766666666666666,2.7,8.0,0.0,0.0,Critical,Critical,FUTURE_CRITICAL,FUTURE_CRITICAL
Kerala_11.7413_76.1188,2024,2.8,100.0,Kerala,Wayanad,-0.17500000000000004,2.625,2.2749999999999995,2.8,7.5,100.0,100.0,Safe,Safe,STABLE,STABLE
Kerala_8.6547_77.0517,2024,2.4,100.0,Kerala,Thiruvananthapuram,-0.5111111111111111,1.8888888888888888,0.8666666666666667,2.4,8.1,100.0,100.0,Safe,Safe,STABLE,STABLE
Uttar Pradesh_25.7_79.175,2024,5.7,90.90909090909092,Uttar Pradesh,Jhansi,-0.36,5.34,4.62,5.4,8.7,100.0,100.0,Safe,Safe,STABLE,STABLE
Uttar Pradesh_25.825_84.2139,2024,5.4,0.0,Uttar Pradesh,Ballia,0.03333333333333336,5.433333333333334,5.5,2.4,5.4,0.0,0.0,Critical,Critical,FUTURE_CRITICAL,FUTURE_CRITICAL
Uttar Pradesh_25.825_79.3125,2024,2.1,100.0,Uttar Pradesh,Jalaun,-0.5666666666666668,1.5333333333333332,0.3999999999999999,2.1,8.7,100.0,100.0,Safe,Safe,STABLE,STABLE
Kerala_8.6722_76.9875,2024,1.9,100.0,Kerala,Thiruvananthapuram,-0.30000000000000004,1.5999999999999999,0.9999999999999998,1.9,3.7,100.0,100.0,Safe,Safe,STABLE,STABLE
Kerala_8.6722_76.7572,2024,4.6,0.0,Kerala,Thiruvananthapuram,0.6166666666666667,5.216666666666667,6.449999999999999,0.9,4.6,0.0,0.0,Critical,Critical,FUTURE_CRITICAL,FUTURE_CRITICAL
Arunachal Pradesh_27.2083_96.0417,2024,4.0,68.42105263157893,Arunachal Pradesh,Changlang,0.025000000000000078,4.025,4.075,3.4,5.3,67.10526315789471,64.4736842105263,Watch,Watch,STABLE,STABLE
Arunachal Pradesh_27.15_93.75,2024,0.4,100.0,Arunachal Pradesh,Papum Pare,-0.08333333333333333,0.3166666666666667,0.15000000000000002,0.4,1.1,100.0,100.0,Safe,Safe,STABLE,STABLE
Kerala_8.6825_76.8756,2024,7.9,70.9090909090909,Kerala,Thiruvananthapuram,-0.14444444444444435,7.755555555555556,7.466666666666668,6.3,11.8,73.53535353535352,78.78787878787877,Watch,Safe,STABLE,STABLE
Kerala_8.6728_76.767,2024,10.5,0.0,Kerala,Thiruvananthapuram,0.7999999999999999,11.3,12.9,2.9,10.5,0.0,0.0,Critical,Critical,FUTURE_CRITICAL,FUTURE_CRITICAL
Kerala_11.6824_76.206,2024,7.6,100.0,Kerala,Wayanad,-0.24444444444444458,7.355555555555555,6.866666666666666,7.6,11.7,100.0,100.0,Safe,Safe,STABLE,STABLE
Kerala_11.6902_76.2574,2024,7.9,100.0,Kerala,Wayanad,-0.7555555555555554,7.144444444444445,5.633333333333335,7.9,19.8,100.0,100.0,Safe,Safe,STABLE,STABLE
Kerala_11.7109_76.0796,2024,2.2,100.0,Kerala,Wayanad,-0.5444444444444444,1.655555555555556,0.5666666666666669,2.2,9.5,100.0,100.0,Safe,Safe,STABLE,STABLE
Kerala_11.6904_76.1281,2024,2.4,100.0,Kerala,Wayanad,-0.5555555555555557,1.844444444444444,0.733333333333333,2.4,9.0,100.0,100.0,Safe,Safe,STABLE,STABLE
Kerala_11.7322_75.9386,2024,6.4,73.33333333333333,Kerala,Wayanad,0.20000000000000007,6.6000000000000005,7.000000000000001,4.8,10.8,70.0,63.33333333333332,Watch,Watch,STABLE,STABLE
Kerala_11.7169_75.5776,2024,1.4,100.0,Kerala,Kannur,-0.46666666666666656,0.9333333333333333,2.220446049250313e-16,1.4,6.9,100.0,100.0,Safe,Safe,STABLE,STABLE
Kerala_11.7351_76.2441,2024,10.1,100.0,Kerala,Wayanad,-0.5125,9.5875,8.5625,10.1,17.1,100.0,100.0,Safe,Safe,STABLE,STABLE
Uttar Pradesh_27.0833_80.9722,2024,2.1,100.0,Uttar Pradesh,Lucknow,-0.5200000000000001,1.58,0.5399999999999996,2.1,7.9,100.0,100.0,Safe,Safe,STABLE,STABLE
Uttar Pradesh_27.0833_80.8917,2024,9.8,100.0,Uttar Pradesh,Lucknow,-0.3333333333333333,9.466666666666667,8.8,9.8,14.4,100.0,100.0,Safe,Safe,STABLE,STABLE
Uttar Pradesh_25.7611_79.93,2024,10.2,100.0,Uttar Pradesh,Hamirpur,-0.2,10.0,9.6,10.2,18.9,100.0,100.0,Safe,Safe,STABLE,STABLE
Uttar Pradesh_25.8125_84.1681,2024,4.9,100.0,Uttar Pradesh,Ballia,-0.06666666666666658,4.833333333333334,4.700000000000001,4.9,6.8,100.0,100.0,Safe,Safe,STABLE,STABLE
Uttar Pradesh_25.8056_80.5486,2024,9.6,69.38775510204083,Uttar Pradesh,Fatehpur,-0.4400000000000002,9.16,8.28,8.1,13.0,78.3673469387755,96.3265306122449,Safe,Safe,STABLE,RECOVERY_EXPECTED
Kerala_8.6983_76.815,2024,5.6,100.0,Kerala,Thiruvananthapuram,-0.48888888888888893,5.111111111111111,4.133333333333333,5.6,11.7,100.0,100.0,Safe,Safe,STABLE,STABLE
Kerala_8.6892_76.7639,2024,6.9,0.0,Kerala,Thiruvananthapuram,0.3666666666666667,7.2666666666666675,8.0,3.2,6.9,0.0,0.0,Critical,Critical,FUTURE_CRITICAL,FUTURE_CRITICAL
Kerala_8.7822_76.8444,2024,3.0,100.0,Kerala,Thiruvananthapuram,-0.2222222222222222,2.7777777777777777,2.3333333333333335,3.0,7.5,100.0,100.0,Safe,Safe,STABLE,STABLE
Kerala_8.7654_76.8734,2024,9.2,0.0,Kerala,Thiruvananthapuram,0.24444444444444435,9.444444444444443,9.933333333333332,4.4,9.2,0.0,0.0,Critical,Critical,FUTURE_CRITICAL,FUTURE_CRITICAL
Kerala_8.7956_76.8003,2024,7.1,100.0,Kerala,Thiruvananthapuram,-0.3777777777777778,6.722222222222221,5.966666666666666,7.1,13.4,100.0,100.0,Safe,Safe,STABLE,STABLE
Kerala_8.801_76.6672,2024,13.9,0.0,Kerala,Kollam,0.6333333333333334,14.533333333333333,15.8,2.0,13.9,0.0,0.0,Critical,Critical,FUTURE_CRITICAL,FUTURE_CRITICAL
Andhra Pradesh_14.7186_79.2201,2024,2.3,100.0,Andhra Pradesh,Sri Potti Sriramulu Nellore Marripadu,-0.30000000000000004,1.9999999999999998,1.3999999999999997,2.3,6.5,100.0,100.0,Safe,Safe,STABLE,STABLE
Assam_24.9889_92.5,2024,4.4,82.5,Assam,Cachar,-0.012499999999999956,4.3875,4.362500000000001,3.7,7.7,82.8125,83.43749999999999,Safe,Safe,STABLE,STABLE
Assam_24.9722_92.5833,2024,3.7,36.73469387755103,Assam,Cachar,0.31250000000000006,4.0125,4.6375,0.6,5.5,30.35714285714286,17.602040816326525,Stressed,Critical,STABLE,FUTURE_CRITICAL
Kerala_11.6795_75.9748,2024,7.6,87.50000000000006,Kerala,Wayanad,-0.11666666666666682,7.4833333333333325,7.249999999999999,7.5,8.3,100.0,100.0,Safe,Safe,RECOVERY_EXPECTED,STABLE
Kerala_11.6793_76.0526,2024,4.2,100.0,Kerala,Wayanad,-0.4666666666666667,3.7333333333333334,2.8000000000000003,4.2,9.7,100.0,100.0,Safe,Safe,STABLE,STABLE
Kerala_11.6795_76.0234,2024,1.4,100.0,Kerala,Palakkad,-0.17222222222222222,1.2277777777777776,0.8833333333333333,1.4,5.2,100.0,100.0,Safe,Safe,STABLE,STABLE
Uttar Pradesh_27.1003_79.7775,2024,25.9,0.0,Uttar Pradesh,Kannauj,1.0499999999999996,26.95,29.049999999999997,19.6,25.9,0.0,0.0,Critical,Critical,FUTURE_CRITICAL,FUTURE_CRITICAL
Uttar Pradesh_27.0917_77.6778,2024,0.4,72.72727272727272,Uttar Pradesh,Agra,-0.11666666666666664,0.2833333333333334,0.0500000000000001,0.1,1.2,83.33333333333333,100.0,Safe,Safe,RECOVERY_EXPECTED,RECOVERY_EXPECTED
Uttar Pradesh_27.1222_81.805,2024,3.5,46.15384615384613,Uttar Pradesh,Gonda,0.04999999999999999,3.55,3.65,2.8,4.1,42.3076923076923,34.615384615384606,Stressed,Stressed,STABLE,STABLE
Uttar Pradesh_27.1028_81.1903,2024,2.5,100.0,Uttar Pradesh,Bara Banki,-0.1166666666666667,2.3833333333333333,2.15,2.5,3.4,100.0,100.0,Safe,Safe,STABLE,STABLE
Uttar Pradesh_27.1667_82.9167,2024,2.5,62.5,Uttar Pradesh,Siddharthnagar,0.10000000000000002,2.6,2.8,1.9,3.5,56.249999999999986,43.750000000000014,Watch,Stressed,STABLE,EARLY_DEPLETION_WARNING
Kerala_11.6604_76.1626,2024,5.6,22.807017543859665,Kerala,Wayanad,0.4888888888888888,6.088888888888889,7.066666666666666,1.2,6.9,14.230019493177403,0.0,Critical,Critical,FUTURE_CRITICAL,FUTURE_CRITICAL
Kerala_11.677_76.373,2024,13.7,0.0,Kerala,Wayanad,1.4,15.1,17.9,3.5,13.7,0.0,0.0,Critical,Critical,FUTURE_CRITICAL,FUTURE_CRITICAL
Kerala_11.6791_76.0234,2024,13.8,0.0,Kerala,Wayanad,1.0333333333333334,14.833333333333334,16.900000000000002,3.8,13.8,0.0,0.0,Critical,Critical,FUTURE_CRITICAL,FUTURE_CRITICAL
Kerala_11.6784_76.0743,2024,2.2,100.0,Kerala,Wayanad,-1.5555555555555556,0.6444444444444446,0.0,2.2,18.1,100.0,100.0,Safe,Safe,STABLE,STABLE
Andhra Pradesh_14.7193_78.677,2024,5.7,42.1875,Andhra Pradesh,Y.S.R.,-0.3375,5.3625,4.6875,2.0,8.4,47.460937500000014,58.0078125,Stressed,Watch,STABLE,RECOVERY_EXPECTED
Uttar Pradesh_25.7542_83.4708,2024,3.6,42.10526315789475,Uttar Pradesh,Ghazipur,0.16666666666666666,3.7666666666666666,4.1,2.5,4.4,33.33333333333335,15.789473684210565,Stressed,Critical,STABLE,FUTURE_CRITICAL
Uttar Pradesh_25.7847_83.0722,2024,1.7,100.0,Uttar Pradesh,Azamgarh,-0.2999999999999998,1.4000000000000001,0.8000000000000005,1.7,8.1,100.0,100.0,Safe,Safe,STABLE,STABLE
Uttar Pradesh_25.7722_80.9028,2024,9.7,0.0,Uttar Pradesh,Fatehpur,1.3999999999999997,11.1,13.899999999999999,2.7,9.7,0.0,0.0,Critical,Critical,FUTURE_CRITICAL,FUTURE_CRITICAL
Kerala_8.8008_76.6678,2024,3.9,100.0,Kerala,Kollam,-0.8222222222222223,3.0777777777777775,1.4333333333333331,3.9,13.2,100.0,100.0,Safe,Safe,STABLE,STABLE
Kerala_8.8119_76.6569,2024,5.0,100.0,Kerala,Kollam,-0.08888888888888886,4.911111111111111,4.733333333333333,5.0,6.3,100.0,100.0,Safe,Safe,STABLE,STABLE
Kerala_8.8097_76.7611,2024,8.1,100.0,Kerala,Kollam,-0.12857142857142861,7.971428571428571,7.7142857142857135,8.1,10.9,100.0,100.0,Safe,Safe,STABLE,STABLE
Kerala_8.8163_76.8992,2024,3.8,100.0,Kerala,Thiruvananthapuram,-1.1111111111111112,2.6888888888888887,0.46666666666666634,3.8,16.9,100.0,100.0,Safe,Safe,STABLE,STABLE
Kerala_8.8158_76.6936,2024,6.8,100.0,Kerala,Kollam,-0.5499999999999999,6.25,5.15,6.8,11.3,100.0,100.0,Safe,Safe,STABLE,STABLE
Kerala_8.821_76.7469,2024,7.7,39.43661971830985,Kerala,Kollam,0.12222222222222229,7.822222222222223,8.066666666666666,3.4,10.5,37.71517996870109,34.272300469483575,Stressed,Stressed,STABLE,STABLE
Uttar Pradesh_25.7514_81.3792,2024,14.3,38.46153846153844,Uttar Pradesh,Kaushambi,-0.016666666666666625,14.283333333333333,14.25,13.5,14.8,39.743589743589794,42.307692307692335,Stressed,Stressed,STABLE,STABLE
Uttar Pradesh_27.1529_78.7031,2024,26.0,0.0,Uttar Pradesh,Firozabad,0.7833333333333332,26.78333333333333,28.35,21.3,26.0,0.0,0.0,Critical,Critical,FUTURE_CRITICAL,FUTURE_CRITICAL
Uttar Pradesh_27.1867_81.1083,2024,2.5,100.0,Uttar Pradesh,Bara Banki,-0.15,2.35,2.05,2.5,4.6,100.0,100.0,Safe,Safe,STABLE,STABLE
Kerala_11.6244_76.3164,2024,1.1,90.47619047619048,Kerala,Wayanad,-0.033333333333333305,1.0666666666666669,1.0000000000000002,0.9,3.0,92.06349206349206,95.23809523809523,Safe,Safe,STABLE,STABLE
Kerala_11.6365_76.0142,2024,15.4,0.0,Kerala,Wayanad,1.088888888888889,16.48888888888889,18.666666666666668,5.0,15.4,0.0,0.0,Critical,Critical,FUTURE_CRITICAL,FUTURE_CRITICAL
Kerala_11.6357_76.2769,2024,8.1,0.0,Kerala,Wayanad,0.7444444444444444,8.844444444444443,10.333333333333332,1.4,8.1,0.0,0.0,Critical,Critical,FUTURE_CRITICAL,FUTURE_CRITICAL
Kerala_11.6418_76.1106,2024,3.6,0.0,Kerala,Wayanad,0.17777777777777778,3.7777777777777777,4.133333333333334,2.0,3.6,0.0,0.0,Critical,Critical,FUTURE_CRITICAL,FUTURE_CRITICAL
Kerala_11.6439_76.2973,2024,4.1,100.0,Kerala,Wayanad,-0.8999999999999999,3.1999999999999997,1.4,4.1,17.2,100.0,100.0,Safe,Safe,STABLE,STABLE
Kerala_11.6626_76.1905,2024,8.8,0.0,Kerala,Wayanad,0.5750000000000001,9.375,10.525,4.2,8.8,0.0,0.0,Critical,Critical,FUTURE_CRITICAL,FUTURE_CRITICAL
Uttar Pradesh_25.7444_84.0103,2024,1.9,52.63157894736843,Uttar Pradesh,Ballia,-0.06666666666666665,1.8333333333333333,1.7,1.0,2.9,56.14035087719298,63.1578947368421,Watch,Watch,STABLE,STABLE
Uttar Pradesh_25.75_84.1667,2024,5.8,17.647058823529427,Uttar Pradesh,Ballia,-0.10000000000000009,5.699999999999999,5.5,3.0,6.4,20.588235294117673,26.470588235294123,Critical,Stressed,FUTURE_CRITICAL,STABLE
Uttar Pradesh_25.7583_82.9917,2024,1.4,66.66666666666669,Uttar Pradesh,Azamgarh,-0.049999999999999996,1.3499999999999999,1.25,1.1,2.0,72.22222222222224,83.33333333333334,Watch,Safe,STABLE,RECOVERY_EXPECTED
Arunachal Pradesh_27.13_93.7336,2024,0.6,33.333333333333336,Arunachal Pradesh,Papum Pare,0.075,0.6749999999999999,0.825,0.0,0.9,25.00000000000001,8.333333333333337,Stressed,Critical,STABLE,FUTURE_CRITICAL
Arunachal Pradesh_27.1311_93.7331,2024,0.0,100.0,Arunachal Pradesh,Papum Pare,-0.12499999999999999,0.0,0.0,0.0,1.0,100.0,100.0,Safe,Safe,STABLE,STABLE
Kerala_8.8233_76.94,2024,6.9,0.0,Kerala,Kollam,0.04444444444444446,6.944444444444445,7.033333333333334,5.2,6.9,0.0,0.0,Critical,Critical,FUTURE_CRITICAL,FUTURE_CRITICAL
Kerala_8.8222_76.8199,2024,13.2,0.0,Kerala,Thiruvananthapuram,0.3333333333333333,13.533333333333333,14.2,9.7,13.2,0.0,0.0,Critical,Critical,FUTURE_CRITICAL,FUTURE_CRITICAL
Kerala_8.8294_76.8672,2024,3.5,0.0,Kerala,Kollam,0.3666666666666667,3.8666666666666667,4.6,1.1,3.5,0.0,0.0,Critical,Critical,FUTURE_CRITICAL,FUTURE_CRITICAL
Kerala_8.8261_76.9175,2024,2.2,100.0,Kerala,Kollam,-0.7625000000000001,1.4375,0.0,2.2,8.3,100.0,100.0,Safe,Safe,STABLE,STABLE
Uttar Pradesh_25.6736_79.1461,2024,3.4,100.0,Uttar Pradesh,Jhansi,-0.020000000000000108,3.38,3.3399999999999994,3.4,5.7,100.0,100.0,Safe,Safe,STABLE,STABLE
Kerala_11.5873_76.1415,2024,7.8,55.00000000000003,Kerala,Wayanad,0.09999999999999995,7.8999999999999995,8.1,6.9,8.9,50.00000000000004,40.000000000000036,Watch,Stressed,STABLE,STABLE
Kerala_11.6071_76.0835,2024,8.2,0.0,Kerala,Wayanad,0.5888888888888889,8.788888888888888,9.966666666666665,1.2,8.2,0.0,0.0,Critical,Critical,FUTURE_CRITICAL,FUTURE_CRITICAL
Kerala_11.6037_76.21,2024,4.3,67.16417910447763,Kerala,Ernakulam,-0.2777777777777778,4.022222222222222,3.4666666666666663,2.1,8.8,71.3101160862355,79.60199004975127,Watch,Safe,STABLE,STABLE
Kerala_11.6184_76.2131,2024,1.8,100.0,Kerala,Wayanad,-0.8111111111111111,0.9888888888888889,0.0,1.8,9.5,100.0,100.0,Safe,Safe,STABLE,STABLE
Kerala_11.6097_76.0481,2024,4.5,100.0,Kerala,Wayanad,-1.2125,3.2875,0.8625000000000003,4.5,14.6,100.0,100.0,Safe,Safe,STABLE,STABLE
Assam_25.7667_93.175,2024,6.3,58.88888888888889,Assam,Hojai,0.4625,6.7625,7.6875,2.6,11.6,53.75000000000001,43.47222222222222,Watch,Stressed,STABLE,EARLY_DEPLETION_WARNING
Uttar Pradesh_27.1667_81.2167,2024,3.3,66.66666666666667,Uttar Pradesh,Bara Banki,-0.16666666666666666,3.1333333333333333,2.8,2.8,4.3,77.77777777777777,100.0,Safe,Safe,RECOVERY_EXPECTED,RECOVERY_EXPECTED
Uttar Pradesh_25.6483_79.9767,2024,1.2,100.0,Uttar Pradesh,Hamirpur,-2.0,0.0,0.0,1.2,11.2,100.0,100.0,Safe,Safe,STABLE,STABLE
Uttar Pradesh_25.645_78.8494,2024,5.8,0.0,Uttar Pradesh,Jhansi,0.0,5.8,5.8,3.4,5.8,0.0,0.0,Critical,Critical,FUTURE_CRITICAL,FUTURE_CRITICAL
Uttar Pradesh_25.7528_84.1056,2024,9.3,29.16666666666663,Uttar Pradesh,Ballia,-0.08333333333333333,9.216666666666667,9.05,7.6,10.0,32.638888888888886,39.58333333333329,Stressed,Stressed,STABLE,STABLE
Kerala_8.8338_76.6821,2024,1.3,100.0,Kerala,Kollam,-0.8888888888888888,0.4111111111111112,0.0,1.3,12.4,100.0,100.0,Safe,Safe,STABLE,STABLE
Kerala_8.8419_76.8792,2024,15.3,0.0,Kerala,Kollam,1.2444444444444445,16.544444444444444,19.033333333333335,3.3,15.3,0.0,0.0,Critical,Critical,FUTURE_CRITICAL,FUTURE_CRITICAL
Kerala_8.8625_76.8236,2024,8.7,91.66666666666671,Kerala,Kollam,-0.05555555555555555,8.644444444444444,8.533333333333333,8.6,9.8,96.29629629629632,100.0,Safe,Safe,STABLE,STABLE
Kerala_8.8508_76.6983,2024,6.6,0.0,Kerala,Kollam,0.14444444444444443,6.7444444444444445,7.033333333333333,2.4,6.6,0.0,0.0,Critical,Critical,FUTURE_CRITICAL,FUTURE_CRITICAL
Kerala_8.8661_76.8714,2024,11.1,0.0,Kerala,Kollam,0.6,11.7,12.899999999999999,7.5,11.1,0.0,0.0,Critical,Critical,FUTURE_CRITICAL,FUTURE_CRITICAL
Uttar Pradesh_25.6333_79.2,2024,1.6,100.0,Uttar Pradesh,Jhansi,-0.19999999999999996,1.4000000000000001,1.0000000000000002,1.6,5.0,100.0,100.0,Safe,Safe,STABLE,STABLE
Uttar Pradesh_27.1917_83.125,2024,4.0,100.0,Uttar Pradesh,Siddharthnagar,-0.06666666666666672,3.933333333333333,3.8,4.0,6.0,100.0,100.0,Safe,Safe,STABLE,STABLE
Uttar Pradesh_27.2386_78.6536,2024,6.0,100.0,Uttar Pradesh,Firozabad,-0.08333333333333333,5.916666666666667,5.75,6.0,7.8,100.0,100.0,Safe,Safe,STABLE,STABLE
Kerala_11.5535_76.1379,2024,1.9,100.0,Kerala,Wayanad,-2.6166666666666667,0.0,0.0,1.9,17.7,100.0,100.0,Safe,Safe,STABLE,STABLE
Kerala_11.54_75.8425,2024,2.3,100.0,Kerala,Kozhikode,-0.3444444444444445,1.9555555555555553,1.2666666666666664,2.3,5.7,100.0,100.0,Safe,Safe,STABLE,STABLE
Kerala_11.5565_76.039,2024,4.8,100.0,Kerala,Wayanad,-0.3375,4.4624999999999995,3.7874999999999996,4.8,7.8,100.0,100.0,Safe,Safe,STABLE,STABLE
Kerala_11.5559_76.2238,2024,2.9,100.0,Kerala,Wayanad,-0.6111111111111112,2.2888888888888888,1.0666666666666664,2.9,9.7,100.0,100.0,Safe,Safe,STABLE,STABLE
Kerala_11.5867_76.018,2024,2.1,100.0,Kerala,Wayanad,-0.4555555555555555,1.6444444444444446,0.7333333333333336,2.1,7.3,100.0,100.0,Safe,Safe,STABLE,STABLE
Kerala_11.5755_76.0956,2024,4.6,3.4482758620689835,Kerala,Wayanad,0.06666666666666662,4.666666666666666,4.8,1.8,4.7,1.1494252873563537,0.0,Critical,Critical,FUTURE_CRITICAL,FUTURE_CRITICAL
Kerala_11.6012_76.2566,2024,8.9,100.0,Kerala,Wayanad,-0.41111111111111104,8.488888888888889,7.666666666666667,8.9,14.4,100.0,100.0,Safe,Safe,STABLE,STABLE
Uttar Pradesh_27.1772_77.7456,2024,6.1,71.42857142857144,Uttar Pradesh,Agra,0.0,6.1,6.1,5.3,8.1,71.42857142857144,71.42857142857144,Watch,Watch,STABLE,STABLE
Andhra Pradesh_14.6817_79.9738,2024,4.0,64.93506493506493,Andhra Pradesh,Sri Potti Sriramulu Nellore,-0.13333333333333336,3.8666666666666667,3.6,1.3,9.0,66.66666666666667,70.12987012987013,Watch,Watch,STABLE,STABLE
Andhra Pradesh_14.6795_79.5385,2024,2.5,62.857142857142854,Andhra Pradesh,Sri Potti Sriramulu Nellore,-0.08750000000000005,2.4125,2.2375,1.2,4.7,65.35714285714285,70.35714285714286,Watch,Watch,STABLE,STABLE
Kerala_11.5386_75.8968,2024,3.8,0.0,Kerala,Kozhikode,0.09999999999999999,3.9,4.1,2.5,3.8,0.0,0.0,Critical,Critical,FUTURE_CRITICAL,FUTURE_CRITICAL
Kerala_11.5361_76.2439,2024,11.0,0.0,Kerala,Wayanad,0.38888888888888895,11.38888888888889,12.166666666666668,7.3,11.0,0.0,0.0,Critical,Critical,FUTURE_CRITICAL,FUTURE_CRITICAL
Assam_25.9069_93.6611,2024,3.7,95.45454545454545,Assam,Karbi Anglong,-0.8400000000000002,2.86,1.1799999999999997,3.5,7.9,100.0,100.0,Safe,Safe,STABLE,STABLE
Assam_25.8619_92.7683,2024,5.4,0.0,Assam,West Karbi Anglong,0.21428571428571436,5.614285714285715,6.042857142857144,3.5,5.4,0.0,0.0,Critical,Critical,FUTURE_CRITICAL,FUTURE_CRITICAL
Kerala_11.5499_75.897,2024,2.1,100.0,Kerala,Kozhikode,-0.12222222222222218,1.9777777777777779,1.7333333333333336,2.1,3.5,100.0,100.0,Safe,Safe,STABLE,STABLE
Kerala_11.5451_76.1799,2024,17.4,0.0,Kerala,Wayanad,1.0999999999999999,18.5,20.7,7.4,17.4,0.0,0.0,Critical,Critical,FUTURE_CRITICAL,FUTURE_CRITICAL
Uttar Pradesh_27.1_78.5833,2024,17.9,28.125000000000057,Uttar Pradesh,Firozabad,0.38333333333333314,18.28333333333333,19.049999999999997,15.6,18.8,16.145833333333414,0.0,Critical,Critical,FUTURE_CRITICAL,FUTURE_CRITICAL
Uttar Pradesh_25.5833_79.025,2024,5.3,5.714285714285716,Uttar Pradesh,Jhansi,0.05999999999999996,5.359999999999999,5.4799999999999995,2.0,5.5,4.000000000000014,0.5714285714285894,Critical,Critical,FUTURE_CRITICAL,FUTURE_CRITICAL
Kerala_8.8643_76.6902,2024,4.8,100.0,Kerala,Kollam,-1.4,3.4,0.6000000000000005,4.8,17.1,100.0,100.0,Safe,Safe,STABLE,STABLE
Kerala_8.8775_76.8108,2024,7.5,34.28571428571428,Kerala,Kollam,0.04444444444444446,7.544444444444444,7.633333333333334,5.2,8.7,33.01587301587301,30.476190476190457,Stressed,Stressed,STABLE,STABLE
Kerala_8.8744_76.7761,2024,2.5,100.0,Kerala,Kollam,-0.6666666666666666,1.8333333333333335,0.5,2.5,10.2,100.0,100.0,Safe,Safe,STABLE,STABLE
Kerala_8.8918_76.9532,2024,10.3,0.0,Kerala,Kollam,0.2333333333333335,10.533333333333335,11.000000000000002,7.9,10.3,0.0,0.0,Critical,Critical,FUTURE_CRITICAL,FUTURE_CRITICAL
Kerala_8.8872_76.9606,2024,4.9,100.0,Kerala,Kollam,-0.6888888888888888,4.211111111111111,2.833333333333334,4.9,12.4,100.0,100.0,Safe,Safe,STABLE,STABLE
Arunachal Pradesh_27.1053_93.8258,2024,11.6,82.6086956521739,Arunachal Pradesh,Papum Pare,-0.01249999999999996,11.5875,11.5625,11.2,13.5,83.15217391304344,84.23913043478258,Safe,Safe,STABLE,STABLE
Andhra Pradesh_15.5579_79.107,2024,6.0,37.500000000000014,Andhra Pradesh,Prakasam,0.15,6.15,6.45,4.5,6.9,31.25,18.75,Stressed,Critical,STABLE,FUTURE_CRITICAL
Andhra Pradesh_15.5228_78.9861,2024,4.4,52.3076923076923,Andhra Pradesh,Prakasam,-0.15000000000000008,4.25,3.95,1.3,7.8,54.61538461538461,59.23076923076922,Watch,Watch,STABLE,STABLE
Uttar Pradesh_27.2833_77.66,2024,2.1,93.75,Uttar Pradesh,Mathura,-0.09999999999999998,2.0,1.8000000000000003,2.0,3.6,100.0,100.0,Safe,Safe,STABLE,STABLE
Uttar Pradesh_27.3708_77.5736,2024,1.8,100.0,Uttar Pradesh,Mathura,-0.21666666666666665,1.5833333333333335,1.1500000000000001,1.8,3.2,100.0,100.0,Safe,Safe,STABLE,STABLE
Kerala_11.4812_75.9813,2024,0.7,100.0,Kerala,Kozhikode,-0.43333333333333335,0.2666666666666666,0.0,0.7,4.6,100.0,100.0,Safe,Safe,STABLE,STABLE
Kerala_11.5043_75.7735,2024,2.8,100.0,Kerala,Kozhikode,-0.055555555555555566,2.7444444444444445,2.6333333333333333,2.8,4.0,100.0,100.0,Safe,Safe,STABLE,STABLE
Kerala_11.5023_75.7734,2024,9.2,0.0,Kerala,Kozhikode,1.0499999999999998,10.25,12.349999999999998,0.3,9.2,0.0,0.0,Critical,Critical,FUTURE_CRITICAL,FUTURE_CRITICAL
Kerala_11.5352_76.0289,2024,9.3,0.0,Kerala,Wayanad,0.7555555555555556,10.055555555555557,11.566666666666668,2.3,9.3,0.0,0.0,Critical,Critical,FUTURE_CRITICAL,FUTURE_CRITICAL
Kerala_11.5231_76.0215,2024,3.0,70.1492537313433,Kerala,Wayanad,0.19999999999999998,3.2,3.6,1.0,7.7,67.16417910447761,61.19402985074627,Watch,Watch,STABLE,STABLE
Kerala_11.5354_76.0293,2024,5.8,0.0,Kerala,Wayanad,0.39999999999999997,6.2,7.0,1.9,5.8,0.0,0.0,Critical,Critical,FUTURE_CRITICAL,FUTURE_CRITICAL
Uttar Pradesh_27.2283_82.9833,2024,6.6,50.00000000000002,Uttar Pradesh,Siddharthnagar,0.15999999999999995,6.76,7.079999999999999,5.8,7.4,40.00000000000002,20.000000000000064,Stressed,Critical,STABLE,FUTURE_CRITICAL
Kerala_8.9019_76.8639,2024,3.6,100.0,Kerala,Kollam,-0.5555555555555556,3.0444444444444443,1.9333333333333333,3.6,10.5,100.0,100.0,Safe,Safe,STABLE,STABLE
Kerala_8.9111_77.0539,2024,1.0,100.0,Kerala,Kollam,-0.5111111111111112,0.4888888888888888,0.0,1.0,7.6,100.0,100.0,Safe,Safe,STABLE,STABLE
Kerala_8.9036_76.9325,2024,7.1,78.57142857142858,Kerala,Kollam,-6.1679056923619804e-18,7.1,7.1,6.8,8.2,78.57142857142858,78.57142857142858,Safe,Safe,STABLE,STABLE
Kerala_8.9153_76.8664,2024,9.0,0.0,Kerala,Kollam,0.3222222222222223,9.322222222222223,9.966666666666667,5.4,9.0,0.0,0.0,Critical,Critical,FUTURE_CRITICAL,FUTURE_CRITICAL
Kerala_8.9136_76.9078,2024,10.3,0.0,Kerala,Kollam,0.23750000000000004,10.537500000000001,11.012500000000001,6.2,10.3,0.0,0.0,Critical,Critical,FUTURE_CRITICAL,FUTURE_CRITICAL
Kerala_8.9275_77.01,2024,2.3,100.0,Kerala,Kollam,-0.5333333333333333,1.7666666666666666,0.6999999999999997,2.3,8.6,100.0,100.0,Safe,Safe,STABLE,STABLE
Kerala_8.9169_76.9183,2024,9.1,0.0,Kerala,Kollam,0.12857142857142861,9.228571428571428,9.485714285714286,6.0,9.1,0.0,0.0,Critical,Critical,FUTURE_CRITICAL,FUTURE_CRITICAL
Kerala_8.9344_76.955,2024,3.8,0.0,Kerala,Kollam,0.2111111111111111,4.011111111111111,4.433333333333334,1.9,3.8,0.0,0.0,Critical,Critical,FUTURE_CRITICAL,FUTURE_CRITICAL
Uttar Pradesh_27.3319_80.3089,2024,2.9,100.0,Uttar Pradesh,Hardoi,-0.23999999999999994,2.66,2.18,2.9,4.1,100.0,100.0,Safe,Safe,STABLE,STABLE
Uttar Pradesh_27.3967_77.5,2024,1.4,100.0,Uttar Pradesh,Mathura,-0.4666666666666668,0.9333333333333331,0.0,1.4,4.3,100.0,100.0,Safe,Safe,STABLE,STABLE
Kerala_11.4466_75.7395,2024,9.2,0.0,Kerala,Kozhikode,0.7624999999999998,9.962499999999999,11.487499999999999,2.8,9.2,0.0,0.0,Critical,Critical,FUTURE_CRITICAL,FUTURE_CRITICAL
Kerala_11.4473_75.7906,2024,5.6,100.0,Kerala,Kozhikode,-0.17500000000000002,5.425,5.074999999999999,5.6,9.3,100.0,100.0,Safe,Safe,STABLE,STABLE
Kerala_11.4468_75.8298,2024,1.1,100.0,Kerala,Kozhikode,-0.6666666666666666,0.43333333333333346,0.0,1.1,7.5,100.0,100.0,Safe,Safe,STABLE,STABLE
Kerala_11.4491_75.9608,2024,3.5,0.0,Kerala,Kozhikode,0.13333333333333336,3.6333333333333333,3.9,2.3,3.5,0.0,0.0,Critical,Critical,FUTURE_CRITICAL,FUTURE_CRITICAL
Kerala_11.4829_75.7749,2024,6.6,100.0,Kerala,Kozhikode,-0.07777777777777778,6.522222222222222,6.366666666666666,6.6,8.3,100.0,100.0,Safe,Safe,STABLE,STABLE
Uttar Pradesh_27.3042_81.5597,2024,2.2,100.0,Uttar Pradesh,Bahraich,-0.09999999999999994,2.1,1.9000000000000004,2.2,3.5,100.0,100.0,Safe,Safe,STABLE,STABLE
Uttar Pradesh_27.2_82.65,2024,2.5,68.75,Uttar Pradesh,Siddharthnagar,0.08333333333333331,2.5833333333333335,2.75,2.0,3.6,63.54166666666665,53.125,Watch,Watch,STABLE,EARLY_DEPLETION_WARNING
Uttar Pradesh_25.5792_83.5597,2024,0.3,78.57142857142857,Uttar Pradesh,Ghazipur,-0.050000000000000024,0.24999999999999997,0.1499999999999999,0.0,1.4,82.14285714285714,89.28571428571429,Safe,Safe,STABLE,STABLE
Uttar Pradesh_25.5639_80.0678,2024,1.8,100.0,Uttar Pradesh,Hamirpur,-0.46000000000000013,1.3399999999999999,0.4199999999999997,1.8,5.8,100.0,100.0,Safe,Safe,STABLE,STABLE
Uttar Pradesh_25.5458_82.7625,2024,7.0,62.90322580645162,Uttar Pradesh,Jaunpur,-0.7800000000000001,6.22,4.66,4.7,10.9,75.48387096774194,100.0,Safe,Safe,RECOVERY_EXPECTED,RECOVERY_EXPECTED
Kerala_8.9278_76.6917,2024,8.2,0.0,Kerala,Kollam,1.2333333333333332,9.433333333333332,11.899999999999999,0.6,8.2,0.0,0.0,Critical,Critical,FUTURE_CRITICAL,FUTURE_CRITICAL
Kerala_8.9358_76.9167,2024,8.0,62.66666666666667,Kerala,Kollam,0.06470588235294113,8.064705882352941,8.194117647058823,5.2,12.7,61.80392156862745,60.078431372549026,Watch,Watch,STABLE,STABLE
Kerala_8.93_76.9853,2024,9.5,30.00000000000007,Kerala,Kollam,-0.03333333333333342,9.466666666666667,9.4,8.8,9.8,33.33333333333339,40.000000000000036,Stressed,Stressed,STABLE,STABLE
Kerala_8.9361_76.9461,2024,3.8,100.0,Kerala,Kollam,-0.21111111111111114,3.5888888888888886,3.1666666666666665,3.8,5.8,100.0,100.0,Safe,Safe,STABLE,STABLE
Uttar Pradesh_25.5333_81.375,2024,6.9,35.71428571428571,Uttar Pradesh,Kaushambi,0.13333333333333353,7.033333333333334,7.300000000000001,4.2,8.4,32.539682539682524,26.190476190476186,Stressed,Stressed,STABLE,STABLE
Uttar Pradesh_25.5083_83.2208,2024,11.5,59.183673469387756,Uttar Pradesh,Chandauli,-0.5199999999999999,10.98,9.940000000000001,9.5,14.4,69.79591836734693,91.02040816326527,Watch,Safe,RECOVERY_EXPECTED,RECOVERY_EXPECTED
Uttar Pradesh_25.4833_80.3208,2024,16.1,0.0,Uttar Pradesh,Banda,0.6200000000000003,16.720000000000002,17.96,5.9,16.1,0.0,0.0,Critical,Critical,FUTURE_CRITICAL,FUTURE_CRITICAL
Kerala_11.4294_75.8335,2024,4.1,100.0,Kerala,Kozhikode,-0.20000000000000007,3.8999999999999995,3.4999999999999996,4.1,6.6,100.0,100.0,Safe,Safe,STABLE,STABLE
Kerala_11.4431_75.8808,2024,7.2,0.0,Kerala,Kozhikode,0.7000000000000001,7.9,9.3,2.3,7.2,0.0,0.0,Critical,Critical,FUTURE_CRITICAL,FUTURE_CRITICAL
Kerala_11.4312_76.0067,2024,3.1,0.0,Kerala,Kozhikode,0.21111111111111114,3.3111111111111113,3.7333333333333334,0.7,3.1,0.0,0.0,Critical,Critical,FUTURE_CRITICAL,FUTURE_CRITICAL
Kerala_11.4455_75.7376,2024,6.9,0.0,Kerala,Kozhikode,0.25555555555555565,7.155555555555556,7.666666666666667,3.7,6.9,0.0,0.0,Critical,Critical,FUTURE_CRITICAL,FUTURE_CRITICAL
Kerala_11.4441_75.9554,2024,8.5,0.0,Kerala,Kozhikode,0.5555555555555556,9.055555555555555,10.166666666666666,3.1,8.5,0.0,0.0,Critical,Critical,FUTURE_CRITICAL,FUTURE_CRITICAL
Assam_25.9306_90.7769,2024,5.3,58.333333333333336,Assam,Goalpara,0.08750000000000002,5.3875,5.5625,4.3,6.7,54.6875,47.395833333333336,Watch,Stressed,STABLE,STABLE
Assam_25.9131_92.9617,2024,5.7,67.74193548387096,Assam,Hojai,-0.03749999999999992,5.6625000000000005,5.5875,4.7,7.8,68.9516129032258,71.37096774193547,Watch,Watch,STABLE,STABLE
Uttar Pradesh_27.3544_82.3561,2024,3.2,27.77777777777778,Uttar Pradesh,Balrampur,0.20000000000000007,3.4000000000000004,3.8000000000000003,1.9,3.7,16.66666666666665,0.0,Critical,Critical,FUTURE_CRITICAL,FUTURE_CRITICAL
Arunachal Pradesh_27.1031_93.6947,2024,6.7,0.0,Arunachal Pradesh,Papum Pare,0.0,6.7,6.7,5.8,6.7,0.0,0.0,Critical,Critical,FUTURE_CRITICAL,FUTURE_CRITICAL
Arunachal Pradesh_27.07_93.6,2024,3.4,11.99999999999999,Arunachal Pradesh,Papum Pare,5.551115123125783e-17,3.4,3.4,1.2,3.7,11.99999999999999,11.99999999999999,Critical,Critical,FUTURE_CRITICAL,FUTURE_CRITICAL
Arunachal Pradesh_27.0281_93.7413,2024,2.7,57.14285714285712,Arunachal Pradesh,Papum Pare,-0.049999999999999996,2.6500000000000004,2.5500000000000003,2.4,3.1,64.28571428571423,78.57142857142853,Watch,Safe,STABLE,RECOVERY_EXPECTED
Kerala_8.9414_76.8583,2024,5.7,100.0,Kerala,Kollam,-0.7111111111111111,4.988888888888889,3.566666666666667,5.7,12.7,100.0,100.0,Safe,Safe,STABLE,STABLE
Kerala_8.9403_77.0447,2024,11.0,0.0,Kerala,Kollam,0.9666666666666667,11.966666666666667,13.9,3.8,11.0,0.0,0.0,Critical,Critical,FUTURE_CRITICAL,FUTURE_CRITICAL
Kerala_8.9472_76.6375,2024,8.1,36.58536585365854,Kerala,Kollam,0.05555555555555545,8.155555555555555,8.266666666666666,5.5,9.6,35.23035230352304,32.52032520325206,Stressed,Stressed,STABLE,STABLE
Kerala_8.9467_76.9658,2024,2.1,100.0,Kerala,Kollam,-0.062499999999999986,2.0375,1.9125,2.1,2.6,100.0,100.0,Safe,Safe,STABLE,STABLE
Kerala_8.9544_76.9881,2024,9.5,43.33333333333334,Kerala,Kollam,-0.04444444444444449,9.455555555555556,9.366666666666667,7.8,10.8,44.81481481481482,47.77777777777777,Stressed,Stressed,STABLE,STABLE
Uttar Pradesh_25.4542_78.5667,2024,4.0,0.0,Uttar Pradesh,Jhansi,0.08333333333333336,4.083333333333333,4.25,3.1,4.0,0.0,0.0,Critical,Critical,FUTURE_CRITICAL,FUTURE_CRITICAL
Uttar Pradesh_27.4167_82.1667,2024,3.1,62.49999999999998,Uttar Pradesh,Balrampur,0.08333333333333333,3.1833333333333336,3.35,2.5,4.1,57.29166666666664,46.87499999999998,Watch,Stressed,STABLE,EARLY_DEPLETION_WARNING
Kerala_11.3345_75.7409,2024,2.4,89.99999999999999,Kerala,Kozhikode,-0.037500000000000006,2.3625,2.2875,2.3,3.3,93.75,100.0,Safe,Safe,STABLE,STABLE
Kerala_11.3629_75.8613,2024,3.9,18.518518518518512,Kerala,Kozhikode,-0.03750000000000002,3.8625,3.7874999999999996,1.7,4.4,19.90740740740743,22.685185185185208,Critical,Critical,FUTURE_CRITICAL,FUTURE_CRITICAL
Kerala_11.3602_76.0078,2024,7.1,0.0,Kerala,Kozhikode,0.39999999999999997,7.5,8.299999999999999,3.8,7.1,0.0,0.0,Critical,Critical,FUTURE_CRITICAL,FUTURE_CRITICAL
Kerala_11.3667_75.9106,2024,5.5,54.76190476190476,Kerala,Kozhikode,0.14444444444444438,5.644444444444444,5.933333333333334,3.6,7.8,51.32275132275132,44.44444444444443,Watch,Stressed,STABLE,STABLE
Kerala_11.4061_76.0114,2024,3.5,100.0,Kerala,Kozhikode,-0.25555555555555554,3.2444444444444445,2.7333333333333334,3.5,6.5,100.0,100.0,Safe,Safe,STABLE,STABLE
Uttar Pradesh_27.3792_82.5389,2024,3.6,69.23076923076923,Uttar Pradesh,Balrampur,0.07999999999999996,3.68,3.84,3.2,4.5,63.07692307692307,50.76923076923079,Watch,Watch,STABLE,EARLY_DEPLETION_WARNING
Uttar Pradesh_27.3767_80.9047,2024,3.9,21.42857142857144,Uttar Pradesh,Sitapur,0.10000000000000002,4.0,4.2,2.8,4.2,14.28571428571429,0.0,Critical,Critical,FUTURE_CRITICAL,FUTURE_CRITICAL
Kerala_11.3798_75.8512,2024,4.0,100.0,Kerala,Kozhikode,-0.4125,3.5875,2.7625,4.0,7.8,100.0,100.0,Safe,Safe,STABLE,STABLE
Assam_25.9328_92.71,2024,0.8,96.96969696969697,Assam,West Karbi Anglong,-0.32857142857142857,0.4714285714285715,0.0,0.7,4.0,100.0,100.0,Safe,Safe,STABLE,STABLE
Uttar Pradesh_27.4133_82.1883,2024,3.9,70.0,Uttar Pradesh,Balrampur,-0.016666666666666653,3.8833333333333333,3.85,3.6,4.6,71.66666666666667,74.99999999999999,Watch,Watch,STABLE,STABLE
Andhra Pradesh_14.6777_77.4562,2024,7.8,23.59550561797753,Andhra Pradesh,Ananthapuramu,-0.16666666666666666,7.633333333333333,7.3,1.0,9.9,25.468164794007496,29.21348314606742,Stressed,Stressed,STABLE,STABLE
Kerala_11.3009_75.9389,2024,3.7,100.0,Kerala,Kozhikode,-0.21111111111111108,3.488888888888889,3.066666666666667,3.7,6.7,100.0,100.0,Safe,Safe,STABLE,STABLE
Kerala_11.29_75.818,2024,9.3,100.0,Kerala,Kozhikode,-0.5499999999999998,8.75,7.650000000000001,9.3,14.1,100.0,100.0,Safe,Safe,STABLE,STABLE
Kerala_11.3118_75.7583,2024,5.7,0.0,Kerala,Kozhikode,0.36666666666666664,6.066666666666666,6.8,2.2,5.7,0.0,0.0,Critical,Critical,FUTURE_CRITICAL,FUTURE_CRITICAL
Kerala_11.3204_75.9657,2024,1.5,100.0,Kerala,Kozhikode,-0.18888888888888888,1.3111111111111111,0.9333333333333333,1.5,3.9,100.0,100.0,Safe,Safe,STABLE,STABLE
Kerala_11.334_75.8927,2024,3.7,100.0,Kerala,Kozhikode,-0.4666666666666667,3.2333333333333334,2.3000000000000003,3.7,9.0,100.0,100.0,Safe,Safe,STABLE,STABLE
Uttar Pradesh_27.3989_79.9958,2024,3.5,0.0,Uttar Pradesh,Hardoi,0.016666666666666663,3.5166666666666666,3.55,2.8,3.5,0.0,0.0,Critical,Critical,FUTURE_CRITICAL,FUTURE_CRITICAL
Uttar Pradesh_25.4694_83.8361,2024,11.7,0.0,Uttar Pradesh,Ghazipur,0.26666666666666666,11.966666666666667,12.5,5.2,11.7,0.0,0.0,Critical,Critical,FUTURE_CRITICAL,FUTURE_CRITICAL
Uttar Pradesh_25.4606_78.465,2024,4.9,65.62499999999997,Uttar Pradesh,Jhansi,0.11666666666666665,5.016666666666667,5.25,3.8,7.0,61.979166666666664,54.6875,Watch,Watch,STABLE,STABLE
Kerala_8.9533_76.8831,2024,4.8,100.0,Kerala,Kollam,-0.3125,4.4875,3.8625,4.8,8.1,100.0,100.0,Safe,Safe,STABLE,STABLE
Kerala_8.9678_77.1464,2024,8.4,43.617021276595736,Kerala,Kollam,0.2666666666666667,8.666666666666668,9.200000000000001,3.1,12.5,40.78014184397162,35.106382978723396,Stressed,Stressed,STABLE,STABLE
Kerala_8.9658_77.0697,2024,6.5,90.90909090909093,Kerala,Kollam,-0.062499999999999986,6.4375,6.3125,6.4,7.5,96.59090909090912,100.0,Safe,Safe,STABLE,STABLE
Kerala_8.97_77.0472,2024,7.4,18.181818181818123,Kerala,Kollam,0.11666666666666671,7.5166666666666675,7.750000000000001,6.5,7.6,7.5757575757574696,0.0,Critical,Critical,FUTURE_CRITICAL,FUTURE_CRITICAL
Kerala_8.9797_76.5361,2024,8.6,0.0,Kerala,Kollam,0.7888888888888889,9.38888888888889,10.966666666666667,1.1,8.6,0.0,0.0,Critical,Critical,FUTURE_CRITICAL,FUTURE_CRITICAL
Kerala_8.9899_76.6608,2024,7.0,100.0,Kerala,Kollam,-1.6125,5.3875,2.1624999999999996,7.0,27.0,100.0,100.0,Safe,Safe,STABLE,STABLE
Uttar Pradesh_25.3828_78.7539,2024,3.3,100.0,Uttar Pradesh,Jhansi,-0.7166666666666667,2.583333333333333,1.15,3.3,9.4,100.0,100.0,Safe,Safe,STABLE,STABLE
Uttar Pradesh_25.45_83.66,2024,6.3,0.0,Uttar Pradesh,Ghazipur,0.5833333333333334,6.883333333333333,8.05,1.7,6.3,0.0,0.0,Critical,Critical,FUTURE_CRITICAL,FUTURE_CRITICAL
Uttar Pradesh_27.4194_77.8222,2024,5.1,66.66666666666667,Uttar Pradesh,Mathura,0.1,5.199999999999999,5.3999999999999995,4.6,6.1,60.00000000000003,46.66666666666668,Watch,Stressed,STABLE,EARLY_DEPLETION_WARNING
Kerala_11.2533_75.7913,2024,10.6,63.888888888888886,Kerala,Kozhikode,-0.2777777777777778,10.322222222222221,9.766666666666666,8.0,15.2,67.74691358024693,75.46296296296298,Watch,Safe,STABLE,STABLE
Kerala_11.27_75.9697,2024,1.8,100.0,Kerala,Kozhikode,-0.3777777777777778,1.4222222222222223,0.6666666666666665,1.8,7.6,100.0,100.0,Safe,Safe,STABLE,STABLE
Kerala_11.2719_75.8246,2024,4.4,100.0,Kerala,Kozhikode,-0.8666666666666666,3.5333333333333337,1.8000000000000007,4.4,13.6,100.0,100.0,Safe,Safe,STABLE,STABLE
Kerala_11.2868_75.7806,2024,11.9,0.0,Kerala,Kozhikode,1.0333333333333332,12.933333333333334,15.0,2.1,11.9,0.0,0.0,Critical,Critical,FUTURE_CRITICAL,FUTURE_CRITICAL
Kerala_11.297_75.8469,2024,1.2,100.0,Kerala,Kozhikode,-0.9111111111111112,0.28888888888888875,0.0,1.2,9.6,100.0,100.0,Safe,Safe,STABLE,STABLE
Kerala_11.2942_75.9607,2024,2.5,100.0,Kerala,Kozhikode,-0.4222222222222222,2.077777777777778,1.2333333333333334,2.5,6.8,100.0,100.0,Safe,Safe,STABLE,STABLE
Assam_25.9442_91.1181,2024,2.3,56.25000000000002,Assam,Kamrup,-0.06250000000000003,2.2375,2.1125,1.6,3.2,60.15625000000002,67.96875000000003,Watch,Watch,STABLE,STABLE
Uttar Pradesh_25.45_83.0867,2024,6.8,62.637362637362635,Uttar Pradesh,Varanasi,0.020000000000000018,6.82,6.859999999999999,3.4,12.5,62.417582417582416,61.97802197802198,Watch,Watch,STABLE,STABLE
Kerala_8.9858_76.6781,2024,10.7,33.33333333333338,Kerala,Kollam,-0.044444444444444495,10.655555555555555,10.566666666666666,9.9,11.1,37.03703703703708,44.444444444444464,Stressed,Stressed,STABLE,STABLE
Kerala_9.0022_76.9853,2024,11.3,0.0,Kerala,Kollam,0.4111111111111112,11.711111111111112,12.533333333333335,7.2,11.3,0.0,0.0,Critical,Critical,FUTURE_CRITICAL,FUTURE_CRITICAL
Kerala_9.135_76.5539,2024,8.8,0.0,Kerala,Alappuzha,0.7777777777777779,9.57777777777778,11.133333333333335,1.5,8.8,0.0,0.0,Critical,Critical,FUTURE_CRITICAL,FUTURE_CRITICAL
Kerala_9.0117_76.5514,2024,8.5,0.0,Kerala,Kollam,0.7375,9.2375,10.7125,2.1,8.5,0.0,0.0,Critical,Critical,FUTURE_CRITICAL,FUTURE_CRITICAL
Kerala_9.1452_76.6146,2024,1.4,100.0,Kerala,Alappuzha,-0.21250000000000002,1.1875,0.7624999999999998,1.4,4.1,100.0,100.0,Safe,Safe,STABLE,STABLE
Uttar Pradesh_25.3722_80.475,2024,0.6,100.0,Uttar Pradesh,Banda,-0.28,0.31999999999999995,0.0,0.6,2.4,100.0,100.0,Safe,Safe,STABLE,STABLE
Uttar Pradesh_25.3653_82.1861,2024,2.0,57.14285714285714,Uttar Pradesh,Prayagraj,0.19999999999999998,2.2,2.6,0.8,3.6,49.999999999999986,35.71428571428571,Stressed,Stressed,STABLE,EARLY_DEPLETION_WARNING
Uttar Pradesh_25.4533_83.3417,2024,1.4,95.23809523809524,Uttar Pradesh,Chandauli,-0.38,1.02,0.2599999999999998,1.3,3.4,100.0,100.0,Safe,Safe,STABLE,STABLE
Kerala_11.2336_75.7894,2024,14.1,0.0,Kerala,Kozhikode,1.2125,15.3125,17.7375,4.1,14.1,0.0,0.0,Critical,Critical,FUTURE_CRITICAL,FUTURE_CRITICAL
Kerala_11.2465_75.9516,2024,6.5,0.0,Kerala,Malappuram,0.4666666666666666,6.966666666666667,7.9,3.6,6.5,0.0,0.0,Critical,Critical,FUTURE_CRITICAL,FUTURE_CRITICAL
Kerala_11.2437_76.2992,2024,7.3,0.0,Kerala,Malappuram,0.35,7.6499999999999995,8.35,2.8,7.3,0.0,0.0,Critical,Critical,FUTURE_CRITICAL,FUTURE_CRITICAL
Kerala_11.23_75.8284,2024,8.8,0.0,Kerala,Kozhikode,0.6875000000000001,9.4875,10.8625,2.9,8.8,0.0,0.0,Critical,Critical,FUTURE_CRITICAL,FUTURE_CRITICAL
Kerala_11.2514_75.9408,2024,1.3,100.0,Kerala,Kozhikode,-0.8555555555555555,0.44444444444444453,0.0,1.3,10.1,100.0,100.0,Safe,Safe,STABLE,STABLE
Kerala_11.2487_75.7737,2024,1.5,100.0,Kerala,Kozhikode,-0.27999999999999997,1.22,0.6600000000000001,1.5,3.1,100.0,100.0,Safe,Safe,STABLE,STABLE
Kerala_11.2625_75.9034,2024,6.7,66.66666666666656,Kerala,Kozhikode,0.014285714285714358,6.714285714285714,6.742857142857143,6.6,6.9,61.90476190476184,52.38095238095237,Watch,Watch,STABLE,STABLE
Andhra Pradesh_14.6617_77.4991,2024,8.1,58.62068965517242,Andhra Pradesh,Ananthapuramu,-0.5333333333333334,7.566666666666666,6.499999999999999,4.5,13.2,64.75095785440614,77.01149425287358,Watch,Safe,STABLE,RECOVERY_EXPECTED
Uttar Pradesh_27.4433_82.895,2024,2.8,75.00000000000001,Uttar Pradesh,Siddharthnagar,0.09999999999999994,2.9,3.0999999999999996,2.2,4.6,70.83333333333334,62.50000000000002,Watch,Watch,STABLE,STABLE
Uttar Pradesh_27.425_82.775,2024,4.0,68.57142857142857,Uttar Pradesh,Siddharthnagar,0.18333333333333335,4.183333333333334,4.55,2.9,6.4,63.33333333333333,52.85714285714287,Watch,Watch,STABLE,EARLY_DEPLETION_WARNING
Uttar Pradesh_25.3897_79.0186,2024,10.5,39.99999999999998,Uttar Pradesh,Jhansi,-0.19999999999999987,10.3,9.9,8.7,11.7,46.66666666666662,59.999999999999964,Stressed,Watch,STABLE,RECOVERY_EXPECTED
Arunachal Pradesh_27.0167_95.4667,2024,4.0,100.0,Arunachal Pradesh,Tirap,-0.17500000000000002,3.825,3.475,4.0,6.3,100.0,100.0,Safe,Safe,STABLE,STABLE
Arunachal Pradesh_27.0083_95.4667,2024,6.7,82.35294117647058,Arunachal Pradesh,Tirap,-0.024999999999999967,6.675,6.625,5.8,10.9,82.84313725490196,83.82352941176471,Safe,Safe,STABLE,STABLE
Kerala_9.1728_76.6074,2024,2.0,100.0,Kerala,Alappuzha,-2.2333333333333334,0.0,0.0,2.0,20.9,100.0,100.0,Safe,Safe,STABLE,STABLE
Kerala_9.1666_76.6658,2024,0.9,100.0,Kerala,Alappuzha,-0.4555555555555555,0.44444444444444453,0.0,0.9,5.6,100.0,100.0,Safe,Safe,STABLE,STABLE
Kerala_9.1775_76.5653,2024,1.7,100.0,Kerala,Alappuzha,-1.1888888888888889,0.5111111111111111,0.0,1.7,12.5,100.0,100.0,Safe,Safe,STABLE,STABLE
Kerala_9.1766_76.6365,2024,1.1,100.0,Kerala,Alappuzha,-0.9444444444444444,0.15555555555555567,0.0,1.1,10.2,100.0,100.0,Safe,Safe,STABLE,STABLE
Uttar Pradesh_25.3542_81.875,2024,15.4,0.0,Uttar Pradesh,Prayagraj,0.7333333333333335,16.133333333333333,17.6,11.0,15.4,0.0,0.0,Critical,Critical,FUTURE_CRITICAL,FUTURE_CRITICAL
Uttar Pradesh_25.3456_78.5,2024,7.3,77.27272727272727,Uttar Pradesh,Jhansi,-0.049999999999999954,7.25,7.15,6.8,9.0,79.54545454545455,84.09090909090907,Safe,Safe,STABLE,STABLE
Uttar Pradesh_27.5056_81.9333,2024,2.0,88.88888888888889,Uttar Pradesh,Shrawasti,-0.033333333333333375,1.9666666666666666,1.9,1.9,2.8,92.5925925925926,100.0,Safe,Safe,STABLE,STABLE
Uttar Pradesh_27.4986_82.7833,2024,2.7,75.86206896551724,Uttar Pradesh,Siddharthnagar,0.11666666666666665,2.816666666666667,3.0500000000000003,2.0,4.9,71.83908045977012,63.79310344827586,Watch,Watch,STABLE,STABLE
Kerala_11.1963_76.064,2024,6.4,100.0,Kerala,Malappuram,-0.28888888888888886,6.111111111111112,5.533333333333334,6.4,13.0,100.0,100.0,Safe,Safe,STABLE,STABLE
Kerala_11.2163_76.142,2024,7.9,100.0,Kerala,Malappuram,-0.5833333333333334,7.316666666666667,6.15,7.9,11.4,100.0,100.0,Safe,Safe,STABLE,STABLE
Kerala_11.2057_75.813,2024,1.6,100.0,Kerala,Kozhikode,-0.06666666666666668,1.5333333333333334,1.4000000000000001,1.6,4.0,100.0,100.0,Safe,Safe,STABLE,STABLE
Kerala_11.2036_75.9499,2024,2.0,100.0,Kerala,Malappuram,-0.9333333333333333,1.0666666666666667,0.0,2.0,10.4,100.0,100.0,Safe,Safe,STABLE,STABLE
Kerala_11.2258_76.33,2024,14.4,0.0,Kerala,Malappuram,1.1222222222222225,15.522222222222222,17.766666666666666,2.4,14.4,0.0,0.0,Critical,Critical,FUTURE_CRITICAL,FUTURE_CRITICAL
Uttar Pradesh_27.4667_78.3,2024,9.2,68.57142857142858,Uttar Pradesh,Etah,-0.1333333333333334,9.066666666666666,8.799999999999999,8.1,11.6,72.38095238095238,80.00000000000003,Watch,Safe,STABLE,STABLE
Kerala_11.2345_76.0504,2024,3.5,100.0,Kerala,Malappuram,-0.5333333333333334,2.966666666666667,1.8999999999999997,3.5,10.0,100.0,100.0,Safe,Safe,STABLE,STABLE
Uttar Pradesh_25.3792_82.425,2024,6.6,100.0,Uttar Pradesh,Bhadohi,-1.3800000000000001,5.22,2.459999999999999,6.6,13.5,100.0,100.0,Safe,Safe,STABLE,STABLE
Kerala_9.1835_76.6187,2024,1.1,100.0,Kerala,Alappuzha,-1.2666666666666666,0.0,0.0,1.1,13.7,100.0,100.0,Safe,Safe,STABLE,STABLE
Kerala_9.2064_76.6316,2024,1.8,100.0,Kerala,Alappuzha,-1.1888888888888889,0.6111111111111112,0.0,1.8,12.9,100.0,100.0,Safe,Safe,STABLE,STABLE
Uttar Pradesh_25.3403_82.275,2024,1.5,58.333333333333336,Uttar Pradesh,Prayagraj,-0.033333333333333326,1.4666666666666668,1.4,1.0,2.2,61.11111111111111,66.66666666666667,Watch,Watch,STABLE,STABLE
Uttar Pradesh_25.2769_80.5567,2024,2.6,100.0,Uttar Pradesh,Banda,-0.52,2.08,1.04,2.6,5.2,100.0,100.0,Safe,Safe,STABLE,STABLE
Uttar Pradesh_25.3567_78.8767,2024,5.7,71.11111111111111,Uttar Pradesh,Jhansi,0.21666666666666665,5.916666666666667,6.35,4.4,8.9,66.2962962962963,56.666666666666686,Watch,Watch,STABLE,STABLE
Kerala_11.1824_75.8414,2024,6.8,100.0,Kerala,Kozhikode,-0.6111111111111112,6.188888888888888,4.966666666666667,6.8,13.1,100.0,100.0,Safe,Safe,STABLE,STABLE
Kerala_11.1774_75.8594,2024,3.1,85.0,Kerala,Kozhikode,0.5454545454545454,3.6454545454545455,4.736363636363636,2.2,8.2,75.9090909090909,57.72727272727273,Safe,Watch,STABLE,EARLY_DEPLETION_WARNING
Kerala_11.1958_75.8033,2024,4.4,50.72463768115942,Kerala,Kozhikode,0.03333333333333336,4.433333333333334,4.5,1.0,7.9,50.24154589371981,49.275362318840585,Watch,Stressed,STABLE,STABLE
Kerala_11.1889_75.8703,2024,38.2,0.0,Kerala,Kozhikode,4.6625000000000005,42.862500000000004,50.0,0.9,38.2,0.0,0.0,Critical,Critical,FUTURE_CRITICAL,FUTURE_CRITICAL
Assam_25.9611_93.4886,2024,0.9,87.5,Assam,Karbi Anglong,-0.0833333333333333,0.8166666666666668,0.6500000000000001,0.7,2.3,92.70833333333333,100.0,Safe,Safe,STABLE,STABLE
Assam_25.9519_90.7731,2024,4.6,56.25000000000002,Assam,Goalpara,0.012499999999999942,4.6125,4.637499999999999,3.9,5.5,55.46875,53.90625000000004,Watch,Watch,STABLE,STABLE
Uttar Pradesh_27.4817_77.4683,2024,2.2,57.14285714285712,Uttar Pradesh,Mathura,-0.016666666666666597,2.1833333333333336,2.1500000000000004,1.9,2.6,59.52380952380949,64.28571428571423,Watch,Watch,STABLE,STABLE
Uttar Pradesh_27.475_77.7361,2024,11.3,100.0,Uttar Pradesh,Mathura,-0.29999999999999977,11.000000000000002,10.400000000000002,11.3,14.1,100.0,100.0,Safe,Safe,STABLE,STABLE
Kerala_9.2598_76.5865,2024,1.1,100.0,Kerala,Alappuzha,-0.4375,0.6625000000000001,0.0,1.1,5.3,100.0,100.0,Safe,Safe,STABLE,STABLE
Andhra Pradesh_nan_81.0778,2024,2.3,11.764705882352954,Andhra Pradesh,Krishna,0.028571428571428532,2.3285714285714283,2.3857142857142852,0.8,2.5,10.084033613445397,6.722689075630283,Critical,Critical,FUTURE_CRITICAL,FUTURE_CRITICAL
Andhra Pradesh_nan_81.0343,2024,2.6,44.99999999999999,Andhra Pradesh,Krishna,0.1,2.7,2.9000000000000004,1.5,3.5,39.99999999999999,29.999999999999982,Stressed,Stressed,STABLE,EARLY_DEPLETION_WARNING
Kerala_9.3006_76.6345,2024,2.2,100.0,Kerala,Alappuzha,-0.5125,1.6875000000000002,0.6625000000000003,2.2,7.0,100.0,100.0,Safe,Safe,STABLE,STABLE
Uttar Pradesh_25.2694_81.375,2024,18.2,50.00000000000002,Uttar Pradesh,Chitrakoot,-0.5200000000000002,17.68,16.639999999999997,15.6,20.8,60.00000000000001,80.00000000000004,Watch,Safe,STABLE,RECOVERY_EXPECTED
Uttar Pradesh_25.2667_82.5603,2024,5.2,17.24137931034483,Uttar Pradesh,Bhadohi,-0.1,5.1000000000000005,4.9,2.8,5.7,20.68965517241378,27.58620689655171,Critical,Stressed,FUTURE_CRITICAL,STABLE
Kerala_11.1348_76.1138,2024,2.0,100.0,Kerala,Malappuram,-0.4555555555555555,1.5444444444444445,0.6333333333333335,2.0,6.1,100.0,100.0,Safe,Safe,STABLE,STABLE
Kerala_11.1397_75.8342,2024,3.1,100.0,Kerala,Kozhikode,-1.5499999999999998,1.5500000000000003,0.0,3.1,15.5,100.0,100.0,Safe,Safe,STABLE,STABLE
Kerala_11.162_76.046,2024,4.5,100.0,Kerala,Malappuram,-1.0,3.5,1.5,4.5,10.7,100.0,100.0,Safe,Safe,STABLE,STABLE
Kerala_11.1512_75.8144,2024,3.4,11.111111111111127,Kerala,Kozhikode,0.08888888888888886,3.488888888888889,3.6666666666666665,2.6,3.5,1.2345679012345623,0.0,Critical,Critical,FUTURE_CRITICAL,FUTURE_CRITICAL
Kerala_11.1497_75.9602,2024,6.3,20.408163265306133,Kerala,Malappuram,0.3111111111111111,6.611111111111111,7.233333333333333,2.4,7.3,14.058956916099795,1.3605442176870652,Critical,Critical,FUTURE_CRITICAL,FUTURE_CRITICAL
Kerala_11.1654_75.934,2024,9.8,0.0,Kerala,Malappuram,0.31111111111111117,10.111111111111112,10.733333333333334,5.1,9.8,0.0,0.0,Critical,Critical,FUTURE_CRITICAL,FUTURE_CRITICAL
Kerala_11.1734_75.8062,2024,2.9,50.0,Kerala,Kozhikode,0.06666666666666671,2.966666666666667,3.1,2.0,3.8,46.296296296296276,38.88888888888887,Stressed,Stressed,STABLE,STABLE
Uttar Pradesh_27.5167_81.9319,2024,2.1,77.77777777777776,Uttar Pradesh,Shrawasti,-0.016666666666666677,2.0833333333333335,2.0500000000000003,1.9,2.8,79.6296296296296,83.33333333333329,Safe,Safe,STABLE,STABLE
Uttar Pradesh_27.5097_79.0194,2024,12.5,0.0,Uttar Pradesh,Etah,0.8666666666666667,13.366666666666667,15.1,7.3,12.5,0.0,0.0,Critical,Critical,FUTURE_CRITICAL,FUTURE_CRITICAL
Uttar Pradesh_25.2383_78.4833,2024,6.0,0.0,Uttar Pradesh,Jhansi,0.2833333333333334,6.283333333333333,6.85,2.0,6.0,0.0,0.0,Critical,Critical,FUTURE_CRITICAL,FUTURE_CRITICAL
Kerala_9.3078_76.548,2024,2.7,100.0,Kerala,Alappuzha,-0.375,2.325,1.5750000000000002,2.7,5.7,100.0,100.0,Safe,Safe,STABLE,STABLE
Kerala_9.3192_76.6187,2024,1.9,100.0,Kerala,Alappuzha,-0.31111111111111117,1.5888888888888888,0.9666666666666663,1.9,8.5,100.0,100.0,Safe,Safe,STABLE,STABLE
Kerala_9.325_76.5824,2024,15.0,0.0,Kerala,Alappuzha,1.0666666666666667,16.066666666666666,18.2,2.4,15.0,0.0,0.0,Critical,Critical,FUTURE_CRITICAL,FUTURE_CRITICAL
Kerala_9.329_76.6074,2024,3.7,53.33333333333332,Kerala,Alappuzha,0.012500000000000025,3.7125000000000004,3.7375000000000003,3.0,4.5,52.49999999999997,50.83333333333331,Watch,Watch,STABLE,STABLE
Andhra Pradesh_nan_80.7916,2024,0.7,99.17355371900827,Andhra Pradesh,Krishna,-0.06666666666666672,0.6333333333333332,0.4999999999999998,0.6,12.7,99.72451790633609,100.0,Safe,Safe,STABLE,STABLE
Uttar Pradesh_25.0208_82.3639,2024,8.1,0.0,Uttar Pradesh,Mirzapur,0.5600000000000002,8.66,9.780000000000001,2.6,8.1,0.0,0.0,Critical,Critical,FUTURE_CRITICAL,FUTURE_CRITICAL
Andhra Pradesh_15.5622_79.0881,2024,3.7,60.0,Andhra Pradesh,Prakasam,0.022222222222222292,3.7222222222222223,3.766666666666667,1.5,7.0,59.5959595959596,58.78787878787879,Watch,Watch,STABLE,STABLE
Uttar Pradesh_27.5217_82.6667,2024,0.4,84.61538461538461,Uttar Pradesh,Balrampur,0.016666666666666653,0.4166666666666667,0.44999999999999996,0.2,1.5,83.33333333333334,80.76923076923077,Safe,Safe,STABLE,STABLE
Andhra Pradesh_14.6464_79.6136,2024,5.9,52.42718446601942,Andhra Pradesh,Sri Potti Sriramulu Nellore,0.022222222222222438,5.9222222222222225,5.966666666666668,1.0,11.3,52.211434735706575,51.7799352750809,Watch,Watch,STABLE,STABLE
Kerala_11.1247_76.3381,2024,10.0,21.978021978021978,Kerala,Malappuram,0.7666666666666667,10.766666666666667,12.3,2.9,12.0,13.55311355311355,0.0,Critical,Critical,FUTURE_CRITICAL,FUTURE_CRITICAL
Kerala_11.1201_76.1201,2024,8.3,0.0,Kerala,Malappuram,0.24444444444444446,8.544444444444444,9.033333333333335,3.3,8.3,0.0,0.0,Critical,Critical,FUTURE_CRITICAL,FUTURE_CRITICAL
Kerala_11.1321_75.989,2024,3.4,51.85185185185186,Kerala,Malappuram,-0.12222222222222223,3.2777777777777777,3.033333333333333,2.1,4.8,56.37860082304527,65.4320987654321,Watch,Watch,STABLE,STABLE
Kerala_11.1272_76.8089,2024,1.1,100.0,Kerala,Palakkad,-0.6555555555555556,0.44444444444444453,0.0,1.1,8.4,100.0,100.0,Safe,Safe,STABLE,STABLE
Kerala_11.1366_76.0928,2024,3.5,100.0,Kerala,Malappuram,-0.30000000000000004,3.2,2.5999999999999996,3.5,7.3,100.0,100.0,Safe,Safe,STABLE,STABLE
Uttar Pradesh_27.5556_78.6778,2024,12.0,45.94594594594593,Uttar Pradesh,Etah,0.3333333333333333,12.333333333333334,13.0,10.0,13.7,36.9369369369369,18.918918918918905,Stressed,Critical,STABLE,FUTURE_CRITICAL
Uttar Pradesh_27.5375_82.5375,2024,1.9,76.92307692307693,Uttar Pradesh,Balrampur,0.04999999999999996,1.95,2.05,1.6,2.9,73.07692307692308,65.3846153846154,Watch,Watch,STABLE,STABLE
Kerala_9.3427_76.8353,2024,8.3,0.0,Kerala,Pathanamthitta,0.5500000000000002,8.850000000000001,9.950000000000001,2.8,8.3,0.0,0.0,Critical,Critical,FUTURE_CRITICAL,FUTURE_CRITICAL
Kerala_9.3627_76.4508,2024,4.2,0.0,Kerala,Alappuzha,0.5666666666666667,4.766666666666667,5.9,0.8,4.2,0.0,0.0,Critical,Critical,FUTURE_CRITICAL,FUTURE_CRITICAL
Uttar Pradesh_24.8583_78.5833,2024,6.6,59.61538461538461,Uttar Pradesh,Lalitpur,1.4802973661668753e-16,6.6,6.6,4.5,9.7,59.61538461538461,59.61538461538461,Watch,Watch,STABLE,STABLE
Uttar Pradesh_25.1667_83.195,2024,5.2,100.0,Uttar Pradesh,Chandauli,-0.7200000000000001,4.48,3.04,5.2,8.8,100.0,100.0,Safe,Safe,STABLE,STABLE
Uttar Pradesh_27.655_82.5233,2024,8.0,95.83333333333334,Uttar Pradesh,Balrampur,0.016666666666666607,8.016666666666666,8.05,7.9,10.3,95.13888888888894,93.74999999999999,Safe,Safe,STABLE,STABLE
Kerala_11.1069_76.056,2024,11.2,0.0,Kerala,Malappuram,1.0499999999999998,12.25,14.349999999999998,1.1,11.2,0.0,0.0,Critical,Critical,FUTURE_CRITICAL,FUTURE_CRITICAL
Kerala_11.107_76.1818,2024,8.7,0.0,Kerala,Malappuram,0.21111111111111103,8.91111111111111,9.333333333333332,4.9,8.7,0.0,0.0,Critical,Critical,FUTURE_CRITICAL,FUTURE_CRITICAL
Assam_25.9678_90.9064,2024,2.0,100.0,Assam,Goalpara,-0.012500000000000025,1.9875,1.9625,2.0,3.0,100.0,100.0,Safe,Safe,STABLE,STABLE
Assam_25.9625_93.585,2024,3.7,60.78431372549019,Assam,Karbi Anglong,-0.3624999999999999,3.3375000000000004,2.6125000000000007,1.7,6.8,67.8921568627451,82.10784313725489,Watch,Safe,STABLE,RECOVERY_EXPECTED
Kerala_11.1183_76.1526,2024,6.6,100.0,Kerala,Malappuram,-0.2777777777777778,6.322222222222222,5.766666666666667,6.6,9.1,100.0,100.0,Safe,Safe,STABLE,STABLE
Kerala_11.112_76.2841,2024,6.4,52.38095238095239,Kerala,Malappuram,-0.49411764705882355,5.905882352941177,4.91764705882353,2.4,10.8,58.26330532212884,70.02801120448179,Watch,Watch,STABLE,RECOVERY_EXPECTED
Uttar Pradesh_25.135_80.3933,2024,5.3,100.0,Uttar Pradesh,Banda,-1.4400000000000002,3.8599999999999994,0.9799999999999995,5.3,12.5,100.0,100.0,Safe,Safe,STABLE,STABLE
Uttar Pradesh_25.0417_83.2217,2024,5.8,14.28571428571429,Uttar Pradesh,Chandauli,-0.09999999999999995,5.7,5.5,2.8,6.3,17.14285714285714,22.857142857142854,Critical,Critical,FUTURE_CRITICAL,FUTURE_CRITICAL
Kerala_9.367_76.4794,2024,10.4,0.0,Kerala,Alappuzha,1.0444444444444445,11.444444444444445,13.533333333333335,0.7,10.4,0.0,0.0,Critical,Critical,FUTURE_CRITICAL,FUTURE_CRITICAL
Kerala_9.3683_76.5087,2024,14.7,0.0,Kerala,Alappuzha,1.65,16.349999999999998,19.65,1.4,14.7,0.0,0.0,Critical,Critical,FUTURE_CRITICAL,FUTURE_CRITICAL
Kerala_9.3727_76.4124,2024,0.7,100.0,Kerala,Alappuzha,-0.03750000000000002,0.6625,0.5874999999999999,0.7,2.4,100.0,100.0,Safe,Safe,STABLE,STABLE
Uttar Pradesh_24.8983_78.3461,2024,2.2,100.0,Uttar Pradesh,Lalitpur,-0.13999999999999996,2.06,1.7800000000000002,2.2,4.5,100.0,100.0,Safe,Safe,STABLE,STABLE
Uttar Pradesh_24.865_78.48,2024,4.1,81.0344827586207,Uttar Pradesh,Lalitpur,-0.21666666666666687,3.883333333333333,3.4499999999999993,3.0,8.8,84.77011494252875,92.24137931034484,Safe,Safe,STABLE,STABLE
Kerala_9.3835_76.3707,2024,4.7,0.0,Kerala,Alappuzha,0.3666666666666667,5.066666666666666,5.800000000000001,1.3,4.7,0.0,0.0,Critical,Critical,FUTURE_CRITICAL,FUTURE_CRITICAL
Kerala_9.4065_76.4136,2024,10.0,0.0,Kerala,Alappuzha,0.9444444444444444,10.944444444444445,12.833333333333332,0.1,10.0,0.0,0.0,Critical,Critical,FUTURE_CRITICAL,FUTURE_CRITICAL
Kerala_9.4137_76.3494,2024,8.5,0.0,Kerala,Alappuzha,1.0333333333333332,9.533333333333333,11.6,1.0,8.5,0.0,0.0,Critical,Critical,FUTURE_CRITICAL,FUTURE_CRITICAL
Kerala_9.4077_76.3508,2024,3.7,0.0,Kerala,Alappuzha,0.43333333333333335,4.133333333333334,5.0,1.1,3.7,0.0,0.0,Critical,Critical,FUTURE_CRITICAL,FUTURE_CRITICAL
Kerala_11.0348_76.0676,2024,11.2,0.0,Kerala,Malappuram,0.3444444444444444,11.544444444444444,12.233333333333333,6.8,11.2,0.0,0.0,Critical,Critical,FUTURE_CRITICAL,FUTURE_CRITICAL
Kerala_11.0269_76.03,2024,19.0,58.823529411764696,Kerala,Malappuram,-1.0166666666666666,17.983333333333334,15.95,7.1,36.0,62.34140715109573,69.37716262975778,Watch,Watch,STABLE,STABLE
Kerala_11.0419_76.0294,2024,1.2,100.0,Kerala,Malappuram,-0.7222222222222223,0.47777777777777763,0.0,1.2,9.5,100.0,100.0,Safe,Safe,STABLE,STABLE
Kerala_11.0848_76.1665,2024,11.4,0.0,Kerala,Malappuram,0.3555555555555557,11.755555555555556,12.466666666666667,7.0,11.4,0.0,0.0,Critical,Critical,FUTURE_CRITICAL,FUTURE_CRITICAL
Kerala_11.0751_76.2803,2024,1.2,100.0,Kerala,Malappuram,-0.2777777777777778,0.9222222222222222,0.3666666666666666,1.2,3.7,100.0,100.0,Safe,Safe,STABLE,STABLE
Kerala_11.0895_76.119,2024,11.2,0.0,Kerala,Malappuram,0.4111111111111111,11.61111111111111,12.433333333333334,7.1,11.2,0.0,0.0,Critical,Critical,FUTURE_CRITICAL,FUTURE_CRITICAL
Kerala_11.0872_76.1824,2024,2.1,100.0,Kerala,Malappuram,-0.5,1.6,0.6000000000000001,2.1,6.6,100.0,100.0,Safe,Safe,STABLE,STABLE
Uttar Pradesh_27.6158_79.7958,2024,9.7,0.0,Uttar Pradesh,Hardoi,0.4666666666666665,10.166666666666666,11.099999999999998,6.9,9.7,0.0,0.0,Critical,Critical,FUTURE_CRITICAL,FUTURE_CRITICAL
Uttar Pradesh_27.5917_79.0917,2024,11.8,0.0,Uttar Pradesh,Kasganj,0.6833333333333335,12.483333333333334,13.850000000000001,7.7,11.8,0.0,0.0,Critical,Critical,FUTURE_CRITICAL,FUTURE_CRITICAL
Uttar Pradesh_24.5419_78.4778,2024,12.7,45.08196721311476,Uttar Pradesh,Lalitpur,-0.6833333333333336,12.016666666666666,10.649999999999999,6.0,18.2,50.68306010928963,61.88524590163935,Watch,Watch,STABLE,RECOVERY_EXPECTED
Uttar Pradesh_24.8283_83.2283,2024,7.6,45.614035087719294,Uttar Pradesh,Chandauli,-0.5000000000000002,7.1,6.099999999999999,4.5,10.2,54.385964912280706,71.92982456140354,Watch,Watch,STABLE,RECOVERY_EXPECTED
Uttar Pradesh_24.6792_78.4083,2024,2.4,0.0,Uttar Pradesh,Lalitpur,0.04999999999999997,2.4499999999999997,2.55,0.9,2.4,0.0,0.0,Critical,Critical,FUTURE_CRITICAL,FUTURE_CRITICAL
Andhra Pradesh_nan_77.2875,2024,6.6,23.33333333333334,Andhra Pradesh,Kurnool,-0.02222222222222224,6.5777777777777775,6.533333333333333,2.0,8.0,23.703703703703706,24.444444444444446,Critical,Critical,FUTURE_CRITICAL,FUTURE_CRITICAL
Uttar Pradesh_24.37_78.6067,2024,4.3,67.9245283018868,Uttar Pradesh,Lalitpur,-0.04999999999999993,4.25,4.15,2.6,7.9,68.8679245283019,70.75471698113208,Watch,Watch,STABLE,STABLE
Uttar Pradesh_24.5739_78.6208,2024,8.0,45.45454545454546,Uttar Pradesh,Lalitpur,0.2,8.2,8.6,6.2,9.5,39.39393939393941,27.27272727272728,Stressed,Stressed,STABLE,EARLY_DEPLETION_WARNING
Uttar Pradesh_27.6686_82.0058,2024,2.4,100.0,Uttar Pradesh,Shrawasti,-0.03333333333333336,2.3666666666666667,2.3,2.4,3.9,100.0,100.0,Safe,Safe,STABLE,STABLE
Kerala_10.9237_76.0324,2024,3.5,100.0,Kerala,Malappuram,-0.6777777777777777,2.8222222222222224,1.4666666666666668,3.5,12.3,100.0,100.0,Safe,Safe,STABLE,STABLE
Kerala_10.9204_76.0973,2024,10.2,0.0,Kerala,Malappuram,0.3,10.5,11.1,7.1,10.2,0.0,0.0,Critical,Critical,FUTURE_CRITICAL,FUTURE_CRITICAL
Kerala_10.9676_76.2751,2024,11.5,0.0,Kerala,Malappuram,1.0999999999999999,12.6,14.8,3.8,11.5,0.0,0.0,Critical,Critical,FUTURE_CRITICAL,FUTURE_CRITICAL
Kerala_10.9443_76.0429,2024,4.2,100.0,Kerala,Malappuram,-0.775,3.4250000000000003,1.875,4.2,11.8,100.0,100.0,Safe,Safe,STABLE,STABLE
Kerala_10.9441_76.0017,2024,9.5,100.0,Kerala,Malappuram,-0.4875000000000001,9.0125,8.0375,9.5,14.2,100.0,100.0,Safe,Safe,STABLE,STABLE
Assam_25.975_91.2417,2024,4.7,46.42857142857143,Assam,Kamrup,0.1875,4.8875,5.2625,3.2,6.0,39.73214285714285,26.339285714285708,Stressed,Stressed,STABLE,EARLY_DEPLETION_WARNING
Uttar Pradesh_27.6486_81.7333,2024,2.5,78.57142857142858,Uttar Pradesh,Shrawasti,0.049999999999999954,2.55,2.65,2.2,3.6,75.00000000000003,67.85714285714288,Safe,Watch,STABLE,STABLE
Uttar Pradesh_27.625_77.4867,2024,1.5,91.66666666666666,Uttar Pradesh,Mathura,-0.18333333333333335,1.3166666666666667,0.95,1.4,2.6,100.0,100.0,Safe,Safe,STABLE,STABLE
Uttar Pradesh_24.5433_78.3217,2024,2.7,100.0,Uttar Pradesh,Lalitpur,-0.08333333333333333,2.6166666666666667,2.45,2.7,3.9,100.0,100.0,Safe,Safe,STABLE,STABLE
Kerala_9.4339_76.428,2024,4.9,60.526315789473685,Kerala,Alappuzha,0.3888888888888889,5.28888888888889,6.066666666666667,0.4,11.8,57.1150097465887,50.29239766081871,Watch,Watch,STABLE,STABLE
Kerala_9.4363_76.8535,2024,4.5,100.0,Kerala,Pathanamthitta,-0.012499999999999952,4.4875,4.4625,4.5,4.7,100.0,100.0,Safe,Safe,STABLE,STABLE
Kerala_9.4457_76.3992,2024,12.3,0.0,Kerala,Alappuzha,1.5,13.8,16.8,0.2,12.3,0.0,0.0,Critical,Critical,FUTURE_CRITICAL,FUTURE_CRITICAL
Kerala_9.4633_76.8071,2024,4.4,100.0,Kerala,Kottayam,-0.04444444444444443,4.355555555555556,4.2666666666666675,4.4,9.9,100.0,100.0,Safe,Safe,STABLE,STABLE
Uttar Pradesh_24.2097_82.8736,2024,4.4,60.3448275862069,Uttar Pradesh,Sonbhadra,-0.66,3.74,2.4200000000000004,2.1,7.9,71.72413793103448,94.48275862068965,Watch,Safe,RECOVERY_EXPECTED,RECOVERY_EXPECTED
Uttar Pradesh_24.475_78.525,2024,6.3,54.28571428571429,Uttar Pradesh,Lalitpur,-0.5799999999999998,5.72,4.5600000000000005,3.1,10.1,62.57142857142858,79.14285714285714,Watch,Safe,STABLE,RECOVERY_EXPECTED
Uttar Pradesh_27.6972_81.7125,2024,2.5,100.0,Uttar Pradesh,Shrawasti,-0.01666666666666669,2.4833333333333334,2.4499999999999997,2.5,3.7,100.0,100.0,Safe,Safe,STABLE,STABLE
Uttar Pradesh_27.6833_81.7056,2024,3.6,100.0,Uttar Pradesh,Shrawasti,-0.016666666666666677,3.5833333333333335,3.5500000000000003,3.6,4.6,100.0,100.0,Safe,Safe,STABLE,STABLE
Kerala_10.8147_76.8578,2024,2.8,100.0,Kerala,Palakkad,-0.32222222222222224,2.4777777777777774,1.833333333333333,2.8,12.0,100.0,100.0,Safe,Safe,STABLE,STABLE
Kerala_10.8953_76.0748,2024,5.0,97.10144927536231,Kerala,Malappuram,-0.3133333333333334,4.6866666666666665,4.06,4.6,18.4,99.37198067632849,100.0,Safe,Safe,STABLE,STABLE
Kerala_10.8816_76.0889,2024,7.5,66.66666666666667,Kerala,Malappuram,-0.20000000000000007,7.3,6.8999999999999995,6.6,9.3,74.07407407407408,88.8888888888889,Watch,Safe,STABLE,RECOVERY_EXPECTED
Kerala_10.903_76.0952,2024,5.1,100.0,Kerala,Malappuram,-0.47777777777777786,4.622222222222222,3.666666666666666,5.1,9.4,100.0,100.0,Safe,Safe,STABLE,STABLE
Uttar Pradesh_27.6583_78.2683,2024,3.2,55.55555555555555,Uttar Pradesh,Hathras,0.08333333333333337,3.2833333333333337,3.45,2.4,4.2,50.92592592592591,41.666666666666664,Watch,Stressed,STABLE,STABLE
Uttar Pradesh_27.675_81.875,2024,5.3,68.75000000000001,Uttar Pradesh,Shrawasti,0.0833333333333333,5.383333333333333,5.55,4.8,6.4,63.5416666666667,53.12500000000002,Watch,Watch,STABLE,EARLY_DEPLETION_WARNING
Kerala_9.473_76.3436,2024,1.7,0.0,Kerala,Alappuzha,0.044444444444444425,1.7444444444444445,1.8333333333333333,0.5,1.7,0.0,0.0,Critical,Critical,FUTURE_CRITICAL,FUTURE_CRITICAL
Kerala_9.4642_76.7812,2024,1.7,100.0,Kerala,Kottayam,-0.3333333333333333,1.3666666666666667,0.7,1.7,6.1,100.0,100.0,Safe,Safe,STABLE,STABLE
Kerala_9.4918_76.7513,2024,2.9,100.0,Kerala,Kottayam,-0.26666666666666666,2.6333333333333333,2.0999999999999996,2.9,5.8,100.0,100.0,Safe,Safe,STABLE,STABLE
Kerala_9.4801_76.8435,2024,7.8,0.0,Kerala,Kottayam,0.36249999999999993,8.1625,8.8875,1.8,7.8,0.0,0.0,Critical,Critical,FUTURE_CRITICAL,FUTURE_CRITICAL
Kerala_9.4941_76.3209,2024,1.4,100.0,Kerala,Alappuzha,-0.07777777777777779,1.3222222222222222,1.1666666666666665,1.4,2.1,100.0,100.0,Safe,Safe,STABLE,STABLE
Kerala_9.5333_76.8167,2024,3.0,100.0,Kerala,Kottayam,-0.36666666666666664,2.6333333333333333,1.9000000000000001,3.0,7.2,100.0,100.0,Safe,Safe,STABLE,STABLE
Andhra Pradesh_14.5164_79.575,2024,2.3,68.25396825396825,Andhra Pradesh,Sri Potti Sriramulu Nellore,0.1333333333333333,2.433333333333333,2.6999999999999997,0.3,6.6,66.13756613756614,61.904761904761905,Watch,Watch,STABLE,STABLE
Kerala_10.7561_76.5044,2024,2.1,100.0,Kerala,Palakkad,-0.9888888888888887,1.1111111111111114,0.0,2.1,11.9,100.0,100.0,Safe,Safe,STABLE,STABLE
Kerala_10.7606_76.7828,2024,6.3,0.0,Kerala,Palakkad,0.4714285714285714,6.771428571428571,7.7142857142857135,2.2,6.3,0.0,0.0,Critical,Critical,FUTURE_CRITICAL,FUTURE_CRITICAL
Kerala_10.7967_76.836,2024,1.7,100.0,Kerala,Palakkad,-0.15000000000000002,1.5499999999999998,1.25,1.7,5.7,100.0,100.0,Safe,Safe,STABLE,STABLE
Kerala_10.78_76.5456,2024,8.8,0.0,Kerala,Palakkad,0.5222222222222224,9.322222222222223,10.366666666666667,2.8,8.8,0.0,0.0,Critical,Critical,FUTURE_CRITICAL,FUTURE_CRITICAL
Kerala_10.8411_76.0321,2024,1.1,100.0,Kerala,Malappuram,-0.26666666666666666,0.8333333333333335,0.30000000000000004,1.1,3.8,100.0,100.0,Safe,Safe,STABLE,STABLE
Uttar Pradesh_27.6639_82.6572,2024,3.3,69.23076923076925,Uttar Pradesh,Balrampur,0.0666666666666667,3.3666666666666667,3.5,2.9,4.2,64.1025641025641,53.846153846153854,Watch,Watch,STABLE,EARLY_DEPLETION_WARNING
Uttar Pradesh_27.7033_77.5,2024,2.2,83.33333333333333,Uttar Pradesh,Mathura,-0.08333333333333333,2.1166666666666667,1.9500000000000002,2.1,2.7,97.22222222222223,100.0,Safe,Safe,RECOVERY_EXPECTED,RECOVERY_EXPECTED
Uttar Pradesh_24.1667_82.9778,2024,6.2,71.9298245614035,Uttar Pradesh,Sonbhadra,-0.8200000000000001,5.38,3.74,4.6,10.3,86.31578947368422,100.0,Safe,Safe,RECOVERY_EXPECTED,RECOVERY_EXPECTED
Uttar Pradesh_24.3667_78.4,2024,1.7,39.99999999999999,Uttar Pradesh,Lalitpur,-0.03333333333333333,1.6666666666666665,1.5999999999999999,1.4,1.9,46.66666666666668,60.00000000000001,Stressed,Watch,STABLE,RECOVERY_EXPECTED
Uttar Pradesh_24.2308_83.2347,2024,7.7,0.0,Uttar Pradesh,Sonbhadra,0.08000000000000007,7.78,7.94,4.0,7.7,0.0,0.0,Critical,Critical,FUTURE_CRITICAL,FUTURE_CRITICAL
Kerala_9.5264_77.1114,2024,2.4,100.0,Kerala,Idukki,-0.08888888888888895,2.311111111111111,2.133333333333333,2.4,4.8,100.0,100.0,Safe,Safe,STABLE,STABLE
Kerala_9.5414_76.886,2024,4.4,98.3050847457627,Kerala,Kottayam,-0.1625000000000001,4.237500000000001,3.9125,4.3,10.2,100.0,100.0,Safe,Safe,STABLE,STABLE
Kerala_9.5385_76.9129,2024,5.3,0.0,Kerala,Idukki,0.2777777777777778,5.5777777777777775,6.133333333333333,2.0,5.3,0.0,0.0,Critical,Critical,FUTURE_CRITICAL,FUTURE_CRITICAL
Kerala_9.5561_76.7811,2024,6.0,76.66666666666666,Kerala,Kottayam,0.15555555555555556,6.155555555555556,6.466666666666667,4.6,10.6,74.07407407407408,68.88888888888889,Watch,Watch,STABLE,STABLE
Kerala_9.566_76.8471,2024,5.4,93.3333333333333,Kerala,Kottayam,0.0,5.4,5.4,5.3,6.8,93.3333333333333,93.3333333333333,Safe,Safe,STABLE,STABLE
Uttar Pradesh_24.0222_83.0264,2024,4.1,84.09090909090911,Uttar Pradesh,Sonbhadra,-0.7200000000000001,3.3799999999999994,1.9399999999999995,3.4,7.8,100.0,100.0,Safe,Safe,RECOVERY_EXPECTED,RECOVERY_EXPECTED
Uttar Pradesh_24.0078_82.9033,2024,9.2,0.0,Uttar Pradesh,Sonbhadra,0.10000000000000009,9.299999999999999,9.5,5.4,9.2,0.0,0.0,Critical,Critical,FUTURE_CRITICAL,FUTURE_CRITICAL
Uttar Pradesh_27.7333_78.6267,2024,7.8,66.66666666666669,Uttar Pradesh,Etah,0.08333333333333333,7.883333333333333,8.05,7.3,8.8,61.11111111111116,49.999999999999964,Watch,Stressed,STABLE,EARLY_DEPLETION_WARNING
Uttar Pradesh_27.7167_77.9333,2024,10.6,0.0,Uttar Pradesh,Aligarh,0.4666666666666666,11.066666666666666,12.0,7.8,10.6,0.0,0.0,Critical,Critical,FUTURE_CRITICAL,FUTURE_CRITICAL
Assam_25.9808_90.8042,2024,1.8,100.0,Assam,Goalpara,-0.15000000000000002,1.65,1.35,1.8,3.0,100.0,100.0,Safe,Safe,STABLE,STABLE
Assam_25.97_93.4372,2024,2.7,100.0,Assam,Karbi Anglong,-0.2571428571428572,2.442857142857143,1.9285714285714286,2.7,7.1,100.0,100.0,Safe,Safe,STABLE,STABLE
Kerala_10.7444_76.8411,2024,2.6,100.0,Kerala,Palakkad,-0.3555555555555555,2.2444444444444445,1.5333333333333337,2.6,9.3,100.0,100.0,Safe,Safe,STABLE,STABLE
Kerala_10.7392_76.8653,2024,8.3,15.51724137931032,Kerala,Palakkad,0.575,8.875,10.025,3.4,9.2,5.603448275862055,0.0,Critical,Critical,FUTURE_CRITICAL,FUTURE_CRITICAL
Kerala_10.7583_76.8144,2024,6.0,55.263157894736835,Kerala,Palakkad,0.03749999999999998,6.0375,6.1125,4.3,8.1,54.27631578947369,52.30263157894737,Watch,Watch,STABLE,STABLE
Andhra Pradesh_14.6169_79.6727,2024,2.8,70.45454545454545,Andhra Pradesh,Sri Potti Sriramulu Nellore,-0.38750000000000007,2.4124999999999996,1.6374999999999997,1.5,5.9,79.26136363636364,96.87500000000001,Safe,Safe,STABLE,RECOVERY_EXPECTED
Uttar Pradesh_24.2075_82.9881,2024,13.4,0.0,Uttar Pradesh,Sonbhadra,0.0,13.4,13.4,11.1,13.4,0.0,0.0,Critical,Critical,FUTURE_CRITICAL,FUTURE_CRITICAL
Uttar Pradesh_24.2064_82.77,2024,13.1,88.8888888888889,Uttar Pradesh,Sonbhadra,-0.8000000000000004,12.299999999999999,10.7,12.6,17.1,100.0,100.0,Safe,Safe,RECOVERY_EXPECTED,STABLE
Kerala_9.55_76.32,2024,0.9,100.0,Kerala,Alappuzha,-0.08750000000000001,0.8125,0.6375,0.9,2.7,100.0,100.0,Safe,Safe,STABLE,STABLE
Kerala_9.5719_76.3471,2024,1.0,100.0,Kerala,Alappuzha,-0.1666666666666667,0.8333333333333333,0.4999999999999999,1.0,2.7,100.0,100.0,Safe,Safe,STABLE,STABLE
Kerala_9.5677_76.3272,2024,6.4,0.0,Kerala,Alappuzha,0.588888888888889,6.988888888888889,8.166666666666668,0.9,6.4,0.0,0.0,Critical,Critical,FUTURE_CRITICAL,FUTURE_CRITICAL
Kerala_9.5741_76.9917,2024,4.2,0.0,Kerala,Idukki,0.10000000000000003,4.3,4.5,2.7,4.2,0.0,0.0,Critical,Critical,FUTURE_CRITICAL,FUTURE_CRITICAL
Kerala_9.5725_77.0903,2024,2.5,100.0,Kerala,Idukki,-0.4555555555555555,2.0444444444444443,1.1333333333333335,2.5,7.4,100.0,100.0,Safe,Safe,STABLE,STABLE
Andhra Pradesh_19.1184_84.6865,2024,6.1,0.0,Andhra Pradesh,Srikakulam,0.4555555555555555,6.555555555555555,7.466666666666666,1.6,6.1,0.0,0.0,Critical,Critical,FUTURE_CRITICAL,FUTURE_CRITICAL
Tripura_24.4378_92.2467,2024,3.0,0.0,Tripura,North Tripura,0.25,3.25,3.75,0.0,3.0,0.0,0.0,Critical,Critical,FUTURE_CRITICAL,FUTURE_CRITICAL
Kerala_10.7147_76.7353,2024,3.1,98.47094801223241,Kerala,Palakkad,-2.0125,1.0875,0.0,2.6,35.3,100.0,100.0,Safe,Safe,STABLE,STABLE
Kerala_10.7122_76.9017,2024,2.2,86.53846153846155,Kerala,Palakkad,-0.2222222222222222,1.9777777777777779,1.5333333333333337,1.5,6.7,90.8119658119658,99.35897435897435,Safe,Safe,STABLE,STABLE
Kerala_10.7186_76.7736,2024,2.2,80.0,Kerala,Palakkad,-0.03333333333333325,2.166666666666667,2.1000000000000005,1.8,3.8,81.66666666666666,84.99999999999997,Safe,Safe,STABLE,STABLE
Kerala_10.7167_76.5076,2024,8.9,0.0,Kerala,Palakkad,0.7222222222222222,9.622222222222222,11.066666666666666,2.2,8.9,0.0,0.0,Critical,Critical,FUTURE_CRITICAL,FUTURE_CRITICAL
Kerala_10.7191_76.0756,2024,8.6,50.000000000000064,Kerala,Thrissur,0.033333333333333215,8.633333333333333,8.7,7.9,9.3,47.61904761904769,42.85714285714295,Stressed,Stressed,STABLE,STABLE
Kerala_10.7283_76.7797,2024,10.3,0.0,Kerala,Palakkad,0.9714285714285715,11.271428571428572,13.214285714285715,2.0,10.3,0.0,0.0,Critical,Critical,FUTURE_CRITICAL,FUTURE_CRITICAL
Kerala_10.7336_76.6342,2024,5.8,0.0,Kerala,Palakkad,0.1736842105263158,5.973684210526316,6.321052631578947,1.0,5.8,0.0,0.0,Critical,Critical,FUTURE_CRITICAL,FUTURE_CRITICAL
Uttar Pradesh_27.8028_81.9653,2024,2.4,84.21052631578948,Uttar Pradesh,Shrawasti,0.04999999999999997,2.4499999999999997,2.55,2.1,4.0,81.57894736842107,76.31578947368422,Safe,Safe,STABLE,STABLE
Uttar Pradesh_27.7983_82.09,2024,4.1,100.0,Uttar Pradesh,Shrawasti,-0.06666666666666672,4.033333333333333,3.8999999999999995,4.1,4.8,100.0,100.0,Safe,Safe,STABLE,STABLE
Uttar Pradesh_27.8619_81.7692,2024,1.8,100.0,Uttar Pradesh,Shrawasti,-0.016666666666666607,1.7833333333333334,1.7500000000000002,1.8,3.0,100.0,100.0,Safe,Safe,STABLE,STABLE
Kerala_10.6983_76.7542,2024,1.3,100.0,Kerala,Palakkad,-0.057894736842105256,1.2421052631578948,1.1263157894736842,1.3,5.9,100.0,100.0,Safe,Safe,STABLE,STABLE
Kerala_10.7078_76.5939,2024,1.4,100.0,Kerala,Palakkad,-0.15555555555555556,1.2444444444444445,0.9333333333333332,1.4,2.9,100.0,100.0,Safe,Safe,STABLE,STABLE
Kerala_10.7031_76.8467,2024,2.4,100.0,Kerala,Palakkad,-0.24444444444444435,2.1555555555555554,1.666666666666667,2.4,9.1,100.0,100.0,Safe,Safe,STABLE,STABLE
Kerala_10.7081_76.7964,2024,9.8,0.0,Kerala,Palakkad,0.4555555555555556,10.255555555555556,11.166666666666668,5.7,9.8,0.0,0.0,Critical,Critical,FUTURE_CRITICAL,FUTURE_CRITICAL
Uttar Pradesh_27.7389_81.1489,2024,2.6,100.0,Uttar Pradesh,Sitapur,-0.23999999999999994,2.3600000000000003,1.8800000000000003,2.6,4.4,100.0,100.0,Safe,Safe,STABLE,STABLE
Uttar Pradesh_27.7369_82.2528,2024,8.9,100.0,Uttar Pradesh,Balrampur,-0.04999999999999982,8.850000000000001,8.75,8.9,10.0,100.0,100.0,Safe,Safe,STABLE,STABLE
Tripura_24.4325_92.1922,2024,0.9,100.0,Tripura,North Tripura,-0.3166666666666666,0.5833333333333335,0.0,0.9,3.8,100.0,100.0,Safe,Safe,STABLE,STABLE
Uttar Pradesh_24.1294_82.775,2024,9.2,0.0,Uttar Pradesh,Sonbhadra,0.3999999999999999,9.6,10.399999999999999,4.1,9.2,0.0,0.0,Critical,Critical,FUTURE_CRITICAL,FUTURE_CRITICAL
Uttar Pradesh_24.05_83.1,2024,11.4,0.0,Uttar Pradesh,Sonbhadra,1.08,12.48,14.64,3.4,11.4,0.0,0.0,Critical,Critical,FUTURE_CRITICAL,FUTURE_CRITICAL
Kerala_9.575_77.0605,2024,0.3,100.0,Kerala,Idukki,-0.17777777777777776,0.12222222222222223,0.0,0.3,2.7,100.0,100.0,Safe,Safe,STABLE,STABLE
Kerala_9.5801_76.9704,2024,1.4,100.0,Kerala,Idukki,-0.875,0.5249999999999999,0.0,1.4,8.4,100.0,100.0,Safe,Safe,STABLE,STABLE
Kerala_9.578_77.0149,2024,2.2,0.0,Kerala,Idukki,0.022222222222222223,2.2222222222222223,2.266666666666667,1.1,2.2,0.0,0.0,Critical,Critical,FUTURE_CRITICAL,FUTURE_CRITICAL
Kerala_9.5869_76.4374,2024,3.6,0.0,Kerala,Kottayam,0.2777777777777778,3.8777777777777778,4.433333333333334,0.5,3.6,0.0,0.0,Critical,Critical,FUTURE_CRITICAL,FUTURE_CRITICAL
Kerala_9.581_76.8826,2024,3.9,26.315789473684227,Kerala,Kottayam,0.033333333333333326,3.933333333333333,4.0,2.5,4.4,24.56140350877195,21.052631578947377,Critical,Critical,FUTURE_CRITICAL,FUTURE_CRITICAL
Kerala_9.5931_76.5018,2024,3.5,0.0,Kerala,Kottayam,0.15555555555555556,3.6555555555555554,3.966666666666667,1.7,3.5,0.0,0.0,Critical,Critical,FUTURE_CRITICAL,FUTURE_CRITICAL
Uttar Pradesh_27.95_78.1667,2024,6.2,79.99999999999999,Uttar Pradesh,Aligarh,-0.01999999999999994,6.180000000000001,6.140000000000001,6.0,7.0,81.99999999999994,85.99999999999994,Safe,Safe,STABLE,STABLE
Kerala_10.6731_76.6464,2024,4.6,95.6521739130435,Kerala,Palakkad,-0.08888888888888896,4.511111111111111,4.333333333333333,4.5,6.8,99.51690821256038,100.0,Safe,Safe,STABLE,STABLE
Kerala_10.6807_76.1658,2024,1.2,100.0,Kerala,Thrissur,-0.6777777777777777,0.5222222222222223,0.0,1.2,8.6,100.0,100.0,Safe,Safe,STABLE,STABLE
Kerala_10.6894_76.0333,2024,2.1,100.0,Kerala,Thrissur,-0.9857142857142855,1.1142857142857145,0.0,2.1,12.9,100.0,100.0,Safe,Safe,STABLE,STABLE
Kerala_10.6817_76.6833,2024,5.2,65.78947368421052,Kerala,Palakkad,-0.011111111111111047,5.188888888888889,5.166666666666667,3.9,7.7,66.08187134502923,66.66666666666666,Watch,Watch,STABLE,STABLE
Assam_25.9944_93.4108,2024,13.4,0.0,Assam,Karbi Anglong,0.1875,13.5875,13.9625,4.4,13.4,0.0,0.0,Critical,Critical,FUTURE_CRITICAL,FUTURE_CRITICAL
Assam_25.9914_93.7642,2024,3.6,68.75,Assam,Karbi Anglong,-0.36000000000000004,3.24,2.52,2.6,5.8,80.0,100.0,Safe,Safe,RECOVERY_EXPECTED,RECOVERY_EXPECTED
Kerala_10.6933_76.87,2024,3.1,100.0,Kerala,Palakkad,-0.588888888888889,2.511111111111111,1.333333333333333,3.1,17.4,100.0,100.0,Safe,Safe,STABLE,STABLE
Uttar Pradesh_27.8158_81.2228,2024,3.2,83.33333333333333,Uttar Pradesh,Kheri,0.020000000000000056,3.22,3.2600000000000002,3.1,3.7,79.99999999999999,73.33333333333331,Safe,Watch,STABLE,STABLE
Tripura_24.2961_92.0283,2024,1.9,100.0,Tripura,Unakoti,-0.4624999999999999,1.4375,0.5125000000000002,1.9,5.6,100.0,100.0,Safe,Safe,STABLE,STABLE
Uttar Pradesh_23.9539_83.0792,2024,8.1,100.0,Uttar Pradesh,Sonbhadra,-0.46000000000000013,7.64,6.719999999999999,8.1,10.6,100.0,100.0,Safe,Safe,STABLE,STABLE
Kerala_9.5896_76.3278,2024,1.9,56.00000000000001,Kerala,Alappuzha,0.1285714285714286,2.0285714285714285,2.2857142857142856,0.8,3.3,50.85714285714287,40.571428571428584,Watch,Stressed,STABLE,EARLY_DEPLETION_WARNING
Kerala_9.6121_77.1571,2024,8.6,0.0,Kerala,Idukki,0.7111111111111109,9.31111111111111,10.733333333333333,1.7,8.6,0.0,0.0,Critical,Critical,FUTURE_CRITICAL,FUTURE_CRITICAL
Kerala_9.5953_76.4751,2024,6.1,0.0,Kerala,Kottayam,0.5333333333333333,6.633333333333333,7.699999999999999,0.5,6.1,0.0,0.0,Critical,Critical,FUTURE_CRITICAL,FUTURE_CRITICAL
Kerala_9.6178_77.1377,2024,2.0,96.2962962962963,Kerala,Idukki,0.0,2.0,2.0,1.8,7.2,96.2962962962963,96.2962962962963,Safe,Safe,STABLE,STABLE
Kerala_9.6129_76.969,2024,5.0,52.38095238095237,Kerala,Idukki,0.07142857142857147,5.071428571428571,5.214285714285714,4.0,6.1,48.97959183673469,42.1768707482993,Stressed,Stressed,STABLE,STABLE
Kerala_9.6249_76.3671,2024,7.8,0.0,Kerala,Alappuzha,0.7499999999999999,8.549999999999999,10.049999999999999,1.4,7.8,0.0,0.0,Critical,Critical,FUTURE_CRITICAL,FUTURE_CRITICAL
Kerala_9.617_76.7773,2024,8.4,0.0,Kerala,Kottayam,0.4555555555555556,8.855555555555556,9.766666666666667,4.3,8.4,0.0,0.0,Critical,Critical,FUTURE_CRITICAL,FUTURE_CRITICAL
Kerala_10.6578_76.4739,2024,9.3,0.0,Kerala,Palakkad,0.5666666666666669,9.866666666666667,11.000000000000002,2.7,9.3,0.0,0.0,Critical,Critical,FUTURE_CRITICAL,FUTURE_CRITICAL
Kerala_10.6544_76.1171,2024,7.0,100.0,Kerala,Thrissur,-0.2875000000000001,6.7125,6.137499999999999,7.0,9.3,100.0,100.0,Safe,Safe,STABLE,STABLE
Kerala_10.6602_75.9932,2024,7.8,0.0,Kerala,Thrissur,0.39999999999999997,8.2,9.0,4.1,7.8,0.0,0.0,Critical,Critical,FUTURE_CRITICAL,FUTURE_CRITICAL
Kerala_10.6578_76.5186,2024,8.3,0.0,Kerala,Palakkad,0.8000000000000002,9.100000000000001,10.700000000000001,1.9,8.3,0.0,0.0,Critical,Critical,FUTURE_CRITICAL,FUTURE_CRITICAL
Kerala_10.6675_76.4814,2024,2.3,100.0,Kerala,Palakkad,-0.0888888888888889,2.211111111111111,2.033333333333333,2.3,3.4,100.0,100.0,Safe,Safe,STABLE,STABLE
Kerala_10.6736_76.0139,2024,2.2,100.0,Kerala,Thrissur,-0.15555555555555556,2.0444444444444447,1.7333333333333334,2.2,3.7,100.0,100.0,Safe,Safe,STABLE,STABLE
Uttar Pradesh_27.8417_79.3083,2024,20.0,0.0,Uttar Pradesh,Budaun,0.85,20.85,22.55,14.9,20.0,0.0,0.0,Critical,Critical,FUTURE_CRITICAL,FUTURE_CRITICAL
Uttar Pradesh_27.8194_77.8875,2024,0.4,100.0,Uttar Pradesh,Aligarh,-0.5,0.0,0.0,0.4,2.9,100.0,100.0,Safe,Safe,STABLE,STABLE
Uttar Pradesh_27.9722_79.9764,2024,5.6,50.0,Uttar Pradesh,Shahjahanpur,-0.02000000000000012,5.579999999999999,5.539999999999999,5.1,6.1,52.00000000000004,56.00000000000005,Watch,Watch,STABLE,STABLE
Tripura_24.2181_91.9811,2024,4.6,28.57142857142857,Tripura,Unakoti,-0.07500000000000001,4.5249999999999995,4.375,1.6,5.8,30.35714285714286,33.928571428571416,Stressed,Stressed,STABLE,STABLE
Tripura_24.3394_92.1578,2024,2.2,100.0,Tripura,North Tripura,-0.03333333333333329,2.166666666666667,2.1000000000000005,2.2,3.7,100.0,100.0,Safe,Safe,STABLE,STABLE
Kerala_9.6324_76.9793,2024,5.2,0.0,Kerala,Idukki,0.41111111111111115,5.611111111111112,6.433333333333334,1.4,5.2,0.0,0.0,Critical,Critical,FUTURE_CRITICAL,FUTURE_CRITICAL
Kerala_9.6271_76.4855,2024,2.9,0.0,Kerala,Kottayam,0.15555555555555556,3.0555555555555554,3.3666666666666667,0.6,2.9,0.0,0.0,Critical,Critical,FUTURE_CRITICAL,FUTURE_CRITICAL
Andhra Pradesh_18.9587_83.6439,2024,4.4,57.377049180327866,Andhra Pradesh,Parvathipuram Manyam,0.2375,4.6375,5.112500000000001,1.8,7.9,53.48360655737705,45.6967213114754,Watch,Stressed,STABLE,STABLE
Tripura_24.1636_91.9572,2024,4.4,0.0,Tripura,Unakoti,0.03750000000000009,4.4375,4.512500000000001,3.8,4.4,0.0,0.0,Critical,Critical,FUTURE_CRITICAL,FUTURE_CRITICAL
Tripura_24.2542_91.9858,2024,1.6,97.14285714285714,Tripura,Unakoti,-0.5666666666666667,1.0333333333333334,0.0,1.5,5.0,100.0,100.0,Safe,Safe,STABLE,STABLE
Andhra Pradesh_14.4942_79.5195,2024,3.2,29.999999999999993,Andhra Pradesh,Sri Potti Sriramulu Nellore,0.08888888888888886,3.288888888888889,3.466666666666667,0.4,4.4,27.777777777777768,23.33333333333333,Stressed,Critical,STABLE,FUTURE_CRITICAL
Andhra Pradesh_14.4426_79.6046,2024,5.0,75.80645161290323,Andhra Pradesh,Sri Potti Sriramulu Nellore,-0.7111111111111111,4.288888888888889,2.8666666666666667,2.0,14.4,81.54121863799283,93.01075268817203,Safe,Safe,STABLE,RECOVERY_EXPECTED
Assam_26.0094_93.2622,2024,1.6,100.0,Assam,West Karbi Anglong,-0.6000000000000001,1.0,0.0,1.6,8.2,100.0,100.0,Safe,Safe,STABLE,STABLE
Assam_26.0052_93.7684,2024,3.1,61.53846153846153,Assam,Karbi Anglong,-0.1333333333333333,2.966666666666667,2.7,2.6,3.9,71.79487179487178,92.3076923076923,Watch,Safe,RECOVERY_EXPECTED,RECOVERY_EXPECTED
Kerala_10.6497_76.7631,2024,3.5,44.44444444444444,Kerala,Palakkad,0.05555555555555553,3.5555555555555554,3.6666666666666665,2.5,4.3,41.35802469135803,35.18518518518518,Stressed,Stressed,STABLE,STABLE
Kerala_10.6544_76.0794,2024,5.0,100.0,Kerala,Thrissur,-0.19999999999999998,4.8,4.4,5.0,7.7,100.0,100.0,Safe,Safe,STABLE,STABLE
Kerala_10.64_76.1576,2024,7.3,97.03703703703704,Kerala,Thrissur,-0.7444444444444445,6.555555555555555,5.066666666666666,6.9,20.4,100.0,100.0,Safe,Safe,STABLE,STABLE
Uttar Pradesh_28.1236_77.5611,2024,12.5,100.0,Uttar Pradesh,Gautam Buddha Nagar,-0.09999999999999994,12.4,12.2,12.5,14.4,100.0,100.0,Safe,Safe,STABLE,STABLE
Uttar Pradesh_28.0275_79.0108,2024,18.8,0.0,Uttar Pradesh,Budaun,0.8166666666666668,19.616666666666667,21.25,13.9,18.8,0.0,0.0,Critical,Critical,FUTURE_CRITICAL,FUTURE_CRITICAL
Kerala_9.6474_76.52,2024,2.2,100.0,Kerala,Kottayam,-0.5333333333333333,1.666666666666667,0.6000000000000001,2.2,9.2,100.0,100.0,Safe,Safe,STABLE,STABLE
Kerala_9.6361_77.1686,2024,2.3,100.0,Kerala,Idukki,-0.0625,2.2375,2.1125,2.3,3.3,100.0,100.0,Safe,Safe,STABLE,STABLE
Kerala_9.6576_76.7766,2024,0.9,100.0,Kerala,Kottayam,-0.7875000000000001,0.11249999999999993,0.0,0.9,7.5,100.0,100.0,Safe,Safe,STABLE,STABLE
Kerala_9.671_76.781,2024,4.6,100.0,Kerala,Kottayam,-0.3666666666666667,4.2333333333333325,3.4999999999999996,4.6,8.0,100.0,100.0,Safe,Safe,STABLE,STABLE
Kerala_9.6688_76.5565,2024,4.9,0.0,Kerala,Kottayam,0.4375000000000001,5.3375,6.2125,0.3,4.9,0.0,0.0,Critical,Critical,FUTURE_CRITICAL,FUTURE_CRITICAL
Kerala_9.6645_76.5428,2024,8.9,38.095238095238045,Kerala,Kottayam,0.0333333333333334,8.933333333333334,9.0,7.6,9.7,36.50793650793646,33.3333333333333,Stressed,Stressed,STABLE,STABLE
Kerala_9.6747_76.8078,2024,2.3,0.0,Kerala,Kottayam,0.06249999999999997,2.3625,2.4875,0.4,2.3,0.0,0.0,Critical,Critical,FUTURE_CRITICAL,FUTURE_CRITICAL
Tripura_24.1333_92.05,2024,6.5,40.000000000000014,Tripura,Unakoti,0.15714285714285708,6.6571428571428575,6.9714285714285715,4.4,7.9,35.51020408163266,26.530612244897966,Stressed,Stressed,STABLE,STABLE
Uttar Pradesh_28.3_79.8,2024,4.0,100.0,Uttar Pradesh,Pilibhit,-0.14000000000000004,3.86,3.58,4.0,4.7,100.0,100.0,Safe,Safe,STABLE,STABLE
Kerala_10.6275_76.0941,2024,0.9,100.0,Kerala,Thrissur,-0.8555555555555555,0.04444444444444451,0.0,0.9,10.2,100.0,100.0,Safe,Safe,STABLE,STABLE
Kerala_10.6433_76.5936,2024,4.9,0.0,Kerala,Palakkad,0.12222222222222229,5.022222222222223,5.2666666666666675,2.0,4.9,0.0,0.0,Critical,Critical,FUTURE_CRITICAL,FUTURE_CRITICAL
Kerala_10.6346_75.9896,2024,8.8,0.0,Kerala,Thrissur,0.577777777777778,9.377777777777778,10.533333333333335,3.5,8.8,0.0,0.0,Critical,Critical,FUTURE_CRITICAL,FUTURE_CRITICAL
Kerala_10.6456_76.5544,2024,11.1,0.0,Kerala,Palakkad,1.1125,12.2125,14.4375,2.2,11.1,0.0,0.0,Critical,Critical,FUTURE_CRITICAL,FUTURE_CRITICAL
Kerala_10.6439_76.6797,2024,1.7,100.0,Kerala,Palakkad,-0.1666666666666667,1.5333333333333332,1.1999999999999997,1.7,7.1,100.0,100.0,Safe,Safe,STABLE,STABLE
Kerala_10.6497_76.7386,2024,3.1,33.333333333333314,Kerala,Palakkad,0.12222222222222218,3.2222222222222223,3.466666666666667,1.7,3.8,27.51322751322749,15.87301587301585,Stressed,Critical,STABLE,FUTURE_CRITICAL
Kerala_10.6467_76.8106,2024,5.9,0.0,Kerala,Palakkad,0.2666666666666667,6.166666666666667,6.7,3.4,5.9,0.0,0.0,Critical,Critical,FUTURE_CRITICAL,FUTURE_CRITICAL
Uttar Pradesh_27.9889_78.1028,2024,10.0,29.62962962962964,Uttar Pradesh,Aligarh,0.03999999999999987,10.04,10.12,8.1,10.8,28.1481481481482,25.185185185185233,Stressed,Stressed,STABLE,STABLE
Uttar Pradesh_28.3361_79.5958,2024,4.9,76.92307692307688,Uttar Pradesh,Bareilly,-0.08333333333333333,4.816666666666667,4.65,4.6,5.9,83.33333333333326,96.1538461538461,Safe,Safe,STABLE,RECOVERY_EXPECTED
Uttar Pradesh_28.525_79.8867,2024,4.0,0.0,Uttar Pradesh,Pilibhit,0.14000000000000007,4.14,4.42,2.6,4.0,0.0,0.0,Critical,Critical,FUTURE_CRITICAL,FUTURE_CRITICAL
Kerala_10.6111_76.6833,2024,2.2,85.7142857142857,Kerala,Palakkad,-0.14999999999999997,2.0500000000000003,1.7500000000000002,2.0,3.4,96.4285714285714,100.0,Safe,Safe,RECOVERY_EXPECTED,STABLE
Kerala_10.6183_76.401,2024,4.1,100.0,Kerala,Thrissur,-0.38750000000000007,3.7124999999999995,2.9374999999999996,4.1,7.9,100.0,100.0,Safe,Safe,STABLE,STABLE
Kerala_10.6244_76.6958,2024,2.5,41.176470588235304,Kerala,Palakkad,0.062499999999999986,2.5625,2.6875,1.5,3.2,37.500000000000014,30.147058823529417,Stressed,Stressed,STABLE,STABLE
Kerala_10.6195_76.0473,2024,8.8,0.0,Kerala,Thrissur,0.8111111111111112,9.611111111111112,11.233333333333334,0.5,8.8,0.0,0.0,Critical,Critical,FUTURE_CRITICAL,FUTURE_CRITICAL
Kerala_10.6336_76.8658,2024,0.6,100.0,Kerala,Palakkad,-0.5444444444444445,0.05555555555555547,0.0,0.6,7.9,100.0,100.0,Safe,Safe,STABLE,STABLE
Uttar Pradesh_28.3164_79.815,2024,4.0,38.095238095238095,Uttar Pradesh,Pilibhit,0.0333333333333334,4.033333333333333,4.1000000000000005,2.7,4.8,36.50793650793651,33.3333333333333,Stressed,Stressed,STABLE,STABLE
Uttar Pradesh_28.2856_77.6353,2024,3.4,100.0,Uttar Pradesh,Gautam Buddha Nagar,-1.08,2.32,0.1599999999999997,3.4,8.8,100.0,100.0,Safe,Safe,STABLE,STABLE
Uttar Pradesh_28.2417_79.9417,2024,3.4,86.66666666666669,Uttar Pradesh,Pilibhit,-0.2399999999999999,3.16,2.68,3.2,4.7,100.0,100.0,Safe,Safe,RECOVERY_EXPECTED,STABLE
Tripura_24.1992_92.1058,2024,5.4,48.48484848484848,Tripura,Unakoti,-0.062499999999999944,5.3375,5.2125,3.7,7.0,50.37878787878787,54.16666666666665,Watch,Watch,STABLE,STABLE
Kerala_9.6735_76.7958,2024,3.8,67.44186046511629,Kerala,Kottayam,-0.3166666666666667,3.483333333333333,2.8499999999999996,2.4,6.7,74.80620155038761,89.53488372093024,Watch,Safe,STABLE,RECOVERY_EXPECTED
Kerala_9.6929_76.6567,2024,4.4,100.0,Kerala,Kottayam,-0.2111111111111111,4.188888888888889,3.766666666666667,4.4,6.8,100.0,100.0,Safe,Safe,STABLE,STABLE
Kerala_9.6867_76.505,2024,2.1,89.28571428571428,Kerala,Kottayam,-0.08888888888888884,2.011111111111111,1.8333333333333335,1.8,4.6,92.46031746031747,98.8095238095238,Safe,Safe,STABLE,STABLE
Kerala_9.6997_76.809,2024,1.9,100.0,Kerala,Kottayam,-0.3333333333333334,1.5666666666666664,0.8999999999999997,1.9,5.7,100.0,100.0,Safe,Safe,STABLE,STABLE
Kerala_9.727_76.7391,2024,4.3,82.35294117647061,Kerala,Kottayam,-0.05555555555555555,4.2444444444444445,4.133333333333333,4.0,5.7,85.62091503267975,92.15686274509807,Safe,Safe,STABLE,STABLE
Kerala_9.7089_76.678,2024,4.4,100.0,Kerala,Kottayam,-0.5599999999999999,3.8400000000000003,2.7200000000000006,4.4,7.2,100.0,100.0,Safe,Safe,STABLE,STABLE
Tripura_24.1217_91.8603,2024,2.8,57.57575757575758,Tripura,Dhalai,-0.2333333333333334,2.5666666666666664,2.0999999999999996,1.4,4.7,64.64646464646465,78.7878787878788,Watch,Safe,STABLE,RECOVERY_EXPECTED
Kerala_10.5736_76.8311,2024,4.2,100.0,Kerala,Palakkad,-0.23333333333333328,3.966666666666667,3.5000000000000004,4.2,10.4,100.0,100.0,Safe,Safe,STABLE,STABLE
Kerala_10.5922_76.4836,2024,2.0,100.0,Kerala,Palakkad,-0.35555555555555557,1.6444444444444444,0.9333333333333333,2.0,5.2,100.0,100.0,Safe,Safe,STABLE,STABLE
Kerala_10.5909_76.0263,2024,25.8,0.0,Kerala,Thrissur,2.6222222222222222,28.422222222222224,33.66666666666667,1.8,25.8,0.0,0.0,Critical,Critical,FUTURE_CRITICAL,FUTURE_CRITICAL
Assam_26.0167_89.9833,2024,7.9,0.0,Assam,Dhubri,0.4625,8.3625,9.287500000000001,2.9,7.9,0.0,0.0,Critical,Critical,FUTURE_CRITICAL,FUTURE_CRITICAL
Assam_26.0128_90.7008,2024,2.5,100.0,Assam,Goalpara,-0.07500000000000001,2.425,2.275,2.5,5.0,100.0,100.0,Safe,Safe,STABLE,STABLE
Kerala_10.6039_76.7614,2024,3.0,100.0,Kerala,Palakkad,-0.16249999999999998,2.8375,2.5125,3.0,8.3,100.0,100.0,Safe,Safe,STABLE,STABLE
Kerala_10.5984_76.0369,2024,2.3,66.66666666666667,Kerala,Thrissur,6.1679056923619804e-18,2.3,2.3,1.8,3.3,66.66666666666667,66.66666666666667,Watch,Watch,STABLE,STABLE
Kerala_10.6139_76.8072,2024,5.7,60.56338028169014,Kerala,Palakkad,0.1777777777777779,5.877777777777778,6.233333333333334,2.9,10.0,58.05946791862284,53.05164319248825,Watch,Watch,STABLE,STABLE
Uttar Pradesh_28.3992_78.6289,2024,16.4,0.0,Uttar Pradesh,Sambhal,0.6333333333333332,17.03333333333333,18.299999999999997,11.2,16.4,0.0,0.0,Critical,Critical,FUTURE_CRITICAL,FUTURE_CRITICAL
Tripura_24.0853_92.0025,2024,6.5,0.0,Tripura,Unakoti,0.2624999999999999,6.7625,7.2875,3.1,6.5,0.0,0.0,Critical,Critical,FUTURE_CRITICAL,FUTURE_CRITICAL
Tripura_24.0819_91.6161,2024,1.9,28.57142857142859,Tripura,Khowai,-0.014285714285714315,1.8857142857142857,1.857142857142857,1.4,2.1,30.612244897959194,34.693877551020435,Stressed,Stressed,STABLE,STABLE
Tripura_24.14_92.1514,2024,4.2,32.14285714285713,Tripura,Unakoti,0.2375,4.4375,4.9125,2.3,5.1,23.660714285714278,6.696428571428569,Critical,Critical,FUTURE_CRITICAL,FUTURE_CRITICAL
Kerala_9.7372_76.67,2024,5.2,100.0,Kerala,Kottayam,-0.25555555555555554,4.944444444444445,4.433333333333334,5.2,8.6,100.0,100.0,Safe,Safe,STABLE,STABLE
Kerala_9.7286_76.4768,2024,5.7,0.0,Kerala,Kottayam,0.3375,6.0375000000000005,6.7125,2.3,5.7,0.0,0.0,Critical,Critical,FUTURE_CRITICAL,FUTURE_CRITICAL
Andhra Pradesh_18.8984_83.4625,2024,8.2,0.0,Andhra Pradesh,Parvathipuram Manyam,0.09999999999999994,8.299999999999999,8.5,4.2,8.2,0.0,0.0,Critical,Critical,FUTURE_CRITICAL,FUTURE_CRITICAL
Andhra Pradesh_18.866_83.553,2024,7.1,0.0,Andhra Pradesh,Parvathipuram Manyam,0.3111111111111111,7.4111111111111105,8.033333333333333,4.3,7.1,0.0,0.0,Critical,Critical,FUTURE_CRITICAL,FUTURE_CRITICAL
Andhra Pradesh_15.8743_78.577,2024,3.1,50.0,Andhra Pradesh,Nandyal,-0.52,2.58,1.54,0.5,5.7,60.0,80.0,Watch,Safe,STABLE,RECOVERY_EXPECTED
Andhra Pradesh_15.626_78.5344,2024,1.2,50.0,Andhra Pradesh,Nandyal,-0.05000000000000003,1.15,1.0499999999999998,0.4,2.0,53.125000000000014,59.37500000000002,Watch,Watch,STABLE,STABLE
Uttar Pradesh_28.5889_77.38,2024,43.2,0.0,Uttar Pradesh,Gautam Buddha Nagar,2.883333333333334,46.083333333333336,50.0,25.9,43.2,0.0,0.0,Critical,Critical,FUTURE_CRITICAL,FUTURE_CRITICAL
Kerala_10.4118_76.1616,2024,7.3,100.0,Kerala,Thrissur,-0.2777777777777779,7.022222222222222,6.466666666666666,7.3,10.0,100.0,100.0,Safe,Safe,STABLE,STABLE
Kerala_10.4739_76.1064,2024,2.9,66.66666666666669,Kerala,Thrissur,0.05999999999999994,2.96,3.0799999999999996,2.6,3.5,60.00000000000001,46.666666666666714,Watch,Stressed,STABLE,EARLY_DEPLETION_WARNING
Kerala_10.4729_76.2128,2024,1.2,100.0,Kerala,Thrissur,-0.9666666666666668,0.23333333333333317,0.0,1.2,10.0,100.0,100.0,Safe,Safe,STABLE,STABLE
Kerala_10.5418_76.0457,2024,9.0,0.0,Kerala,Thrissur,0.7555555555555556,9.755555555555556,11.266666666666667,1.8,9.0,0.0,0.0,Critical,Critical,FUTURE_CRITICAL,FUTURE_CRITICAL
Kerala_10.492_76.1031,2024,8.0,0.0,Kerala,Thrissur,0.6777777777777778,8.677777777777777,10.033333333333333,1.8,8.0,0.0,0.0,Critical,Critical,FUTURE_CRITICAL,FUTURE_CRITICAL
Kerala_10.5808_76.8042,2024,7.9,78.78787878787878,Kerala,Palakkad,-0.04999999999999999,7.8500000000000005,7.75,7.2,10.5,80.30303030303028,83.33333333333334,Safe,Safe,STABLE,STABLE
Uttar Pradesh_28.5167_78.7833,2024,18.9,0.0,Uttar Pradesh,Sambhal,1.0199999999999996,19.919999999999998,21.959999999999997,13.8,18.9,0.0,0.0,Critical,Critical,FUTURE_CRITICAL,FUTURE_CRITICAL
Uttar Pradesh_28.4417_77.6667,2024,12.6,0.0,Uttar Pradesh,Bulandshahr,0.3166666666666667,12.916666666666666,13.55,10.7,12.6,0.0,0.0,Critical,Critical,FUTURE_CRITICAL,FUTURE_CRITICAL
Uttar Pradesh_28.5431_79.4444,2024,3.9,50.00000000000004,Uttar Pradesh,Bareilly,-0.033333333333333284,3.8666666666666667,3.8000000000000003,3.6,4.2,55.55555555555558,66.66666666666664,Watch,Watch,STABLE,RECOVERY_EXPECTED
Andhra Pradesh_15.5884_79.8423,2024,26.3,0.0,Andhra Pradesh,Prakasam,2.1888888888888887,28.48888888888889,32.86666666666667,1.7,26.3,0.0,0.0,Critical,Critical,FUTURE_CRITICAL,FUTURE_CRITICAL
Kerala_9.7461_76.7014,2024,2.0,100.0,Kerala,Kottayam,-0.4,1.6,0.7999999999999998,2.0,9.2,100.0,100.0,Safe,Safe,STABLE,STABLE
Kerala_9.7402_76.7637,2024,4.3,35.71428571428572,Kerala,Kottayam,0.03333333333333331,4.333333333333333,4.3999999999999995,3.4,4.8,33.33333333333335,28.571428571428605,Stressed,Stressed,STABLE,STABLE
Kerala_9.7528_76.4731,2024,8.2,80.4878048780488,Kerala,Kottayam,-0.14444444444444451,8.055555555555555,7.766666666666666,7.4,11.5,84.0108401084011,91.05691056910572,Safe,Safe,STABLE,STABLE
Kerala_9.7646_76.6997,2024,0.7,100.0,Kerala,Kottayam,-0.2888888888888889,0.41111111111111104,0.0,0.7,3.9,100.0,100.0,Safe,Safe,STABLE,STABLE
Kerala_9.7616_76.4919,2024,5.1,100.0,Kerala,Kottayam,-0.08888888888888896,5.011111111111111,4.833333333333333,5.1,7.3,100.0,100.0,Safe,Safe,STABLE,STABLE
Kerala_9.7854_76.7616,2024,6.9,5.555555555555536,Kerala,Kottayam,0.15714285714285722,7.057142857142858,7.371428571428572,5.2,7.0,0.0,0.0,Critical,Critical,FUTURE_CRITICAL,FUTURE_CRITICAL
Tripura_24.0453_91.3992,2024,3.0,28.57142857142857,Tripura,West Tripura,0.02500000000000004,3.025,3.075,1.5,3.6,27.380952380952383,25.0,Stressed,Stressed,STABLE,STABLE
Tripura_24.0333_91.4083,2024,4.9,45.45454545454544,Tripura,West Tripura,-0.0625,4.8375,4.7125,4.3,5.4,51.13636363636361,62.49999999999998,Watch,Watch,STABLE,RECOVERY_EXPECTED
Andhra Pradesh_14.3031_79.7792,2024,2.5,71.42857142857142,Andhra Pradesh,Sri Potti Sriramulu Nellore Manubolu,-0.3333333333333333,2.1666666666666665,1.5,0.9,6.5,77.38095238095238,89.28571428571428,Safe,Safe,STABLE,RECOVERY_EXPECTED
Kerala_10.3073_76.3329,2024,8.7,60.00000000000014,Kerala,Thrissur,0.011111111111111066,8.71111111111111,8.733333333333333,8.5,9.0,57.77777777777793,53.3333333333335,Watch,Watch,STABLE,STABLE
Kerala_10.3001_76.421,2024,2.7,100.0,Kerala,Thrissur,-0.3111111111111111,2.3888888888888893,1.7666666666666668,2.7,6.2,100.0,100.0,Safe,Safe,STABLE,STABLE
Kerala_10.3258_76.3246,2024,7.7,0.0,Kerala,Thrissur,0.7111111111111111,8.411111111111111,9.833333333333334,1.3,7.7,0.0,0.0,Critical,Critical,FUTURE_CRITICAL,FUTURE_CRITICAL
Kerala_10.3202_76.3706,2024,2.0,100.0,Kerala,Thrissur,-1.2444444444444445,0.7555555555555555,0.0,2.0,13.2,100.0,100.0,Safe,Safe,STABLE,STABLE
Kerala_10.3429_76.394,2024,8.0,0.0,Kerala,Thrissur,1.34,9.34,12.02,1.3,8.0,0.0,0.0,Critical,Critical,FUTURE_CRITICAL,FUTURE_CRITICAL
Kerala_10.3425_76.4172,2024,3.6,100.0,Kerala,Thrissur,-0.1375,3.4625,3.1875,3.6,7.1,100.0,100.0,Safe,Safe,STABLE,STABLE
Kerala_10.4376_76.2101,2024,7.6,93.33333333333336,Kerala,Thrissur,0.011111111111111072,7.611111111111111,7.633333333333333,7.5,9.0,92.59259259259261,91.11111111111114,Safe,Safe,STABLE,STABLE
Kerala_9.7833_77.0733,2024,4.7,0.0,Kerala,Idukki,0.3777777777777779,5.077777777777778,5.833333333333334,0.8,4.7,0.0,0.0,Critical,Critical,FUTURE_CRITICAL,FUTURE_CRITICAL
Kerala_9.7934_76.8926,2024,0.0,100.0,Kerala,Idukki,-0.7333333333333333,0.0,0.0,0.0,7.4,100.0,100.0,Safe,Safe,STABLE,STABLE
Kerala_9.7859_76.4423,2024,4.2,0.0,Kerala,Kottayam,0.1444444444444445,4.344444444444445,4.633333333333334,2.4,4.2,0.0,0.0,Critical,Critical,FUTURE_CRITICAL,FUTURE_CRITICAL
Kerala_9.8008_76.4981,2024,3.3,100.0,Kerala,Kottayam,-0.3125,2.9875,2.3625,3.3,6.3,100.0,100.0,Safe,Safe,STABLE,STABLE
Kerala_9.7985_76.8453,2024,0.6,100.0,Kerala,Idukki,-0.588888888888889,0.01111111111111096,0.0,0.6,6.3,100.0,100.0,Safe,Safe,STABLE,STABLE
Kerala_9.8286_76.7763,2024,3.7,100.0,Kerala,Idukki,-0.0666666666666666,3.6333333333333337,3.5000000000000004,3.7,4.9,100.0,100.0,Safe,Safe,STABLE,STABLE
Kerala_9.8228_76.8385,2024,4.3,18.181818181818198,Kerala,Idukki,0.044444444444444474,4.344444444444444,4.433333333333334,3.4,4.5,14.141414141414167,6.060606060606045,Critical,Critical,FUTURE_CRITICAL,FUTURE_CRITICAL
Tripura_23.9167_92.2,2024,0.9,100.0,Tripura,North Tripura,-0.175,0.7250000000000001,0.3750000000000001,0.9,2.3,100.0,100.0,Safe,Safe,STABLE,STABLE
Uttar Pradesh_28.7233_77.8058,2024,19.9,0.0,Uttar Pradesh,Hapur,0.7999999999999996,20.7,22.299999999999997,15.9,19.9,0.0,0.0,Critical,Critical,FUTURE_CRITICAL,FUTURE_CRITICAL
Kerala_10.1847_76.504,2024,7.1,83.33333333333339,Kerala,Ernakulam,-0.03750000000000006,7.0625,6.9875,6.9,8.1,86.45833333333334,92.70833333333337,Safe,Safe,STABLE,STABLE
Kerala_10.255_76.457,2024,5.0,7.692307692307665,Kerala,Ernakulam,0.04285714285714283,5.042857142857143,5.128571428571428,3.8,5.1,4.39560439560438,0.0,Critical,Critical,FUTURE_CRITICAL,FUTURE_CRITICAL
Kerala_10.2421_76.4225,2024,9.5,0.0,Kerala,Ernakulam,0.9333333333333335,10.433333333333334,12.3,3.9,9.5,0.0,0.0,Critical,Critical,FUTURE_CRITICAL,FUTURE_CRITICAL
Kerala_10.2691_76.3491,2024,8.9,44.44444444444443,Kerala,Thrissur,-0.1499999999999999,8.75,8.450000000000001,7.4,10.1,50.0,61.11111111111107,Watch,Watch,STABLE,RECOVERY_EXPECTED
Kerala_10.2602_76.4281,2024,5.0,100.0,Kerala,Ernakulam,-0.3750000000000001,4.625,3.8749999999999996,5.0,8.7,100.0,100.0,Safe,Safe,STABLE,STABLE
Kerala_10.2871_76.3385,2024,2.4,100.0,Kerala,Thrissur,-0.6,1.7999999999999998,0.6000000000000001,2.4,8.2,100.0,100.0,Safe,Safe,STABLE,STABLE
Assam_26.0186_93.6336,2024,8.0,2.1739130434782483,Assam,Karbi Anglong,0.43750000000000006,8.4375,9.3125,3.5,8.1,0.0,0.0,Critical,Critical,FUTURE_CRITICAL,FUTURE_CRITICAL
Andhra Pradesh_14.349_80.0643,2024,2.8,18.181818181818198,Andhra Pradesh,Sri Potti Sriramulu Nellore Muthukur,0.06666666666666665,2.8666666666666663,3.0,1.0,3.2,15.151515151515182,9.090909090909093,Critical,Critical,FUTURE_CRITICAL,FUTURE_CRITICAL
Kerala_10.1452_76.426,2024,1.2,100.0,Kerala,Ernakulam,-0.7125000000000001,0.4874999999999998,0.0,1.2,7.4,100.0,100.0,Safe,Safe,STABLE,STABLE
Kerala_10.1368_76.4075,2024,6.1,100.0,Kerala,Ernakulam,-0.38571428571428595,5.7142857142857135,4.942857142857141,6.1,9.7,100.0,100.0,Safe,Safe,STABLE,STABLE
Kerala_10.1506_76.4828,2024,7.1,0.0,Kerala,Ernakulam,0.06666666666666662,7.166666666666666,7.3,6.3,7.1,0.0,0.0,Critical,Critical,FUTURE_CRITICAL,FUTURE_CRITICAL
Kerala_10.1483_76.4548,2024,4.2,11.111111111111116,Kerala,Ernakulam,0.07500000000000001,4.275,4.425,2.6,4.4,6.944444444444442,0.0,Critical,Critical,FUTURE_CRITICAL,FUTURE_CRITICAL
Kerala_10.1528_76.7247,2024,6.0,83.62068965517241,Kerala,Ernakulam,-0.3533333333333334,5.6466666666666665,4.9399999999999995,4.1,15.7,86.66666666666667,92.75862068965517,Safe,Safe,STABLE,STABLE
Kerala_10.1831_76.5197,2024,5.9,0.0,Kerala,Ernakulam,0.13333333333333341,6.033333333333334,6.300000000000001,3.2,5.9,0.0,0.0,Critical,Critical,FUTURE_CRITICAL,FUTURE_CRITICAL
Kerala_10.168_76.441,2024,2.9,100.0,Kerala,Ernakulam,-0.26666666666666666,2.6333333333333333,2.0999999999999996,2.9,6.4,100.0,100.0,Safe,Safe,STABLE,STABLE
Kerala_10.1999_76.3679,2024,1.4,100.0,Kerala,Ernakulam,-0.5857142857142856,0.8142857142857143,0.0,1.4,6.8,100.0,100.0,Safe,Safe,STABLE,STABLE
Uttar Pradesh_28.6333_79.7017,2024,4.5,33.33333333333336,Uttar Pradesh,Pilibhit,-0.01666666666666659,4.483333333333333,4.45,3.7,4.9,34.72222222222224,37.500000000000014,Stressed,Stressed,STABLE,STABLE
Uttar Pradesh_28.625_79.8125,2024,3.8,0.0,Uttar Pradesh,Pilibhit,0.09999999999999992,3.9,4.1,3.0,3.8,0.0,0.0,Critical,Critical,FUTURE_CRITICAL,FUTURE_CRITICAL
Tripura_23.9992_91.9972,2024,5.3,10.000000000000053,Tripura,Dhalai,-0.016666666666666746,5.283333333333333,5.25,4.4,5.4,11.666666666666714,15.000000000000036,Critical,Critical,FUTURE_CRITICAL,FUTURE_CRITICAL
Tripura_23.9756_92.2058,2024,0.5,100.0,Tripura,North Tripura,-0.0625,0.4375,0.3125,0.5,1.2,100.0,100.0,Safe,Safe,STABLE,STABLE
Kerala_9.8301_76.4521,2024,6.3,0.0,Kerala,Kottayam,0.3625,6.6625,7.387499999999999,2.5,6.3,0.0,0.0,Critical,Critical,FUTURE_CRITICAL,FUTURE_CRITICAL
Kerala_9.8438_76.4637,2024,7.9,0.0,Kerala,Kottayam,0.6125,8.512500000000001,9.7375,2.4,7.9,0.0,0.0,Critical,Critical,FUTURE_CRITICAL,FUTURE_CRITICAL
Andhra Pradesh_18.8578_83.4579,2024,6.1,63.46153846153848,Andhra Pradesh,Parvathipuram Manyam,-0.07142857142857142,6.0285714285714285,5.885714285714285,4.2,9.4,64.83516483516485,67.58241758241759,Watch,Watch,STABLE,STABLE
Andhra Pradesh_18.8121_83.4451,2024,3.4,22.72727272727274,Andhra Pradesh,Parvathipuram Manyam,0.18888888888888888,3.5888888888888886,3.966666666666667,1.7,3.9,14.141414141414167,0.0,Critical,Critical,FUTURE_CRITICAL,FUTURE_CRITICAL
Tripura_23.835_91.6864,2024,4.9,19.047619047619023,Tripura,Khowai,-0.024999999999999932,4.875,4.825,3.2,5.3,20.238095238095234,22.619047619047606,Critical,Critical,FUTURE_CRITICAL,FUTURE_CRITICAL
Kerala_10.1169_76.5874,2024,5.5,0.0,Kerala,Ernakulam,0.4166666666666667,5.916666666666667,6.75,3.0,5.5,0.0,0.0,Critical,Critical,FUTURE_CRITICAL,FUTURE_CRITICAL
Kerala_10.1153_76.525,2024,5.7,85.7142857142857,Kerala,Ernakulam,2.7755575615628914e-17,5.7,5.7,5.5,6.9,85.7142857142857,85.7142857142857,Safe,Safe,STABLE,STABLE
Assam_26.0272_93.7633,2024,9.9,17.77777777777777,Assam,Karbi Anglong,0.8875,10.7875,12.5625,2.5,11.5,7.916666666666671,0.0,Critical,Critical,FUTURE_CRITICAL,FUTURE_CRITICAL
Assam_26.0208_91.3278,2024,3.3,44.44444444444444,Assam,Kamrup,-1.3877787807814457e-17,3.3,3.3,2.3,4.1,44.44444444444444,44.44444444444444,Stressed,Stressed,STABLE,STABLE
Kerala_10.128_76.3008,2024,4.7,0.0,Kerala,Ernakulam,0.6,5.3,6.5,1.7,4.7,0.0,0.0,Critical,Critical,FUTURE_CRITICAL,FUTURE_CRITICAL
Kerala_10.1211_76.5692,2024,1.0,100.0,Kerala,Ernakulam,-0.4666666666666666,0.5333333333333334,0.0,1.0,6.7,100.0,100.0,Safe,Safe,STABLE,STABLE
Kerala_10.1203_76.5348,2024,1.9,100.0,Kerala,Ernakulam,-0.15555555555555556,1.7444444444444445,1.4333333333333331,1.9,3.9,100.0,100.0,Safe,Safe,STABLE,STABLE
Uttar Pradesh_28.7211_78.7161,2024,13.1,0.0,Uttar Pradesh,Moradabad,0.4499999999999999,13.549999999999999,14.45,10.4,13.1,0.0,0.0,Critical,Critical,FUTURE_CRITICAL,FUTURE_CRITICAL
Uttar Pradesh_28.7142_79.8867,2024,4.7,0.0,Uttar Pradesh,Pilibhit,0.25,4.95,5.45,2.7,4.7,0.0,0.0,Critical,Critical,FUTURE_CRITICAL,FUTURE_CRITICAL
Uttar Pradesh_28.7792_79.5,2024,1.1,89.99999999999999,Uttar Pradesh,Bareilly,-0.13333333333333336,0.9666666666666668,0.7,0.9,2.9,96.66666666666666,100.0,Safe,Safe,STABLE,STABLE
Tripura_23.9525_91.9606,2024,3.3,65.71428571428572,Tripura,Dhalai,-0.03636363636363644,3.2636363636363632,3.1909090909090905,2.1,5.6,66.75324675324677,68.83116883116884,Watch,Watch,STABLE,STABLE
Kerala_9.8482_76.8285,2024,5.3,0.0,Kerala,Idukki,0.17777777777777773,5.477777777777778,5.833333333333333,3.3,5.3,0.0,0.0,Critical,Critical,FUTURE_CRITICAL,FUTURE_CRITICAL
Kerala_9.8471_76.981,2024,1.4,100.0,Kerala,Idukki,-0.2333333333333334,1.1666666666666665,0.6999999999999997,1.4,4.0,100.0,100.0,Safe,Safe,STABLE,STABLE
Kerala_9.8594_76.4731,2024,5.9,58.823529411764696,Kerala,Ernakulam,-0.25,5.65,5.15,4.5,7.9,66.17647058823528,80.88235294117646,Watch,Safe,STABLE,RECOVERY_EXPECTED
Kerala_9.84_77.0371,2024,5.2,0.0,Kerala,Idukki,0.4222222222222223,5.622222222222223,6.466666666666667,1.2,5.2,0.0,0.0,Critical,Critical,FUTURE_CRITICAL,FUTURE_CRITICAL
Kerala_9.8711_76.7929,2024,2.0,100.0,Kerala,Idukki,-0.4555555555555555,1.5444444444444445,0.6333333333333335,2.0,6.7,100.0,100.0,Safe,Safe,STABLE,STABLE
Kerala_9.8862_76.9672,2024,8.6,0.0,Kerala,Idukki,0.7777777777777777,9.377777777777776,10.933333333333334,1.4,8.6,0.0,0.0,Critical,Critical,FUTURE_CRITICAL,FUTURE_CRITICAL
Uttar Pradesh_28.8381_78.2436,2024,13.7,0.0,Uttar Pradesh,Amroha,0.2666666666666666,13.966666666666665,14.5,11.0,13.7,0.0,0.0,Critical,Critical,FUTURE_CRITICAL,FUTURE_CRITICAL
Kerala_10.0766_76.2692,2024,6.5,0.0,Kerala,Ernakulam,0.525,7.025,8.075,1.3,6.5,0.0,0.0,Critical,Critical,FUTURE_CRITICAL,FUTURE_CRITICAL
Kerala_10.0874_77.0672,2024,4.9,0.0,Kerala,Idukki,0.4000000000000001,5.300000000000001,6.1000000000000005,0.9,4.9,0.0,0.0,Critical,Critical,FUTURE_CRITICAL,FUTURE_CRITICAL
Kerala_10.0849_76.5195,2024,3.1,100.0,Kerala,Ernakulam,-0.5142857142857143,2.585714285714286,1.557142857142857,3.1,7.0,100.0,100.0,Safe,Safe,STABLE,STABLE
Kerala_10.1012_76.6509,2024,3.3,35.29411764705883,Kerala,Ernakulam,6.344131569286608e-17,3.3,3.3,1.1,4.5,35.29411764705883,35.29411764705883,Stressed,Stressed,STABLE,STABLE
Kerala_10.0946_76.2926,2024,5.3,0.0,Kerala,Ernakulam,0.7,6.0,7.3999999999999995,1.7,5.3,0.0,0.0,Critical,Critical,FUTURE_CRITICAL,FUTURE_CRITICAL
Kerala_10.1153_76.3283,2024,11.1,0.0,Kerala,Ernakulam,1.55,12.65,15.75,1.6,11.1,0.0,0.0,Critical,Critical,FUTURE_CRITICAL,FUTURE_CRITICAL
Kerala_10.1082_76.475,2024,14.0,0.0,Kerala,Ernakulam,1.383333333333333,15.383333333333333,18.15,5.3,14.0,0.0,0.0,Critical,Critical,FUTURE_CRITICAL,FUTURE_CRITICAL
Uttar Pradesh_28.725_79.7167,2024,5.3,12.500000000000055,Uttar Pradesh,Pilibhit,0.09999999999999992,5.3999999999999995,5.6,4.6,5.4,1.1102230246251565e-13,0.0,Critical,Critical,FUTURE_CRITICAL,FUTURE_CRITICAL
Uttar Pradesh_28.7903_77.7597,2024,21.4,0.0,Uttar Pradesh,Meerut,0.6599999999999995,22.06,23.379999999999995,18.1,21.4,0.0,0.0,Critical,Critical,FUTURE_CRITICAL,FUTURE_CRITICAL
Kerala_10.1058_76.6247,2024,3.2,42.85714285714284,Kerala,Ernakulam,0.20000000000000004,3.4000000000000004,3.8000000000000003,2.0,4.1,33.3333333333333,14.285714285714256,Stressed,Critical,STABLE,FUTURE_CRITICAL
Tripura_23.6986_91.4069,2024,4.7,0.0,Tripura,Sepahijala,0.0571428571428572,4.757142857142857,4.871428571428572,2.5,4.7,0.0,0.0,Critical,Critical,FUTURE_CRITICAL,FUTURE_CRITICAL
Tripura_23.9167_91.6111,2024,4.0,83.33333333333333,Tripura,Khowai,-0.0625,3.9375,3.8125,3.9,4.5,93.74999999999999,100.0,Safe,Safe,RECOVERY_EXPECTED,RECOVERY_EXPECTED
Kerala_9.8825_76.7648,2024,2.5,100.0,Kerala,Idukki,-0.18888888888888894,2.311111111111111,1.9333333333333331,2.5,4.8,100.0,100.0,Safe,Safe,STABLE,STABLE
Kerala_9.9119_77.0093,2024,4.5,100.0,Kerala,Idukki,-0.7124999999999999,3.7875,2.3625000000000003,4.5,11.9,100.0,100.0,Safe,Safe,STABLE,STABLE
Kerala_9.9071_76.8206,2024,3.9,100.0,Kerala,Idukki,-0.33333333333333337,3.5666666666666664,2.9,3.9,7.0,100.0,100.0,Safe,Safe,STABLE,STABLE
Kerala_9.9153_76.8833,2024,3.7,0.0,Kerala,Idukki,0.16666666666666666,3.8666666666666667,4.2,1.7,3.7,0.0,0.0,Critical,Critical,FUTURE_CRITICAL,FUTURE_CRITICAL
Tripura_23.81_91.5919,2024,2.4,88.23529411764707,Tripura,Khowai,-0.1875,2.2125,1.8375,2.2,3.9,99.26470588235296,100.0,Safe,Safe,RECOVERY_EXPECTED,STABLE
Kerala_10.0565_76.7785,2024,4.3,100.0,Kerala,Ernakulam,-0.5666666666666668,3.733333333333333,2.5999999999999996,4.3,8.4,100.0,100.0,Safe,Safe,STABLE,STABLE
Kerala_10.0516_76.7168,2024,7.2,0.0,Kerala,Ernakulam,0.14285714285714285,7.342857142857143,7.628571428571429,4.7,7.2,0.0,0.0,Critical,Critical,FUTURE_CRITICAL,FUTURE_CRITICAL
Kerala_10.0638_76.52,2024,1.7,100.0,Kerala,Ernakulam,-0.588888888888889,1.111111111111111,0.0,1.7,8.8,100.0,100.0,Safe,Safe,STABLE,STABLE
Kerala_10.0586_76.6563,2024,3.4,86.95652173913044,Kerala,Ernakulam,-0.15,3.25,2.95,3.1,5.4,93.47826086956522,100.0,Safe,Safe,STABLE,STABLE
Kerala_10.0672_76.6281,2024,1.1,100.0,Kerala,Ernakulam,-0.4666666666666666,0.6333333333333335,0.0,1.1,5.0,100.0,100.0,Safe,Safe,STABLE,STABLE
Kerala_10.0648_77.1078,2024,1.5,100.0,Kerala,Idukki,-0.1875,1.3125,0.9375,1.5,3.4,100.0,100.0,Safe,Safe,STABLE,STABLE
Kerala_10.0822_76.5029,2024,2.1,100.0,Kerala,Ernakulam,-0.31111111111111117,1.788888888888889,1.1666666666666665,2.1,6.4,100.0,100.0,Safe,Safe,STABLE,STABLE
Uttar Pradesh_28.7858_78.0792,2024,13.7,77.77777777777787,Uttar Pradesh,Hapur,-0.1400000000000002,13.559999999999999,13.28,13.5,14.4,93.33333333333348,100.0,Safe,Safe,RECOVERY_EXPECTED,RECOVERY_EXPECTED
Uttar Pradesh_28.8911_78.2403,2024,13.2,42.85714285714288,Uttar Pradesh,Amroha,0.04999999999999982,13.25,13.349999999999998,11.6,14.4,41.07142857142857,37.50000000000008,Stressed,Stressed,STABLE,STABLE
Kerala_10.0192_76.2246,2024,5.7,0.0,Kerala,Ernakulam,0.65,6.3500000000000005,7.65,0.4,5.7,0.0,0.0,Critical,Critical,FUTURE_CRITICAL,FUTURE_CRITICAL
Kerala_10.0227_76.9105,2024,2.0,100.0,Kerala,Idukki,-0.7555555555555556,1.2444444444444445,0.0,2.0,8.8,100.0,100.0,Safe,Safe,STABLE,STABLE
Kerala_10.0224_76.3055,2024,6.3,0.0,Kerala,Ernakulam,0.5875,6.8875,8.0625,1.6,6.3,0.0,0.0,Critical,Critical,FUTURE_CRITICAL,FUTURE_CRITICAL
Assam_26.0506_93.7481,2024,4.6,70.58823529411765,Assam,Karbi Anglong,-0.15714285714285722,4.442857142857142,4.128571428571428,4.1,5.8,79.83193277310927,98.31932773109244,Safe,Safe,STABLE,RECOVERY_EXPECTED
Assam_26.0411_91.3597,2024,4.3,40.90909090909092,Assam,Kamrup,0.16249999999999998,4.4624999999999995,4.7875,3.0,5.2,33.5227272727273,18.75000000000002,Stressed,Critical,STABLE,FUTURE_CRITICAL
Assam_26.0333_90.425,2024,2.4,95.0,Assam,Goalpara,-0.20000000000000004,2.1999999999999997,1.7999999999999998,2.3,4.3,100.0,100.0,Safe,Safe,STABLE,STABLE
Kerala_10.0502_76.7533,2024,2.5,100.0,Kerala,Ernakulam,-0.19999999999999998,2.3,1.9,2.5,4.7,100.0,100.0,Safe,Safe,STABLE,STABLE
Kerala_10.0316_76.868,2024,6.5,100.0,Kerala,Idukki,-0.2777777777777778,6.222222222222222,5.666666666666667,6.5,9.4,100.0,100.0,Safe,Safe,STABLE,STABLE
Uttar Pradesh_28.825_78.7833,2024,10.5,10.71428571428571,Uttar Pradesh,Moradabad,0.5555555555555556,11.055555555555555,12.166666666666666,5.5,11.1,0.7936507936507908,0.0,Critical,Critical,FUTURE_CRITICAL,FUTURE_CRITICAL
Uttar Pradesh_29.0917_77.8611,2024,9.6,78.94736842105262,Uttar Pradesh,Meerut,-0.11999999999999993,9.48,9.24,9.2,11.1,85.26315789473678,97.89473684210522,Safe,Safe,STABLE,RECOVERY_EXPECTED
Uttar Pradesh_28.9583_77.55,2024,6.4,100.0,Uttar Pradesh,Meerut,-0.2749999999999999,6.125,5.575000000000001,6.4,12.0,100.0,100.0,Safe,Safe,STABLE,STABLE
Kerala_9.9205_76.7781,2024,4.3,28.57142857142859,Kerala,Idukki,0.02222222222222224,4.322222222222222,4.366666666666666,3.8,4.5,25.396825396825427,19.0476190476191,Stressed,Critical,STABLE,FUTURE_CRITICAL
Kerala_9.9198_76.9548,2024,6.9,0.0,Kerala,Idukki,0.5222222222222223,7.4222222222222225,8.466666666666667,2.0,6.9,0.0,0.0,Critical,Critical,FUTURE_CRITICAL,FUTURE_CRITICAL
Andhra Pradesh_18.7102_84.0045,2024,8.2,12.048192771084343,Andhra Pradesh,Srikakulam,0.9124999999999999,9.112499999999999,10.9375,0.9,9.2,1.0542168674698815,0.0,Critical,Critical,FUTURE_CRITICAL,FUTURE_CRITICAL
Andhra Pradesh_18.6937_83.9707,2024,2.2,16.66666666666664,Andhra Pradesh,Srikakulam,0.1111111111111111,2.3111111111111113,2.5333333333333337,1.2,2.4,7.407407407407385,0.0,Critical,Critical,FUTURE_CRITICAL,FUTURE_CRITICAL
Kerala_9.9484_76.7649,2024,3.5,100.0,Kerala,Idukki,-0.15555555555555559,3.3444444444444446,3.033333333333333,3.5,5.7,100.0,100.0,Safe,Safe,STABLE,STABLE
Kerala_9.9207_76.7782,2024,1.3,100.0,Kerala,Idukki,-0.30000000000000004,1.0,0.3999999999999999,1.3,4.5,100.0,100.0,Safe,Safe,STABLE,STABLE
Kerala_9.9673_76.2462,2024,9.9,0.0,Kerala,Ernakulam,1.0857142857142859,10.985714285714286,13.157142857142858,1.9,9.9,0.0,0.0,Critical,Critical,FUTURE_CRITICAL,FUTURE_CRITICAL
Kerala_9.949_77.2155,2024,8.8,0.0,Kerala,Idukki,0.7000000000000002,9.5,10.900000000000002,2.1,8.8,0.0,0.0,Critical,Critical,FUTURE_CRITICAL,FUTURE_CRITICAL
Kerala_9.9751_76.7818,2024,4.4,100.0,Kerala,Idukki,-0.09999999999999994,4.300000000000001,4.1000000000000005,4.4,8.7,100.0,100.0,Safe,Safe,STABLE,STABLE
Uttar Pradesh_29.4639_77.575,2024,11.6,88.88888888888893,Uttar Pradesh,Muzaffarnagar,-0.0400000000000002,11.559999999999999,11.479999999999999,11.5,12.4,93.33333333333348,100.0,Safe,Safe,STABLE,STABLE
Uttar Pradesh_29.2917_77.7333,2024,3.1,26.923076923076906,Uttar Pradesh,Muzaffarnagar,-0.13999999999999993,2.96,2.68,1.2,3.8,32.30769230769229,43.07692307692306,Stressed,Stressed,STABLE,RECOVERY_EXPECTED
Kerala_10.0003_76.7411,2024,6.5,23.076923076923062,Kerala,Ernakulam,0.15999999999999998,6.66,6.9799999999999995,5.5,6.8,10.769230769230742,0.0,Critical,Critical,FUTURE_CRITICAL,FUTURE_CRITICAL
Karnataka_nan_77.4194,2024,8.0,0.0,Karnataka,Bengaluru Urban,0.07500000000000004,8.075,8.225,3.6,8.0,0.0,0.0,Critical,Critical,FUTURE_CRITICAL,FUTURE_CRITICAL
Kerala_10.0067_76.6812,2024,1.7,100.0,Kerala,Ernakulam,-0.6199999999999999,1.08,0.0,1.7,5.2,100.0,100.0,Safe,Safe,STABLE,STABLE
Kerala_10.0188_77.0156,2024,3.8,52.17391304347827,Kerala,Idukki,0.05555555555555555,3.855555555555555,3.9666666666666663,2.7,5.0,49.75845410628021,44.927536231884076,Stressed,Stressed,STABLE,STABLE
Kerala_10.0133_76.9546,2024,3.5,100.0,Kerala,Idukki,-0.3333333333333333,3.1666666666666665,2.5,3.5,6.5,100.0,100.0,Safe,Safe,STABLE,STABLE
Kerala_10.019_76.2251,2024,1.7,0.0,Kerala,Ernakulam,0.08888888888888888,1.7888888888888888,1.9666666666666666,0.7,1.7,0.0,0.0,Critical,Critical,FUTURE_CRITICAL,FUTURE_CRITICAL
Uttar Pradesh_29.1864_78.6306,2024,2.5,55.55555555555556,Uttar Pradesh,Bijnor,-0.06666666666666665,2.4333333333333336,2.3,1.7,3.5,59.259259259259245,66.66666666666667,Watch,Watch,STABLE,STABLE
Uttar Pradesh_29.125_78.0,2024,10.5,55.555555555555536,Uttar Pradesh,Meerut,-0.1,10.4,10.2,10.1,11.0,66.6666666666666,88.88888888888893,Watch,Safe,RECOVERY_EXPECTED,RECOVERY_EXPECTED
Tripura_23.4875_91.4019,2024,9.8,16.666666666666607,Tripura,Gomati,0.03333333333333351,9.833333333333334,9.900000000000002,7.8,10.2,15.277777777777724,12.49999999999989,Critical,Critical,FUTURE_CRITICAL,FUTURE_CRITICAL
Tripura_23.42_91.7583,2024,5.8,0.0,Tripura,Gomati,0.8599999999999998,6.659999999999999,8.379999999999999,1.5,5.8,0.0,0.0,Critical,Critical,FUTURE_CRITICAL,FUTURE_CRITICAL
Tripura_23.6567_91.4539,2024,3.5,29.411764705882348,Tripura,Sepahijala,0.05,3.55,3.65,2.3,4.0,26.470588235294123,20.588235294117652,Stressed,Critical,STABLE,FUTURE_CRITICAL
Kerala_9.967_76.319,2024,0.5,100.0,Kerala,Ernakulam,-0.34,0.15999999999999998,0.0,0.5,2.6,100.0,100.0,Safe,Safe,STABLE,STABLE
Kerala_9.9678_76.288,2024,4.2,0.0,Kerala,Ernakulam,0.66,4.86,6.18,0.5,4.2,0.0,0.0,Critical,Critical,FUTURE_CRITICAL,FUTURE_CRITICAL
Kerala_9.9769_77.1989,2024,4.9,0.0,Kerala,Idukki,0.4444444444444444,5.344444444444445,6.233333333333333,0.8,4.9,0.0,0.0,Critical,Critical,FUTURE_CRITICAL,FUTURE_CRITICAL
Tripura_23.3833_91.3167,2024,2.8,100.0,Tripura,Sepahijala,-0.057142857142857176,2.7428571428571424,2.628571428571428,2.8,4.8,100.0,100.0,Safe,Safe,STABLE,STABLE
Uttar Pradesh_29.1_78.8667,2024,2.6,36.84210526315789,Uttar Pradesh,Moradabad,-0.10000000000000002,2.5,2.3,1.4,3.3,42.10526315789473,52.63157894736843,Stressed,Watch,STABLE,RECOVERY_EXPECTED
Uttar Pradesh_29.5867_77.1667,2024,21.1,15.028901734104029,Uttar Pradesh,Shamli,-0.46000000000000013,20.64,19.720000000000002,6.4,23.7,17.687861271676287,23.00578034682078,Critical,Critical,FUTURE_CRITICAL,FUTURE_CRITICAL
Uttar Pradesh_29.5514_77.5847,2024,7.0,100.0,Uttar Pradesh,Muzaffarnagar,-0.5,6.5,5.5,7.0,9.5,100.0,100.0,Safe,Safe,STABLE,STABLE
Uttar Pradesh_29.495_77.99,2024,3.8,0.0,Uttar Pradesh,Muzaffarnagar,0.1,3.9,4.1,2.9,3.8,0.0,0.0,Critical,Critical,FUTURE_CRITICAL,FUTURE_CRITICAL
Karnataka_nan_77.3167,2024,5.4,0.0,Karnataka,Bengaluru Rural,0.54,5.94,7.0200000000000005,2.4,5.4,0.0,0.0,Critical,Critical,FUTURE_CRITICAL,FUTURE_CRITICAL
Karnataka_17.6408_76.7447,2024,7.8,36.66666666666667,Karnataka,Kalaburagi,0.5222222222222221,8.322222222222223,9.366666666666667,2.1,11.1,30.86419753086419,19.259259259259252,Stressed,Critical,STABLE,FUTURE_CRITICAL
Kerala_10.0053_76.7101,2024,8.1,0.0,Kerala,Ernakulam,0.41428571428571426,8.514285714285714,9.342857142857142,5.2,8.1,0.0,0.0,Critical,Critical,FUTURE_CRITICAL,FUTURE_CRITICAL
Uttar Pradesh_29.4667_77.9583,2024,16.0,100.0,Uttar Pradesh,Muzaffarnagar,-0.3799999999999997,15.620000000000001,14.860000000000001,16.0,17.9,100.0,100.0,Safe,Safe,STABLE,STABLE
Tripura_23.2625_91.5417,2024,0.7,88.8888888888889,Tripura,South Tripura,-0.04999999999999999,0.6499999999999999,0.55,0.6,1.5,94.44444444444446,100.0,Safe,Safe,STABLE,STABLE
Tripura_23.5622_91.6353,2024,3.3,25.92592592592594,Tripura,Gomati,-0.08333333333333341,3.2166666666666663,3.05,1.3,4.0,29.012345679012363,35.1851851851852,Stressed,Stressed,STABLE,STABLE
Andhra Pradesh_18.6752_83.9489,2024,3.1,19.999999999999986,Andhra Pradesh,Srikakulam,0.08888888888888892,3.188888888888889,3.3666666666666667,1.9,3.4,14.07407407407405,2.2222222222222143,Critical,Critical,FUTURE_CRITICAL,FUTURE_CRITICAL
Andhra Pradesh_18.6113_83.5286,2024,2.2,71.79487179487178,Andhra Pradesh,Parvathipuram Manyam,0.1222222222222222,2.3222222222222224,2.566666666666667,1.1,5.0,68.66096866096866,62.39316239316239,Watch,Watch,STABLE,STABLE
Tripura_23.2558_91.4583,2024,1.5,100.0,Tripura,Gomati,-0.3,1.2,0.6000000000000001,1.5,3.3,100.0,100.0,Safe,Safe,STABLE,STABLE
Tripura_23.2322_91.3917,2024,3.9,28.57142857142857,Tripura,South Tripura,-0.08571428571428574,3.814285714285714,3.642857142857143,2.4,4.5,32.65306122448981,40.816326530612244,Stressed,Stressed,STABLE,STABLE
Tripura_23.2256_91.3294,2024,3.9,0.0,Tripura,South Tripura,0.04999999999999997,3.9499999999999997,4.05,2.7,3.9,0.0,0.0,Critical,Critical,FUTURE_CRITICAL,FUTURE_CRITICAL
Tripura_23.1148_91.5998,2024,2.5,50.0,Tripura,South Tripura,0.05999999999999992,2.56,2.6799999999999997,2.2,2.8,39.99999999999998,20.00000000000003,Stressed,Critical,EARLY_DEPLETION_WARNING,FUTURE_CRITICAL
Tripura_23.073_91.7755,2024,1.8,100.0,Tripura,South Tripura,-0.08000000000000003,1.72,1.56,1.8,3.6,100.0,100.0,Safe,Safe,STABLE,STABLE
Uttar Pradesh_29.5917_78.1667,2024,16.9,58.62068965517246,Uttar Pradesh,Bijnor,-0.08333333333333333,16.816666666666666,16.65,15.7,18.6,61.49425287356323,67.24137931034488,Watch,Watch,STABLE,STABLE
Karnataka_14.5164_75.7472,2024,13.2,0.0,Karnataka,Haveri,0.7857142857142857,13.985714285714286,15.557142857142857,3.6,13.2,0.0,0.0,Critical,Critical,FUTURE_CRITICAL,FUTURE_CRITICAL
Karnataka_15.35_76.9139,2024,6.1,0.0,Karnataka,Ballari,0.3399999999999999,6.4399999999999995,7.119999999999999,2.8,6.1,0.0,0.0,Critical,Critical,FUTURE_CRITICAL,FUTURE_CRITICAL
Karnataka_17.0167_76.45,2024,2.5,55.99999999999999,Karnataka,Kalaburagi,-0.2799999999999999,2.22,1.6600000000000001,1.4,3.9,67.19999999999999,89.6,Watch,Safe,RECOVERY_EXPECTED,RECOVERY_EXPECTED
Karnataka_16.2708_77.2708,2024,5.3,62.06896551724138,Karnataka,Raichur,-0.12941176470588245,5.170588235294117,4.911764705882352,0.9,12.5,63.184584178498994,65.41582150101421,Watch,Watch,STABLE,STABLE
Andhra Pradesh_18.6091_83.4236,2024,4.3,53.65853658536586,Andhra Pradesh,Vizianagaram,0.21111111111111105,4.511111111111111,4.933333333333333,2.4,6.5,48.509485094850945,38.211382113821145,Stressed,Stressed,STABLE,EARLY_DEPLETION_WARNING
Andhra Pradesh_18.593_83.5333,2024,4.7,0.0,Andhra Pradesh,Parvathipuram Manyam,0.2888888888888889,4.988888888888889,5.566666666666666,1.4,4.7,0.0,0.0,Critical,Critical,FUTURE_CRITICAL,FUTURE_CRITICAL
Andhra Pradesh_15.9159_80.4823,2024,2.7,77.77777777777776,Andhra Pradesh,Bapatla,-0.04444444444444439,2.655555555555556,2.566666666666667,2.5,3.4,82.71604938271602,92.59259259259257,Safe,Safe,STABLE,STABLE
Andhra Pradesh_15.8832_78.6544,2024,3.3,86.53846153846155,Andhra Pradesh,Nandyal,-0.3857142857142858,2.914285714285714,2.1428571428571423,2.6,7.8,93.95604395604396,100.0,Safe,Safe,STABLE,STABLE
Tripura_23.06_91.6115,2024,4.1,33.33333333333335,Tripura,South Tripura,0.2799999999999999,4.38,4.9399999999999995,2.7,4.8,19.999999999999996,0.0,Critical,Critical,FUTURE_CRITICAL,FUTURE_CRITICAL
Andhra Pradesh_14.2901_80.0947,2024,3.4,15.000000000000002,Andhra Pradesh,Sri Potti Sriramulu Nellore Muthukur,0.022222222222222216,3.422222222222222,3.466666666666667,1.7,3.7,13.888888888888895,11.666666666666659,Critical,Critical,FUTURE_CRITICAL,FUTURE_CRITICAL
Andhra Pradesh_14.2703_77.6254,2024,8.1,70.58823529411764,Andhra Pradesh,Sri Sathya Sai,-0.48749999999999993,7.6125,6.637499999999999,3.1,20.1,73.45588235294119,79.19117647058825,Watch,Safe,STABLE,STABLE
Karnataka_14.45_75.4167,2024,9.1,42.73504273504274,Karnataka,Haveri,1.1625,10.2625,12.5875,2.4,14.1,32.7991452991453,12.927350427350426,Stressed,Critical,STABLE,FUTURE_CRITICAL
Karnataka_14.1972_75.9569,2024,2.1,60.0,Karnataka,Davangere,0.3444444444444445,2.4444444444444446,3.1333333333333337,0.7,4.2,50.15873015873016,30.476190476190467,Watch,Stressed,STABLE,EARLY_DEPLETION_WARNING
Karnataka_14.6_75.2758,2024,9.0,0.0,Karnataka,Haveri,0.14285714285714282,9.142857142857142,9.428571428571429,1.9,9.0,0.0,0.0,Critical,Critical,FUTURE_CRITICAL,FUTURE_CRITICAL
Uttar Pradesh_29.7333_77.375,2024,6.5,100.0,Uttar Pradesh,Saharanpur,-0.2800000000000001,6.22,5.66,6.5,8.2,100.0,100.0,Safe,Safe,STABLE,STABLE
Uttar Pradesh_29.7167_77.425,2024,3.4,100.0,Uttar Pradesh,Saharanpur,-0.56,2.84,1.7199999999999998,3.4,6.2,100.0,100.0,Safe,Safe,STABLE,STABLE
Tripura_23.0642_91.6486,2024,4.0,46.15384615384613,Tripura,South Tripura,-0.012499999999999966,3.9875,3.9625,3.3,4.6,47.115384615384606,49.03846153846152,Stressed,Stressed,STABLE,STABLE
Andhra Pradesh_18.5712_83.3487,2024,4.1,0.0,Andhra Pradesh,Vizianagaram,0.2666666666666666,4.366666666666666,4.8999999999999995,1.7,4.1,0.0,0.0,Critical,Critical,FUTURE_CRITICAL,FUTURE_CRITICAL
Tripura_23.0455_91.7661,2024,10.5,0.0,Tripura,South Tripura,1.64,12.14,15.42,2.3,10.5,0.0,0.0,Critical,Critical,FUTURE_CRITICAL,FUTURE_CRITICAL
Tripura_23.0276_91.5701,2024,5.1,0.0,Tripura,South Tripura,0.72,5.819999999999999,7.26,1.5,5.1,0.0,0.0,Critical,Critical,FUTURE_CRITICAL,FUTURE_CRITICAL
Tripura_23.0062_91.7238,2024,5.0,28.12500000000001,Tripura,South Tripura,-0.09999999999999998,4.9,4.7,2.7,5.9,31.25,37.5,Stressed,Stressed,STABLE,STABLE
Tripura_22.9989_91.5536,2024,1.6,100.0,Tripura,South Tripura,-0.07999999999999999,1.52,1.36,1.6,2.1,100.0,100.0,Safe,Safe,STABLE,STABLE
Andhra Pradesh_18.4873_83.3283,2024,6.7,0.0,Andhra Pradesh,Vizianagaram,0.43333333333333335,7.133333333333334,8.0,2.8,6.7,0.0,0.0,Critical,Critical,FUTURE_CRITICAL,FUTURE_CRITICAL
Andhra Pradesh_18.4167_83.9041,2024,3.9,31.818181818181813,Andhra Pradesh,Srikakulam,0.039999999999999855,3.94,4.02,2.4,4.6,29.999999999999993,26.363636363636367,Stressed,Stressed,STABLE,STABLE
Andhra Pradesh_18.4039_83.3368,2024,5.0,11.111111111111116,Andhra Pradesh,Vizianagaram,0.35555555555555557,5.355555555555555,6.066666666666666,1.8,5.4,1.2345679012345845,0.0,Critical,Critical,FUTURE_CRITICAL,FUTURE_CRITICAL
Telangana_nan_80.5521,2024,1.8,0.0,Telangana,Khammam,0.18333333333333338,1.9833333333333334,2.35,0.1,1.8,0.0,0.0,Critical,Critical,FUTURE_CRITICAL,FUTURE_CRITICAL
Andhra Pradesh_18.3718_83.4004,2024,4.4,43.243243243243235,Andhra Pradesh,Vizianagaram,0.19999999999999998,4.6000000000000005,5.0,2.3,6.0,37.83783783783782,27.027027027027028,Stressed,Stressed,STABLE,EARLY_DEPLETION_WARNING
Telangana_nan_80.294,2024,1.3,44.44444444444444,Telangana,Khammam,9.25185853854297e-18,1.3,1.3,0.8,1.7,44.44444444444444,44.44444444444444,Stressed,Stressed,STABLE,STABLE
Telangana_nan_80.2423,2024,4.3,48.14814814814815,Telangana,Khammam,0.033333333333333305,4.333333333333333,4.3999999999999995,2.9,5.6,46.913580246913575,44.44444444444445,Stressed,Stressed,STABLE,STABLE
Uttarakhand_28.8311_79.8975,2024,4.6,10.000000000000053,Uttarakhand,Udam Singh Nagar,0.0,4.6,4.6,3.7,4.7,10.000000000000053,10.000000000000053,Critical,Critical,FUTURE_CRITICAL,FUTURE_CRITICAL
Karnataka_13.9833_75.6889,2024,1.9,93.90243902439023,Karnataka,Shivamogga,-0.0714285714285713,1.8285714285714285,1.685714285714286,1.4,9.6,94.77351916376307,96.51567944250871,Safe,Safe,STABLE,STABLE
Karnataka_13.9528_76.1236,2024,4.7,0.0,Karnataka,Chitradurga,0.74,5.44,6.92,1.0,4.7,0.0,0.0,Critical,Critical,FUTURE_CRITICAL,FUTURE_CRITICAL
Andhra Pradesh_18.3428_84.1225,2024,3.0,0.0,Andhra Pradesh,Srikakulam,0.05555555555555555,3.0555555555555554,3.1666666666666665,1.9,3.0,0.0,0.0,Critical,Critical,FUTURE_CRITICAL,FUTURE_CRITICAL
Andhra Pradesh_18.3298_84.0519,2024,7.0,0.0,Andhra Pradesh,Srikakulam,0.24444444444444446,7.2444444444444445,7.733333333333333,4.7,7.0,0.0,0.0,Critical,Critical,FUTURE_CRITICAL,FUTURE_CRITICAL
Telangana_nan_79.708,2024,4.5,33.333333333333314,Telangana,Hanumakonda,-0.11999999999999993,4.38,4.140000000000001,3.3,5.1,39.99999999999999,53.333333333333286,Stressed,Watch,STABLE,RECOVERY_EXPECTED
Telangana_nan_80.4421,2024,9.3,43.975903614457835,Telangana,Khammam,-1.0,8.3,6.300000000000001,0.0,16.6,50.0,62.04819277108433,Watch,Watch,STABLE,RECOVERY_EXPECTED
Andhra Pradesh_18.3207_82.8814,2024,5.1,100.0,Andhra Pradesh,Alluri Sitharama Raju,-0.2111111111111111,4.888888888888888,4.466666666666667,5.1,9.8,100.0,100.0,Safe,Safe,STABLE,STABLE
Telangana_nan_79.5905,2024,3.2,0.0,Telangana,Hanumakonda,0.23333333333333336,3.4333333333333336,3.9000000000000004,1.1,3.2,0.0,0.0,Critical,Critical,FUTURE_CRITICAL,FUTURE_CRITICAL
Karnataka_12.6667_77.45,2024,3.9,0.0,Karnataka,Ramanagara,0.32,4.22,4.859999999999999,1.8,3.9,0.0,0.0,Critical,Critical,FUTURE_CRITICAL,FUTURE_CRITICAL
Uttarakhand_28.9192_79.9661,2024,2.5,33.333333333333336,Uttarakhand,Udam Singh Nagar,0.044444444444444446,2.5444444444444443,2.6333333333333333,1.3,3.1,30.864197530864214,25.92592592592593,Stressed,Stressed,STABLE,STABLE
Uttarakhand_28.8714_79.9225,2024,4.2,9.090909090909062,Uttarakhand,Udam Singh Nagar,0.01111111111111117,4.211111111111111,4.233333333333333,3.2,4.3,8.080808080808055,6.060606060606045,Critical,Critical,FUTURE_CRITICAL,FUTURE_CRITICAL
Karnataka_12.5042_76.2917,2024,5.9,30.76923076923076,Karnataka,Mysuru,-0.39999999999999997,5.5,4.7,3.2,7.1,41.02564102564102,61.53846153846153,Stressed,Watch,RECOVERY_EXPECTED,RECOVERY_EXPECTED
Karnataka_12.25_75.85,2024,4.1,80.3921568627451,Karnataka,Kodagu,1.175,5.2749999999999995,7.625,2.1,12.3,68.87254901960786,45.833333333333336,Watch,Stressed,EARLY_DEPLETION_WARNING,EARLY_DEPLETION_WARNING
Karnataka_12.8614_74.8472,2024,6.7,89.39393939393939,Karnataka,Dakshina Kannada,0.012500000000000122,6.7125,6.737500000000001,6.0,12.6,89.20454545454545,88.82575757575756,Safe,Safe,STABLE,STABLE
Telangana_nan_79.5082,2024,2.4,57.14285714285714,Telangana,Hanumakonda,-0.32,2.08,1.44,1.2,4.0,68.57142857142857,91.42857142857143,Watch,Safe,RECOVERY_EXPECTED,RECOVERY_EXPECTED
Telangana_nan_80.1662,2024,3.2,47.82608695652173,Telangana,Khammam,-0.18333333333333332,3.016666666666667,2.6500000000000004,2.0,4.3,55.797101449275345,71.7391304347826,Watch,Watch,STABLE,RECOVERY_EXPECTED
Andhra Pradesh_18.2957_83.9774,2024,3.5,18.181818181818198,Andhra Pradesh,Srikakulam,-0.02222222222222224,3.477777777777778,3.433333333333333,2.6,3.7,20.20202020202021,24.242424242424278,Critical,Critical,FUTURE_CRITICAL,FUTURE_CRITICAL
Andhra Pradesh_18.2885_82.7921,2024,7.4,65.85365853658536,Andhra Pradesh,Alluri Sitharama Raju,-0.05555555555555561,7.344444444444445,7.233333333333333,6.0,10.1,67.20867208672085,69.91869918699187,Watch,Watch,STABLE,STABLE
Telangana_nan_79.3742,2024,4.3,75.75757575757575,Telangana,Karimnagar,-1.2500000000000002,3.05,0.5499999999999989,1.9,11.8,88.38383838383838,100.0,Safe,Safe,RECOVERY_EXPECTED,RECOVERY_EXPECTED
Telangana_nan_79.3008,2024,9.2,41.07142857142859,Telangana,Karimnagar,-0.38333333333333347,8.816666666666666,8.049999999999999,5.9,11.5,47.91666666666667,61.60714285714288,Stressed,Watch,STABLE,RECOVERY_EXPECTED
Telangana_nan_79.6899,2024,3.2,52.38095238095239,Telangana,Hanumakonda,-0.31428571428571445,2.8857142857142857,2.257142857142857,1.2,5.4,59.863945578231295,74.82993197278911,Watch,Watch,STABLE,RECOVERY_EXPECTED
Andhra Pradesh_18.2785_82.9669,2024,3.3,100.0,Andhra Pradesh,Alluri Sitharama Raju,-0.5333333333333333,2.7666666666666666,1.6999999999999997,3.3,11.1,100.0,100.0,Safe,Safe,STABLE,STABLE
Andhra Pradesh_18.2724_84.0028,2024,3.6,66.66666666666667,Andhra Pradesh,Srikakulam,0.09999999999999998,3.7,3.9,2.1,6.6,64.44444444444444,60.00000000000001,Watch,Watch,STABLE,STABLE
Telangana_nan_79.1668,2024,7.4,53.09734513274336,Telangana,Karimnagar,-1.0,6.4,4.4,2.1,13.4,61.94690265486725,79.64601769911505,Watch,Safe,STABLE,RECOVERY_EXPECTED
Uttarakhand_28.9961_80.0722,2024,5.0,82.14285714285714,Uttarakhand,Champawat,-0.575,4.425,3.2750000000000004,4.0,9.6,92.41071428571429,100.0,Safe,Safe,RECOVERY_EXPECTED,RECOVERY_EXPECTED
Karnataka_12.095_76.6689,2024,9.3,0.0,Karnataka,Mysuru,-0.03333333333333341,9.266666666666667,9.200000000000001,2.2,9.3,0.46948356807511304,1.4084507042253502,Critical,Critical,FUTURE_CRITICAL,FUTURE_CRITICAL
Karnataka_12.2547_75.6431,2024,5.7,72.72727272727273,Karnataka,Kodagu,0.24000000000000013,5.94,6.420000000000001,4.5,8.9,67.27272727272727,56.363636363636346,Watch,Watch,STABLE,EARLY_DEPLETION_WARNING
Karnataka_12.1717_75.8811,2024,12.2,0.0,Karnataka,Kodagu,-1.011111111111111,11.188888888888888,9.166666666666666,1.6,12.2,9.53878406708596,28.616352201257868,Critical,Stressed,FUTURE_CRITICAL,RECOVERY_EXPECTED
Telangana_nan_79.1617,2024,3.6,74.19354838709677,Telangana,Karimnagar,-0.7666666666666665,2.8333333333333335,1.3000000000000007,2.0,8.2,86.55913978494623,100.0,Safe,Safe,RECOVERY_EXPECTED,RECOVERY_EXPECTED
Telangana_nan_79.5012,2024,3.3,84.44444444444444,Telangana,Hanumakonda,-1.52,1.7799999999999998,0.0,1.9,10.9,100.0,100.0,Safe,Safe,RECOVERY_EXPECTED,RECOVERY_EXPECTED
Telangana_19.4795_79.5703,2024,4.2,33.33333333333333,Telangana,Kumuram Bheem Asifabad Sirpur (T),0.1,4.3,4.5,2.6,5.0,29.166666666666675,20.833333333333336,Stressed,Critical,STABLE,FUTURE_CRITICAL
Telangana_nan_79.2894,2024,3.1,69.49152542372882,Telangana,Karimnagar,-0.6833333333333335,2.4166666666666665,1.0499999999999998,1.3,7.2,81.07344632768361,100.0,Safe,Safe,RECOVERY_EXPECTED,RECOVERY_EXPECTED
Andhra Pradesh_18.2412_83.3463,2024,2.6,64.28571428571428,Andhra Pradesh,Vizianagaram,0.01111111111111112,2.611111111111111,2.6333333333333333,2.1,3.5,63.49206349206349,61.904761904761905,Watch,Watch,STABLE,STABLE
Andhra Pradesh_18.2388_83.0011,2024,5.3,0.0,Andhra Pradesh,Alluri Sitharama Raju,0.08750000000000002,5.3875,5.5625,4.2,5.3,0.0,0.0,Critical,Critical,FUTURE_CRITICAL,FUTURE_CRITICAL
Telangana_19.2122_78.8772,2024,5.9,0.0,Telangana,Nirmal,0.1444444444444445,6.044444444444445,6.333333333333334,2.9,5.9,0.0,0.0,Critical,Critical,FUTURE_CRITICAL,FUTURE_CRITICAL
Telangana_nan_78.4947,2024,2.7,100.0,Telangana,Hyderabad,-0.039999999999999945,2.66,2.5800000000000005,2.7,3.6,100.0,100.0,Safe,Safe,STABLE,STABLE
Uttarakhand_29.0586_79.2256,2024,8.1,0.0,Uttarakhand,Udam Singh Nagar,0.6111111111111112,8.71111111111111,9.933333333333334,2.2,8.1,0.0,0.0,Critical,Critical,FUTURE_CRITICAL,FUTURE_CRITICAL
Jharkhand_25.1081_87.3619,2024,2.2,100.0,Jharkhand,Godda,-0.13999999999999996,2.06,1.7800000000000002,2.2,5.6,100.0,100.0,Safe,Safe,STABLE,STABLE
Jharkhand_25.05_87.3667,2024,7.3,50.00000000000002,Jharkhand,Godda,-0.03333333333333329,7.266666666666667,7.2,6.2,8.4,51.51515151515154,54.54545454545454,Watch,Watch,STABLE,STABLE
Karnataka_12.0056_77.4083,2024,8.4,41.269841269841265,Karnataka,Chamarajanagara,-0.8166666666666668,7.583333333333334,5.95,4.7,11.0,54.232804232804234,80.15873015873017,Watch,Safe,RECOVERY_EXPECTED,RECOVERY_EXPECTED
Jharkhand_25.15_87.3861,2024,5.7,24.32432432432431,Jharkhand,Godda,0.3857142857142858,6.085714285714286,6.857142857142858,2.9,6.6,13.899613899613872,0.0,Critical,Critical,FUTURE_CRITICAL,FUTURE_CRITICAL
Karnataka_12.1208_76.4667,2024,11.0,0.0,Karnataka,Mysuru,0.5,11.5,12.5,2.5,11.0,0.0,0.0,Critical,Critical,FUTURE_CRITICAL,FUTURE_CRITICAL
Uttarakhand_28.9714_80.0242,2024,6.4,29.729729729729716,Uttarakhand,Udam Singh Nagar,0.025000000000000022,6.425000000000001,6.4750000000000005,3.8,7.5,29.054054054054035,27.702702702702688,Stressed,Stressed,STABLE,STABLE
Uttarakhand_28.94_79.8783,2024,5.0,0.0,Uttarakhand,Udam Singh Nagar,0.2555555555555556,5.2555555555555555,5.766666666666667,2.7,5.0,0.0,0.0,Critical,Critical,FUTURE_CRITICAL,FUTURE_CRITICAL
Andhra Pradesh_18.216_83.1019,2024,5.0,0.0,Andhra Pradesh,Alluri Sitharama Raju,0.07777777777777779,5.0777777777777775,5.233333333333333,4.2,5.0,0.0,0.0,Critical,Critical,FUTURE_CRITICAL,FUTURE_CRITICAL
Andhra Pradesh_18.2074_83.0743,2024,5.0,0.0,Andhra Pradesh,Alluri Sitharama Raju,0.24444444444444446,5.2444444444444445,5.733333333333333,2.8,5.0,0.0,0.0,Critical,Critical,FUTURE_CRITICAL,FUTURE_CRITICAL
Telangana_19.0982_78.7809,2024,2.5,26.66666666666666,Telangana,Nirmal,0.08888888888888889,2.588888888888889,2.7666666666666666,1.4,2.9,20.740740740740726,8.888888888888891,Critical,Critical,FUTURE_CRITICAL,FUTURE_CRITICAL
Telangana_19.2596_79.4147,2024,2.5,0.0,Telangana,Kumuram Bheem Asifabad Rebbena,0.1,2.6,2.8,1.2,2.5,0.0,0.0,Critical,Critical,FUTURE_CRITICAL,FUTURE_CRITICAL
Andhra Pradesh_18.1636_83.3779,2024,4.8,47.05882352941176,Andhra Pradesh,Vizianagaram,0.29999999999999993,5.1,5.699999999999999,2.1,7.2,41.176470588235304,29.41176470588236,Stressed,Stressed,STABLE,EARLY_DEPLETION_WARNING
Telangana_19.0803_78.3629,2024,4.4,75.0,Telangana,Nirmal,-0.2166666666666666,4.183333333333334,3.7500000000000004,3.7,6.5,82.73809523809523,98.21428571428571,Safe,Safe,STABLE,RECOVERY_EXPECTED
Uttarakhand_29.0408_80.0942,2024,9.4,53.33333333333332,Uttarakhand,Champawat,-0.17777777777777773,9.222222222222223,8.866666666666667,8.0,11.0,59.25925925925923,71.1111111111111,Watch,Watch,STABLE,RECOVERY_EXPECTED
Uttarakhand_29.0689_79.2344,2024,3.1,54.54545454545454,Uttarakhand,Udam Singh Nagar,-0.12222222222222223,2.977777777777778,2.7333333333333334,2.1,4.3,60.1010101010101,71.21212121212122,Watch,Watch,STABLE,RECOVERY_EXPECTED
Uttarakhand_29.0658_80.1047,2024,10.6,50.0,Uttarakhand,Champawat,0.1111111111111111,10.71111111111111,10.933333333333334,9.6,11.6,44.444444444444464,33.3333333333333,Stressed,Stressed,STABLE,EARLY_DEPLETION_WARNING
Assam_26.0567_90.4953,2024,2.2,44.99999999999999,Assam,Goalpara,0.06250000000000001,2.2625,2.3875,1.1,3.1,41.87499999999999,35.62499999999999,Stressed,Stressed,STABLE,STABLE
Jharkhand_25.0361_87.5972,2024,2.2,100.0,Jharkhand,Sahebganj,-0.275,1.9250000000000003,1.375,2.2,4.7,100.0,100.0,Safe,Safe,STABLE,STABLE
Jharkhand_25.1458_87.5069,2024,4.0,65.21739130434783,Jharkhand,Sahebganj,0.09999999999999998,4.1,4.3,3.2,5.5,60.86956521739133,52.17391304347827,Watch,Watch,STABLE,STABLE
Uttarakhand_28.9886_79.3464,2024,3.5,70.2127659574468,Uttarakhand,Udam Singh Nagar,0.022222222222222143,3.522222222222222,3.5666666666666664,2.1,6.8,69.73995271867612,68.79432624113475,Watch,Watch,STABLE,STABLE
Telangana_19.0519_79.485,2024,1.2,0.0,Telangana,Mancherial,0.033333333333333326,1.2333333333333334,1.2999999999999998,0.0,1.2,0.0,0.0,Critical,Critical,FUTURE_CRITICAL,FUTURE_CRITICAL
Telangana_19.1675_79.5831,2024,7.3,0.0,Telangana,Mancherial,0.08333333333333337,7.383333333333333,7.55,4.9,7.3,0.0,0.0,Critical,Critical,FUTURE_CRITICAL,FUTURE_CRITICAL
Telangana_19.0154_78.5301,2024,5.0,54.054054054054056,Telangana,Nirmal,0.10000000000000002,5.1,5.3,3.3,7.0,51.35135135135136,45.94594594594595,Watch,Stressed,STABLE,STABLE
Telangana_19.0043_79.1445,2024,5.4,15.384615384615364,Telangana,Mancherial,-0.057142857142857065,5.342857142857143,5.2285714285714295,3.2,5.8,17.582417582417552,21.978021978021932,Critical,Critical,FUTURE_CRITICAL,FUTURE_CRITICAL
Telangana_18.9837_77.9199,2024,4.1,71.64179104477613,Telangana,Nirmal,-0.6000000000000001,3.4999999999999996,2.2999999999999994,2.2,8.9,80.59701492537314,98.50746268656717,Safe,Safe,STABLE,RECOVERY_EXPECTED
Andhra Pradesh_18.0753_83.4789,2024,4.2,70.37037037037037,Andhra Pradesh,Vizianagaram,0.28421052631578947,4.48421052631579,5.052631578947368,2.6,8.0,65.10721247563352,54.58089668615985,Watch,Watch,STABLE,EARLY_DEPLETION_WARNING
Telangana_18.8722_77.9451,2024,7.2,82.14285714285714,Telangana,Nirmal,-0.19999999999999998,7.0,6.6000000000000005,6.2,11.8,85.71428571428572,92.85714285714285,Safe,Safe,STABLE,STABLE
Jharkhand_24.7219_87.7189,2024,8.4,0.0,Jharkhand,Pakur,0.12499999999999997,8.525,8.775,5.7,8.4,0.0,0.0,Critical,Critical,FUTURE_CRITICAL,FUTURE_CRITICAL
Jharkhand_24.8442_87.5978,2024,6.2,78.57142857142858,Jharkhand,Sahebganj,-0.11999999999999988,6.08,5.840000000000001,5.9,7.3,87.14285714285715,100.0,Safe,Safe,STABLE,RECOVERY_EXPECTED
Jharkhand_24.8417_87.8,2024,4.6,30.434782608695667,Jharkhand,Sahebganj,-0.14000000000000004,4.46,4.18,3.0,5.3,36.52173913043478,48.695652173913054,Stressed,Stressed,STABLE,RECOVERY_EXPECTED
Jharkhand_24.8403_87.2372,2024,5.4,100.0,Jharkhand,Godda,-0.014285714285714235,5.385714285714286,5.357142857142858,5.4,7.2,100.0,100.0,Safe,Safe,STABLE,STABLE
Jharkhand_24.8889_87.625,2024,7.6,0.0,Jharkhand,Sahebganj,0.11249999999999993,7.7124999999999995,7.937499999999999,4.7,7.6,0.0,0.0,Critical,Critical,FUTURE_CRITICAL,FUTURE_CRITICAL
Jharkhand_24.8444_87.7136,2024,6.4,26.66666666666666,Jharkhand,Sahebganj,0.13750000000000007,6.5375000000000005,6.812500000000001,4.2,7.2,22.08333333333332,12.916666666666643,Critical,Critical,FUTURE_CRITICAL,FUTURE_CRITICAL
Jharkhand_25.0294_87.6161,2024,4.2,87.99999999999999,Jharkhand,Sahebganj,0.022222222222222216,4.222222222222222,4.266666666666667,3.9,6.4,87.1111111111111,85.33333333333334,Safe,Safe,STABLE,STABLE
Jharkhand_25.0139_87.2778,2024,4.3,50.000000000000014,Jharkhand,Godda,0.07499999999999996,4.375,4.5249999999999995,3.1,5.5,46.875,40.62500000000002,Stressed,Stressed,STABLE,STABLE
Andhra Pradesh_17.893_83.4534,2024,9.1,2.564102564102577,Andhra Pradesh,Visakhapatnam,0.3222222222222221,9.422222222222222,10.066666666666666,1.5,9.3,0.0,0.0,Critical,Critical,FUTURE_CRITICAL,FUTURE_CRITICAL
Andhra Pradesh_17.8876_83.4521,2024,3.2,81.35593220338984,Andhra Pradesh,Visakhapatnam,0.08888888888888895,3.288888888888889,3.466666666666667,2.1,8.0,79.84934086629002,76.8361581920904,Safe,Safe,STABLE,STABLE
Andhra Pradesh_15.9606_79.9626,2024,3.4,33.33333333333333,Andhra Pradesh,Bapatla,0.26666666666666666,3.6666666666666665,4.2,1.0,4.6,25.92592592592592,11.111111111111093,Stressed,Critical,STABLE,FUTURE_CRITICAL
Andhra Pradesh_17.8554_82.4361,2024,1.3,33.33333333333333,Andhra Pradesh,Alluri Sitharama Raju,0.06666666666666665,1.3666666666666667,1.5,0.5,1.7,27.777777777777768,16.666666666666664,Stressed,Critical,STABLE,FUTURE_CRITICAL
Telangana_18.8462_79.6963,2024,5.2,80.00000000000001,Telangana,Mancherial,-0.1333333333333333,5.066666666666666,4.800000000000001,4.9,6.4,88.88888888888893,100.0,Safe,Safe,STABLE,RECOVERY_EXPECTED
Andhra Pradesh_17.8417_83.2152,2024,3.4,0.0,Andhra Pradesh,Visakhapatnam,0.16666666666666666,3.5666666666666664,3.9,1.8,3.4,0.0,0.0,Critical,Critical,FUTURE_CRITICAL,FUTURE_CRITICAL
Telangana_18.8042_78.0923,2024,2.6,92.3076923076923,Telangana,Nizamabad,-0.6875,1.9125,0.5375000000000001,2.1,8.6,100.0,100.0,Safe,Safe,STABLE,STABLE
Andhra Pradesh_17.8387_82.8678,2024,3.4,38.0952380952381,Andhra Pradesh,Anakapalli,-0.08888888888888889,3.311111111111111,3.1333333333333333,2.1,4.2,42.32804232804235,50.793650793650805,Stressed,Watch,STABLE,STABLE
Andhra Pradesh_17.8324_83.2291,2024,3.8,9.523809523809534,Andhra Pradesh,Visakhapatnam,0.21111111111111108,4.011111111111111,4.433333333333334,1.9,4.0,0.0,0.0,Critical,Critical,FUTURE_CRITICAL,FUTURE_CRITICAL
Andhra Pradesh_17.8235_83.2084,2024,3.3,0.0,Andhra Pradesh,Visakhapatnam,0.2444444444444444,3.5444444444444443,4.033333333333333,0.7,3.3,0.0,0.0,Critical,Critical,FUTURE_CRITICAL,FUTURE_CRITICAL
Telangana_18.6821_79.3216,2024,3.0,64.40677966101694,Telangana,Peddapalli,2.4671622769447922e-17,3.0,3.0,0.9,6.8,64.40677966101694,64.40677966101694,Watch,Watch,STABLE,STABLE
Telangana_18.7968_78.0277,2024,2.8,85.71428571428572,Telangana,Nizamabad,-0.08888888888888882,2.711111111111111,2.533333333333333,2.1,7.0,87.52834467120182,91.15646258503402,Safe,Safe,STABLE,STABLE
Uttarakhand_29.0964_79.31,2024,1.5,100.0,Uttarakhand,Udam Singh Nagar,-0.06666666666666667,1.4333333333333333,1.3,1.5,2.4,100.0,100.0,Safe,Safe,STABLE,STABLE
Jharkhand_24.6339_87.8778,2024,10.2,26.7605633802817,Jharkhand,Pakur,0.07500000000000001,10.274999999999999,10.424999999999999,5.0,12.1,25.704225352112697,23.591549295774662,Stressed,Critical,STABLE,FUTURE_CRITICAL
Jharkhand_24.71_87.6142,2024,4.2,81.48148148148148,Jharkhand,Pakur,-0.2999999999999999,3.9000000000000004,3.3000000000000007,3.2,8.6,87.03703703703704,98.14814814814814,Safe,Safe,STABLE,RECOVERY_EXPECTED
Jharkhand_24.7069_87.63,2024,8.4,18.000000000000004,Jharkhand,Pakur,0.125,8.525,8.775,4.3,9.3,15.500000000000004,10.500000000000009,Critical,Critical,FUTURE_CRITICAL,FUTURE_CRITICAL
Jharkhand_24.7883_87.2069,2024,3.3,70.58823529411765,Jharkhand,Godda,-0.15000000000000005,3.15,2.8499999999999996,2.8,4.5,79.41176470588235,97.05882352941177,Safe,Safe,STABLE,RECOVERY_EXPECTED
Uttarakhand_29.0744_79.5222,2024,11.4,17.33333333333332,Uttarakhand,Nainital,0.24444444444444458,11.644444444444446,12.133333333333335,5.2,12.7,14.07407407407405,7.555555555555527,Critical,Critical,FUTURE_CRITICAL,FUTURE_CRITICAL
Andhra Pradesh_17.8194_82.8377,2024,3.4,3.8461538461538547,Andhra Pradesh,Anakapalli,-0.011111111111111096,3.388888888888889,3.3666666666666667,0.9,3.5,4.2735042735042805,5.128205128205132,Critical,Critical,FUTURE_CRITICAL,FUTURE_CRITICAL
Andhra Pradesh_17.8071_82.4959,2024,1.7,100.0,Andhra Pradesh,Alluri Sitharama Raju,-0.011111111111111122,1.6888888888888889,1.6666666666666665,1.7,2.1,100.0,100.0,Safe,Safe,STABLE,STABLE
Telangana_18.6521_79.6701,2024,10.2,64.28571428571429,Telangana,Peddapalli,0.4285714285714284,10.628571428571428,11.485714285714284,7.2,15.6,59.183673469387756,48.979591836734706,Watch,Stressed,STABLE,EARLY_DEPLETION_WARNING
Telangana_18.7289_79.1709,2024,4.5,62.5,Telangana,Peddapalli,-0.25555555555555554,4.2444444444444445,3.7333333333333334,2.4,8.0,67.06349206349206,76.19047619047619,Watch,Safe,STABLE,STABLE
Meghalaya_25.2833_91.7167,2024,0.1,100.0,Meghalaya,East Khasi Hills,-0.06666666666666676,0.03333333333333324,0.0,0.1,5.8,100.0,100.0,Safe,Safe,STABLE,STABLE
Meghalaya_25.1889_91.3814,2024,2.0,50.0,Meghalaya,East Khasi Hills,0.0,2.0,2.0,1.4,2.6,50.0,50.0,Watch,Watch,STABLE,STABLE
Meghalaya_25.5425_90.585,2024,2.8,100.0,Meghalaya,East Garo Hills,-0.1857142857142857,2.6142857142857143,2.242857142857143,2.8,6.5,100.0,100.0,Safe,Safe,STABLE,STABLE
Telangana_18.6577_79.8101,2024,4.9,15.99999999999998,Telangana,Peddapalli,0.1444444444444445,5.044444444444445,5.333333333333334,2.8,5.3,10.222222222222188,0.0,Critical,Critical,FUTURE_CRITICAL,FUTURE_CRITICAL
Jharkhand_24.4694_87.125,2024,2.5,0.0,Jharkhand,Dumka,0.17499999999999996,2.675,3.025,1.1,2.5,0.0,0.0,Critical,Critical,FUTURE_CRITICAL,FUTURE_CRITICAL
Jharkhand_24.5139_86.1875,2024,5.1,42.85714285714286,Jharkhand,Giridih,0.09999999999999998,5.199999999999999,5.3999999999999995,3.1,6.6,40.000000000000014,34.2857142857143,Stressed,Stressed,STABLE,STABLE
Jharkhand_24.4931_83.9356,2024,6.8,11.627906976744185,Jharkhand,Palamu,0.3799999999999999,7.18,7.9399999999999995,3.0,7.3,2.7906976744186074,0.0,Critical,Critical,FUTURE_CRITICAL,FUTURE_CRITICAL
Jharkhand_24.4917_87.4917,2024,8.9,0.0,Jharkhand,Dumka,0.08571428571428566,8.985714285714286,9.157142857142857,6.4,8.9,0.0,0.0,Critical,Critical,FUTURE_CRITICAL,FUTURE_CRITICAL
Jharkhand_24.5453_87.6122,2024,2.3,20.000000000000018,Jharkhand,Pakur,0.23999999999999994,2.5399999999999996,3.0199999999999996,1.1,2.6,4.000000000000037,0.0,Critical,Critical,FUTURE_CRITICAL,FUTURE_CRITICAL
Jharkhand_24.5319_87.5681,2024,5.2,5.555555555555558,Jharkhand,Pakur,0.3,5.5,6.1,1.8,5.4,0.0,0.0,Critical,Critical,FUTURE_CRITICAL,FUTURE_CRITICAL
Jharkhand_24.7014_87.6756,2024,5.9,18.74999999999999,Jharkhand,Pakur,0.5200000000000001,6.420000000000001,7.460000000000001,3.3,6.5,2.499999999999969,0.0,Critical,Critical,FUTURE_CRITICAL,FUTURE_CRITICAL
Jharkhand_24.6833_87.8244,2024,3.5,79.54545454545455,Jharkhand,Pakur,-0.039999999999999945,3.46,3.3800000000000003,2.6,7.0,80.45454545454545,82.27272727272728,Safe,Safe,STABLE,STABLE
Meghalaya_25.51_90.5194,2024,1.7,72.22222222222221,Meghalaya,East Garo Hills,-0.0571428571428572,1.6428571428571428,1.5285714285714285,1.2,3.0,75.39682539682539,81.74603174603175,Safe,Safe,STABLE,STABLE
Meghalaya_25.5656_91.8961,2024,2.1,86.95652173913044,Meghalaya,East Khasi Hills,0.019999999999999997,2.12,2.16,1.8,4.1,86.08695652173913,84.34782608695652,Safe,Safe,STABLE,STABLE
Meghalaya_25.5561_90.7148,2024,2.7,19.999999999999996,Meghalaya,East Garo Hills,0.028571428571428602,2.7285714285714286,2.785714285714286,1.1,3.1,18.571428571428573,15.714285714285703,Critical,Critical,FUTURE_CRITICAL,FUTURE_CRITICAL
Meghalaya_25.5797_91.9069,2024,2.8,37.50000000000002,Meghalaya,East Khasi Hills,0.012499999999999956,2.8125,2.8374999999999995,2.3,3.1,35.9375,32.812500000000064,Stressed,Stressed,STABLE,STABLE
Meghalaya_25.5706_91.8903,2024,0.6,100.0,Meghalaya,East Khasi Hills,-0.05,0.5499999999999999,0.44999999999999996,0.6,1.1,100.0,100.0,Safe,Safe,STABLE,STABLE
Meghalaya_25.58_90.5268,2024,0.4,100.0,Meghalaya,East Garo Hills,-0.32857142857142857,0.07142857142857145,0.0,0.4,5.2,100.0,100.0,Safe,Safe,STABLE,STABLE
Telangana_18.5976_78.025,2024,5.7,100.0,Telangana,Nizamabad,-0.044444444444444384,5.655555555555556,5.566666666666667,5.7,16.5,100.0,100.0,Safe,Safe,STABLE,STABLE
Uttarakhand_29.1153_79.2944,2024,3.0,0.0,Uttarakhand,Udam Singh Nagar,0.4000000000000001,3.4,4.2,0.1,3.0,0.0,0.0,Critical,Critical,FUTURE_CRITICAL,FUTURE_CRITICAL
Andhra Pradesh_14.1919_79.8718,2024,2.6,0.0,Andhra Pradesh,Sri Potti Sriramulu Nellore Manubolu,0.09999999999999999,2.7,2.9,1.7,2.6,0.0,0.0,Critical,Critical,FUTURE_CRITICAL,FUTURE_CRITICAL
Jharkhand_24.4542_85.5958,2024,5.7,12.12121212121211,Jharkhand,Koderma,0.012500000000000063,5.7125,5.737500000000001,2.8,6.1,11.742424242424221,10.984848484848452,Critical,Critical,FUTURE_CRITICAL,FUTURE_CRITICAL
Jharkhand_24.4408_85.5222,2024,6.7,0.0,Jharkhand,Koderma,0.17500000000000004,6.875,7.2250000000000005,4.4,6.7,0.0,0.0,Critical,Critical,FUTURE_CRITICAL,FUTURE_CRITICAL
Jharkhand_24.4694_85.6,2024,6.1,65.88235294117648,Jharkhand,Koderma,0.04999999999999988,6.1499999999999995,6.249999999999999,3.2,11.7,65.29411764705884,64.11764705882355,Watch,Watch,STABLE,STABLE
Jharkhand_24.4667_84.0417,2024,4.6,100.0,Jharkhand,Palamu,-0.21666666666666679,4.383333333333333,3.9499999999999993,4.6,6.6,100.0,100.0,Safe,Safe,STABLE,STABLE
Jharkhand_24.4769_86.1956,2024,7.5,37.03703703703704,Jharkhand,Giridih,0.09999999999999992,7.6,7.8,4.1,9.5,35.18518518518518,31.481481481481488,Stressed,Stressed,STABLE,STABLE
Uttarakhand_29.0925_79.2931,2024,0.1,100.0,Uttarakhand,Udam Singh Nagar,-0.2888888888888889,0.0,0.0,0.1,3.2,100.0,100.0,Safe,Safe,STABLE,STABLE
Uttarakhand_29.1267_79.2372,2024,0.3,100.0,Uttarakhand,Udam Singh Nagar,-0.32222222222222224,0.0,0.0,0.3,4.1,100.0,100.0,Safe,Safe,STABLE,STABLE
Meghalaya_25.5819_91.8944,2024,5.2,58.33333333333333,Meghalaya,East Khasi Hills,0.18750000000000003,5.3875,5.7625,3.7,7.3,53.125,42.70833333333333,Watch,Stressed,STABLE,EARLY_DEPLETION_WARNING
Meghalaya_25.6103_90.7397,2024,3.7,12.49999999999999,Meghalaya,East Garo Hills,0.20000000000000004,3.9000000000000004,4.300000000000001,1.6,4.0,4.166666666666652,0.0,Critical,Critical,FUTURE_CRITICAL,FUTURE_CRITICAL
Meghalaya_25.6667_90.8042,2024,4.8,68.42105263157896,Meghalaya,East Garo Hills,0.012499999999999983,4.8125,4.8374999999999995,4.2,6.1,67.76315789473684,66.44736842105266,Watch,Watch,STABLE,STABLE
Meghalaya_25.8247_90.4658,2024,1.8,100.0,Meghalaya,North Garo Hills,-0.07142857142857142,1.7285714285714286,1.5857142857142859,1.8,2.9,100.0,100.0,Safe,Safe,STABLE,STABLE
Meghalaya_25.7488_90.4042,2024,1.4,83.33333333333334,Meghalaya,North Garo Hills,0.04999999999999997,1.45,1.5499999999999998,1.1,2.9,80.55555555555556,75.00000000000001,Safe,Safe,STABLE,STABLE
Meghalaya_25.7361_90.8244,2024,3.2,78.57142857142854,Meghalaya,East Garo Hills,0.03750000000000003,3.2375000000000003,3.3125000000000004,2.9,4.3,75.89285714285711,70.53571428571425,Safe,Watch,STABLE,STABLE
Andhra Pradesh_17.7801_83.3851,2024,2.9,18.181818181818198,Andhra Pradesh,Visakhapatnam,0.022222222222222206,2.922222222222222,2.9666666666666663,2.0,3.1,16.161616161616188,12.121212121212155,Critical,Critical,FUTURE_CRITICAL,FUTURE_CRITICAL
Uttarakhand_29.1592_79.0583,2024,3.7,27.586206896551722,Uttarakhand,Udam Singh Nagar,0.21111111111111117,3.9111111111111114,4.333333333333334,1.6,4.5,20.30651340996168,5.747126436781591,Critical,Critical,FUTURE_CRITICAL,FUTURE_CRITICAL
Jharkhand_24.2958_86.3556,2024,4.1,66.66666666666667,Jharkhand,Giridih,-0.11250000000000002,3.9875,3.7624999999999997,2.4,7.5,68.87254901960785,73.28431372549021,Watch,Watch,STABLE,STABLE
Assam_26.0636_93.1829,2024,6.2,16.666666666666675,Assam,Karbi Anglong,-0.014285714285714235,6.185714285714286,6.1571428571428575,2.7,6.9,17.006802721088444,17.68707482993197,Critical,Critical,FUTURE_CRITICAL,FUTURE_CRITICAL
Jharkhand_24.3728_85.6444,2024,4.5,30.76923076923077,Jharkhand,Koderma,-6.938893903907228e-18,4.5,4.5,1.8,5.7,30.76923076923077,30.76923076923077,Stressed,Stressed,STABLE,STABLE
Jharkhand_24.3847_87.0708,2024,6.0,85.7142857142857,Jharkhand,Dumka,-0.057142857142857204,5.942857142857143,5.828571428571428,5.8,7.2,89.79591836734691,97.9591836734694,Safe,Safe,STABLE,STABLE
Jharkhand_24.4125_85.625,2024,4.1,25.00000000000002,Jharkhand,Koderma,0.09999999999999996,4.199999999999999,4.3999999999999995,2.3,4.7,20.83333333333337,12.500000000000021,Critical,Critical,FUTURE_CRITICAL,FUTURE_CRITICAL
Jharkhand_24.3_87.2875,2024,5.6,26.82926829268293,Jharkhand,Dumka,0.6,6.199999999999999,7.3999999999999995,2.6,6.7,12.195121951219523,0.0,Critical,Critical,FUTURE_CRITICAL,FUTURE_CRITICAL
Meghalaya_25.8989_90.7775,2024,3.4,56.52173913043479,Meghalaya,North Garo Hills,-0.050000000000000044,3.3499999999999996,3.25,2.4,4.7,58.69565217391306,63.04347826086957,Watch,Watch,STABLE,STABLE
Meghalaya_25.8861_90.5125,2024,3.5,0.0,Meghalaya,North Garo Hills,-5.551115123125783e-17,3.5,3.5,1.6,3.5,0.0,0.0,Critical,Critical,FUTURE_CRITICAL,FUTURE_CRITICAL
Meghalaya_25.9056_90.8944,2024,2.4,93.75,Meghalaya,North Garo Hills,-0.08750000000000002,2.3125,2.1374999999999997,2.3,3.9,99.21874999999999,100.0,Safe,Safe,STABLE,STABLE
Meghalaya_26.0489_91.8689,2024,2.5,25.000000000000032,Meghalaya,Ri Bhoi,-0.020000000000000018,2.48,2.44,2.2,2.6,30.00000000000004,40.00000000000005,Stressed,Stressed,STABLE,RECOVERY_EXPECTED
Andhra Pradesh_17.7577_83.3258,2024,8.4,0.0,Andhra Pradesh,Visakhapatnam,0.35555555555555557,8.755555555555556,9.466666666666667,3.0,8.4,0.0,0.0,Critical,Critical,FUTURE_CRITICAL,FUTURE_CRITICAL
Punjab_29.6944_75.2292,2024,7.6,30.00000000000007,Punjab,Mansa,-0.04285714285714296,7.557142857142857,7.471428571428571,6.9,7.9,34.28571428571434,42.857142857142975,Stressed,Stressed,STABLE,STABLE
Uttarakhand_29.1528_78.9639,2024,5.7,56.25,Uttarakhand,Udam Singh Nagar,-0.011111111111111072,5.688888888888889,5.666666666666667,1.5,11.1,56.36574074074075,56.59722222222221,Watch,Watch,STABLE,STABLE
Uttarakhand_29.1756_79.0136,2024,5.6,36.58536585365854,Uttarakhand,Udam Singh Nagar,0.12222222222222218,5.722222222222221,5.966666666666666,3.0,7.1,33.60433604336045,27.642276422764244,Stressed,Stressed,STABLE,STABLE
Jharkhand_24.2667_87.25,2024,5.0,7.407407407407418,Jharkhand,Dumka,-0.028571428571428605,4.9714285714285715,4.914285714285715,2.5,5.2,8.465608465608465,10.582010582010582,Critical,Critical,FUTURE_CRITICAL,FUTURE_CRITICAL
Jharkhand_24.2794_86.6378,2024,4.9,58.333333333333314,Jharkhand,Deoghar,-0.15714285714285708,4.742857142857143,4.428571428571429,3.9,6.3,64.88095238095238,77.97619047619047,Watch,Safe,STABLE,RECOVERY_EXPECTED
Jharkhand_24.2792_86.65,2024,5.3,60.71428571428572,Jharkhand,Deoghar,0.13749999999999998,5.4375,5.7124999999999995,4.2,7.0,55.80357142857143,45.98214285714288,Watch,Stressed,STABLE,STABLE
Jharkhand_24.3472_87.1528,2024,8.7,25.64102564102565,Jharkhand,Dumka,0.25,8.95,9.45,5.8,9.7,19.23076923076923,6.41025641025641,Critical,Critical,FUTURE_CRITICAL,FUTURE_CRITICAL
Uttarakhand_29.1414_79.1894,2024,4.4,42.85714285714284,Uttarakhand,Udam Singh Nagar,-0.09999999999999994,4.300000000000001,4.1000000000000005,3.2,5.3,47.619047619047585,57.14285714285712,Stressed,Watch,STABLE,STABLE
Uttarakhand_29.1331_80.0861,2024,38.7,17.763157894736814,Uttarakhand,Champawat,0.02222222222222254,38.72222222222223,38.76666666666667,26.2,41.4,17.616959064327432,17.32456140350872,Critical,Critical,FUTURE_CRITICAL,FUTURE_CRITICAL
Telangana_18.3034_80.2065,2024,2.0,81.25,Telangana,Mulugu,0.04444444444444436,2.0444444444444443,2.133333333333333,1.4,4.6,79.86111111111111,77.08333333333334,Safe,Safe,STABLE,STABLE
Andhra Pradesh_16.0611_80.7012,2024,2.8,0.0,Andhra Pradesh,Bapatla,0.1,2.9,3.0999999999999996,1.8,2.8,0.0,0.0,Critical,Critical,FUTURE_CRITICAL,FUTURE_CRITICAL
Punjab_29.9283_75.5617,2024,21.5,0.0,Punjab,Mansa,1.0625,22.5625,24.6875,13.0,21.5,0.0,0.0,Critical,Critical,FUTURE_CRITICAL,FUTURE_CRITICAL
Punjab_30.0375_74.3458,2024,0.8,100.0,Punjab,Fazilka,-0.1625,0.6375000000000001,0.3125,0.8,3.5,100.0,100.0,Safe,Safe,STABLE,STABLE
Punjab_29.9583_74.3833,2024,6.9,97.22222222222221,Punjab,Fazilka,-0.1875,6.7125,6.3375,6.8,10.4,100.0,100.0,Safe,Safe,STABLE,STABLE
Punjab_30.0667_75.5375,2024,22.5,0.0,Punjab,Mansa,1.0142857142857142,23.514285714285712,25.542857142857144,15.4,22.5,0.0,0.0,Critical,Critical,FUTURE_CRITICAL,FUTURE_CRITICAL
Punjab_30.1125_75.0083,2024,15.9,0.0,Punjab,Bathinda,0.38749999999999996,16.2875,17.0625,12.8,15.9,0.0,0.0,Critical,Critical,FUTURE_CRITICAL,FUTURE_CRITICAL
Punjab_30.1056_75.1806,2024,21.1,0.0,Punjab,Bathinda,1.1833333333333336,22.283333333333335,24.650000000000002,14.0,21.1,0.0,0.0,Critical,Critical,FUTURE_CRITICAL,FUTURE_CRITICAL
Punjab_30.1233_75.8147,2024,42.8,0.0,Punjab,Sangrur,1.1777777777777771,43.977777777777774,46.33333333333333,32.2,42.8,0.0,0.0,Critical,Critical,FUTURE_CRITICAL,FUTURE_CRITICAL
Punjab_30.1478_74.1917,2024,2.9,25.0,Punjab,Fazilka,0.11111111111111108,3.011111111111111,3.2333333333333334,1.7,3.3,18.055555555555546,4.166666666666652,Critical,Critical,FUTURE_CRITICAL,FUTURE_CRITICAL
Andhra Pradesh_17.7549_83.3469,2024,3.5,41.176470588235304,Andhra Pradesh,Visakhapatnam,0.22222222222222218,3.7222222222222223,4.166666666666666,1.5,4.9,34.64052287581699,21.568627450980415,Stressed,Critical,STABLE,FUTURE_CRITICAL
Andhra Pradesh_17.739_83.2669,2024,5.7,19.999999999999996,Andhra Pradesh,Visakhapatnam,0.2666666666666667,5.966666666666667,6.5,2.5,6.5,13.33333333333333,0.0,Critical,Critical,FUTURE_CRITICAL,FUTURE_CRITICAL
Uttarakhand_29.1675_79.1583,2024,1.4,72.72727272727275,Uttarakhand,Udam Singh Nagar,0.022222222222222227,1.422222222222222,1.4666666666666666,1.1,2.2,70.70707070707074,66.66666666666669,Watch,Watch,STABLE,STABLE
Jharkhand_24.2111_86.4108,2024,4.6,71.42857142857144,Jharkhand,Giridih,-0.25,4.35,3.8499999999999996,4.0,6.1,83.33333333333334,100.0,Safe,Safe,RECOVERY_EXPECTED,RECOVERY_EXPECTED
Jharkhand_24.2086_85.5353,2024,5.6,37.14285714285715,Jharkhand,Hazaribagh,-0.14285714285714285,5.457142857142856,5.171428571428571,3.4,6.9,41.224489795918394,49.38775510204084,Stressed,Stressed,STABLE,STABLE
Jharkhand_24.2667_87.0667,2024,6.3,31.578947368421073,Jharkhand,Dumka,-0.07500000000000004,6.225,6.074999999999999,5.0,6.9,35.52631578947371,43.421052631578995,Stressed,Stressed,STABLE,STABLE
Jharkhand_24.2639_87.1167,2024,7.5,21.739130434782606,Jharkhand,Dumka,0.11428571428571425,7.614285714285714,7.8428571428571425,5.7,8.0,16.770186335403746,6.832298136645976,Critical,Critical,FUTURE_CRITICAL,FUTURE_CRITICAL
Jharkhand_24.2669_85.1089,2024,7.6,7.894736842105276,Jharkhand,Chatra,0.09999999999999995,7.699999999999999,7.8999999999999995,4.1,7.9,5.263157894736869,2.220446049250313e-14,Critical,Critical,FUTURE_CRITICAL,FUTURE_CRITICAL
Telangana_18.2817_78.7138,2024,4.5,68.67469879518072,Telangana,Rajanna Sircilla,-0.6333333333333333,3.8666666666666667,2.6,1.9,10.2,76.30522088353413,91.56626506024097,Safe,Safe,STABLE,RECOVERY_EXPECTED
Telangana_18.297_79.9613,2024,2.0,57.14285714285714,Telangana,Mulugu,-0.17777777777777778,1.8222222222222222,1.4666666666666668,0.8,3.6,63.49206349206349,76.19047619047619,Watch,Safe,STABLE,RECOVERY_EXPECTED
Punjab_30.15_75.0,2024,15.2,0.0,Punjab,Bathinda,0.32499999999999996,15.524999999999999,16.175,12.6,15.2,0.0,0.0,Critical,Critical,FUTURE_CRITICAL,FUTURE_CRITICAL
Punjab_30.1917_75.675,2024,38.1,0.0,Punjab,Sangrur,1.3555555555555558,39.455555555555556,42.16666666666667,25.9,38.1,0.0,0.0,Critical,Critical,FUTURE_CRITICAL,FUTURE_CRITICAL
Punjab_30.1847_76.5133,2024,41.1,2.0270270270270063,Punjab,Patiala,0.3206896551724137,41.42068965517242,42.06206896551724,26.6,41.4,0.0,0.0,Critical,Critical,FUTURE_CRITICAL,FUTURE_CRITICAL
Punjab_30.1986_74.0375,2024,3.2,93.10344827586206,Punjab,Fazilka,-0.1111111111111111,3.088888888888889,2.8666666666666667,3.0,5.9,96.93486590038314,100.0,Safe,Safe,STABLE,STABLE
Uttarakhand_29.2117_79.2314,2024,0.5,100.0,Uttarakhand,Udam Singh Nagar,-0.055555555555555525,0.4444444444444445,0.3333333333333334,0.5,3.9,100.0,100.0,Safe,Safe,STABLE,STABLE
Jharkhand_24.125_85.8708,2024,4.0,94.44444444444444,Jharkhand,Giridih,-0.3375000000000002,3.6624999999999996,2.9874999999999994,3.7,9.1,100.0,100.0,Safe,Safe,STABLE,STABLE
Jharkhand_24.1083_87.3194,2024,1.9,100.0,Jharkhand,Dumka,-0.2625,1.6375,1.1124999999999998,1.9,4.7,100.0,100.0,Safe,Safe,STABLE,STABLE
Jharkhand_24.1583_87.1861,2024,4.5,70.00000000000001,Jharkhand,Dumka,-0.025000000000000015,4.475,4.425,4.2,5.2,72.50000000000006,77.50000000000003,Watch,Safe,STABLE,STABLE
Jharkhand_24.1578_85.9889,2024,5.4,58.44155844155844,Jharkhand,Giridih,0.24285714285714288,5.642857142857143,6.128571428571429,2.2,9.9,55.287569573283854,48.97959183673469,Watch,Stressed,STABLE,STABLE
Jharkhand_24.1778_86.4458,2024,4.6,92.3076923076923,Jharkhand,Giridih,-0.72,3.88,2.4399999999999995,4.1,10.6,100.0,100.0,Safe,Safe,STABLE,STABLE
Jharkhand_24.1667_85.6111,2024,7.8,0.0,Jharkhand,Hazaribagh,0.4875,8.2875,9.2625,2.7,7.8,0.0,0.0,Critical,Critical,FUTURE_CRITICAL,FUTURE_CRITICAL
Jharkhand_24.2056_85.3169,2024,3.5,100.0,Jharkhand,Hazaribagh,-0.8125,2.6875,1.0625,3.5,10.5,100.0,100.0,Safe,Safe,STABLE,STABLE
Telangana_18.2698_80.4889,2024,9.3,11.111111111111072,Telangana,Mulugu,0.15555555555555556,9.455555555555556,9.766666666666667,6.9,9.6,5.349794238683114,0.0,Critical,Critical,FUTURE_CRITICAL,FUTURE_CRITICAL
Telangana_18.2968_79.9632,2024,3.3,37.037037037037045,Telangana,Mulugu,-4.9343245538895844e-17,3.3,3.3,1.6,4.3,37.037037037037045,37.037037037037045,Stressed,Stressed,STABLE,STABLE
Punjab_30.1931_74.4111,2024,3.4,66.66666666666667,Punjab,Sri Muktsar Sahib,-0.020000000000000007,3.38,3.34,3.0,4.2,68.33333333333334,71.66666666666669,Watch,Watch,STABLE,STABLE
Punjab_30.2208_74.7833,2024,5.7,0.0,Punjab,Bathinda,0.1285714285714286,5.828571428571429,6.085714285714286,4.8,5.7,0.0,0.0,Critical,Critical,FUTURE_CRITICAL,FUTURE_CRITICAL
Punjab_30.2153_74.2692,2024,1.9,10.000000000000009,Punjab,Fazilka,0.2,2.1,2.5,0.1,2.1,0.0,0.0,Critical,Critical,FUTURE_CRITICAL,FUTURE_CRITICAL
Andhra Pradesh_17.7328_83.3417,2024,4.2,42.3076923076923,Andhra Pradesh,Visakhapatnam,0.15555555555555559,4.355555555555556,4.666666666666667,2.7,5.3,36.32478632478631,24.35897435897434,Stressed,Critical,STABLE,FUTURE_CRITICAL
Andhra Pradesh_17.717_83.3269,2024,6.9,0.0,Andhra Pradesh,Visakhapatnam,0.14444444444444451,7.044444444444445,7.333333333333334,5.2,6.9,0.0,0.0,Critical,Critical,FUTURE_CRITICAL,FUTURE_CRITICAL
Telangana_18.2329_80.3128,2024,2.9,54.28571428571429,Telangana,Mulugu,-0.2111111111111111,2.6888888888888887,2.2666666666666666,1.3,4.8,60.31746031746032,72.3809523809524,Watch,Watch,STABLE,RECOVERY_EXPECTED
Uttarakhand_29.1_79.6925,2024,31.4,16.990291262135926,Uttarakhand,Nainital,1.5444444444444447,32.94444444444444,36.03333333333333,14.3,34.9,9.492988133764834,0.0,Critical,Critical,FUTURE_CRITICAL,FUTURE_CRITICAL
Uttarakhand_29.2281_78.9311,2024,9.3,5.12820512820511,Uttarakhand,Udam Singh Nagar,0.4111111111111112,9.711111111111112,10.533333333333335,5.6,9.5,0.0,0.0,Critical,Critical,FUTURE_CRITICAL,FUTURE_CRITICAL
Jharkhand_24.075_86.3861,2024,3.3,98.33333333333334,Jharkhand,Giridih,-0.20000000000000018,3.0999999999999996,2.6999999999999993,3.2,9.2,100.0,100.0,Safe,Safe,STABLE,STABLE
Jharkhand_24.0703_84.0414,2024,4.6,73.80952380952381,Jharkhand,Palamu,-0.3444444444444446,4.255555555555555,3.5666666666666655,3.5,7.7,82.01058201058203,98.41269841269845,Safe,Safe,STABLE,RECOVERY_EXPECTED
Jharkhand_24.0964_86.9961,2024,8.3,11.111111111111072,Jharkhand,Jamtara,-0.07999999999999972,8.22,8.060000000000002,5.1,8.7,13.333333333333297,17.777777777777693,Critical,Critical,FUTURE_CRITICAL,FUTURE_CRITICAL
Jharkhand_24.0794_86.6117,2024,3.2,19.99999999999993,Jharkhand,Jamtara,-0.019999999999999973,3.18,3.14,2.8,3.3,23.999999999999932,31.99999999999994,Critical,Stressed,FUTURE_CRITICAL,STABLE
Jharkhand_24.0792_85.8319,2024,4.2,92.10526315789474,Jharkhand,Giridih,0.03749999999999995,4.2375,4.3125,3.9,7.7,91.11842105263158,89.14473684210526,Safe,Safe,STABLE,STABLE
Uttarakhand_29.1992_79.135,2024,4.2,0.0,Uttarakhand,Udam Singh Nagar,0.1111111111111111,4.311111111111111,4.533333333333333,3.2,4.2,0.0,0.0,Critical,Critical,FUTURE_CRITICAL,FUTURE_CRITICAL
Punjab_30.2583_74.9361,2024,10.3,0.0,Punjab,Bathinda,0.6375000000000001,10.9375,12.2125,5.2,10.3,0.0,0.0,Critical,Critical,FUTURE_CRITICAL,FUTURE_CRITICAL
Punjab_30.2378_74.1378,2024,2.2,44.44444444444443,Punjab,Fazilka,0.08750000000000005,2.2875,2.4625000000000004,1.2,3.0,39.58333333333333,29.861111111111093,Stressed,Stressed,STABLE,STABLE
Punjab_30.3056_74.9097,2024,15.1,0.0,Punjab,Bathinda,0.6285714285714287,15.728571428571428,16.985714285714288,10.7,15.1,0.0,0.0,Critical,Critical,FUTURE_CRITICAL,FUTURE_CRITICAL
Punjab_30.3389_74.7897,2024,13.1,90.00000000000003,Punjab,Bathinda,0.02499999999999991,13.125,13.174999999999999,12.9,14.9,88.75000000000001,86.25000000000007,Safe,Safe,STABLE,STABLE
Punjab_30.3356_74.6231,2024,3.5,0.0,Punjab,Sri Muktsar Sahib,0.050000000000000024,3.55,3.65,2.0,3.5,0.0,0.0,Critical,Critical,FUTURE_CRITICAL,FUTURE_CRITICAL
Punjab_30.345_76.6417,2024,3.4,100.0,Punjab,Patiala,-0.26250000000000007,3.1374999999999997,2.6125,3.4,5.9,100.0,100.0,Safe,Safe,STABLE,STABLE
Punjab_30.33_74.7142,2024,10.0,37.500000000000014,Punjab,Sri Muktsar Sahib,0.15,10.15,10.45,8.5,10.9,31.25,18.750000000000043,Stressed,Critical,STABLE,FUTURE_CRITICAL
Punjab_30.3561_76.2431,2024,32.7,0.0,Punjab,Patiala,0.8000000000000003,33.5,35.1,24.9,32.7,0.0,0.0,Critical,Critical,FUTURE_CRITICAL,FUTURE_CRITICAL
Uttarakhand_29.2583_78.925,2024,9.2,19.444444444444475,Uttarakhand,Udam Singh Nagar,0.3222222222222222,9.522222222222222,10.166666666666666,6.3,9.9,10.49382716049384,0.0,Critical,Critical,FUTURE_CRITICAL,FUTURE_CRITICAL
Uttarakhand_29.2286_79.105,2024,4.5,0.0,Uttarakhand,Udam Singh Nagar,0.12222222222222218,4.622222222222222,4.866666666666666,2.6,4.5,0.0,0.0,Critical,Critical,FUTURE_CRITICAL,FUTURE_CRITICAL
Jharkhand_24.0225_85.6172,2024,3.6,68.75,Jharkhand,Hazaribagh,-0.18333333333333335,3.416666666666667,3.05,3.1,4.7,80.20833333333333,100.0,Safe,Safe,RECOVERY_EXPECTED,RECOVERY_EXPECTED
Jharkhand_24.0619_86.7011,2024,7.0,44.18604651162791,Jharkhand,Jamtara,-0.38000000000000006,6.62,5.859999999999999,4.6,8.9,53.02325581395348,70.69767441860466,Watch,Watch,STABLE,RECOVERY_EXPECTED
Jharkhand_24.0544_86.8831,2024,6.1,22.580645161290334,Jharkhand,Jamtara,-0.14000000000000004,5.96,5.68,3.7,6.8,27.09677419354839,36.12903225806452,Stressed,Stressed,STABLE,STABLE
Jharkhand_24.0458_87.1528,2024,3.2,88.23529411764704,Jharkhand,Dumka,-0.1857142857142857,3.0142857142857147,2.6428571428571432,2.8,6.2,93.69747899159661,100.0,Safe,Safe,STABLE,STABLE
Assam_26.0736_90.5136,2024,4.4,15.384615384615364,Assam,Goalpara,-0.024999999999999904,4.375000000000001,4.325000000000001,2.2,4.8,16.34615384615381,18.269230769230727,Critical,Critical,FUTURE_CRITICAL,FUTURE_CRITICAL
Assam_26.0651_91.6061,2024,1.6,100.0,Assam,Kamrup,-0.13749999999999998,1.4625000000000001,1.1875,1.6,3.2,100.0,100.0,Safe,Safe,STABLE,STABLE
Telangana_18.2085_79.9875,2024,3.2,61.764705882352935,Telangana,Mulugu,-0.09999999999999996,3.1,2.9000000000000004,1.9,5.3,64.70588235294117,70.58823529411764,Watch,Watch,STABLE,STABLE
Telangana_18.196_80.1321,2024,6.6,66.66666666666669,Telangana,Mulugu,-0.05555555555555555,6.544444444444444,6.433333333333333,5.5,8.8,68.35016835016836,71.71717171717174,Watch,Watch,STABLE,STABLE
Punjab_30.3625_75.525,2024,46.9,0.0,Punjab,Barnala,1.4000000000000001,48.3,50.0,34.3,46.9,0.0,0.0,Critical,Critical,FUTURE_CRITICAL,FUTURE_CRITICAL
Punjab_30.3619_74.8347,2024,16.0,40.0,Punjab,Bathinda,0.1875,16.1875,16.5625,14.5,17.0,32.49999999999999,17.500000000000004,Stressed,Critical,STABLE,FUTURE_CRITICAL
Punjab_30.3642_74.4033,2024,1.9,55.55555555555556,Punjab,Sri Muktsar Sahib,-0.055555555555555546,1.8444444444444443,1.7333333333333334,1.5,2.4,61.728395061728406,74.07407407407408,Watch,Watch,STABLE,RECOVERY_EXPECTED
Punjab_30.3733_75.8556,2024,43.9,0.0,Punjab,Sangrur,1.8428571428571427,45.74285714285714,49.42857142857143,31.0,43.9,0.0,0.0,Critical,Critical,FUTURE_CRITICAL,FUTURE_CRITICAL
Punjab_30.3681_74.5222,2024,1.2,28.57142857142858,Punjab,Sri Muktsar Sahib,0.09090909090909088,1.2909090909090908,1.4727272727272727,0.2,1.6,22.077922077922096,9.090909090909104,Critical,Critical,FUTURE_CRITICAL,FUTURE_CRITICAL
Telangana_18.1944_80.1666,2024,3.5,68.57142857142857,Telangana,Mulugu,-0.0625,3.4375,3.3125,2.4,5.9,70.35714285714285,73.92857142857143,Watch,Watch,STABLE,STABLE
Andhra Pradesh_16.0851_80.1765,2024,1.7,66.66666666666667,Andhra Pradesh,Palnadu,0.09999999999999999,1.8,2.0,0.8,3.5,62.96296296296296,55.55555555555556,Watch,Watch,STABLE,STABLE
Jharkhand_23.8736_86.3375,2024,4.4,61.764705882352935,Jharkhand,Dhanbad,0.16250000000000003,4.5625,4.8875,3.1,6.5,56.98529411764706,47.42647058823529,Watch,Stressed,STABLE,STABLE
Jharkhand_23.9194_87.1678,2024,5.2,33.333333333333336,Jharkhand,Jamtara,-0.06666666666666658,5.133333333333334,5.0,3.8,5.9,36.5079365079365,42.85714285714286,Stressed,Stressed,STABLE,STABLE
Jharkhand_23.9167_87.1667,2024,4.5,50.0,Jharkhand,Jamtara,-0.05714285714285723,4.442857142857143,4.328571428571428,3.3,5.7,52.38095238095237,57.14285714285715,Watch,Watch,STABLE,STABLE
Jharkhand_24.0194_86.6625,2024,7.6,15.625,Jharkhand,Jamtara,-0.09999999999999998,7.5,7.3,4.9,8.1,18.74999999999999,25.0,Critical,Stressed,FUTURE_CRITICAL,STABLE
Jharkhand_23.9_84.1917,2024,8.8,75.0,Jharkhand,Latehar,-0.6999999999999998,8.100000000000001,6.700000000000001,7.4,13.0,87.49999999999997,100.0,Safe,Safe,RECOVERY_EXPECTED,RECOVERY_EXPECTED
Jharkhand_23.9583_86.7986,2024,6.0,52.49999999999999,Jharkhand,Jamtara,-0.26249999999999996,5.7375,5.2125,4.1,8.1,59.06249999999999,72.18749999999999,Watch,Watch,STABLE,RECOVERY_EXPECTED
Jharkhand_24.0458_84.225,2024,4.5,63.1578947368421,Jharkhand,Palamu,-0.44999999999999996,4.05,3.1500000000000004,2.4,8.1,71.05263157894737,86.84210526315789,Watch,Safe,STABLE,RECOVERY_EXPECTED
Uttarakhand_29.2125_78.9633,2024,4.8,64.2857142857143,Uttarakhand,Udam Singh Nagar,0.05555555555555555,4.855555555555555,4.966666666666667,4.3,5.7,60.317460317460345,52.38095238095237,Watch,Watch,STABLE,STABLE
Andhra Pradesh_16.0698_80.6675,2024,2.5,10.000000000000009,Andhra Pradesh,Bapatla,0.033333333333333326,2.533333333333333,2.6,1.6,2.6,6.666666666666687,0.0,Critical,Critical,FUTURE_CRITICAL,FUTURE_CRITICAL
Punjab_30.3833_75.1333,2024,33.1,0.0,Punjab,Bathinda,1.2333333333333334,34.333333333333336,36.800000000000004,22.0,33.1,0.0,0.0,Critical,Critical,FUTURE_CRITICAL,FUTURE_CRITICAL
Punjab_30.3889_74.6333,2024,2.7,54.54545454545454,Punjab,Sri Muktsar Sahib,-0.17,2.5300000000000002,2.1900000000000004,1.2,4.5,59.696969696969695,69.99999999999999,Watch,Watch,STABLE,RECOVERY_EXPECTED
Punjab_30.3833_76.9167,2024,2.2,57.692307692307686,Punjab,S.A.S Nagar,0.1375,2.3375000000000004,2.6125000000000003,1.1,3.7,52.403846153846146,41.82692307692307,Watch,Stressed,STABLE,EARLY_DEPLETION_WARNING
Andhra Pradesh_17.6901_83.2919,2024,6.0,0.0,Andhra Pradesh,Visakhapatnam,0.08888888888888885,6.088888888888889,6.266666666666667,3.8,6.0,0.0,0.0,Critical,Critical,FUTURE_CRITICAL,FUTURE_CRITICAL
Telangana_18.1955_79.9415,2024,1.4,100.0,Telangana,Mulugu,-0.7555555555555554,0.6444444444444445,0.0,1.4,8.2,100.0,100.0,Safe,Safe,STABLE,STABLE
Punjab_30.4056_74.8278,2024,13.4,23.809523809523803,Punjab,Faridkot,0.3555555555555557,13.755555555555556,14.466666666666667,10.2,14.4,15.343915343915327,0.0,Critical,Critical,FUTURE_CRITICAL,FUTURE_CRITICAL
Andhra Pradesh_14.1407_78.5903,2024,7.8,58.92857142857143,Andhra Pradesh,Annamayya,0.21999999999999992,8.02,8.459999999999999,3.2,14.4,56.96428571428571,53.0357142857143,Watch,Watch,STABLE,STABLE
Andhra Pradesh_14.1404_80.0066,2024,2.5,55.81395348837211,Andhra Pradesh,Tirupati,-0.2666666666666667,2.2333333333333334,1.6999999999999997,0.6,4.9,62.01550387596899,74.4186046511628,Watch,Watch,STABLE,RECOVERY_EXPECTED
Andhra Pradesh_14.1211_79.9585,2024,2.5,25.0,Andhra Pradesh,Tirupati,-0.04444444444444435,2.4555555555555557,2.366666666666667,0.1,3.3,26.388888888888886,29.16666666666665,Stressed,Stressed,STABLE,STABLE
Jharkhand_23.8458_84.1917,2024,7.8,28.000000000000004,Jharkhand,Latehar,-0.01111111111111117,7.788888888888889,7.766666666666667,6.0,8.5,28.44444444444445,29.333333333333332,Stressed,Stressed,STABLE,STABLE
Jharkhand_23.8667_86.875,2024,2.4,95.0,Jharkhand,Jamtara,-0.7428571428571427,1.6571428571428573,0.17142857142857215,2.1,8.1,100.0,100.0,Safe,Safe,STABLE,STABLE
Jharkhand_23.8583_85.2125,2024,8.4,63.26530612244896,Jharkhand,Hazaribagh,-0.2749999999999999,8.125,7.575000000000001,6.6,11.5,68.87755102040816,80.10204081632651,Watch,Safe,STABLE,RECOVERY_EXPECTED
Jharkhand_23.8917_84.8083,2024,6.6,40.0,Jharkhand,Latehar,0.07499999999999996,6.675,6.824999999999999,4.8,7.8,37.5,32.500000000000014,Stressed,Stressed,STABLE,STABLE
Uttarakhand_29.2633_79.1647,2024,3.7,21.052631578947345,Uttarakhand,Udam Singh Nagar,-0.02222222222222223,3.677777777777778,3.6333333333333333,2.2,4.1,22.2222222222222,24.561403508771917,Critical,Critical,FUTURE_CRITICAL,FUTURE_CRITICAL
Punjab_30.4336_75.0997,2024,31.8,0.0,Punjab,Bathinda,1.1111111111111112,32.91111111111111,35.13333333333333,21.5,31.8,0.0,0.0,Critical,Critical,FUTURE_CRITICAL,FUTURE_CRITICAL
Punjab_30.4542_76.7708,2024,1.0,83.33333333333334,Punjab,S.A.S Nagar,-0.028571428571428564,0.9714285714285714,0.9142857142857144,0.9,1.5,88.0952380952381,97.6190476190476,Safe,Safe,STABLE,STABLE
Punjab_30.4542_74.9833,2024,23.2,0.0,Punjab,Faridkot,0.7250000000000001,23.925,25.375,17.4,23.2,0.0,0.0,Critical,Critical,FUTURE_CRITICAL,FUTURE_CRITICAL
Punjab_30.4528_74.0986,2024,6.0,50.0,Punjab,Fazilka,0.16666666666666666,6.166666666666667,6.5,5.0,7.0,41.66666666666665,25.0,Stressed,Stressed,STABLE,EARLY_DEPLETION_WARNING
Punjab_30.4583_74.5167,2024,4.0,37.93103448275862,Punjab,Sri Muktsar Sahib,0.027272727272727258,4.027272727272727,4.081818181818182,2.2,5.1,36.99059561128526,35.10971786833854,Stressed,Stressed,STABLE,STABLE
Punjab_30.475_75.3217,2024,36.9,0.0,Punjab,Barnala,1.3888888888888888,38.288888888888884,41.06666666666666,24.4,36.9,0.0,0.0,Critical,Critical,FUTURE_CRITICAL,FUTURE_CRITICAL
Punjab_30.4811_74.8383,2024,10.1,12.50000000000001,Punjab,Faridkot,0.3111111111111111,10.411111111111111,11.033333333333333,7.3,10.5,2.777777777777768,0.0,Critical,Critical,FUTURE_CRITICAL,FUTURE_CRITICAL
Uttarakhand_29.2708_79.0158,2024,0.2,97.22222222222221,Uttarakhand,Udam Singh Nagar,-0.3111111111111111,0.0,0.0,0.1,3.7,100.0,100.0,Safe,Safe,STABLE,STABLE
Uttarakhand_29.2667_79.5447,2024,18.2,77.0,Uttarakhand,Nainital,-0.0777777777777777,18.12222222222222,17.966666666666665,15.9,25.9,77.7777777777778,79.33333333333334,Safe,Safe,STABLE,STABLE
Jharkhand_23.7936_86.4892,2024,6.9,26.4705882352941,Jharkhand,Dhanbad,-0.05999999999999996,6.840000000000001,6.720000000000001,4.4,7.8,28.235294117647037,31.764705882352917,Stressed,Stressed,STABLE,STABLE
Jharkhand_23.8083_85.4667,2024,6.4,57.57575757575757,Jharkhand,Ramgarh,0.1142857142857144,6.514285714285715,6.742857142857144,5.0,8.3,54.11255411255409,47.18614718614717,Watch,Stressed,STABLE,STABLE
Jharkhand_23.7_85.3053,2024,6.6,4.687500000000011,Jharkhand,Hazaribagh,0.06666666666666658,6.666666666666666,6.799999999999999,0.5,6.9,3.645833333333348,1.5625000000000222,Critical,Critical,FUTURE_CRITICAL,FUTURE_CRITICAL
Jharkhand_23.8333_84.7958,2024,10.4,30.43478260869563,Jharkhand,Latehar,0.05555555555555555,10.455555555555556,10.566666666666666,8.8,11.1,28.019323671497574,23.188405797101453,Stressed,Critical,STABLE,FUTURE_CRITICAL
Jharkhand_23.825_86.5278,2024,3.7,70.0,Jharkhand,Dhanbad,0.10000000000000009,3.8000000000000003,4.0,3.1,5.1,64.99999999999999,54.99999999999999,Watch,Watch,STABLE,EARLY_DEPLETION_WARNING
Jharkhand_23.8583_84.1167,2024,4.9,59.999999999999986,Jharkhand,Latehar,-0.23333333333333328,4.666666666666667,4.2,3.5,7.0,66.66666666666666,80.0,Watch,Safe,STABLE,RECOVERY_EXPECTED
Telangana_18.1627_80.4004,2024,2.8,48.27586206896554,Telangana,Mulugu,-0.03333333333333339,2.7666666666666666,2.6999999999999997,1.3,4.2,49.425287356321846,51.7241379310345,Stressed,Watch,STABLE,STABLE
Punjab_30.5319_74.3856,2024,1.8,43.75,Punjab,Fazilka,0.0625,1.8625,1.9875,0.9,2.5,39.84375,32.031250000000014,Stressed,Stressed,STABLE,STABLE
Punjab_30.525_75.9,2024,41.5,0.0,Punjab,Malerkotla,1.0499999999999996,42.55,44.65,35.2,41.5,0.0,0.0,Critical,Critical,FUTURE_CRITICAL,FUTURE_CRITICAL
Punjab_30.5228_75.5592,2024,39.1,11.403508771929804,Punjab,Barnala,1.1222222222222225,40.22222222222222,42.46666666666667,29.0,40.4,1.5594541910331383,0.0,Critical,Critical,FUTURE_CRITICAL,FUTURE_CRITICAL
Punjab_30.5519_74.7542,2024,4.6,0.0,Punjab,Faridkot,0.15714285714285706,4.757142857142857,5.071428571428571,3.5,4.6,0.0,0.0,Critical,Critical,FUTURE_CRITICAL,FUTURE_CRITICAL
Punjab_30.5708_74.8667,2024,13.2,0.0,Punjab,Faridkot,0.6499999999999999,13.85,15.149999999999999,8.0,13.2,0.0,0.0,Critical,Critical,FUTURE_CRITICAL,FUTURE_CRITICAL
Punjab_30.55_76.9,2024,5.2,100.0,Punjab,S.A.S Nagar,-0.0625,5.1375,5.0125,5.2,9.1,100.0,100.0,Safe,Safe,STABLE,STABLE
Punjab_30.5861_74.5458,2024,3.4,47.36842105263158,Punjab,Sri Muktsar Sahib,0.09090909090909091,3.4909090909090907,3.672727272727273,2.4,4.3,42.58373205741627,33.01435406698563,Stressed,Stressed,STABLE,STABLE
Jharkhand_23.7503_86.1336,2024,3.7,0.0,Jharkhand,Bokaro,0.15000000000000005,3.85,4.15,2.3,3.7,0.0,0.0,Critical,Critical,FUTURE_CRITICAL,FUTURE_CRITICAL
Uttarakhand_29.2975_78.9567,2024,3.5,30.434782608695656,Uttarakhand,Udam Singh Nagar,-0.05555555555555555,3.4444444444444446,3.3333333333333335,1.9,4.2,32.85024154589371,37.68115942028986,Stressed,Stressed,STABLE,STABLE
Uttarakhand_29.2786_78.8342,2024,16.0,18.367346938775487,Uttarakhand,Udam Singh Nagar,0.4444444444444444,16.444444444444443,17.333333333333332,12.0,16.9,9.297052154195018,0.0,Critical,Critical,FUTURE_CRITICAL,FUTURE_CRITICAL
Uttarakhand_29.3197_78.9628,2024,3.1,66.66666666666667,Uttarakhand,Nainital,-0.011111111111111158,3.088888888888889,3.0666666666666664,2.2,4.9,67.07818930041152,67.90123456790124,Watch,Watch,STABLE,STABLE
Jharkhand_23.7936_86.4606,2024,4.7,66.66666666666666,Jharkhand,Dhanbad,-0.3999999999999999,4.300000000000001,3.5000000000000004,3.5,7.1,77.77777777777776,99.99999999999999,Safe,Safe,RECOVERY_EXPECTED,RECOVERY_EXPECTED
Jharkhand_23.7911_86.4858,2024,3.3,100.0,Jharkhand,Dhanbad,3.172065784643304e-17,3.3,3.3,3.3,5.8,100.0,100.0,Safe,Safe,STABLE,STABLE
Jharkhand_23.7864_86.4614,2024,1.7,100.0,Jharkhand,Dhanbad,-0.037500000000000026,1.6624999999999999,1.5875,1.7,2.9,100.0,100.0,Safe,Safe,STABLE,STABLE
Assam_26.0931_91.5472,2024,6.7,25.92592592592593,Assam,Kamrup,0.17500000000000004,6.875,7.2250000000000005,4.7,7.4,19.444444444444454,6.481481481481477,Critical,Critical,FUTURE_CRITICAL,FUTURE_CRITICAL
Punjab_30.5833_74.8333,2024,10.2,0.0,Punjab,Faridkot,0.3777777777777777,10.577777777777778,11.333333333333332,6.8,10.2,0.0,0.0,Critical,Critical,FUTURE_CRITICAL,FUTURE_CRITICAL
Telangana_18.1031_79.0565,2024,5.3,70.1492537313433,Telangana,Siddipet,-0.1111111111111111,5.188888888888889,4.966666666666667,3.3,10.0,71.80762852404644,75.12437810945273,Watch,Safe,STABLE,STABLE
Telangana_18.1589_78.9813,2024,6.1,89.13043478260869,Telangana,Siddipet,-0.6000000000000001,5.5,4.299999999999999,5.1,14.3,95.65217391304347,100.0,Safe,Safe,STABLE,STABLE
Telangana_18.1397_78.9142,2024,7.9,53.65853658536586,Telangana,Siddipet,-0.2222222222222222,7.677777777777778,7.233333333333333,4.1,12.3,56.36856368563685,61.78861788617886,Watch,Watch,STABLE,STABLE
Andhra Pradesh_17.6809_82.9817,2024,2.9,66.66666666666667,Andhra Pradesh,Anakapalli,0.04444444444444441,2.944444444444444,3.033333333333333,1.8,5.1,65.31986531986533,62.62626262626263,Watch,Watch,STABLE,STABLE
Punjab_30.5917_76.8458,2024,9.2,100.0,Punjab,S.A.S Nagar,-0.5333333333333334,8.666666666666666,7.599999999999999,9.2,15.9,100.0,100.0,Safe,Safe,STABLE,STABLE
Telangana_18.0492_78.1442,2024,2.6,69.23076923076923,Telangana,Medak,0.1333333333333334,2.7333333333333334,3.0,1.4,5.3,65.8119658119658,58.974358974358964,Watch,Watch,STABLE,STABLE
Telangana_18.126_79.2114,2024,6.2,62.96296296296296,Telangana,Siddipet,-0.10000000000000003,6.1000000000000005,5.9,2.2,13.0,63.888888888888886,65.74074074074075,Watch,Watch,STABLE,STABLE
Uttarakhand_29.3273_78.8691,2024,6.3,68.65671641791045,Uttarakhand,Udam Singh Nagar,-0.22222222222222232,6.0777777777777775,5.633333333333333,4.2,10.9,71.97346600331676,78.60696517412936,Watch,Safe,STABLE,STABLE
Jharkhand_23.6797_85.4614,2024,4.0,86.66666666666667,Jharkhand,Ramgarh,-0.13333333333333316,3.8666666666666667,3.6000000000000005,3.2,9.2,88.88888888888889,93.33333333333333,Safe,Safe,STABLE,STABLE
Jharkhand_23.7275_85.4864,2024,9.0,0.0,Jharkhand,Ramgarh,1.0166666666666668,10.016666666666667,12.05,0.1,9.0,0.0,0.0,Critical,Critical,FUTURE_CRITICAL,FUTURE_CRITICAL
Jharkhand_23.7153_85.5083,2024,5.3,37.50000000000002,Jharkhand,Ramgarh,-0.04285714285714283,5.257142857142857,5.171428571428572,4.3,5.9,40.178571428571445,45.53571428571428,Stressed,Stressed,STABLE,STABLE
Jharkhand_23.7458_84.4083,2024,6.6,22.64150943396227,Jharkhand,Latehar,0.10000000000000002,6.699999999999999,6.8999999999999995,2.5,7.8,20.75471698113208,16.981132075471706,Critical,Critical,FUTURE_CRITICAL,FUTURE_CRITICAL
Jharkhand_23.7417_86.4333,2024,1.7,55.00000000000001,Jharkhand,Dhanbad,0.1125,1.8125,2.0375,0.8,2.8,49.37499999999999,38.124999999999986,Stressed,Stressed,STABLE,EARLY_DEPLETION_WARNING
Jharkhand_23.7833_85.8333,2024,3.6,36.36363636363635,Jharkhand,Bokaro,-0.05000000000000001,3.5500000000000003,3.45,2.9,4.0,40.909090909090885,49.99999999999998,Stressed,Stressed,STABLE,STABLE
Punjab_30.5_76.5542,2024,33.6,100.0,Punjab,Patiala,-0.125,33.475,33.225,33.6,36.0,100.0,100.0,Safe,Safe,STABLE,STABLE
Punjab_30.5_76.425,2024,22.7,0.0,Punjab,Fatehgarh Sahib,0.29999999999999993,23.0,23.599999999999998,20.0,22.7,0.0,0.0,Critical,Critical,FUTURE_CRITICAL,FUTURE_CRITICAL
Punjab_30.6083_74.8656,2024,11.1,0.0,Punjab,Faridkot,0.3374999999999999,11.4375,12.112499999999999,8.4,11.1,0.0,0.0,Critical,Critical,FUTURE_CRITICAL,FUTURE_CRITICAL
Punjab_30.6056_76.4208,2024,20.4,37.5,Punjab,Fatehgarh Sahib,0.4166666666666667,20.816666666666666,21.65,17.9,21.9,27.083333333333304,6.25,Stressed,Critical,EARLY_DEPLETION_WARNING,FUTURE_CRITICAL
Punjab_30.6014_74.3889,2024,3.0,0.0,Punjab,Ferozepur,0.11249999999999999,3.1125,3.3375,1.4,3.0,0.0,0.0,Critical,Critical,FUTURE_CRITICAL,FUTURE_CRITICAL
Punjab_30.6108_75.1831,2024,41.1,0.0,Punjab,Moga,1.177777777777778,42.27777777777778,44.63333333333333,30.5,41.1,0.0,0.0,Critical,Critical,FUTURE_CRITICAL,FUTURE_CRITICAL
Punjab_30.6178_75.0772,2024,29.9,0.0,Punjab,Moga,1.0444444444444443,30.944444444444443,33.03333333333333,20.5,29.9,0.0,0.0,Critical,Critical,FUTURE_CRITICAL,FUTURE_CRITICAL
Telangana_18.0214_78.0674,2024,6.6,56.14035087719299,Telangana,Medak,-0.055555555555555504,6.544444444444444,6.433333333333334,4.1,9.8,57.1150097465887,59.064327485380105,Watch,Watch,STABLE,STABLE
Jharkhand_23.5583_84.8167,2024,7.2,40.540540540540526,Jharkhand,Lohardaga,-0.044444444444444446,7.155555555555556,7.066666666666666,5.0,8.7,41.74174174174172,44.144144144144136,Stressed,Stressed,STABLE,STABLE
Jharkhand_23.6125_85.4917,2024,3.6,15.789473684210531,Jharkhand,Ramgarh,0.03750000000000003,3.6375,3.7125000000000004,0.4,4.2,14.802631578947366,12.828947368421051,Critical,Critical,FUTURE_CRITICAL,FUTURE_CRITICAL
Jharkhand_23.575_86.3569,2024,4.0,74.4186046511628,Jharkhand,Bokaro,-0.11428571428571425,3.8857142857142857,3.6571428571428575,2.9,7.2,77.0764119601329,82.39202657807309,Safe,Safe,STABLE,STABLE
Jharkhand_23.6431_85.4403,2024,8.6,2.564102564102555,Jharkhand,Ramgarh,0.05714285714285726,8.657142857142857,8.771428571428572,4.8,8.7,1.098901098901095,0.0,Critical,Critical,FUTURE_CRITICAL,FUTURE_CRITICAL
Jharkhand_23.6417_86.525,2024,2.9,84.61538461538461,Jharkhand,Dhanbad,-0.125,2.775,2.525,2.3,6.2,87.82051282051282,94.23076923076923,Safe,Safe,STABLE,STABLE
Jharkhand_23.6869_85.3222,2024,5.0,35.71428571428571,Jharkhand,Ramgarh,-0.12857142857142861,4.871428571428571,4.614285714285714,2.3,6.5,38.77551020408164,44.89795918367348,Stressed,Stressed,STABLE,STABLE
Jharkhand_23.6861_85.45,2024,4.4,12.49999999999999,Jharkhand,Ramgarh,0.033333333333333354,4.433333333333334,4.5,0.2,5.0,11.805555555555546,10.416666666666663,Critical,Critical,FUTURE_CRITICAL,FUTURE_CRITICAL
Uttarakhand_29.3025_79.3281,2024,27.4,97.67441860465121,Uttarakhand,Nainital,-0.12222222222222238,27.277777777777775,27.03333333333333,27.3,31.6,100.0,100.0,Safe,Safe,STABLE,STABLE
Punjab_30.6111_76.5778,2024,1.9,100.0,Punjab,Fatehgarh Sahib,-0.38888888888888895,1.511111111111111,0.733333333333333,1.9,5.4,100.0,100.0,Safe,Safe,STABLE,STABLE
Punjab_30.6275_74.3103,2024,11.0,3.8461538461538325,Punjab,Ferozepur,0.2777777777777778,11.277777777777779,11.833333333333334,8.5,11.1,0.0,0.0,Critical,Critical,FUTURE_CRITICAL,FUTURE_CRITICAL
Punjab_30.625_76.6958,2024,5.6,27.77777777777778,Punjab,S.A.S Nagar,0.14444444444444443,5.7444444444444445,6.033333333333333,4.3,6.1,19.753086419753064,3.703703703703687,Critical,Critical,FUTURE_CRITICAL,FUTURE_CRITICAL
Punjab_30.6417_76.5167,2024,39.3,68.53146853146855,Punjab,Fatehgarh Sahib,0.38888888888888906,39.68888888888888,40.46666666666666,34.8,49.1,65.81196581196585,60.37296037296041,Watch,Watch,STABLE,STABLE
Punjab_30.6344_76.6097,2024,13.3,93.33333333333323,Punjab,Fatehgarh Sahib,0.014285714285714488,13.314285714285715,13.342857142857143,13.2,14.7,92.38095238095228,90.47619047619038,Safe,Safe,STABLE,STABLE
Punjab_30.6661_74.8586,2024,11.4,0.0,Punjab,Faridkot,0.5428571428571429,11.942857142857143,13.028571428571428,7.6,11.4,0.0,0.0,Critical,Critical,FUTURE_CRITICAL,FUTURE_CRITICAL
Punjab_30.6706_74.6231,2024,2.6,77.77777777777776,Punjab,Faridkot,-0.055555555555555566,2.5444444444444447,2.4333333333333336,2.4,3.3,83.95061728395056,96.29629629629626,Safe,Safe,STABLE,RECOVERY_EXPECTED
Telangana_17.986_79.9135,2024,6.4,42.85714285714284,Telangana,Warangal,-0.36,6.04,5.32,4.0,8.2,51.42857142857142,68.57142857142856,Watch,Watch,STABLE,RECOVERY_EXPECTED
Jharkhand_23.4847_86.2306,2024,3.4,100.0,Jharkhand,Bokaro,-0.45714285714285713,2.9428571428571426,2.0285714285714285,3.4,6.6,100.0,100.0,Safe,Safe,STABLE,STABLE
Jharkhand_23.525_85.7333,2024,7.7,37.14285714285713,Jharkhand,Ramgarh,0.05714285714285716,7.757142857142857,7.871428571428572,5.5,9.0,35.51020408163266,32.24489795918366,Stressed,Stressed,STABLE,STABLE
Jharkhand_23.5225_84.7167,2024,6.3,80.00000000000003,Jharkhand,Lohardaga,-0.08750000000000004,6.2124999999999995,6.0375,5.9,7.9,84.37500000000004,93.12500000000003,Safe,Safe,STABLE,STABLE
Assam_26.1083_92.1167,2024,1.0,100.0,Assam,Kamrup Metro,-0.11249999999999999,0.8875,0.6625000000000001,1.0,3.3,100.0,100.0,Safe,Safe,STABLE,STABLE
Assam_26.0999_92.3167,2024,4.9,100.0,Assam,Marigaon,-0.16249999999999998,4.737500000000001,4.4125000000000005,4.9,6.7,100.0,100.0,Safe,Safe,STABLE,STABLE
Jharkhand_23.5458_86.175,2024,4.0,90.38461538461539,Jharkhand,Bokaro,-0.22499999999999998,3.775,3.325,3.5,8.7,94.71153846153845,100.0,Safe,Safe,STABLE,STABLE
Jharkhand_23.5364_84.8156,2024,4.8,100.0,Jharkhand,Lohardaga,-0.4200000000000001,4.38,3.5399999999999996,4.8,6.9,100.0,100.0,Safe,Safe,STABLE,STABLE
Jharkhand_23.5339_84.8478,2024,7.4,0.0,Jharkhand,Lohardaga,0.1333333333333333,7.533333333333333,7.800000000000001,4.6,7.4,0.0,0.0,Critical,Critical,FUTURE_CRITICAL,FUTURE_CRITICAL
Jharkhand_23.5744_85.655,2024,5.8,35.064935064935064,Jharkhand,Ramgarh,0.012499999999999945,5.8125,5.8374999999999995,0.8,8.5,34.9025974025974,34.57792207792208,Stressed,Stressed,STABLE,STABLE
Uttarakhand_29.3267_78.7706,2024,6.9,70.32967032967032,Uttarakhand,Udam Singh Nagar,0.30000000000000004,7.2,7.800000000000001,4.2,13.3,67.03296703296704,60.439560439560445,Watch,Watch,STABLE,STABLE
Punjab_30.6667_76.3458,2024,21.2,50.000000000000064,Punjab,Fatehgarh Sahib,0.15555555555555542,21.355555555555554,21.666666666666664,19.8,22.6,44.44444444444453,33.33333333333346,Stressed,Stressed,STABLE,EARLY_DEPLETION_WARNING
Andhra Pradesh_17.6741_82.4487,2024,2.4,0.0,Andhra Pradesh,Anakapalli,0.05555555555555555,2.4555555555555553,2.5666666666666664,0.9,2.4,0.0,0.0,Critical,Critical,FUTURE_CRITICAL,FUTURE_CRITICAL
Andhra Pradesh_17.6723_82.3619,2024,1.7,25.00000000000001,Andhra Pradesh,Anakapalli,1.2335811384723961e-17,1.7,1.7,0.5,2.1,25.00000000000001,25.00000000000001,Stressed,Stressed,STABLE,STABLE
Punjab_30.69_74.7906,2024,9.7,0.0,Punjab,Faridkot,0.09999999999999991,9.799999999999999,9.999999999999998,8.1,9.7,0.0,0.0,Critical,Critical,FUTURE_CRITICAL,FUTURE_CRITICAL
Punjab_30.7069_74.5903,2024,4.1,100.0,Punjab,Faridkot,-0.17142857142857146,3.9285714285714284,3.5857142857142854,4.1,5.3,100.0,100.0,Safe,Safe,STABLE,STABLE
Punjab_30.7019_76.2186,2024,26.1,0.0,Punjab,Ludhiana,0.5333333333333334,26.633333333333336,27.700000000000003,21.2,26.1,0.0,0.0,Critical,Critical,FUTURE_CRITICAL,FUTURE_CRITICAL
Uttarakhand_29.5967_78.0097,2024,3.8,0.0,Uttarakhand,Haridwar,0.16666666666666666,3.9666666666666663,4.3,1.5,3.8,0.0,0.0,Critical,Critical,FUTURE_CRITICAL,FUTURE_CRITICAL
Jharkhand_23.4289_84.6819,2024,3.9,44.736842105263165,Jharkhand,Lohardaga,0.1333333333333334,4.033333333333333,4.3,1.8,5.6,41.22807017543859,34.210526315789465,Stressed,Stressed,STABLE,STABLE
Jharkhand_23.4211_84.7808,2024,7.8,0.0,Jharkhand,Lohardaga,0.17499999999999993,7.975,8.325,4.0,7.8,0.0,0.0,Critical,Critical,FUTURE_CRITICAL,FUTURE_CRITICAL
Jharkhand_23.4667_84.7,2024,6.0,28.000000000000004,Jharkhand,Lohardaga,-0.011111111111111072,5.988888888888889,5.966666666666667,4.2,6.7,28.44444444444445,29.333333333333332,Stressed,Stressed,STABLE,STABLE
Jharkhand_23.5142_84.6711,2024,10.2,22.72727272727273,Jharkhand,Lohardaga,0.45999999999999985,10.659999999999998,11.579999999999998,6.8,11.2,12.272727272727291,0.0,Critical,Critical,FUTURE_CRITICAL,FUTURE_CRITICAL
Uttarakhand_29.3364_79.0633,2024,21.8,100.0,Uttarakhand,Nainital,-0.022222222222222143,21.77777777777778,21.733333333333334,21.8,28.8,100.0,100.0,Safe,Safe,STABLE,STABLE
Telangana_17.9536_79.6896,2024,8.4,71.85185185185186,Telangana,Warangal,-1.385714285714286,7.014285714285714,4.242857142857143,4.6,18.1,82.11640211640213,100.0,Safe,Safe,RECOVERY_EXPECTED,RECOVERY_EXPECTED
Punjab_30.7083_74.6556,2024,0.7,84.61538461538463,Punjab,Faridkot,-0.06666666666666664,0.6333333333333333,0.5,0.5,1.8,89.74358974358975,100.0,Safe,Safe,STABLE,RECOVERY_EXPECTED
Punjab_30.7125_76.3778,2024,20.8,10.52631578947365,Punjab,Fatehgarh Sahib,0.5666666666666669,21.366666666666667,22.5,15.7,21.4,0.5847953216373991,0.0,Critical,Critical,FUTURE_CRITICAL,FUTURE_CRITICAL
Punjab_30.7083_76.5542,2024,3.7,78.94736842105262,Punjab,S.A.S Nagar,-0.09999999999999998,3.6,3.4000000000000004,3.3,5.2,84.21052631578947,94.73684210526314,Safe,Safe,STABLE,RECOVERY_EXPECTED
Punjab_30.7389_74.4792,2024,4.2,21.42857142857142,Punjab,Faridkot,0.040000000000000015,4.24,4.32,3.1,4.5,18.571428571428562,12.857142857142833,Critical,Critical,FUTURE_CRITICAL,FUTURE_CRITICAL
Punjab_30.7375_75.8417,2024,21.8,0.0,Punjab,Ludhiana,0.47777777777777786,22.27777777777778,23.233333333333334,17.2,21.8,0.0,0.0,Critical,Critical,FUTURE_CRITICAL,FUTURE_CRITICAL
Punjab_30.7153_76.4936,2024,12.1,100.0,Punjab,Fatehgarh Sahib,-0.5250000000000001,11.575,10.524999999999999,12.1,16.3,100.0,100.0,Safe,Safe,STABLE,STABLE
Telangana_17.9237_79.8865,2024,4.1,25.00000000000001,Telangana,Warangal,-0.07777777777777779,4.022222222222222,3.8666666666666663,2.0,4.8,27.77777777777778,33.33333333333335,Stressed,Stressed,STABLE,STABLE
Punjab_30.7394_74.8622,2024,21.0,0.0,Punjab,Faridkot,0.6000000000000001,21.6,22.8,15.6,21.0,0.0,0.0,Critical,Critical,FUTURE_CRITICAL,FUTURE_CRITICAL
Jharkhand_22.7861_85.8333,2024,6.0,24.13793103448276,Jharkhand,Saraikela Kharsawan,0.11250000000000004,6.1125,6.3375,3.8,6.7,20.25862068965518,12.49999999999999,Critical,Critical,FUTURE_CRITICAL,FUTURE_CRITICAL
Jharkhand_22.8583_86.0583,2024,17.1,0.0,Jharkhand,Saraikela Kharsawan,1.6375,18.7375,22.012500000000003,2.9,17.1,0.0,0.0,Critical,Critical,FUTURE_CRITICAL,FUTURE_CRITICAL
Jharkhand_22.8503_86.0628,2024,5.8,59.999999999999986,Jharkhand,Saraikela Kharsawan,-0.1888888888888889,5.611111111111111,5.233333333333333,4.6,7.6,66.2962962962963,78.88888888888887,Watch,Safe,STABLE,RECOVERY_EXPECTED
Jharkhand_23.1439_84.1989,2024,1.6,88.63636363636364,Jharkhand,Gumla,-0.33749999999999997,1.2625000000000002,0.5875000000000001,1.1,5.5,96.30681818181817,100.0,Safe,Safe,STABLE,STABLE
Jharkhand_22.9542_86.025,2024,2.2,100.0,Jharkhand,Saraikela Kharsawan,-0.2285714285714285,1.9714285714285718,1.5142857142857147,2.2,8.3,100.0,100.0,Safe,Safe,STABLE,STABLE
Jharkhand_23.2694_84.5542,2024,2.6,100.0,Jharkhand,Gumla,-0.5222222222222223,2.077777777777778,1.0333333333333332,2.6,7.4,100.0,100.0,Safe,Safe,STABLE,STABLE
Jharkhand_23.2694_84.5533,2024,6.1,22.857142857142875,Jharkhand,Gumla,0.225,6.324999999999999,6.7749999999999995,3.4,6.9,16.42857142857146,3.571428571428592,Critical,Critical,FUTURE_CRITICAL,FUTURE_CRITICAL
Jharkhand_23.3783_85.34,2024,6.7,86.36363636363636,Jharkhand,Ranchi,-0.3166666666666666,6.383333333333334,5.75,6.4,8.6,100.0,100.0,Safe,Safe,RECOVERY_EXPECTED,STABLE
Jharkhand_23.3583_84.7792,2024,7.3,50.00000000000002,Jharkhand,Lohardaga,-0.05555555555555553,7.2444444444444445,7.133333333333333,6.3,8.3,52.77777777777779,58.33333333333337,Watch,Watch,STABLE,STABLE
Uttarakhand_29.3947_79.1272,2024,5.4,100.0,Uttarakhand,Nainital,-0.36666666666666653,5.033333333333334,4.300000000000001,5.4,8.7,100.0,100.0,Safe,Safe,STABLE,STABLE
Punjab_30.8083_74.4833,2024,4.6,72.94117647058825,Punjab,Ferozepur,0.15999999999999978,4.76,5.079999999999999,2.3,10.8,71.05882352941177,67.29411764705884,Watch,Watch,STABLE,STABLE
Punjab_30.7_76.5375,2024,32.4,50.00000000000006,Punjab,Fatehgarh Sahib,0.31999999999999956,32.72,33.36,30.8,34.0,40.00000000000005,20.000000000000018,Stressed,Critical,EARLY_DEPLETION_WARNING,FUTURE_CRITICAL
Punjab_30.8167_74.3806,2024,12.3,20.68965517241378,Punjab,Ferozepur,0.2875000000000001,12.5875,13.162500000000001,10.0,12.9,10.775862068965514,0.0,Critical,Critical,FUTURE_CRITICAL,FUTURE_CRITICAL
Punjab_30.8342_76.5244,2024,17.8,82.75862068965516,Punjab,Rupnagar,-0.0999999999999999,17.7,17.5,17.3,20.2,86.20689655172417,93.10344827586209,Safe,Safe,STABLE,STABLE
Punjab_30.8239_75.0264,2024,38.1,0.0,Punjab,Moga,0.7444444444444448,38.84444444444445,40.333333333333336,31.4,38.1,0.0,0.0,Critical,Critical,FUTURE_CRITICAL,FUTURE_CRITICAL
Andhra Pradesh_17.6092_82.9778,2024,10.1,15.789473684210531,Andhra Pradesh,Anakapalli,0.37777777777777766,10.477777777777778,11.233333333333333,5.3,11.0,9.161793372319682,0.0,Critical,Critical,FUTURE_CRITICAL,FUTURE_CRITICAL
Andhra Pradesh_17.5032_82.0124,2024,4.0,59.523809523809526,Andhra Pradesh,Alluri Sitharama Raju,-0.1333333333333334,3.8666666666666667,3.5999999999999996,2.3,6.5,62.698412698412696,69.04761904761905,Watch,Watch,STABLE,STABLE
Andhra Pradesh_16.0947_80.0909,2024,2.8,100.0,Andhra Pradesh,Palnadu,-0.044444444444444474,2.7555555555555555,2.6666666666666665,2.8,6.5,100.0,100.0,Safe,Safe,STABLE,STABLE
Jharkhand_22.6808_84.5619,2024,4.3,62.5,Jharkhand,Simdega,0.13333333333333336,4.433333333333334,4.7,2.8,6.8,59.16666666666666,52.49999999999999,Watch,Watch,STABLE,STABLE
Jharkhand_22.66_84.8367,2024,5.4,61.53846153846153,Jharkhand,Simdega,-0.05555555555555561,5.344444444444445,5.233333333333333,4.4,7.0,63.67521367521366,67.94871794871796,Watch,Watch,STABLE,STABLE
Jharkhand_22.7536_85.8508,2024,6.1,10.63829787234043,Jharkhand,Saraikela Kharsawan,0.05000000000000012,6.1499999999999995,6.25,1.9,6.6,9.57446808510637,7.4468085106382915,Critical,Critical,FUTURE_CRITICAL,FUTURE_CRITICAL
Jharkhand_22.7133_84.7706,2024,1.8,53.33333333333334,Jharkhand,Simdega,0.13999999999999999,1.94,2.2199999999999998,1.1,2.6,44.00000000000001,25.333333333333353,Stressed,Stressed,STABLE,EARLY_DEPLETION_WARNING
Jharkhand_22.705_84.6836,2024,7.3,62.50000000000002,Jharkhand,Simdega,0.011111111111111047,7.311111111111111,7.333333333333333,6.4,8.8,62.03703703703707,61.111111111111136,Watch,Watch,STABLE,STABLE
Jharkhand_22.8417_85.3292,2024,6.4,48.0,Jharkhand,West Singhbhum,0.47142857142857153,6.871428571428572,7.814285714285715,2.5,10.0,41.7142857142857,29.14285714285714,Stressed,Stressed,STABLE,EARLY_DEPLETION_WARNING
Uttarakhand_29.5667_78.025,2024,1.1,79.16666666666667,Uttarakhand,Haridwar,-0.04444444444444445,1.0555555555555556,0.9666666666666668,0.1,4.9,80.0925925925926,81.94444444444444,Safe,Safe,STABLE,STABLE
Uttarakhand_29.7133_77.9111,2024,4.9,100.0,Uttarakhand,Haridwar,-0.1444444444444445,4.7555555555555555,4.466666666666667,4.9,8.1,100.0,100.0,Safe,Safe,STABLE,STABLE
Punjab_30.8556_74.6667,2024,4.4,49.999999999999986,Punjab,Ferozepur,0.02222222222222223,4.4222222222222225,4.466666666666667,3.6,5.2,48.61111111111111,45.833333333333336,Stressed,Stressed,STABLE,STABLE
Punjab_30.8572_74.5781,2024,6.0,100.0,Punjab,Ferozepur,-0.08888888888888885,5.911111111111111,5.733333333333333,6.0,7.0,100.0,100.0,Safe,Safe,STABLE,STABLE
Punjab_30.8_76.0208,2024,7.4,0.0,Punjab,Ludhiana,0.17142857142857146,7.571428571428572,7.914285714285715,6.2,7.4,0.0,0.0,Critical,Critical,FUTURE_CRITICAL,FUTURE_CRITICAL
Punjab_30.8833_76.2,2024,15.5,0.0,Punjab,Ludhiana,0.25,15.75,16.25,13.4,15.5,0.0,0.0,Critical,Critical,FUTURE_CRITICAL,FUTURE_CRITICAL
Punjab_30.9028_75.8111,2024,36.4,0.0,Punjab,Ludhiana,1.1666666666666667,37.56666666666666,39.9,21.7,36.4,0.0,0.0,Critical,Critical,FUTURE_CRITICAL,FUTURE_CRITICAL
Punjab_30.9375_76.2444,2024,2.6,100.0,Punjab,Ludhiana,-0.1666666666666666,2.4333333333333336,2.1000000000000005,2.6,4.7,100.0,100.0,Safe,Safe,STABLE,STABLE
Telangana_17.9022_77.8497,2024,4.8,69.87951807228916,Telangana,Sangareddy,-0.46666666666666656,4.333333333333333,3.4000000000000004,2.3,10.6,75.50200803212851,86.74698795180721,Safe,Safe,STABLE,RECOVERY_EXPECTED
Punjab_30.9278_76.4625,2024,2.7,100.0,Punjab,Rupnagar,-0.09999999999999998,2.6,2.4000000000000004,2.7,4.0,100.0,100.0,Safe,Safe,STABLE,STABLE
Uttarakhand_29.75_78.1417,2024,4.0,71.5909090909091,Uttarakhand,Haridwar,-0.7000000000000001,3.3,1.9,1.5,10.3,79.54545454545455,95.45454545454545,Safe,Safe,STABLE,RECOVERY_EXPECTED
Jharkhand_22.5722_84.8189,2024,2.9,100.0,Jharkhand,Simdega,-0.24444444444444435,2.6555555555555554,2.166666666666667,2.9,5.1,100.0,100.0,Safe,Safe,STABLE,STABLE
Jharkhand_22.6625_85.6375,2024,6.0,19.444444444444454,Jharkhand,West Singhbhum,0.1875,6.1875,6.5625,3.1,6.7,14.236111111111116,3.819444444444453,Critical,Critical,FUTURE_CRITICAL,FUTURE_CRITICAL
Jharkhand_22.6606_84.9219,2024,5.3,36.8421052631579,Jharkhand,Simdega,1.0485439677015367e-16,5.3,5.3,2.9,6.7,36.8421052631579,36.8421052631579,Stressed,Stressed,STABLE,STABLE
Assam_26.1167_92.0083,2024,1.6,75.0,Assam,Kamrup Metro,0.037500000000000006,1.6375000000000002,1.7125000000000001,1.3,2.5,71.87499999999999,65.62499999999999,Watch,Watch,STABLE,STABLE
Assam_26.1103_92.1364,2024,2.7,55.55555555555555,Assam,Kamrup Metro,0.042857142857142906,2.742857142857143,2.8285714285714287,1.9,3.7,53.17460317460318,48.412698412698404,Watch,Stressed,STABLE,STABLE
Uttarakhand_29.7097_77.9639,2024,2.2,23.076923076923062,Uttarakhand,Haridwar,-0.024999999999999967,2.1750000000000003,2.1250000000000004,1.2,2.5,24.99999999999998,28.84615384615381,Critical,Stressed,FUTURE_CRITICAL,STABLE
Andhra Pradesh_14.0722_79.891,2024,4.0,60.97560975609755,Andhra Pradesh,Tirupati,-0.18888888888888886,3.8111111111111113,3.4333333333333336,0.8,9.0,63.27913279132791,67.88617886178861,Watch,Watch,STABLE,STABLE
Punjab_31.0292_75.7931,2024,18.1,7.407407407407374,Punjab,Jalandhar,0.3125000000000002,18.4125,19.0375,15.6,18.3,0.0,0.0,Critical,Critical,FUTURE_CRITICAL,FUTURE_CRITICAL
Punjab_31.0167_76.1639,2024,5.5,15.384615384615397,Punjab,Shahid Bhagat Singh Nagar Nawanshahr,0.05555555555555555,5.555555555555555,5.666666666666667,4.4,5.7,11.11111111111114,2.564102564102555,Critical,Critical,FUTURE_CRITICAL,FUTURE_CRITICAL
Punjab_31.0417_76.5333,2024,4.2,31.57894736842104,Punjab,Rupnagar,0.0666666666666667,4.266666666666667,4.4,2.9,4.8,28.07017543859649,21.052631578947345,Stressed,Critical,STABLE,FUTURE_CRITICAL
Andhra Pradesh_17.5029_82.7941,2024,2.6,8.333333333333337,Andhra Pradesh,Visakhapatnam,0.1,2.7,2.9000000000000004,1.5,2.7,0.0,0.0,Critical,Critical,FUTURE_CRITICAL,FUTURE_CRITICAL
Andhra Pradesh_17.4633_82.0271,2024,9.0,0.0,Andhra Pradesh,Alluri Sitharama Raju,0.3888888888888889,9.38888888888889,10.166666666666666,5.4,9.0,0.0,0.0,Critical,Critical,FUTURE_CRITICAL,FUTURE_CRITICAL
Punjab_31.0631_74.8458,2024,17.6,91.30434782608684,Punjab,Ferozepur,0.025000000000000286,17.625,17.675,17.4,19.7,90.21739130434777,88.04347826086948,Safe,Safe,STABLE,STABLE
Telangana_17.801_79.9796,2024,5.1,35.71428571428572,Telangana,Mahabubabad,-0.19999999999999996,4.8999999999999995,4.5,3.3,6.1,42.85714285714287,57.14285714285714,Stressed,Watch,STABLE,RECOVERY_EXPECTED
Telangana_17.7919_79.7831,2024,1.9,67.34693877551021,Telangana,Warangal,-0.11111111111111104,1.788888888888889,1.5666666666666669,0.3,5.2,69.61451247165533,74.14965986394557,Watch,Watch,STABLE,STABLE
Uttarakhand_29.7586_78.0367,2024,2.7,79.99999999999999,Uttarakhand,Haridwar,-0.011111111111111072,2.688888888888889,2.666666666666667,2.3,4.3,80.55555555555554,81.66666666666664,Safe,Safe,STABLE,STABLE
Uttarakhand_29.76_78.1058,2024,21.7,100.0,Uttarakhand,Haridwar,-0.7000000000000002,21.0,19.599999999999998,21.7,27.3,100.0,100.0,Safe,Safe,STABLE,STABLE
Jharkhand_22.43_84.3472,2024,3.3,92.85714285714289,Jharkhand,Simdega,-0.057142857142857155,3.242857142857143,3.1285714285714286,3.2,4.6,96.9387755102041,100.0,Safe,Safe,STABLE,STABLE
Jharkhand_22.5272_84.8728,2024,3.3,0.0,Jharkhand,Simdega,0.2571428571428571,3.557142857142857,4.071428571428571,1.5,3.3,0.0,0.0,Critical,Critical,FUTURE_CRITICAL,FUTURE_CRITICAL
Jharkhand_22.5083_86.5528,2024,10.8,3.48837209302324,Jharkhand,East Singhbum,0.26666666666666666,11.066666666666668,11.600000000000001,2.5,11.1,0.3875968992247847,0.0,Critical,Critical,FUTURE_CRITICAL,FUTURE_CRITICAL
Jharkhand_22.5458_85.8042,2024,9.0,63.636363636363626,Jharkhand,West Singhbhum,-0.15555555555555556,8.844444444444445,8.533333333333333,6.6,13.2,65.99326599326598,70.7070707070707,Watch,Watch,STABLE,STABLE
Jharkhand_22.535_84.6667,2024,4.2,89.99999999999994,Jharkhand,Simdega,-0.1166666666666667,4.083333333333334,3.85,4.1,5.1,100.0,100.0,Safe,Safe,RECOVERY_EXPECTED,STABLE
Uttarakhand_29.7442_77.9139,2024,16.3,100.0,Uttarakhand,Haridwar,-0.16666666666666663,16.133333333333333,15.8,16.3,18.2,100.0,100.0,Safe,Safe,STABLE,STABLE
Uttarakhand_29.7289_77.7972,2024,6.1,85.71428571428577,Uttarakhand,Haridwar,-0.1111111111111111,5.988888888888889,5.766666666666667,5.9,7.3,93.65079365079367,100.0,Safe,Safe,STABLE,STABLE
Punjab_31.0_76.575,2024,5.8,79.3103448275862,Punjab,Rupnagar,-0.07500000000000007,5.725,5.574999999999999,5.2,8.1,81.89655172413795,87.06896551724141,Safe,Safe,STABLE,STABLE
Punjab_31.0_75.1506,2024,17.0,20.689655172413822,Punjab,Moga,0.24444444444444435,17.244444444444444,17.733333333333334,14.7,17.6,12.260536398467503,0.0,Critical,Critical,FUTURE_CRITICAL,FUTURE_CRITICAL
Punjab_31.1167_76.0056,2024,26.3,39.10891089108911,Punjab,Shahid Bhagat Singh Nagar Aur,-0.6368421052631579,25.66315789473684,24.38947368421053,14.0,34.2,42.261594580510696,48.566961959353826,Stressed,Stressed,STABLE,STABLE
Punjab_31.1583_75.6167,2024,34.1,0.0,Punjab,Jalandhar,0.7888888888888891,34.88888888888889,36.46666666666667,27.0,34.1,0.0,0.0,Critical,Critical,FUTURE_CRITICAL,FUTURE_CRITICAL
Punjab_31.1431_76.1783,2024,19.2,0.0,Punjab,Hoshiarpur,0.4624999999999999,19.662499999999998,20.5875,13.2,19.2,0.0,0.0,Critical,Critical,FUTURE_CRITICAL,FUTURE_CRITICAL
Punjab_31.15_76.575,2024,1.8,87.27272727272728,Punjab,Rupnagar,0.05555555555555544,1.8555555555555554,1.9666666666666663,1.1,6.6,86.26262626262627,84.24242424242425,Safe,Safe,STABLE,STABLE
Telangana_17.7813_79.5801,2024,7.1,44.82758620689658,Telangana,Warangal,-0.18571428571428578,6.914285714285714,6.542857142857143,5.5,8.4,51.231527093596085,64.03940886699509,Watch,Watch,STABLE,RECOVERY_EXPECTED
Jammu and Kashmir_33.2364_74.3688,2024,3.0,10.000000000000009,Jammu and Kashmir,Rajouri,-0.014285714285714343,2.9857142857142858,2.957142857142857,2.1,3.1,11.428571428571432,14.285714285714324,Critical,Critical,FUTURE_CRITICAL,FUTURE_CRITICAL
Jammu and Kashmir_33.1844_74.1391,2024,2.1,16.666666666666664,Jammu and Kashmir,Rajouri,0.0888888888888889,2.188888888888889,2.3666666666666667,0.1,2.5,12.962962962962955,5.555555555555558,Critical,Critical,FUTURE_CRITICAL,FUTURE_CRITICAL
Jammu and Kashmir_33.2867_74.2834,2024,2.4,42.85714285714286,Jammu and Kashmir,Rajouri,-0.07777777777777775,2.322222222222222,2.1666666666666665,0.4,3.9,45.07936507936508,49.523809523809526,Stressed,Stressed,STABLE,STABLE
Jammu and Kashmir_33.2812_74.3181,2024,3.0,0.0,Jammu and Kashmir,Rajouri,0.07142857142857142,3.0714285714285716,3.2142857142857144,1.4,3.0,0.0,0.0,Critical,Critical,FUTURE_CRITICAL,FUTURE_CRITICAL
Jharkhand_22.2556_86.6742,2024,5.6,38.33333333333334,Jharkhand,East Singhbum,-0.46000000000000013,5.14,4.219999999999999,1.9,7.9,46.00000000000001,61.33333333333335,Stressed,Watch,STABLE,RECOVERY_EXPECTED
Jharkhand_22.275_86.7125,2024,7.0,52.38095238095239,Jharkhand,East Singhbum,0.10000000000000003,7.1,7.3,4.0,10.3,50.79365079365081,47.61904761904763,Watch,Stressed,STABLE,STABLE
Jharkhand_22.2617_85.7358,2024,11.6,0.0,Jharkhand,West Singhbhum,0.7374999999999999,12.3375,13.8125,4.6,11.6,0.0,0.0,Critical,Critical,FUTURE_CRITICAL,FUTURE_CRITICAL
Jharkhand_22.4833_86.7181,2024,17.6,18.571428571428537,Jharkhand,East Singhbum,0.23333333333333345,17.833333333333336,18.3,11.9,18.9,15.238095238095184,8.571428571428541,Critical,Critical,FUTURE_CRITICAL,FUTURE_CRITICAL
Telangana_17.8201_78.5287,2024,2.7,100.0,Telangana,Siddipet,-0.3444444444444444,2.3555555555555556,1.666666666666667,2.7,6.2,100.0,100.0,Safe,Safe,STABLE,STABLE
Punjab_31.15_74.6333,2024,34.4,0.0,Punjab,Tarn Taran,2.4571428571428577,36.857142857142854,41.77142857142857,17.2,34.4,0.0,0.0,Critical,Critical,FUTURE_CRITICAL,FUTURE_CRITICAL
Punjab_31.2292_75.7792,2024,31.3,0.0,Punjab,Kapurthala,0.5900000000000002,31.89,33.07,25.4,31.3,0.0,0.0,Critical,Critical,FUTURE_CRITICAL,FUTURE_CRITICAL
Punjab_31.2083_76.4167,2024,12.3,15.909090909090896,Punjab,Rupnagar,0.33750000000000013,12.637500000000001,13.312500000000002,8.6,13.0,8.238636363636342,0.0,Critical,Critical,FUTURE_CRITICAL,FUTURE_CRITICAL
Punjab_31.25_74.8417,2024,35.7,0.0,Punjab,Tarn Taran,2.3375000000000004,38.0375,42.712500000000006,17.0,35.7,0.0,0.0,Critical,Critical,FUTURE_CRITICAL,FUTURE_CRITICAL
Andhra Pradesh_17.4379_82.074,2024,1.4,84.61538461538463,Andhra Pradesh,Alluri Sitharama Raju,-0.17777777777777778,1.222222222222222,0.8666666666666666,1.0,3.6,91.45299145299145,100.0,Safe,Safe,STABLE,RECOVERY_EXPECTED
Telangana_17.7261_77.5997,2024,2.5,85.2112676056338,Telangana,Sangareddy,-0.9285714285714286,1.5714285714285714,0.0,0.4,14.6,91.75050301810866,100.0,Safe,Safe,STABLE,STABLE
Uttarakhand_29.7758_77.9969,2024,2.0,35.0,Uttarakhand,Haridwar,3.0839528461809905e-17,2.0,2.0,0.7,2.7,35.0,35.0,Stressed,Stressed,STABLE,STABLE
Uttarakhand_29.8031_78.2117,2024,16.3,15.957446808510634,Uttarakhand,Haridwar,1.5111111111111113,17.811111111111114,20.833333333333336,0.5,19.3,7.919621749408979,0.0,Critical,Critical,FUTURE_CRITICAL,FUTURE_CRITICAL
Jammu and Kashmir_33.1731_74.1699,2024,2.5,60.606060606060595,Jammu and Kashmir,Rajouri,0.05555555555555555,2.5555555555555554,2.6666666666666665,1.2,4.5,58.922558922558935,55.55555555555556,Watch,Watch,STABLE,STABLE
Assam_26.1175_93.785,2024,1.7,83.87096774193547,Assam,Karbi Anglong,-0.3714285714285714,1.3285714285714285,0.5857142857142859,1.2,4.3,95.85253456221197,100.0,Safe,Safe,RECOVERY_EXPECTED,RECOVERY_EXPECTED
Jammu and Kashmir_33.1801_74.4157,2024,1.4,50.000000000000014,Jammu and Kashmir,Rajouri,-0.02222222222222222,1.3777777777777778,1.3333333333333333,1.0,1.8,52.77777777777778,58.33333333333335,Watch,Watch,STABLE,STABLE
Jammu and Kashmir_33.2404_74.0472,2024,5.5,9.090909090909062,Jammu and Kashmir,Rajouri,0.0625,5.5625,5.6875,4.5,5.6,3.4090909090908728,0.0,Critical,Critical,FUTURE_CRITICAL,FUTURE_CRITICAL
Uttarakhand_29.7636_77.8686,2024,5.4,89.99999999999999,Uttarakhand,Haridwar,-0.1111111111111111,5.28888888888889,5.066666666666667,5.2,7.2,95.55555555555553,100.0,Safe,Safe,STABLE,STABLE
Punjab_31.2625_75.4917,2024,39.3,0.0,Punjab,Jalandhar,0.7222222222222222,40.02222222222222,41.46666666666666,32.0,39.3,0.0,0.0,Critical,Critical,FUTURE_CRITICAL,FUTURE_CRITICAL
Punjab_31.25_76.05,2024,25.8,18.461538461538453,Punjab,Hoshiarpur,0.38888888888888895,26.18888888888889,26.96666666666667,20.5,27.0,12.478632478632456,0.5128205128204888,Critical,Critical,FUTURE_CRITICAL,FUTURE_CRITICAL
Punjab_31.2778_74.7,2024,18.2,14.285714285714313,Punjab,Tarn Taran,0.5142857142857142,18.714285714285715,19.74285714285714,14.6,18.8,2.0408163265306034,0.0,Critical,Critical,FUTURE_CRITICAL,FUTURE_CRITICAL
Punjab_31.2708_76.4458,2024,7.4,51.42857142857141,Punjab,Rupnagar,-0.05555555555555555,7.344444444444445,7.233333333333333,5.7,9.2,53.01587301587299,56.19047619047619,Watch,Watch,STABLE,STABLE
Punjab_31.3306_76.4,2024,3.7,36.66666666666666,Punjab,Rupnagar,0.21111111111111114,3.9111111111111114,4.333333333333334,1.8,4.8,29.629629629629616,15.555555555555534,Stressed,Critical,STABLE,FUTURE_CRITICAL
Punjab_31.3694_75.3806,2024,23.6,3.9999999999999813,Punjab,Kapurthala,0.47500000000000014,24.075000000000003,25.025000000000002,18.8,23.8,0.0,0.0,Critical,Critical,FUTURE_CRITICAL,FUTURE_CRITICAL
Punjab_31.3653_75.1444,2024,21.8,0.0,Punjab,Tarn Taran,0.23000000000000007,22.03,22.490000000000002,19.5,21.8,0.0,0.0,Critical,Critical,FUTURE_CRITICAL,FUTURE_CRITICAL
Punjab_31.4292_75.6639,2024,6.8,62.7906976744186,Punjab,Jalandhar,-0.24444444444444446,6.555555555555555,6.066666666666666,5.2,9.5,68.47545219638243,79.84496124031008,Watch,Safe,STABLE,RECOVERY_EXPECTED
Telangana_17.7048_77.6548,2024,4.1,88.88888888888889,Telangana,Sangareddy,-0.5555555555555556,3.5444444444444443,2.4333333333333327,1.8,22.5,91.5727321524423,96.94041867954913,Safe,Safe,STABLE,STABLE
Uttarakhand_29.8075_77.7758,2024,10.3,9.090909090909062,Uttarakhand,Haridwar,0.12222222222222238,10.422222222222222,10.666666666666668,8.3,10.5,3.535353535353525,0.0,Critical,Critical,FUTURE_CRITICAL,FUTURE_CRITICAL
Jammu and Kashmir_33.0922_74.7939,2024,4.9,74.99999999999997,Jammu and Kashmir,Reasi,0.012500000000000067,4.9125000000000005,4.937500000000001,4.7,5.5,73.43749999999996,70.31249999999991,Watch,Watch,STABLE,STABLE
Jammu and Kashmir_33.1281_74.6311,2024,2.4,65.21739130434783,Jammu and Kashmir,Reasi,-0.16666666666666663,2.2333333333333334,1.9,1.6,3.9,72.46376811594203,86.95652173913044,Watch,Safe,STABLE,RECOVERY_EXPECTED
Jammu and Kashmir_33.1226_74.2179,2024,4.8,0.0,Jammu and Kashmir,Rajouri,0.25000000000000006,5.05,5.55,1.5,4.8,0.0,0.0,Critical,Critical,FUTURE_CRITICAL,FUTURE_CRITICAL
Jammu and Kashmir_33.1554_74.2251,2024,5.5,0.0,Jammu and Kashmir,Rajouri,0.1375,5.6375,5.9125,1.4,5.5,0.0,0.0,Critical,Critical,FUTURE_CRITICAL,FUTURE_CRITICAL
Jammu and Kashmir_33.1426_74.3033,2024,4.3,85.3658536585366,Jammu and Kashmir,Rajouri,-0.06666666666666672,4.233333333333333,4.1,3.7,7.8,86.99186991869918,90.24390243902441,Safe,Safe,STABLE,STABLE
Jammu and Kashmir_33.1662_74.4165,2024,1.3,65.51724137931035,Jammu and Kashmir,Rajouri,-0.05555555555555558,1.2444444444444445,1.1333333333333333,0.3,3.2,67.43295019157088,71.26436781609196,Watch,Watch,STABLE,STABLE
Jammu and Kashmir_33.165_74.553,2024,2.1,36.36363636363635,Jammu and Kashmir,Reasi,0.011111111111111108,2.111111111111111,2.1333333333333333,1.4,2.5,35.35353535353535,33.333333333333336,Stressed,Stressed,STABLE,STABLE
Telangana_17.6865_79.9001,2024,2.3,72.22222222222223,Telangana,Mahabubabad,-0.26000000000000006,2.0399999999999996,1.5199999999999996,1.8,3.6,86.66666666666669,100.0,Safe,Safe,RECOVERY_EXPECTED,RECOVERY_EXPECTED
Punjab_31.4222_75.7083,2024,9.1,0.0,Punjab,Jalandhar,0.3666666666666666,9.466666666666667,10.2,5.8,9.1,0.0,0.0,Critical,Critical,FUTURE_CRITICAL,FUTURE_CRITICAL
Punjab_31.4361_75.4986,2024,22.9,0.0,Punjab,Jalandhar,0.6555555555555554,23.555555555555554,24.866666666666664,17.0,22.9,0.0,0.0,Critical,Critical,FUTURE_CRITICAL,FUTURE_CRITICAL
Punjab_31.4333_75.1306,2024,19.3,47.36842105263154,Punjab,Tarn Taran,0.1111111111111111,19.41111111111111,19.633333333333333,18.3,20.2,41.52046783625729,29.82456140350879,Stressed,Stressed,STABLE,EARLY_DEPLETION_WARNING
Punjab_31.5014_75.7486,2024,11.8,70.96774193548386,Punjab,Hoshiarpur,-0.033333333333333215,11.766666666666667,11.700000000000001,10.9,14.0,72.04301075268815,74.19354838709675,Watch,Watch,STABLE,STABLE
Punjab_31.4708_75.7625,2024,9.1,68.29268292682929,Punjab,Jalandhar,-0.5600000000000002,8.54,7.419999999999999,7.8,11.9,81.95121951219514,100.0,Safe,Safe,RECOVERY_EXPECTED,RECOVERY_EXPECTED
Punjab_31.5167_74.7,2024,15.6,2.0408163265306034,Punjab,Tarn Taran,0.5999999999999999,16.2,17.4,10.8,15.7,0.0,0.0,Critical,Critical,FUTURE_CRITICAL,FUTURE_CRITICAL
Punjab_31.5153_75.3,2024,14.8,46.153846153846104,Punjab,Amritsar,0.05555555555555555,14.855555555555556,14.966666666666667,14.1,15.4,41.880341880341845,33.333333333333336,Stressed,Stressed,STABLE,STABLE
Uttarakhand_29.845_78.1144,2024,6.8,57.14285714285715,Uttarakhand,Haridwar,0.07499999999999993,6.875,7.0249999999999995,6.2,7.6,51.78571428571428,41.071428571428605,Watch,Stressed,STABLE,EARLY_DEPLETION_WARNING
Jammu and Kashmir_33.0709_74.6489,2024,2.7,47.058823529411754,Jammu and Kashmir,Reasi,-0.044444444444444425,2.655555555555556,2.566666666666667,1.8,3.5,49.673202614379065,54.90196078431371,Stressed,Watch,STABLE,STABLE
Jammu and Kashmir_33.0519_74.5771,2024,3.7,37.14285714285713,Jammu and Kashmir,Reasi,4.9343245538895844e-17,3.7,3.7,1.5,5.0,37.14285714285713,37.14285714285713,Stressed,Stressed,STABLE,STABLE
Jammu and Kashmir_33.0817_74.8313,2024,25.0,100.0,Jammu and Kashmir,Reasi,-0.05714285714285694,24.942857142857143,24.82857142857143,25.0,29.5,100.0,100.0,Safe,Safe,STABLE,STABLE
Jammu and Kashmir_33.0716_74.6397,2024,1.7,64.28571428571428,Jammu and Kashmir,Reasi,-0.022222222222222185,1.6777777777777778,1.6333333333333333,0.7,3.5,65.07936507936508,66.66666666666666,Watch,Watch,STABLE,STABLE
Jammu and Kashmir_33.0974_74.265,2024,6.8,0.0,Jammu and Kashmir,Rajouri,0.5124999999999998,7.3125,8.337499999999999,2.4,6.8,0.0,0.0,Critical,Critical,FUTURE_CRITICAL,FUTURE_CRITICAL
Uttarakhand_29.7775_78.1689,2024,4.7,0.0,Uttarakhand,Haridwar,0.13333333333333336,4.833333333333334,5.1000000000000005,2.9,4.7,0.0,0.0,Critical,Critical,FUTURE_CRITICAL,FUTURE_CRITICAL
Telangana_17.6794_78.3686,2024,6.5,57.14285714285715,Telangana,Sangareddy,-0.06666666666666662,6.433333333333334,6.3,1.7,12.9,57.73809523809524,58.928571428571445,Watch,Watch,STABLE,STABLE
Telangana_17.6677_79.0432,2024,6.6,75.72815533980582,Telangana,Yadadri Bhuvanagiri,-0.8555555555555557,5.744444444444444,4.033333333333332,4.1,14.4,84.03451995685006,100.0,Safe,Safe,STABLE,RECOVERY_EXPECTED
Andhra Pradesh_17.2_82.1018,2024,13.3,31.944444444444432,Andhra Pradesh,Kakinada,0.6125000000000002,13.912500000000001,15.137500000000001,8.4,15.6,23.43749999999998,6.423611111111094,Critical,Critical,FUTURE_CRITICAL,FUTURE_CRITICAL
Andhra Pradesh_17.2653_81.8475,2024,3.3,4.34782608695653,Andhra Pradesh,East GodavariGokavaram,0.17777777777777773,3.4777777777777774,3.833333333333333,1.1,3.4,0.0,0.0,Critical,Critical,FUTURE_CRITICAL,FUTURE_CRITICAL
Punjab_31.5667_75.0333,2024,20.4,23.529411764705934,Punjab,Amritsar,0.16666666666666666,20.566666666666666,20.9,16.5,21.6,20.26143790849676,13.725490196078482,Critical,Critical,FUTURE_CRITICAL,FUTURE_CRITICAL
Punjab_31.6028_75.65,2024,16.1,17.142857142857082,Punjab,Jalandhar,0.32222222222222247,16.422222222222224,17.06666666666667,13.2,16.7,7.936507936507853,0.0,Critical,Critical,FUTURE_CRITICAL,FUTURE_CRITICAL
Punjab_31.5708_75.5711,2024,23.7,17.14285714285714,Punjab,Kapurthala,0.11333333333333348,23.813333333333333,24.04,17.9,24.9,15.523809523809518,12.285714285714278,Critical,Critical,FUTURE_CRITICAL,FUTURE_CRITICAL
Punjab_31.6333_74.875,2024,25.2,24.56140350877195,Punjab,Amritsar,-0.10000000000000013,25.099999999999998,24.9,20.9,26.6,26.31578947368426,29.82456140350881,Stressed,Stressed,STABLE,STABLE
Uttarakhand_29.8744_77.8,2024,16.2,33.89830508474577,Uttarakhand,Haridwar,0.3444444444444444,16.544444444444444,17.233333333333334,12.3,18.2,28.060263653483986,16.38418079096042,Stressed,Critical,STABLE,FUTURE_CRITICAL
Uttarakhand_29.8658_78.1808,2024,9.8,41.666666666666664,Uttarakhand,Haridwar,-0.09999999999999984,9.700000000000001,9.500000000000002,7.7,11.3,44.44444444444443,49.999999999999964,Stressed,Stressed,STABLE,STABLE
Jammu and Kashmir_32.8752_74.7526,2024,21.9,37.50000000000006,Jammu and Kashmir,Jammu,0.125,22.025,22.275,20.9,22.5,29.687500000000068,14.062500000000078,Stressed,Critical,STABLE,FUTURE_CRITICAL
Jammu and Kashmir_32.9722_74.6988,2024,1.8,90.9090909090909,Jammu and Kashmir,Jammu,-0.2857142857142857,1.5142857142857142,0.942857142857143,1.6,3.8,100.0,100.0,Safe,Safe,STABLE,STABLE
Jammu and Kashmir_32.9573_74.6702,2024,3.2,74.99999999999997,Jammu and Kashmir,Jammu,-0.022222222222222174,3.177777777777778,3.1333333333333337,3.1,3.5,80.55555555555551,91.66666666666659,Safe,Safe,STABLE,RECOVERY_EXPECTED
Assam_26.1217_92.3508,2024,1.4,88.37209302325581,Assam,Marigaon,-0.76,0.6399999999999999,0.0,0.9,5.2,100.0,100.0,Safe,Safe,RECOVERY_EXPECTED,STABLE
Uttarakhand_29.8072_78.1389,2024,4.7,34.78260869565217,Uttarakhand,Haridwar,0.12222222222222223,4.822222222222223,5.066666666666666,3.2,5.5,29.4685990338164,18.840579710144944,Stressed,Critical,STABLE,FUTURE_CRITICAL
Telangana_17.6672_79.8018,2024,5.0,33.333333333333336,Telangana,Mahabubabad,0.27999999999999997,5.28,5.84,3.6,5.7,19.999999999999996,0.0,Critical,Critical,FUTURE_CRITICAL,FUTURE_CRITICAL
Telangana_17.6048_79.1181,2024,5.1,39.28571428571429,Telangana,Yadadri Bhuvanagiri,-0.1444444444444445,4.955555555555555,4.666666666666666,1.7,7.3,41.86507936507938,47.02380952380953,Stressed,Stressed,STABLE,STABLE
Punjab_31.6042_75.5878,2024,15.3,28.767123287671204,Punjab,Kapurthala,0.6500000000000001,15.950000000000001,17.25,10.1,17.4,19.863013698630105,2.054794520547931,Critical,Critical,FUTURE_CRITICAL,FUTURE_CRITICAL
Punjab_31.75_75.7417,2024,14.4,24.390243902439025,Punjab,Hoshiarpur,0.38749999999999996,14.7875,15.5625,11.3,15.4,14.939024390243915,0.0,Critical,Critical,FUTURE_CRITICAL,FUTURE_CRITICAL
Punjab_31.7167_74.6667,2024,12.7,8.108108108108125,Punjab,Amritsar,0.4857142857142855,13.185714285714285,14.157142857142855,9.3,13.0,0.0,0.0,Critical,Critical,FUTURE_CRITICAL,FUTURE_CRITICAL
Punjab_31.8319_75.7514,2024,6.6,47.91666666666667,Punjab,Hoshiarpur,0.2777777777777778,6.877777777777777,7.433333333333333,4.1,8.9,42.12962962962964,30.555555555555568,Stressed,Stressed,STABLE,EARLY_DEPLETION_WARNING
Punjab_31.8639_74.9583,2024,9.9,57.1428571428571,Punjab,Gurdaspur,0.033333333333333416,9.933333333333334,10.0,9.6,10.3,52.38095238095237,42.8571428571429,Watch,Stressed,STABLE,STABLE
Andhra Pradesh_16.1193_79.6506,2024,8.4,30.23255813953488,Andhra Pradesh,Palnadu,0.4666666666666667,8.866666666666667,9.8,2.4,11.0,24.8062015503876,13.953488372093014,Critical,Critical,FUTURE_CRITICAL,FUTURE_CRITICAL
Andhra Pradesh_16.0966_80.7732,2024,9.2,0.0,Andhra Pradesh,Bapatla,0.811111111111111,10.011111111111111,11.633333333333333,0.9,9.2,0.0,0.0,Critical,Critical,FUTURE_CRITICAL,FUTURE_CRITICAL
Jammu and Kashmir_32.84_74.7716,2024,20.4,80.95238095238103,Jammu and Kashmir,Jammu,0.022222222222222143,20.42222222222222,20.466666666666665,20.0,22.1,79.89417989417997,77.77777777777787,Safe,Safe,STABLE,STABLE
Jammu and Kashmir_32.8558_74.7467,2024,14.1,73.6842105263158,Jammu and Kashmir,Jammu,0.055555555555555566,14.155555555555555,14.266666666666666,13.6,15.5,70.76023391812866,64.91228070175443,Watch,Watch,STABLE,STABLE
Jammu and Kashmir_32.8599_74.7633,2024,22.9,41.17647058823531,Jammu and Kashmir,Jammu,-0.06666666666666682,22.833333333333332,22.7,19.9,25.0,42.48366013071897,45.09803921568628,Stressed,Stressed,STABLE,STABLE
Jammu and Kashmir_32.8595_75.1988,2024,1.6,41.17647058823528,Jammu and Kashmir,Udhampur,8.673617379884035e-18,1.6,1.6,0.6,2.3,41.17647058823528,41.17647058823528,Stressed,Stressed,STABLE,STABLE
Jammu and Kashmir_32.8695_74.6134,2024,34.6,35.99999999999994,Jammu and Kashmir,Jammu,0.2000000000000005,34.800000000000004,35.2,31.4,36.4,31.999999999999883,23.99999999999991,Stressed,Critical,STABLE,FUTURE_CRITICAL
Jammu and Kashmir_32.8693_74.6885,2024,9.5,6.122448979591855,Jammu and Kashmir,Jammu,0.06666666666666662,9.566666666666666,9.7,4.9,9.8,4.761904761904779,2.0408163265306367,Critical,Critical,FUTURE_CRITICAL,FUTURE_CRITICAL
Jammu and Kashmir_32.8813_74.708,2024,13.3,26.923076923076895,Jammu and Kashmir,Jammu,0.23750000000000004,13.537500000000001,14.012500000000001,11.4,14.0,17.788461538461487,0.0,Critical,Critical,FUTURE_CRITICAL,FUTURE_CRITICAL
Uttarakhand_29.8083_77.93,2024,16.0,100.0,Uttarakhand,Haridwar,-0.2777777777777778,15.722222222222221,15.166666666666666,16.0,18.8,100.0,100.0,Safe,Safe,STABLE,STABLE
Punjab_31.8633_75.7894,2024,4.0,47.61904761904761,Punjab,Hoshiarpur,0.1375,4.1375,4.4125,2.9,5.0,41.071428571428555,27.97619047619049,Stressed,Stressed,STABLE,EARLY_DEPLETION_WARNING
Punjab_31.8958_75.1625,2024,7.6,41.6666666666667,Punjab,Gurdaspur,0.09999999999999994,7.699999999999999,7.8999999999999995,6.9,8.1,33.33333333333338,16.666666666666696,Stressed,Critical,STABLE,FUTURE_CRITICAL
Punjab_31.8667_75.05,2024,7.2,84.6153846153846,Punjab,Gurdaspur,0.02222222222222224,7.222222222222222,7.266666666666667,7.0,8.3,82.90598290598291,79.4871794871795,Safe,Safe,STABLE,STABLE
Punjab_31.8_75.6667,2024,7.5,28.33333333333332,Punjab,Hoshiarpur,8.881784197001253e-17,7.5,7.5,3.2,9.2,28.33333333333332,28.33333333333332,Stressed,Stressed,STABLE,STABLE
Andhra Pradesh_17.2302_82.1986,2024,3.2,42.85714285714286,Andhra Pradesh,Kakinada,0.02222222222222224,3.2222222222222223,3.266666666666667,1.6,4.4,42.06349206349207,40.476190476190474,Stressed,Stressed,STABLE,STABLE
Andhra Pradesh_17.227_82.2285,2024,6.2,26.865671641791046,Andhra Pradesh,Kakinada,0.17777777777777784,6.377777777777778,6.733333333333333,1.3,8.0,24.21227197346599,18.905472636815922,Critical,Critical,FUTURE_CRITICAL,FUTURE_CRITICAL
Telangana_17.5656_77.6569,2024,8.4,83.56164383561644,Telangana,Sangareddy,-0.2444444444444444,8.155555555555557,7.666666666666667,7.2,14.5,86.91019786910196,93.60730593607306,Safe,Safe,STABLE,STABLE
Assam_26.1264_92.2525,2024,5.7,0.0,Assam,Marigaon,0.12499999999999997,5.825,6.075,2.5,5.7,0.0,0.0,Critical,Critical,FUTURE_CRITICAL,FUTURE_CRITICAL
Uttarakhand_29.9175_78.0439,2024,5.4,100.0,Uttarakhand,Haridwar,-0.8222222222222223,4.577777777777778,2.9333333333333336,5.4,12.9,100.0,100.0,Safe,Safe,STABLE,STABLE
Uttarakhand_29.9078_78.0981,2024,12.3,100.0,Uttarakhand,Haridwar,-0.033333333333333166,12.266666666666667,12.200000000000001,12.3,14.2,100.0,100.0,Safe,Safe,STABLE,STABLE
Jammu and Kashmir_32.8401_74.846,2024,15.3,30.508474576271173,Jammu and Kashmir,Jammu,0.7888888888888891,16.08888888888889,17.666666666666668,7.1,18.9,23.822975517890765,10.45197740112992,Critical,Critical,FUTURE_CRITICAL,FUTURE_CRITICAL
Jammu and Kashmir_32.8331_75.1731,2024,0.9,46.15384615384615,Jammu and Kashmir,Udhampur,3.122502256758253e-17,0.9,0.9000000000000001,0.2,1.5,46.15384615384615,46.153846153846146,Stressed,Stressed,STABLE,STABLE
Jammu and Kashmir_32.8488_75.1779,2024,1.5,68.96551724137932,Jammu and Kashmir,Udhampur,-0.2375,1.2625,0.7875000000000001,0.6,3.5,77.15517241379311,93.53448275862068,Safe,Safe,STABLE,RECOVERY_EXPECTED
Jammu and Kashmir_32.8485_74.7464,2024,8.9,66.66666666666664,Jammu and Kashmir,Jammu,0.0777777777777779,8.977777777777778,9.133333333333335,8.1,10.5,63.42592592592591,56.94444444444437,Watch,Watch,STABLE,STABLE
Jammu and Kashmir_32.8556_74.6506,2024,7.0,81.81818181818181,Jammu and Kashmir,Jammu,-0.03333333333333331,6.966666666666667,6.9,6.8,7.9,84.84848484848483,90.90909090909086,Safe,Safe,STABLE,STABLE
Uttarakhand_29.887_78.1349,2024,6.7,100.0,Uttarakhand,Haridwar,2.4671622769447922e-17,6.7,6.7,6.7,8.3,100.0,100.0,Safe,Safe,STABLE,STABLE
Punjab_31.925_75.0806,2024,10.1,96.07843137254903,Punjab,Gurdaspur,-0.6571428571428571,9.442857142857143,8.128571428571428,9.9,15.0,100.0,100.0,Safe,Safe,STABLE,STABLE
Punjab_31.9083_75.7083,2024,9.4,97.67441860465117,Punjab,Hoshiarpur,-0.2111111111111112,9.18888888888889,8.766666666666667,9.3,13.6,100.0,100.0,Safe,Safe,STABLE,STABLE
Punjab_31.9722_75.75,2024,8.3,49.99999999999986,Punjab,Hoshiarpur,-1.3877787807814457e-17,8.3,8.3,8.0,8.6,49.99999999999986,49.99999999999986,Stressed,Stressed,STABLE,STABLE
Punjab_31.9667_74.9172,2024,4.6,100.0,Punjab,Amritsar,-0.4857142857142857,4.114285714285714,3.1428571428571423,4.6,9.1,100.0,100.0,Safe,Safe,STABLE,STABLE
Punjab_31.9869_75.7364,2024,7.0,37.20930232558138,Punjab,Hoshiarpur,-0.08750000000000002,6.9125,6.7375,4.3,8.6,39.24418604651163,43.31395348837209,Stressed,Stressed,STABLE,STABLE
Punjab_32.0125_75.0333,2024,6.2,33.33333333333333,Punjab,Gurdaspur,0.17777777777777784,6.377777777777778,6.733333333333333,4.6,7.0,25.92592592592591,11.111111111111105,Stressed,Critical,STABLE,FUTURE_CRITICAL
Punjab_32.1417_75.475,2024,3.9,92.3076923076923,Punjab,Gurdaspur,0.011111111111111127,3.911111111111111,3.933333333333333,3.5,8.7,92.0940170940171,91.66666666666667,Safe,Safe,STABLE,STABLE
Andhra Pradesh_14.0249_78.5027,2024,2.3,82.95454545454545,Andhra Pradesh,Annamayya,-0.811111111111111,1.488888888888889,0.0,0.8,9.6,92.17171717171718,100.0,Safe,Safe,STABLE,RECOVERY_EXPECTED
Andhra Pradesh_13.9605_77.6761,2024,1.6,18.74999999999999,Andhra Pradesh,Sri Sathya Sai,-0.03333333333333331,1.5666666666666669,1.5000000000000002,0.3,1.9,20.833333333333314,24.99999999999998,Critical,Critical,FUTURE_CRITICAL,FUTURE_CRITICAL
Jammu and Kashmir_32.7556_75.15,2024,5.3,58.97435897435898,Jammu and Kashmir,Udhampur,-0.2875,5.0125,4.4375,3.7,7.6,66.34615384615384,81.08974358974359,Watch,Safe,STABLE,RECOVERY_EXPECTED
Jammu and Kashmir_32.8076_74.8575,2024,3.9,100.0,Jammu and Kashmir,Jammu,-0.06666666666666668,3.833333333333333,3.6999999999999997,3.9,9.1,100.0,100.0,Safe,Safe,STABLE,STABLE
Jammu and Kashmir_32.8331_74.577,2024,4.2,29.999999999999982,Jammu and Kashmir,Jammu,0.07777777777777778,4.277777777777778,4.433333333333334,3.5,4.5,22.222222222222232,6.666666666666643,Critical,Critical,FUTURE_CRITICAL,FUTURE_CRITICAL
Jammu and Kashmir_32.8206_74.7166,2024,4.3,7.692307692307732,Jammu and Kashmir,Jammu,0.08888888888888886,4.388888888888888,4.566666666666666,3.1,4.4,0.8547008547009183,0.0,Critical,Critical,FUTURE_CRITICAL,FUTURE_CRITICAL
Assam_26.1302_90.5955,2024,6.1,48.00000000000001,Assam,Goalpara,0.16249999999999992,6.262499999999999,6.5874999999999995,4.8,7.3,41.50000000000003,28.500000000000014,Stressed,Stressed,STABLE,EARLY_DEPLETION_WARNING
Telangana_17.5619_80.1339,2024,5.1,21.42857142857144,Telangana,Mahabubabad,-0.12000000000000002,4.9799999999999995,4.739999999999999,2.9,5.7,25.714285714285733,34.285714285714306,Stressed,Stressed,STABLE,STABLE
Telangana_17.5567_78.2792,2024,7.1,50.000000000000014,Telangana,Sangareddy,-0.16666666666666663,6.933333333333333,6.6,5.2,9.0,54.38596491228071,63.157894736842124,Watch,Watch,STABLE,STABLE
Punjab_32.125_75.3361,2024,4.0,55.55555555555556,Punjab,Gurdaspur,-0.12499999999999997,3.875,3.625,3.2,5.0,62.5,76.3888888888889,Watch,Safe,STABLE,RECOVERY_EXPECTED
Punjab_32.1639_75.5522,2024,1.8,0.0,Punjab,Pathankot,0.028571428571428557,1.8285714285714285,1.8857142857142857,0.7,1.8,0.0,0.0,Critical,Critical,FUTURE_CRITICAL,FUTURE_CRITICAL
Punjab_32.15_75.5722,2024,7.0,60.86956521739131,Punjab,Pathankot,0.062499999999999986,7.0625,7.1875,6.1,8.4,58.152173913043484,52.71739130434783,Watch,Watch,STABLE,STABLE
Punjab_32.25_75.5222,2024,4.1,22.222222222222243,Punjab,Pathankot,0.0,4.1,4.1,3.4,4.3,22.222222222222243,22.222222222222243,Critical,Critical,FUTURE_CRITICAL,FUTURE_CRITICAL
Punjab_32.2167_75.55,2024,2.4,33.33333333333336,Punjab,Pathankot,-0.012499999999999994,2.3874999999999997,2.3625,2.0,2.6,35.41666666666672,39.58333333333337,Stressed,Stressed,STABLE,STABLE
Uttarakhand_29.91_77.7678,2024,19.0,89.1304347826087,Uttarakhand,Haridwar,0.05555555555555555,19.055555555555557,19.166666666666668,18.5,23.1,87.92270531400963,85.50724637681158,Safe,Safe,STABLE,STABLE
Uttarakhand_29.9722_77.9497,2024,10.8,29.032258064516125,Uttarakhand,Haridwar,0.07777777777777785,10.877777777777778,11.033333333333335,4.2,13.5,28.195937873357234,26.523297491039422,Stressed,Stressed,STABLE,STABLE
Jammu and Kashmir_32.6564_75.0739,2024,4.2,100.0,Jammu and Kashmir,Samba,-0.2599999999999999,3.9400000000000004,3.4200000000000004,4.2,10.3,100.0,100.0,Safe,Safe,STABLE,STABLE
Jammu and Kashmir_32.6557_74.952,2024,15.3,62.999999999999986,Jammu and Kashmir,Samba,-0.7000000000000001,14.600000000000001,13.200000000000001,11.6,21.6,70.0,83.99999999999999,Watch,Safe,STABLE,RECOVERY_EXPECTED
Jammu and Kashmir_32.6972_75.1644,2024,1.5,64.99999999999999,Jammu and Kashmir,Udhampur,-0.09999999999999999,1.4,1.2,0.1,4.1,67.5,72.5,Watch,Watch,STABLE,STABLE
Jammu and Kashmir_32.7505_74.7996,2024,1.3,93.75,Jammu and Kashmir,Jammu,-0.044444444444444425,1.2555555555555555,1.1666666666666667,1.2,2.8,96.52777777777779,100.0,Safe,Safe,STABLE,STABLE
Jammu and Kashmir_32.725_75.1636,2024,1.6,39.99999999999999,Jammu and Kashmir,Udhampur,-0.022222222222222216,1.577777777777778,1.5333333333333334,1.3,1.8,44.44444444444442,53.33333333333332,Stressed,Watch,STABLE,STABLE
Jammu and Kashmir_32.7907_74.7656,2024,7.9,0.0,Jammu and Kashmir,Jammu,0.7142857142857143,8.614285714285714,10.042857142857143,2.9,7.9,0.0,0.0,Critical,Critical,FUTURE_CRITICAL,FUTURE_CRITICAL
Telangana_17.4939_79.1605,2024,4.3,100.0,Telangana,Yadadri Bhuvanagiri,-2.483333333333334,1.816666666666666,0.0,4.3,19.2,100.0,100.0,Safe,Safe,STABLE,STABLE
Telangana_17.5274_78.8831,2024,5.0,66.66666666666667,Telangana,Yadadri Bhuvanagiri,-0.4125000000000001,4.5875,3.7624999999999997,3.1,8.8,73.90350877192982,88.37719298245614,Watch,Safe,STABLE,RECOVERY_EXPECTED
Andhra Pradesh_17.2083_81.8467,2024,4.3,49.01960784313726,Andhra Pradesh,East GodavariGokavaram,-0.0888888888888889,4.211111111111111,4.033333333333333,1.7,6.8,50.76252723311547,54.2483660130719,Watch,Watch,STABLE,STABLE
Punjab_32.3292_75.6625,2024,12.3,0.0,Punjab,Pathankot,0.3250000000000003,12.625000000000002,13.275000000000002,5.6,12.3,0.0,0.0,Critical,Critical,FUTURE_CRITICAL,FUTURE_CRITICAL
Punjab_32.2875_75.4583,2024,4.5,23.5294117647059,Punjab,Pathankot,-0.04444444444444448,4.455555555555556,4.366666666666666,3.2,4.9,26.14379084967321,31.372549019607888,Stressed,Stressed,STABLE,STABLE
Punjab_32.3475_75.7531,2024,7.0,21.739130434782606,Punjab,Pathankot,-0.1875,6.8125,6.4375,1.6,8.5,24.456521739130434,29.891304347826086,Critical,Stressed,FUTURE_CRITICAL,STABLE
Punjab_32.3417_75.5833,2024,6.7,59.375,Punjab,Pathankot,0.07777777777777782,6.777777777777778,6.933333333333334,5.4,8.6,56.94444444444444,52.08333333333333,Watch,Watch,STABLE,STABLE
Punjab_32.4333_75.8706,2024,2.9,45.714285714285715,Punjab,Pathankot,-0.20000000000000004,2.6999999999999997,2.3,1.0,4.5,51.42857142857144,62.857142857142854,Watch,Watch,STABLE,RECOVERY_EXPECTED
Assam_26.1467_92.1656,2024,1.9,45.45454545454546,Assam,Kamrup Metro,-0.07142857142857142,1.8285714285714285,1.6857142857142857,1.3,2.4,51.94805194805194,64.93506493506493,Watch,Watch,STABLE,RECOVERY_EXPECTED
Assam_26.1422_93.8528,2024,7.5,54.666666666666664,Assam,Karbi Anglong,0.38749999999999996,7.8875,8.6625,4.1,11.6,49.499999999999986,39.16666666666667,Stressed,Stressed,STABLE,EARLY_DEPLETION_WARNING
Jammu and Kashmir_32.6374_74.9015,2024,4.1,46.66666666666668,Jammu and Kashmir,Samba,0.08888888888888886,4.188888888888888,4.366666666666666,3.3,4.8,40.740740740740776,28.888888888888907,Stressed,Stressed,STABLE,EARLY_DEPLETION_WARNING
Jammu and Kashmir_32.633_74.883,2024,3.8,9.523809523809534,Jammu and Kashmir,Jammu,0.21111111111111108,4.011111111111111,4.433333333333334,1.9,4.0,0.0,0.0,Critical,Critical,FUTURE_CRITICAL,FUTURE_CRITICAL
Jammu and Kashmir_32.6556_74.9517,2024,8.6,39.13043478260872,Jammu and Kashmir,Samba,0.11111111111111113,8.71111111111111,8.933333333333334,7.2,9.5,34.29951690821259,24.63768115942028,Stressed,Critical,STABLE,FUTURE_CRITICAL
Jammu and Kashmir_32.648_75.0636,2024,1.8,91.66666666666667,Jammu and Kashmir,Samba,-0.3666666666666667,1.4333333333333333,0.7,1.6,4.0,100.0,100.0,Safe,Safe,STABLE,STABLE
Jammu and Kashmir_32.6794_75.2425,2024,2.3,45.833333333333336,Jammu and Kashmir,Udhampur,-0.13749999999999998,2.1624999999999996,1.8874999999999997,1.0,3.4,51.562500000000014,63.02083333333335,Watch,Watch,STABLE,RECOVERY_EXPECTED
Uttarakhand_29.9417_77.8125,2024,1.6,100.0,Uttarakhand,Haridwar,-1.5333333333333332,0.06666666666666687,0.0,1.6,22.2,100.0,100.0,Safe,Safe,STABLE,STABLE
Telangana_17.4861_79.0093,2024,9.9,47.183098591549296,Telangana,Yadadri Bhuvanagiri,-0.7625,9.137500000000001,7.612500000000001,2.4,16.6,52.55281690140845,63.29225352112676,Watch,Watch,STABLE,RECOVERY_EXPECTED
Punjab_32.4036_75.8181,2024,3.5,36.73469387755102,Punjab,Pathankot,-0.19999999999999993,3.3000000000000003,2.9000000000000004,0.4,5.3,40.81632653061224,48.979591836734684,Stressed,Stressed,STABLE,STABLE
Rajasthan_23.4042_74.2667,2024,4.1,40.29850746268657,Rajasthan,Banswara,-0.4499999999999999,3.65,2.75,0.1,6.8,47.01492537313433,60.44776119402986,Stressed,Watch,STABLE,RECOVERY_EXPECTED
Rajasthan_23.3683_74.2792,2024,3.8,19.999999999999996,Rajasthan,Banswara,0.21428571428571427,4.014285714285714,4.442857142857143,0.6,4.6,14.642857142857135,3.9285714285714146,Critical,Critical,FUTURE_CRITICAL,FUTURE_CRITICAL
Rajasthan_23.4417_74.3689,2024,1.9,76.47058823529413,Rajasthan,Banswara,-0.43333333333333335,1.4666666666666666,0.5999999999999999,1.1,4.5,89.2156862745098,100.0,Safe,Safe,RECOVERY_EXPECTED,RECOVERY_EXPECTED
Rajasthan_23.4167_74.3503,2024,4.4,0.0,Rajasthan,Banswara,0.4142857142857144,4.814285714285715,5.642857142857144,1.3,4.4,0.0,0.0,Critical,Critical,FUTURE_CRITICAL,FUTURE_CRITICAL
Rajasthan_23.4958_74.1,2024,6.9,0.0,Rajasthan,Banswara,0.1142857142857144,7.014285714285715,7.242857142857144,0.3,6.9,0.0,0.0,Critical,Critical,FUTURE_CRITICAL,FUTURE_CRITICAL
Rajasthan_23.4544_74.075,2024,11.1,0.0,Rajasthan,Banswara,0.4142857142857147,11.514285714285714,12.342857142857143,0.6,11.1,0.0,0.0,Critical,Critical,FUTURE_CRITICAL,FUTURE_CRITICAL
Telangana_17.46_77.6547,2024,4.0,87.3015873015873,Telangana,Vikarabad,-0.47777777777777786,3.522222222222222,2.5666666666666664,2.4,15.0,91.09347442680776,98.67724867724867,Safe,Safe,STABLE,STABLE
Uttarakhand_29.9872_77.8103,2024,6.4,0.0,Uttarakhand,Haridwar,0.43333333333333335,6.833333333333334,7.7,2.1,6.4,0.0,0.0,Critical,Critical,FUTURE_CRITICAL,FUTURE_CRITICAL
Jammu and Kashmir_32.6125_75.1406,2024,3.3,46.15384615384615,Jammu and Kashmir,Samba,0.0,3.3,3.3,1.9,4.5,46.15384615384615,46.15384615384615,Stressed,Stressed,STABLE,STABLE
Jammu and Kashmir_32.6237_75.065,2024,5.9,88.13559322033898,Jammu and Kashmir,Samba,-0.09999999999999983,5.800000000000001,5.6000000000000005,5.2,11.1,89.83050847457626,93.22033898305084,Safe,Safe,STABLE,STABLE
Jammu and Kashmir_32.6156_74.8342,2024,3.6,41.17647058823528,Jammu and Kashmir,Jammu,0.08888888888888889,3.688888888888889,3.8666666666666667,2.6,4.3,35.94771241830064,25.49019607843136,Stressed,Stressed,STABLE,EARLY_DEPLETION_WARNING
Jammu and Kashmir_32.627_74.889,2024,2.0,57.14285714285714,Jammu and Kashmir,Jammu,0.022222222222222206,2.022222222222222,2.0666666666666664,1.7,2.4,53.968253968253975,47.61904761904764,Watch,Stressed,STABLE,STABLE
Jammu and Kashmir_32.6272_74.8888,2024,7.4,68.18181818181817,Jammu and Kashmir,Samba,0.04444444444444448,7.444444444444445,7.533333333333334,6.7,8.9,66.16161616161617,62.121212121212096,Watch,Watch,STABLE,STABLE
Jammu and Kashmir_32.6285_75.1502,2024,3.0,28.57142857142857,Jammu and Kashmir,Samba,0.0333333333333333,3.033333333333333,3.1,2.0,3.4,26.190476190476197,21.42857142857142,Stressed,Critical,STABLE,FUTURE_CRITICAL
Uttarakhand_29.9611_77.9578,2024,3.1,100.0,Uttarakhand,Haridwar,-0.14444444444444443,2.9555555555555557,2.666666666666667,3.1,5.1,100.0,100.0,Safe,Safe,STABLE,STABLE
Telangana_17.4866_80.142,2024,5.6,0.0,Telangana,Mahabubabad,0.3799999999999999,5.9799999999999995,6.739999999999999,2.7,5.6,0.0,0.0,Critical,Critical,FUTURE_CRITICAL,FUTURE_CRITICAL
Rajasthan_23.5167_74.7167,2024,2.4,80.0,Rajasthan,Banswara,0.18000000000000008,2.58,2.9400000000000004,1.5,6.0,76.0,68.0,Safe,Watch,STABLE,STABLE
Rajasthan_23.5092_74.3844,2024,3.6,3.57142857142857,Rajasthan,Banswara,0.11428571428571437,3.7142857142857144,3.942857142857143,0.9,3.7,0.0,0.0,Critical,Critical,FUTURE_CRITICAL,FUTURE_CRITICAL
Rajasthan_23.5092_74.3775,2024,3.2,36.84210526315789,Rajasthan,Banswara,0.17142857142857143,3.3714285714285714,3.7142857142857144,0.8,4.6,32.330827067669176,23.308270676691723,Stressed,Critical,STABLE,FUTURE_CRITICAL
Andhra Pradesh_17.1988_81.3188,2024,3.2,41.66666666666667,Andhra Pradesh,Eluru,0.01111111111111112,3.2111111111111112,3.2333333333333334,1.8,4.2,41.20370370370371,40.27777777777779,Stressed,Stressed,STABLE,STABLE
Andhra Pradesh_17.1633_81.659,2024,2.1,27.27272727272727,Andhra Pradesh,East Godavari,-0.07500000000000001,2.025,1.875,0.5,2.7,30.681818181818187,37.5,Stressed,Stressed,STABLE,STABLE
Telangana_17.4539_78.6908,2024,5.3,73.6842105263158,Telangana,Medchal Malkajgiri,-0.5799999999999998,4.72,3.5600000000000005,3.3,10.9,81.3157894736842,96.57894736842104,Safe,Safe,STABLE,RECOVERY_EXPECTED
Telangana_17.4427_77.7075,2024,9.3,22.64150943396225,Telangana,Vikarabad,0.11111111111111116,9.411111111111111,9.633333333333335,5.2,10.5,20.545073375262046,16.35220125786161,Critical,Critical,FUTURE_CRITICAL,FUTURE_CRITICAL
Uttarakhand_30.0161_78.205,2024,6.7,100.0,Uttarakhand,Dehradun,-0.25555555555555554,6.444444444444445,5.933333333333334,6.7,10.1,100.0,100.0,Safe,Safe,STABLE,STABLE
Uttarakhand_30.0097_77.9378,2024,3.8,100.0,Uttarakhand,Haridwar,-0.12222222222222229,3.6777777777777776,3.433333333333333,3.8,6.1,100.0,100.0,Safe,Safe,STABLE,STABLE
Uttarakhand_30.0644_78.2233,2024,13.5,24.285714285714278,Uttarakhand,Dehradun,1.1777777777777778,14.677777777777777,17.03333333333333,2.9,16.9,15.873015873015872,0.0,Critical,Critical,FUTURE_CRITICAL,FUTURE_CRITICAL
Jammu and Kashmir_32.5822_75.5439,2024,6.5,4.166666666666686,Jammu and Kashmir,Kathua,-0.02222222222222235,6.477777777777778,6.433333333333333,1.9,6.7,4.62962962962965,5.55555555555557,Critical,Critical,FUTURE_CRITICAL,FUTURE_CRITICAL
Jammu and Kashmir_32.609_75.0654,2024,5.0,33.333333333333336,Jammu and Kashmir,Samba,0.01666666666666658,5.016666666666667,5.05,4.6,5.2,30.555555555555568,25.000000000000032,Stressed,Stressed,STABLE,STABLE
Jammu and Kashmir_32.585_74.8369,2024,2.1,91.42857142857143,Jammu and Kashmir,Jammu,0.03333333333333324,2.1333333333333333,2.1999999999999997,1.5,8.5,90.95238095238095,90.0,Safe,Safe,STABLE,STABLE
Jammu and Kashmir_32.5854_74.9065,2024,4.1,24.00000000000002,Jammu and Kashmir,Jammu,-0.02222222222222224,4.0777777777777775,4.033333333333333,2.2,4.7,24.888888888888903,26.666666666666682,Critical,Stressed,FUTURE_CRITICAL,STABLE
Jammu and Kashmir_32.6128_74.8639,2024,2.4,33.333333333333336,Jammu and Kashmir,Jammu,0.033333333333333326,2.433333333333333,2.5,1.6,2.8,30.555555555555568,24.99999999999999,Stressed,Critical,STABLE,FUTURE_CRITICAL
Telangana_17.4816_79.7737,2024,2.8,89.0625,Telangana,Mahabubabad,-1.1400000000000001,1.6599999999999997,0.0,2.1,8.5,100.0,100.0,Safe,Safe,RECOVERY_EXPECTED,STABLE
Telangana_17.4783_78.5736,2024,4.6,96.11650485436894,Telangana,Medchal Malkajgiri,-1.1,3.4999999999999996,1.2999999999999994,4.2,14.5,100.0,100.0,Safe,Safe,STABLE,STABLE
Rajasthan_23.5361_74.6167,2024,5.2,26.66666666666666,Rajasthan,Banswara,0.8800000000000001,6.08,7.840000000000001,0.8,6.8,12.0,0.0,Critical,Critical,FUTURE_CRITICAL,FUTURE_CRITICAL
Rajasthan_23.5667_73.9667,2024,6.8,74.46808510638299,Rajasthan,Dungarpur,0.7199999999999998,7.52,8.959999999999999,3.2,17.3,69.36170212765957,59.14893617021277,Watch,Watch,STABLE,EARLY_DEPLETION_WARNING
Rajasthan_23.5575_74.6011,2024,4.7,48.275862068965516,Rajasthan,Banswara,0.2285714285714285,4.928571428571429,5.385714285714286,1.7,7.5,44.33497536945813,36.45320197044334,Stressed,Stressed,STABLE,STABLE
Rajasthan_23.5503_74.6858,2024,4.5,35.483870967741936,Rajasthan,Banswara,0.1714285714285714,4.671428571428572,5.014285714285714,0.5,6.7,32.71889400921659,27.188940092165904,Stressed,Stressed,STABLE,STABLE
Rajasthan_23.59_74.175,2024,7.3,29.11392405063291,Rajasthan,Banswara,-0.1333333333333336,7.166666666666666,6.899999999999999,1.7,9.6,30.801687763713083,34.177215189873436,Stressed,Stressed,STABLE,STABLE
Rajasthan_23.575_74.1167,2024,5.4,0.0,Rajasthan,Banswara,0.08571428571428578,5.485714285714286,5.6571428571428575,2.6,5.4,0.0,0.0,Critical,Critical,FUTURE_CRITICAL,FUTURE_CRITICAL
Jammu and Kashmir_32.5544_75.2939,2024,1.6,66.66666666666667,Jammu and Kashmir,Kathua,-0.10000000000000003,1.5,1.3,1.1,2.6,73.33333333333334,86.66666666666667,Watch,Safe,STABLE,RECOVERY_EXPECTED
Assam_26.15_90.05,2024,17.6,42.22222222222219,Assam,Dhubri,0.3250000000000002,17.925,18.575000000000003,15.0,19.5,34.999999999999986,20.555555555555493,Stressed,Critical,STABLE,FUTURE_CRITICAL
Assam_26.1569_93.8,2024,2.2,91.66666666666666,Assam,Karbi Anglong,-0.13749999999999993,2.0625000000000004,1.7875000000000005,2.1,3.3,100.0,100.0,Safe,Safe,STABLE,STABLE
Jammu and Kashmir_32.5603_74.8181,2024,3.3,50.00000000000002,Jammu and Kashmir,Jammu,0.0,3.3,3.3,2.2,4.4,50.00000000000002,50.00000000000002,Watch,Watch,STABLE,STABLE
Jammu and Kashmir_32.5565_75.6038,2024,1.4,10.000000000000009,Jammu and Kashmir,Kathua,-2.4671622769447922e-17,1.4,1.4,0.5,1.5,10.000000000000009,10.000000000000009,Critical,Critical,FUTURE_CRITICAL,FUTURE_CRITICAL
Jammu and Kashmir_32.56_75.254,2024,11.1,9.756097560975618,Jammu and Kashmir,Samba,0.17777777777777773,11.277777777777777,11.633333333333333,7.4,11.5,5.420054200542035,0.0,Critical,Critical,FUTURE_CRITICAL,FUTURE_CRITICAL
Jammu and Kashmir_32.5609_74.8762,2024,4.4,57.894736842105246,Jammu and Kashmir,Jammu,-0.04444444444444436,4.355555555555556,4.2666666666666675,3.6,5.5,60.23391812865495,64.91228070175434,Watch,Watch,STABLE,STABLE
Jammu and Kashmir_32.577_74.882,2024,4.0,55.55555555555556,Jammu and Kashmir,Jammu,0.01111111111111109,4.011111111111111,4.033333333333333,3.6,4.5,54.320987654320994,51.85185185185187,Watch,Watch,STABLE,STABLE
Rajasthan_23.6258_74.8658,2024,2.3,89.55223880597015,Rajasthan,Pratapgarh,-0.3666666666666667,1.9333333333333331,1.1999999999999997,1.6,8.3,95.02487562189054,100.0,Safe,Safe,STABLE,STABLE
Telangana_17.4312_78.55,2024,11.2,0.0,Telangana,Medchal Malkajgiri,0.4374999999999999,11.6375,12.5125,4.3,11.2,0.0,0.0,Critical,Critical,FUTURE_CRITICAL,FUTURE_CRITICAL
Telangana_17.4023_78.5611,2024,10.7,50.000000000000014,Telangana,Medchal Malkajgiri,-0.21250000000000013,10.487499999999999,10.062499999999998,6.0,15.4,52.260638297872354,56.781914893617035,Watch,Watch,STABLE,STABLE
Rajasthan_23.7153_74.2628,2024,6.1,1.9230769230769384,Rajasthan,Banswara,1.02,7.119999999999999,9.16,1.0,6.2,0.0,0.0,Critical,Critical,FUTURE_CRITICAL,FUTURE_CRITICAL
Rajasthan_23.775_74.8583,2024,7.3,7.142857142857128,Rajasthan,Pratapgarh,0.3599999999999999,7.66,8.379999999999999,3.4,7.6,0.0,0.0,Critical,Critical,FUTURE_CRITICAL,FUTURE_CRITICAL
Rajasthan_23.7539_73.8478,2024,5.1,0.0,Rajasthan,Dungarpur,0.5142857142857143,5.614285714285714,6.642857142857142,1.0,5.1,0.0,0.0,Critical,Critical,FUTURE_CRITICAL,FUTURE_CRITICAL
Rajasthan_23.7425_74.6831,2024,2.7,68.42105263157893,Rajasthan,Pratapgarh,-0.18571428571428567,2.5142857142857147,2.1428571428571432,1.5,5.3,73.30827067669172,83.08270676691728,Watch,Safe,STABLE,STABLE
Rajasthan_23.8333_73.6833,2024,11.4,0.0,Rajasthan,Dungarpur,0.5571428571428572,11.957142857142857,13.071428571428571,1.8,11.4,0.0,0.0,Critical,Critical,FUTURE_CRITICAL,FUTURE_CRITICAL
Rajasthan_23.8167_73.5667,2024,7.7,0.0,Rajasthan,Dungarpur,0.6333333333333332,8.333333333333334,9.6,3.5,7.7,0.0,0.0,Critical,Critical,FUTURE_CRITICAL,FUTURE_CRITICAL
Uttarakhand_30.0936_77.8975,2024,11.7,32.558139534883736,Uttarakhand,Haridwar,0.15789473684210525,11.857894736842104,12.173684210526314,8.8,13.1,28.886168910648745,21.542227662178735,Stressed,Critical,STABLE,FUTURE_CRITICAL
Jammu and Kashmir_32.5203_74.7986,2024,9.5,9.999999999999964,Jammu and Kashmir,Jammu,0.03750000000000012,9.5375,9.6125,7.7,9.7,8.124999999999982,4.374999999999929,Critical,Critical,FUTURE_CRITICAL,FUTURE_CRITICAL
Jammu and Kashmir_32.5473_75.2652,2024,3.0,76.59574468085107,Jammu and Kashmir,Samba,-0.5142857142857143,2.4857142857142858,1.4571428571428569,1.9,6.6,87.53799392097264,100.0,Safe,Safe,RECOVERY_EXPECTED,RECOVERY_EXPECTED
Jammu and Kashmir_32.5442_75.2732,2024,4.8,37.037037037037045,Jammu and Kashmir,Kathua,0.08750000000000006,4.8875,5.0625,3.1,5.8,33.79629629629629,27.314814814814813,Stressed,Stressed,STABLE,STABLE
Jammu and Kashmir_32.5558_74.9154,2024,2.7,84.99999999999999,Jammu and Kashmir,Jammu,0.03333333333333336,2.7333333333333334,2.8000000000000003,2.4,4.4,83.33333333333333,79.99999999999999,Safe,Safe,STABLE,STABLE
Uttarakhand_30.0869_77.8811,2024,4.1,33.33333333333335,Uttarakhand,Haridwar,0.11111111111111108,4.21111111111111,4.433333333333333,3.1,4.6,25.925925925925963,11.11111111111114,Stressed,Critical,STABLE,FUTURE_CRITICAL
Telangana_17.3959_77.6955,2024,6.7,69.56521739130434,Telangana,Vikarabad,0.025000000000000078,6.7250000000000005,6.775,5.3,9.9,69.02173913043477,67.93478260869564,Watch,Watch,STABLE,STABLE
Telangana_17.3831_78.7247,2024,6.4,62.29508196721309,Telangana,Ranga Reddy,-0.04999999999999999,6.3500000000000005,6.25,4.1,10.2,63.114754098360635,64.75409836065573,Watch,Watch,STABLE,STABLE
Andhra Pradesh_17.1454_81.0098,2024,5.4,15.38461538461533,Andhra Pradesh,Eluru,0.1111111111111111,5.511111111111111,5.733333333333333,4.3,5.6,6.837606837606813,0.0,Critical,Critical,FUTURE_CRITICAL,FUTURE_CRITICAL
Andhra Pradesh_17.124_81.6687,2024,1.2,50.0,Andhra Pradesh,East Godavari,0.02222222222222223,1.222222222222222,1.2666666666666666,0.5,1.9,48.41269841269842,45.23809523809524,Stressed,Stressed,STABLE,STABLE
Rajasthan_23.8417_73.5742,2024,6.5,35.08771929824561,Rajasthan,Dungarpur,0.19999999999999998,6.7,7.1,2.8,8.5,31.57894736842105,24.56140350877194,Stressed,Critical,STABLE,FUTURE_CRITICAL
Rajasthan_23.8333_73.7208,2024,10.4,0.0,Rajasthan,Dungarpur,0.9142857142857144,11.314285714285715,13.142857142857142,2.4,10.4,0.0,0.0,Critical,Critical,FUTURE_CRITICAL,FUTURE_CRITICAL
Telangana_17.3804_78.6083,2024,3.5,100.0,Telangana,Ranga Reddy,-0.8571428571428571,2.642857142857143,0.9285714285714288,3.5,9.5,100.0,100.0,Safe,Safe,STABLE,STABLE
Uttarakhand_30.105_78.2917,2024,4.6,97.05882352941177,Uttarakhand,Dehradun,-0.0777777777777778,4.522222222222222,4.366666666666666,4.5,7.9,99.34640522875817,100.0,Safe,Safe,STABLE,STABLE
Jammu and Kashmir_32.4872_75.2361,2024,8.5,30.952380952380963,Jammu and Kashmir,Kathua,0.25555555555555554,8.755555555555556,9.266666666666666,5.6,9.8,24.86772486772486,12.698412698412731,Critical,Critical,FUTURE_CRITICAL,FUTURE_CRITICAL
Jammu and Kashmir_32.5035_75.1564,2024,5.7,80.43478260869564,Jammu and Kashmir,Samba,0.04444444444444446,5.7444444444444445,5.833333333333334,4.8,9.4,79.46859903381642,77.53623188405795,Safe,Safe,STABLE,STABLE
Jammu and Kashmir_32.5127_75.2461,2024,24.4,79.31034482758628,Jammu and Kashmir,Kathua,0.06666666666666637,24.466666666666665,24.599999999999998,23.8,26.7,77.01149425287363,72.41379310344836,Safe,Watch,STABLE,STABLE
Jammu and Kashmir_32.504_75.203,2024,10.8,47.91666666666665,Jammu and Kashmir,Samba,0.2777777777777779,11.07777777777778,11.633333333333335,8.3,13.1,42.129629629629605,30.555555555555525,Stressed,Stressed,STABLE,EARLY_DEPLETION_WARNING
Jammu and Kashmir_32.51_74.82,2024,3.5,0.0,Jammu and Kashmir,Jammu,0.11249999999999996,3.6125,3.8375,2.5,3.5,0.0,0.0,Critical,Critical,FUTURE_CRITICAL,FUTURE_CRITICAL
Jammu and Kashmir_32.5175_74.8367,2024,3.1,74.99999999999999,Jammu and Kashmir,Jammu,6.1679056923619804e-18,3.1,3.1,2.9,3.7,74.99999999999999,74.99999999999999,Watch,Watch,STABLE,STABLE
Jammu and Kashmir_32.5427_75.2899,2024,2.5,39.39393939393939,Jammu and Kashmir,Kathua,-0.21666666666666665,2.283333333333333,1.85,0.5,3.8,45.95959595959596,59.09090909090908,Stressed,Watch,STABLE,RECOVERY_EXPECTED
Uttarakhand_30.0833_77.9022,2024,7.0,27.083333333333325,Uttarakhand,Haridwar,0.875,7.875,9.625,0.0,9.6,17.96875,0.0,Critical,Critical,FUTURE_CRITICAL,FUTURE_CRITICAL
Telangana_17.3472_78.8197,2024,13.4,0.0,Telangana,Yadadri Bhuvanagiri,0.15000000000000008,13.55,13.850000000000001,8.3,13.4,0.0,0.0,Critical,Critical,FUTURE_CRITICAL,FUTURE_CRITICAL
Rajasthan_23.8556_74.18,2024,4.9,34.54545454545453,Rajasthan,Dungarpur,-0.27142857142857146,4.628571428571429,4.085714285714286,1.3,6.8,39.48051948051947,49.350649350649334,Stressed,Stressed,STABLE,STABLE
Rajasthan_23.8439_74.6378,2024,2.6,100.0,Rajasthan,Pratapgarh,-0.04285714285714283,2.5571428571428574,2.4714285714285715,2.6,5.2,100.0,100.0,Safe,Safe,STABLE,STABLE
Rajasthan_23.9058_74.0708,2024,4.3,9.302325581395344,Rajasthan,Dungarpur,0.3571428571428571,4.657142857142857,5.371428571428571,0.4,4.7,0.996677740863805,0.0,Critical,Critical,FUTURE_CRITICAL,FUTURE_CRITICAL
Rajasthan_23.8886_73.9008,2024,6.2,0.0,Rajasthan,Dungarpur,0.27142857142857163,6.4714285714285715,7.014285714285715,0.2,6.2,0.0,0.0,Critical,Critical,FUTURE_CRITICAL,FUTURE_CRITICAL
Rajasthan_23.925_73.9667,2024,9.1,54.25531914893617,Rajasthan,Dungarpur,-0.7285714285714286,8.37142857142857,6.914285714285714,4.8,14.2,62.00607902735563,77.50759878419453,Watch,Safe,STABLE,RECOVERY_EXPECTED
Telangana_17.3403_78.5249,2024,5.5,0.0,Telangana,Ranga Reddy,0.03333333333333331,5.533333333333333,5.6,3.0,5.5,0.0,0.0,Critical,Critical,FUTURE_CRITICAL,FUTURE_CRITICAL
Telangana_17.3255_78.0326,2024,7.5,55.88235294117647,Telangana,Ranga Reddy,-0.12222222222222218,7.377777777777778,7.133333333333334,6.0,9.4,59.477124183006524,66.66666666666666,Watch,Watch,STABLE,STABLE
Andhra Pradesh_13.9495_78.6885,2024,5.3,67.02127659574468,Andhra Pradesh,Annamayya,-0.5888888888888888,4.711111111111111,3.533333333333333,2.2,11.6,73.28605200945626,85.81560283687944,Watch,Safe,STABLE,RECOVERY_EXPECTED
Andhra Pradesh_13.9305_80.0384,2024,2.4,75.0,Andhra Pradesh,Tirupati,0.07499999999999998,2.475,2.625,0.8,7.2,73.828125,71.484375,Watch,Watch,STABLE,STABLE
Jammu and Kashmir_32.4717_75.1619,2024,2.1,62.5,Jammu and Kashmir,Samba,-0.02222222222222221,2.077777777777778,2.0333333333333337,1.8,2.6,65.27777777777777,70.8333333333333,Watch,Watch,STABLE,STABLE
Jammu and Kashmir_32.4686_75.2741,2024,5.9,0.0,Jammu and Kashmir,Kathua,0.1111111111111111,6.011111111111111,6.233333333333333,2.4,5.9,0.0,0.0,Critical,Critical,FUTURE_CRITICAL,FUTURE_CRITICAL
Jammu and Kashmir_32.486_75.2043,2024,3.0,0.0,Jammu and Kashmir,Samba,0.1111111111111111,3.111111111111111,3.3333333333333335,1.4,3.0,0.0,0.0,Critical,Critical,FUTURE_CRITICAL,FUTURE_CRITICAL
Jammu and Kashmir_32.4779_75.1434,2024,1.9,72.72727272727275,Jammu and Kashmir,Samba,-0.022222222222222237,1.8777777777777778,1.8333333333333333,1.6,2.7,74.74747474747477,78.78787878787881,Watch,Safe,STABLE,STABLE
Jammu and Kashmir_32.4878_75.1779,2024,0.9,0.0,Jammu and Kashmir,Samba,0.0,0.9,0.9,0.6,0.9,0.0,0.0,Critical,Critical,FUTURE_CRITICAL,FUTURE_CRITICAL
Rajasthan_23.9147_74.7072,2024,4.7,63.636363636363626,Rajasthan,Pratapgarh,-0.7000000000000001,4.0,2.6,1.9,9.6,72.72727272727273,90.9090909090909,Watch,Safe,STABLE,RECOVERY_EXPECTED
Rajasthan_23.9528_75.7094,2024,4.9,52.542372881355924,Rajasthan,Jhalawar,-0.028571428571428525,4.871428571428572,4.814285714285715,2.1,8.0,53.026634382566584,53.99515738498788,Watch,Watch,STABLE,STABLE
Rajasthan_23.9333_75.6167,2024,6.7,77.55102040816327,Rajasthan,Jhalawar,-0.4571428571428572,6.242857142857143,5.328571428571429,5.6,10.5,86.8804664723032,100.0,Safe,Safe,STABLE,RECOVERY_EXPECTED
Rajasthan_23.96_74.4347,2024,9.0,1.3333333333333308,Rajasthan,Pratapgarh,0.5199999999999998,9.52,10.559999999999999,1.6,9.1,0.0,0.0,Critical,Critical,FUTURE_CRITICAL,FUTURE_CRITICAL
Rajasthan_23.9583_74.0792,2024,10.1,22.608695652173903,Rajasthan,Dungarpur,-0.3714285714285716,9.728571428571428,8.985714285714284,1.2,12.7,25.838509316770185,32.29813664596275,Stressed,Stressed,STABLE,STABLE
Andhra Pradesh_17.1108_81.6735,2024,4.1,0.0,Andhra Pradesh,East Godavari,0.09999999999999994,4.199999999999999,4.3999999999999995,1.6,4.1,0.0,0.0,Critical,Critical,FUTURE_CRITICAL,FUTURE_CRITICAL
Andhra Pradesh_17.1007_82.2462,2024,7.3,0.0,Andhra Pradesh,Kakinada,0.7111111111111111,8.011111111111111,9.433333333333334,0.4,7.3,0.0,0.0,Critical,Critical,FUTURE_CRITICAL,FUTURE_CRITICAL
Rajasthan_23.9_74.8125,2024,10.7,0.0,Rajasthan,Pratapgarh,0.5599999999999997,11.26,12.379999999999999,4.4,10.7,0.0,0.0,Critical,Critical,FUTURE_CRITICAL,FUTURE_CRITICAL
Rajasthan_23.995_75.8833,2024,8.9,50.54945054945055,Rajasthan,Jhalawar,-0.42857142857142855,8.471428571428572,7.614285714285715,4.4,13.5,55.25902668759812,64.67817896389325,Watch,Watch,STABLE,STABLE
Uttarakhand_30.1197_78.1739,2024,12.6,93.61702127659576,Uttarakhand,Dehradun,-0.16666666666666666,12.433333333333334,12.1,12.3,17.0,97.1631205673759,100.0,Safe,Safe,STABLE,STABLE
Jammu and Kashmir_32.4182_75.2598,2024,3.4,82.6923076923077,Jammu and Kashmir,Kathua,-0.86,2.54,0.8199999999999998,2.5,7.7,99.23076923076923,100.0,Safe,Safe,RECOVERY_EXPECTED,RECOVERY_EXPECTED
Jammu and Kashmir_32.3953_75.4415,2024,7.5,9.999999999999998,Jammu and Kashmir,Kathua,0.7714285714285715,8.271428571428572,9.814285714285715,2.1,8.1,0.0,0.0,Critical,Critical,FUTURE_CRITICAL,FUTURE_CRITICAL
Jammu and Kashmir_32.4323_75.1832,2024,3.0,53.33333333333332,Jammu and Kashmir,Samba,-0.0625,2.9375,2.8125,2.3,3.8,57.49999999999999,65.83333333333331,Watch,Watch,STABLE,STABLE
Jammu and Kashmir_32.4238_75.2118,2024,4.7,100.0,Jammu and Kashmir,Kathua,-0.05555555555555558,4.644444444444445,4.533333333333333,4.7,6.2,100.0,100.0,Safe,Safe,STABLE,STABLE
Jammu and Kashmir_32.4447_75.3607,2024,20.5,23.809523809523814,Jammu and Kashmir,Kathua,0.2888888888888891,20.788888888888888,21.366666666666667,17.3,21.5,16.931216931216962,3.1746031746031633,Critical,Critical,FUTURE_CRITICAL,FUTURE_CRITICAL
Jammu and Kashmir_32.4606_75.2429,2024,4.0,39.99999999999999,Jammu and Kashmir,Kathua,-0.09999999999999998,3.9,3.7,2.8,4.8,44.99999999999999,54.999999999999986,Stressed,Watch,STABLE,STABLE
Jammu and Kashmir_32.4546_75.196,2024,2.4,46.66666666666668,Jammu and Kashmir,Samba,0.04444444444444443,2.444444444444444,2.533333333333333,1.6,3.1,43.703703703703724,37.777777777777786,Stressed,Stressed,STABLE,STABLE
Assam_26.1822_93.1469,2024,6.2,15.999999999999993,Assam,Karbi Anglong,0.48749999999999993,6.6875,7.6625,2.0,7.0,6.25,0.0,Critical,Critical,FUTURE_CRITICAL,FUTURE_CRITICAL
Rajasthan_23.9833_73.6011,2024,9.0,0.0,Rajasthan,Udaipur,0.742857142857143,9.742857142857144,11.22857142857143,0.9,9.0,0.0,0.0,Critical,Critical,FUTURE_CRITICAL,FUTURE_CRITICAL
Telangana_17.3111_77.8286,2024,8.6,67.3913043478261,Telangana,Vikarabad,-0.23333333333333334,8.366666666666667,7.8999999999999995,7.1,11.7,72.463768115942,82.6086956521739,Watch,Safe,STABLE,RECOVERY_EXPECTED
Telangana_17.3051_78.2473,2024,4.0,66.26506024096386,Telangana,Ranga Reddy,-0.6000000000000001,3.4,2.1999999999999997,1.2,9.5,73.49397590361446,87.95180722891567,Watch,Safe,STABLE,RECOVERY_EXPECTED
Rajasthan_24.0242_74.8753,2024,11.5,8.43373493975903,Rajasthan,Pratapgarh,0.7000000000000001,12.2,13.6,3.9,12.2,0.0,0.0,Critical,Critical,FUTURE_CRITICAL,FUTURE_CRITICAL
Rajasthan_24.0058_73.9589,2024,1.6,61.53846153846154,Rajasthan,Salumbar,-0.15714285714285717,1.4428571428571428,1.1285714285714286,0.1,4.0,65.56776556776556,73.62637362637363,Watch,Watch,STABLE,STABLE
Rajasthan_24.0339_74.6586,2024,5.0,0.0,Rajasthan,Pratapgarh,0.9,5.9,7.7,0.5,5.0,0.0,0.0,Critical,Critical,FUTURE_CRITICAL,FUTURE_CRITICAL
Rajasthan_24.0333_74.9775,2024,8.3,0.0,Rajasthan,Pratapgarh,0.37142857142857144,8.671428571428573,9.414285714285715,0.4,8.3,0.0,0.0,Critical,Critical,FUTURE_CRITICAL,FUTURE_CRITICAL
Rajasthan_24.0333_74.4583,2024,6.0,0.0,Rajasthan,Pratapgarh,0.7,6.7,8.1,0.4,6.0,0.0,0.0,Critical,Critical,FUTURE_CRITICAL,FUTURE_CRITICAL
Andhra Pradesh_16.1996_80.5258,2024,2.2,0.0,Andhra Pradesh,Guntur,0.21111111111111114,2.4111111111111114,2.8333333333333335,0.3,2.2,0.0,0.0,Critical,Critical,FUTURE_CRITICAL,FUTURE_CRITICAL
Uttarakhand_30.1736_78.1136,2024,28.3,74.57627118644068,Uttarakhand,Dehradun,0.05555555555555555,28.355555555555558,28.46666666666667,26.8,32.7,73.63465160075327,71.75141242937852,Watch,Watch,STABLE,STABLE
Uttarakhand_30.2447_78.2083,2024,19.3,89.47368421052634,Uttarakhand,Dehradun,-0.06666666666666643,19.233333333333334,19.1,19.1,21.0,92.9824561403509,100.0,Safe,Safe,STABLE,STABLE
Haryana_30.7947_76.9164,2024,5.4,0.0,Haryana,Panchkula,0.18333333333333343,5.583333333333334,5.950000000000001,4.3,5.4,0.0,0.0,Critical,Critical,FUTURE_CRITICAL,FUTURE_CRITICAL
Jammu and Kashmir_32.372_75.306,2024,6.1,0.0,Jammu and Kashmir,Kathua,0.0,6.1,6.1,5.4,6.1,0.0,0.0,Critical,Critical,FUTURE_CRITICAL,FUTURE_CRITICAL
Haryana_30.825_76.8778,2024,27.8,85.71428571428575,Haryana,Panchkula,-0.19999999999999993,27.6,27.2,27.6,29.0,100.0,100.0,Safe,Safe,RECOVERY_EXPECTED,STABLE
Jammu and Kashmir_32.4227_75.2585,2024,4.8,54.54545454545456,Jammu and Kashmir,Kathua,-0.06666666666666671,4.733333333333333,4.6,4.3,5.4,60.606060606060595,72.72727272727275,Watch,Watch,STABLE,RECOVERY_EXPECTED
Uttarakhand_30.1722_78.2336,2024,6.5,0.0,Uttarakhand,Dehradun,0.47777777777777763,6.977777777777778,7.933333333333333,1.4,6.5,0.0,0.0,Critical,Critical,FUTURE_CRITICAL,FUTURE_CRITICAL
Andhra Pradesh_16.1847_80.6595,2024,1.8,0.0,Andhra Pradesh,Bapatla,0.04444444444444446,1.8444444444444446,1.9333333333333333,1.0,1.8,0.0,0.0,Critical,Critical,FUTURE_CRITICAL,FUTURE_CRITICAL
Rajasthan_24.0647_73.85,2024,3.7,49.090909090909086,Rajasthan,Salumbar,0.20000000000000004,3.9000000000000004,4.300000000000001,0.9,6.4,45.454545454545446,38.18181818181817,Stressed,Stressed,STABLE,STABLE
Rajasthan_24.0353_74.7833,2024,9.0,0.0,Rajasthan,Pratapgarh,0.2166666666666667,9.216666666666667,9.65,4.9,9.0,0.0,0.0,Critical,Critical,FUTURE_CRITICAL,FUTURE_CRITICAL
Rajasthan_24.075_74.575,2024,5.5,0.0,Rajasthan,Pratapgarh,0.21999999999999983,5.72,6.159999999999999,0.6,5.5,0.0,0.0,Critical,Critical,FUTURE_CRITICAL,FUTURE_CRITICAL
Rajasthan_24.0753_73.4333,2024,2.7,54.54545454545454,Rajasthan,Udaipur,0.08333333333333341,2.7833333333333337,2.95,0.7,5.1,52.65151515151514,48.86363636363635,Watch,Stressed,STABLE,STABLE
Rajasthan_24.0719_74.0631,2024,3.2,71.875,Rajasthan,Salumbar,-0.6142857142857144,2.585714285714286,1.3571428571428568,1.4,7.8,81.47321428571428,100.0,Safe,Safe,STABLE,RECOVERY_EXPECTED
Rajasthan_24.1283_74.0467,2024,9.5,3.9215686274509665,Rajasthan,Salumbar,0.28571428571428575,9.785714285714286,10.357142857142858,4.6,9.7,0.0,0.0,Critical,Critical,FUTURE_CRITICAL,FUTURE_CRITICAL
Rajasthan_24.0972_75.8667,2024,4.2,74.99999999999999,Rajasthan,Jhalawar,-0.3999999999999999,3.8000000000000003,3.0000000000000004,3.4,6.6,87.49999999999999,100.0,Safe,Safe,RECOVERY_EXPECTED,RECOVERY_EXPECTED
Uttarakhand_30.2439_78.13,2024,11.8,88.235294117647,Uttarakhand,Dehradun,-0.06250000000000001,11.7375,11.6125,11.6,13.3,91.91176470588229,99.26470588235287,Safe,Safe,STABLE,STABLE
Uttarakhand_30.3006_77.9533,2024,22.9,13.793103448275868,Uttarakhand,Dehradun,-0.07500000000000018,22.825,22.674999999999997,10.4,24.9,14.310344827586208,15.344827586206911,Critical,Critical,FUTURE_CRITICAL,FUTURE_CRITICAL
Haryana_30.6967_76.8733,2024,9.1,42.8571428571429,Haryana,Panchkula,0.050000000000000044,9.15,9.25,8.7,9.4,35.714285714285666,21.42857142857144,Stressed,Critical,STABLE,FUTURE_CRITICAL
Haryana_30.7789_76.9381,2024,4.9,22.580645161290303,Haryana,Panchkula,0.4000000000000001,5.300000000000001,6.1000000000000005,2.5,5.6,9.67741935483868,0.0,Critical,Critical,FUTURE_CRITICAL,FUTURE_CRITICAL
Haryana_30.7497_76.9031,2024,6.2,94.54545454545455,Haryana,Panchkula,9.25185853854297e-18,6.2,6.2,5.9,11.4,94.54545454545455,94.54545454545455,Safe,Safe,STABLE,STABLE
Haryana_30.7392_76.9986,2024,7.0,14.28571428571429,Haryana,Panchkula,0.04999999999999993,7.05,7.1499999999999995,5.8,7.2,10.714285714285731,3.5714285714286254,Critical,Critical,FUTURE_CRITICAL,FUTURE_CRITICAL
Haryana_30.8111_76.9194,2024,12.4,0.0,Haryana,Panchkula,0.2666666666666666,12.666666666666668,13.2,8.9,12.4,0.0,0.0,Critical,Critical,FUTURE_CRITICAL,FUTURE_CRITICAL
Uttarakhand_30.1778_78.1344,2024,23.2,100.0,Uttarakhand,Dehradun,-0.5222222222222221,22.677777777777777,21.633333333333333,23.2,32.3,100.0,100.0,Safe,Safe,STABLE,STABLE
Telangana_17.303_78.7284,2024,1.7,80.24691358024691,Telangana,Ranga Reddy,-0.7222222222222221,0.9777777777777779,0.0,0.1,8.2,89.16323731138546,100.0,Safe,Safe,STABLE,RECOVERY_EXPECTED
Rajasthan_24.0925_74.4797,2024,5.7,0.0,Rajasthan,Pratapgarh,0.5166666666666666,6.216666666666667,7.25,2.6,5.7,0.0,0.0,Critical,Critical,FUTURE_CRITICAL,FUTURE_CRITICAL
Rajasthan_24.1667_74.05,2024,4.5,0.0,Rajasthan,Salumbar,0.2857142857142857,4.785714285714286,5.357142857142857,1.3,4.5,0.0,0.0,Critical,Critical,FUTURE_CRITICAL,FUTURE_CRITICAL
Rajasthan_24.1778_75.8333,2024,9.9,70.73170731707317,Rajasthan,Jhalawar,-0.20000000000000004,9.700000000000001,9.3,7.5,15.7,73.17073170731706,78.04878048780488,Watch,Safe,STABLE,STABLE
Rajasthan_24.1719_73.9853,2024,5.0,0.0,Rajasthan,Salumbar,0.5714285714285714,5.571428571428571,6.714285714285714,0.4,5.0,0.0,0.0,Critical,Critical,FUTURE_CRITICAL,FUTURE_CRITICAL
Andhra Pradesh_17.083_81.9065,2024,2.6,0.0,Andhra Pradesh,East Godavari,0.08888888888888889,2.688888888888889,2.8666666666666667,1.4,2.6,0.0,0.0,Critical,Critical,FUTURE_CRITICAL,FUTURE_CRITICAL
Telangana_17.2675_79.6259,2024,4.2,84.61538461538461,Telangana,Suryapet,-1.1,3.1,0.8999999999999999,2.8,11.9,96.7032967032967,100.0,Safe,Safe,RECOVERY_EXPECTED,RECOVERY_EXPECTED
Telangana_17.289_77.7606,2024,9.8,37.499999999999986,Telangana,Vikarabad,0.5111111111111113,10.311111111111112,11.333333333333334,2.3,14.3,33.240740740740726,24.72222222222221,Stressed,Critical,STABLE,FUTURE_CRITICAL
Haryana_30.4708_77.125,2024,13.3,100.0,Haryana,Ambala,-0.5399999999999999,12.760000000000002,11.680000000000001,13.3,16.0,100.0,100.0,Safe,Safe,STABLE,STABLE
Haryana_30.4472_77.2167,2024,6.6,100.0,Haryana,Yamunanagar,-0.21428571428571427,6.385714285714285,5.957142857142857,6.6,9.2,100.0,100.0,Safe,Safe,STABLE,STABLE
Haryana_30.5328_77.0311,2024,4.8,60.00000000000001,Haryana,Panchkula,-0.39999999999999997,4.3999999999999995,3.5999999999999996,3.2,7.2,70.00000000000001,90.00000000000001,Watch,Safe,RECOVERY_EXPECTED,RECOVERY_EXPECTED
Haryana_30.505_76.9861,2024,3.7,24.242424242424242,Haryana,Panchkula,-0.13333333333333322,3.566666666666667,3.3000000000000007,1.2,4.5,28.282828282828266,36.363636363636346,Stressed,Stressed,STABLE,STABLE
Haryana_30.4_77.2208,2024,5.4,49.999999999999986,Haryana,Yamunanagar,-0.09999999999999996,5.300000000000001,5.1000000000000005,4.0,6.8,53.571428571428534,60.7142857142857,Watch,Watch,STABLE,STABLE
Haryana_30.6833_76.9,2024,3.0,66.66666666666667,Haryana,Panchkula,-0.09999999999999999,2.9,2.7,2.5,4.0,73.33333333333334,86.66666666666666,Watch,Safe,STABLE,RECOVERY_EXPECTED
Haryana_30.6417_77.0083,2024,15.6,100.0,Haryana,Panchkula,-0.4500000000000002,15.149999999999999,14.25,15.6,19.9,100.0,100.0,Safe,Safe,STABLE,STABLE
Haryana_30.5875_77.0222,2024,9.7,15.476190476190489,Haryana,Panchkula,0.6833333333333332,10.383333333333333,11.75,2.6,11.0,7.341269841269849,0.0,Critical,Critical,FUTURE_CRITICAL,FUTURE_CRITICAL
Haryana_30.7322_76.975,2024,1.6,38.46153846153846,Haryana,Panchkula,-0.08333333333333333,1.5166666666666668,1.35,0.8,2.1,44.87179487179487,57.692307692307686,Stressed,Watch,STABLE,RECOVERY_EXPECTED
Telangana_17.2746_77.757,2024,1.4,85.71428571428572,Telangana,Vikarabad,-0.5333333333333334,0.8666666666666665,0.0,0.6,6.2,95.23809523809524,100.0,Safe,Safe,STABLE,STABLE
Rajasthan_24.2167_73.8667,2024,1.8,35.0,Rajasthan,Salumbar,0.09999999999999998,1.9,2.1,0.5,2.5,30.000000000000004,19.999999999999996,Stressed,Critical,STABLE,FUTURE_CRITICAL
Rajasthan_24.1933_73.7,2024,6.0,27.27272727272727,Rajasthan,Salumbar,0.042857142857142864,6.042857142857143,6.128571428571429,2.8,7.2,26.2987012987013,24.350649350649345,Stressed,Critical,STABLE,FUTURE_CRITICAL
Rajasthan_24.1817_74.7028,2024,2.7,81.25,Rajasthan,Pratapgarh,0.11428571428571445,2.8142857142857145,3.0428571428571436,0.6,11.8,80.2295918367347,78.18877551020408,Safe,Safe,STABLE,STABLE
Rajasthan_24.2514_74.4167,2024,3.1,11.111111111111105,Rajasthan,Pratapgarh,0.20000000000000004,3.3000000000000003,3.7,0.7,3.4,3.703703703703687,0.0,Critical,Critical,FUTURE_CRITICAL,FUTURE_CRITICAL
Rajasthan_24.2333_76.8083,2024,14.5,0.0,Rajasthan,Jhalawar,0.2285714285714288,14.72857142857143,15.185714285714287,2.8,14.5,0.0,0.0,Critical,Critical,FUTURE_CRITICAL,FUTURE_CRITICAL
Rajasthan_24.275_75.8417,2024,7.6,0.0,Rajasthan,Jhalawar,0.5,8.1,9.1,2.3,7.6,0.0,0.0,Critical,Critical,FUTURE_CRITICAL,FUTURE_CRITICAL
Telangana_17.2739_78.796,2024,18.7,0.0,Telangana,Yadadri Bhuvanagiri,0.8999999999999998,19.599999999999998,21.4,9.1,18.7,0.0,0.0,Critical,Critical,FUTURE_CRITICAL,FUTURE_CRITICAL
Haryana_30.3_77.3,2024,3.0,100.0,Haryana,Yamunanagar,-0.17500000000000004,2.825,2.4749999999999996,3.0,5.9,100.0,100.0,Safe,Safe,STABLE,STABLE
Uttarakhand_30.3122_77.9794,2024,33.8,58.750000000000036,Uttarakhand,Dehradun,-0.04444444444444508,33.75555555555555,33.666666666666664,30.5,38.5,59.305555555555586,60.4166666666667,Watch,Watch,STABLE,STABLE
Uttarakhand_30.3306_77.8622,2024,9.4,0.0,Uttarakhand,Dehradun,-6.47630097698008e-17,9.4,9.4,6.6,9.4,0.0,0.0,Critical,Critical,FUTURE_CRITICAL,FUTURE_CRITICAL
Haryana_30.3833_77.2167,2024,3.5,100.0,Haryana,Yamunanagar,-0.76,2.74,1.2199999999999998,3.5,7.3,100.0,100.0,Safe,Safe,STABLE,STABLE
Haryana_30.4083_76.8458,2024,3.8,95.1219512195122,Haryana,Ambala,0.024999999999999967,3.8249999999999997,3.8749999999999996,3.6,7.7,94.51219512195122,93.29268292682929,Safe,Safe,STABLE,STABLE
Haryana_30.4083_76.7875,2024,0.8,100.0,Haryana,Ambala,-0.12222222222222218,0.6777777777777778,0.4333333333333335,0.8,3.5,100.0,100.0,Safe,Safe,STABLE,STABLE
Uttarakhand_30.2653_78.0325,2024,9.8,78.78787878787877,Uttarakhand,Dehradun,0.022222222222222393,9.822222222222223,9.866666666666667,9.1,12.4,78.11447811447809,76.76767676767675,Safe,Safe,STABLE,STABLE
Uttarakhand_30.3153_78.0072,2024,12.3,100.0,Uttarakhand,Dehradun,-0.14444444444444432,12.155555555555557,11.866666666666667,12.3,13.6,100.0,100.0,Safe,Safe,STABLE,STABLE
Rajasthan_24.2708_76.5042,2024,10.0,20.833333333333336,Rajasthan,Jhalawar,0.42857142857142855,10.428571428571429,11.285714285714285,4.3,11.5,14.880952380952372,2.976190476190488,Critical,Critical,FUTURE_CRITICAL,FUTURE_CRITICAL
Rajasthan_24.2667_74.675,2024,2.6,49.999999999999986,Rajasthan,Pratapgarh,0.10000000000000002,2.7,2.9000000000000004,0.6,4.6,47.499999999999986,42.499999999999986,Stressed,Stressed,STABLE,STABLE
Rajasthan_24.295_74.075,2024,3.9,37.14285714285713,Rajasthan,Salumbar,-0.11666666666666674,3.783333333333333,3.55,1.7,5.2,40.47619047619049,47.14285714285714,Stressed,Stressed,STABLE,STABLE
Rajasthan_24.2822_76.7306,2024,7.4,0.0,Rajasthan,Jhalawar,0.6285714285714287,8.028571428571428,9.285714285714286,1.0,7.4,0.0,0.0,Critical,Critical,FUTURE_CRITICAL,FUTURE_CRITICAL
Rajasthan_24.3397_76.7728,2024,7.3,8.108108108108114,Rajasthan,Jhalawar,-0.08571428571428578,7.214285714285714,7.042857142857143,0.5,7.9,9.26640926640927,11.583011583011594,Critical,Critical,FUTURE_CRITICAL,FUTURE_CRITICAL
Rajasthan_24.3369_74.0186,2024,6.3,59.45945945945945,Rajasthan,Salumbar,0.6285714285714287,6.928571428571429,8.185714285714287,1.8,12.9,53.79665379665379,42.47104247104245,Watch,Stressed,STABLE,EARLY_DEPLETION_WARNING
Rajasthan_24.3667_75.8358,2024,11.0,44.99999999999999,Rajasthan,Jhalawar,-0.0571428571428572,10.942857142857143,10.82857142857143,5.5,15.5,45.57142857142858,46.71428571428571,Stressed,Stressed,STABLE,STABLE
Rajasthan_24.35_76.6722,2024,12.9,0.0,Rajasthan,Jhalawar,0.47142857142857153,13.371428571428572,14.314285714285715,7.6,12.9,0.0,0.0,Critical,Critical,FUTURE_CRITICAL,FUTURE_CRITICAL
Telangana_17.1943_78.6505,2024,16.5,32.82828282828283,Telangana,Ranga Reddy,-0.5142857142857142,15.985714285714286,14.957142857142857,3.2,23.0,35.42568542568544,40.62049062049062,Stressed,Stressed,STABLE,STABLE
Haryana_30.2833_77.0458,2024,1.9,41.176470588235304,Haryana,Ambala,-0.1166666666666667,1.7833333333333332,1.5499999999999998,0.9,2.6,48.03921568627453,61.764705882352956,Stressed,Watch,STABLE,RECOVERY_EXPECTED
Haryana_30.2792_77.3417,2024,0.8,66.66666666666666,Haryana,Yamunanagar,-0.04285714285714285,0.7571428571428572,0.6714285714285715,0.5,1.4,71.42857142857142,80.95238095238095,Watch,Safe,STABLE,STABLE
Haryana_30.2625_76.6139,2024,4.9,17.647058823529406,Haryana,Ambala,0.35000000000000003,5.25,5.95,2.1,5.5,7.352941176470584,0.0,Critical,Critical,FUTURE_CRITICAL,FUTURE_CRITICAL
Haryana_30.3208_76.7292,2024,0.8,100.0,Haryana,Ambala,-0.11666666666666663,0.6833333333333335,0.4500000000000002,0.8,2.3,100.0,100.0,Safe,Safe,STABLE,STABLE
Haryana_30.2958_77.1167,2024,3.1,76.0,Haryana,Ambala,-0.21249999999999997,2.8875,2.4625000000000004,2.5,5.0,84.5,100.0,Safe,Safe,STABLE,RECOVERY_EXPECTED
Haryana_30.3833_76.7625,2024,1.7,80.55555555555556,Haryana,Ambala,-0.4142857142857142,1.2857142857142858,0.4571428571428573,1.0,4.6,92.06349206349206,100.0,Safe,Safe,RECOVERY_EXPECTED,RECOVERY_EXPECTED
Haryana_30.3831_77.1592,2024,22.9,0.0,Haryana,Ambala,0.3599999999999995,23.259999999999998,23.979999999999997,14.8,22.9,0.0,0.0,Critical,Critical,FUTURE_CRITICAL,FUTURE_CRITICAL
Haryana_30.3583_77.2458,2024,5.2,66.07142857142857,Haryana,Yamunanagar,-0.08333333333333341,5.116666666666667,4.95,3.3,8.9,67.5595238095238,70.53571428571428,Watch,Watch,STABLE,STABLE
Uttarakhand_30.3439_78.1203,2024,12.2,67.85714285714289,Uttarakhand,Dehradun,-0.0500000000000001,12.149999999999999,12.049999999999999,11.3,14.1,69.64285714285721,73.21428571428577,Watch,Watch,STABLE,STABLE
Haryana_30.0694_77.2808,2024,4.1,52.38095238095241,Haryana,Yamunanagar,-0.22000000000000006,3.8799999999999994,3.4399999999999995,3.1,5.2,62.85714285714289,83.80952380952384,Watch,Safe,RECOVERY_EXPECTED,RECOVERY_EXPECTED
Haryana_30.25_77.3333,2024,13.5,27.61904761904761,Haryana,Yamunanagar,0.8857142857142856,14.385714285714286,16.15714285714286,5.9,16.4,19.18367346938774,2.312925170068003,Critical,Critical,FUTURE_CRITICAL,FUTURE_CRITICAL
Haryana_30.2417_77.125,2024,3.8,0.0,Haryana,Ambala,0.13749999999999996,3.9375,4.2124999999999995,1.1,3.8,0.0,0.0,Critical,Critical,FUTURE_CRITICAL,FUTURE_CRITICAL
Assam_26.1967_93.7953,2024,3.9,57.14285714285714,Assam,Karbi Anglong,-0.1,3.8,3.5999999999999996,3.3,4.7,64.2857142857143,78.5714285714286,Watch,Safe,STABLE,RECOVERY_EXPECTED
Assam_26.1936_92.2453,2024,5.6,0.0,Assam,Marigaon,0.42499999999999993,6.0249999999999995,6.875,0.6,5.6,0.0,0.0,Critical,Critical,FUTURE_CRITICAL,FUTURE_CRITICAL
Andhra Pradesh_13.908_79.7315,2024,1.5,54.83870967741936,Andhra Pradesh,Tirupati,-0.18888888888888888,1.3111111111111111,0.9333333333333333,0.1,3.2,60.93189964157706,73.11827956989248,Watch,Watch,STABLE,RECOVERY_EXPECTED
Andhra Pradesh_13.8275_78.7878,2024,6.4,56.79012345679011,Andhra Pradesh,Annamayya,-0.15555555555555556,6.2444444444444445,5.933333333333334,2.9,11.0,58.71056241426611,62.5514403292181,Watch,Watch,STABLE,STABLE
Telangana_17.2495_78.8942,2024,6.2,70.39106145251397,Telangana,Yadadri Bhuvanagiri,-1.8000000000000003,4.4,0.7999999999999998,0.9,18.8,80.44692737430168,100.0,Safe,Safe,RECOVERY_EXPECTED,RECOVERY_EXPECTED
Telangana_17.2352_79.664,2024,2.5,87.91208791208791,Telangana,Suryapet,-0.6333333333333333,1.8666666666666667,0.6000000000000001,1.4,10.5,94.87179487179486,100.0,Safe,Safe,STABLE,STABLE
Andhra Pradesh_17.0137_82.2835,2024,1.5,7.692307692307699,Andhra Pradesh,Kakinada,0.01111111111111112,1.511111111111111,1.5333333333333334,0.3,1.6,6.837606837606847,5.128205128205132,Critical,Critical,FUTURE_CRITICAL,FUTURE_CRITICAL
Andhra Pradesh_17.0129_81.7828,2024,3.4,38.46153846153847,Andhra Pradesh,East Godavari,0.10000000000000005,3.5,3.7,1.0,4.9,35.897435897435905,30.76923076923077,Stressed,Stressed,STABLE,STABLE
Rajasthan_24.4125_76.5611,2024,6.0,11.99999999999999,Rajasthan,Jhalawar,0.3666666666666667,6.366666666666667,7.1,3.8,6.3,0.0,0.0,Critical,Critical,FUTURE_CRITICAL,FUTURE_CRITICAL
Rajasthan_24.4108_76.1872,2024,9.1,31.034482758620697,Rajasthan,Jhalawar,0.8000000000000002,9.9,11.5,3.1,11.8,21.839080459770123,3.4482758620689724,Critical,Critical,FUTURE_CRITICAL,FUTURE_CRITICAL
Rajasthan_24.3861_74.7,2024,4.0,65.51724137931035,Rajasthan,Pratapgarh,-0.3,3.7,3.1,1.0,9.7,68.9655172413793,75.86206896551724,Watch,Safe,STABLE,STABLE
Rajasthan_24.4333_74.2667,2024,10.1,0.0,Rajasthan,Udaipur,0.6428571428571429,10.742857142857142,12.028571428571428,1.4,10.1,0.0,0.0,Critical,Critical,FUTURE_CRITICAL,FUTURE_CRITICAL
Telangana_17.1519_77.6347,2024,7.9,31.25,Telangana,Vikarabad,0.03333333333333339,7.933333333333334,8.0,4.6,9.4,30.555555555555557,29.166666666666675,Stressed,Stressed,STABLE,STABLE
Telangana_17.2261_78.7069,2024,8.0,59.217877094972074,Telangana,Ranga Reddy,-0.6555555555555558,7.344444444444444,6.033333333333333,0.7,18.6,62.880198634388584,70.20484171322161,Watch,Watch,STABLE,STABLE
Rajasthan_24.4167_72.7667,2024,8.1,14.285714285714246,Rajasthan,Sirohi,0.08571428571428565,8.185714285714285,8.357142857142856,7.5,8.2,2.0408163265306034,0.0,Critical,Critical,FUTURE_CRITICAL,FUTURE_CRITICAL
Rajasthan_24.4361_76.7,2024,8.2,0.0,Rajasthan,Baran,0.0,8.2,8.2,5.3,8.2,0.0,0.0,Critical,Critical,FUTURE_CRITICAL,FUTURE_CRITICAL
Rajasthan_24.4333_76.375,2024,3.0,59.375,Rajasthan,Jhalawar,0.1142857142857143,3.1142857142857143,3.342857142857143,1.7,4.9,55.80357142857143,48.66071428571428,Watch,Stressed,STABLE,STABLE
Rajasthan_24.4467_76.2,2024,3.2,70.96774193548386,Rajasthan,Jhalawar,-0.11428571428571425,3.085714285714286,2.8571428571428577,2.3,5.4,74.65437788018431,82.02764976958522,Watch,Safe,STABLE,STABLE
Rajasthan_24.4417_75.9153,2024,8.4,31.034482758620673,Rajasthan,Jhalawar,0.4000000000000001,8.8,9.600000000000001,4.4,10.2,24.13793103448274,10.344827586206861,Critical,Critical,FUTURE_CRITICAL,FUTURE_CRITICAL
Rajasthan_24.4833_75.9597,2024,6.0,21.62162162162162,Rajasthan,Jhalawar,0.15714285714285703,6.157142857142857,6.4714285714285715,3.1,6.8,17.374517374517385,8.880308880308874,Critical,Critical,FUTURE_CRITICAL,FUTURE_CRITICAL
Rajasthan_24.4833_72.6833,2024,5.8,80.0,Rajasthan,Sirohi,-0.22857142857142862,5.571428571428571,5.114285714285714,5.1,8.6,86.53061224489795,99.59183673469389,Safe,Safe,STABLE,RECOVERY_EXPECTED
Uttarakhand_30.3536_77.8633,2024,9.9,92.06349206349206,Uttarakhand,Dehradun,0.3222222222222222,10.222222222222223,10.866666666666667,9.4,15.7,86.94885361552028,76.71957671957671,Safe,Safe,STABLE,EARLY_DEPLETION_WARNING
Haryana_29.9542_74.7375,2024,10.6,5.263157894736825,Haryana,Sirsa,0.16999999999999996,10.77,11.11,8.8,10.7,0.0,0.0,Critical,Critical,FUTURE_CRITICAL,FUTURE_CRITICAL
Haryana_30.025_77.15,2024,13.4,100.0,Haryana,Yamunanagar,-0.47142857142857125,12.928571428571429,11.985714285714288,13.4,16.7,100.0,100.0,Safe,Safe,STABLE,STABLE
Haryana_30.0167_76.4917,2024,41.4,0.0,Haryana,Kurukshetra,1.0666666666666664,42.46666666666667,44.599999999999994,35.0,41.4,0.0,0.0,Critical,Critical,FUTURE_CRITICAL,FUTURE_CRITICAL
Haryana_30.1_77.2792,2024,3.6,79.41176470588235,Haryana,Yamunanagar,-0.3166666666666667,3.283333333333333,2.65,2.9,6.3,88.72549019607843,100.0,Safe,Safe,STABLE,RECOVERY_EXPECTED
Haryana_30.0933_76.6103,2024,43.9,0.0,Haryana,Ambala,0.8799999999999997,44.78,46.54,39.5,43.9,0.0,0.0,Critical,Critical,FUTURE_CRITICAL,FUTURE_CRITICAL
Telangana_17.1225_77.6678,2024,4.3,82.5,Telangana,Vikarabad,-0.36666666666666664,3.933333333333333,3.2,2.9,10.9,87.08333333333333,96.24999999999999,Safe,Safe,STABLE,STABLE
Telangana_17.1649_79.6278,2024,4.9,54.76190476190476,Telangana,Suryapet,-0.1111111111111111,4.78888888888889,4.566666666666667,3.0,7.2,57.4074074074074,62.69841269841269,Watch,Watch,STABLE,STABLE
Rajasthan_24.4483_73.9917,2024,10.7,19.318181818181824,Rajasthan,Udaipur,-0.24285714285714302,10.457142857142856,9.97142857142857,3.6,12.4,22.077922077922096,27.59740259740262,Critical,Stressed,FUTURE_CRITICAL,STABLE
Rajasthan_24.4875_76.3028,2024,7.2,12.12121212121211,Rajasthan,Jhalawar,0.8285714285714285,8.028571428571428,9.685714285714287,1.4,8.0,0.0,0.0,Critical,Critical,FUTURE_CRITICAL,FUTURE_CRITICAL
Rajasthan_24.4833_76.6,2024,2.6,73.52941176470587,Rajasthan,Baran,-0.02857142857142847,2.5714285714285716,2.5142857142857147,1.7,5.1,74.36974789915965,76.0504201680672,Watch,Safe,STABLE,STABLE
Andhra Pradesh_17.0094_82.2482,2024,3.2,0.0,Andhra Pradesh,Kakinada,0.13333333333333336,3.3333333333333335,3.6,1.5,3.2,0.0,0.0,Critical,Critical,FUTURE_CRITICAL,FUTURE_CRITICAL
Andhra Pradesh_16.9996_80.5242,2024,2.4,35.71428571428572,Andhra Pradesh,Ntr,0.06666666666666667,2.466666666666667,2.6,1.5,2.9,30.952380952380942,21.42857142857142,Stressed,Critical,STABLE,FUTURE_CRITICAL
Telangana_17.1146_77.871,2024,2.3,78.72340425531915,Telangana,Vikarabad,-0.05555555555555555,2.2444444444444445,2.1333333333333333,1.3,6.0,79.90543735224587,82.2695035460993,Safe,Safe,STABLE,STABLE
Uttarakhand_30.3697_77.8442,2024,10.5,77.77777777777779,Uttarakhand,Dehradun,-0.14444444444444451,10.355555555555556,10.066666666666666,9.3,14.7,80.45267489711934,85.80246913580248,Safe,Safe,STABLE,STABLE
Haryana_29.8722_76.8444,2024,35.0,24.137931034482808,Haryana,Karnal,0.3400000000000006,35.34,36.02,32.8,35.7,12.413793103448235,0.0,Critical,Critical,FUTURE_CRITICAL,FUTURE_CRITICAL
Haryana_29.905_76.6067,2024,36.8,0.0,Haryana,Kaithal,0.7199999999999989,37.519999999999996,38.959999999999994,33.2,36.8,0.0,0.0,Critical,Critical,FUTURE_CRITICAL,FUTURE_CRITICAL
Haryana_29.8917_74.6361,2024,4.0,75.0,Haryana,Sirsa,-0.05555555555555558,3.9444444444444446,3.833333333333333,2.9,7.3,76.26262626262626,78.7878787878788,Safe,Safe,STABLE,STABLE
Haryana_29.9472_77.1333,2024,3.7,100.0,Haryana,Karnal,-0.11999999999999988,3.58,3.3400000000000007,3.7,5.4,100.0,100.0,Safe,Safe,STABLE,STABLE
Haryana_29.9264_74.6764,2024,7.7,37.499999999999986,Haryana,Sirsa,-0.1499999999999999,7.550000000000001,7.25,6.2,8.6,43.749999999999964,56.25,Stressed,Watch,STABLE,RECOVERY_EXPECTED
Haryana_29.9861_76.7942,2024,36.1,42.00000000000003,Haryana,Kurukshetra,0.4142857142857141,36.51428571428571,37.34285714285714,33.2,38.2,33.71428571428581,17.142857142857228,Stressed,Critical,STABLE,FUTURE_CRITICAL
Uttarakhand_30.3467_77.9467,2024,9.4,96.66666666666664,Uttarakhand,Dehradun,0.05263157894736842,9.452631578947368,9.557894736842105,9.2,15.2,95.78947368421052,94.03508771929823,Safe,Safe,STABLE,STABLE
Rajasthan_24.5044_72.7592,2024,5.8,100.0,Rajasthan,Sirohi,-0.7166666666666673,5.083333333333332,3.6499999999999977,5.8,21.9,100.0,100.0,Safe,Safe,STABLE,STABLE
Rajasthan_24.4958_73.6125,2024,4.3,20.833333333333336,Rajasthan,Udaipur,0.21428571428571427,4.514285714285714,4.942857142857143,0.5,5.3,16.369047619047617,7.440476190476186,Critical,Critical,FUTURE_CRITICAL,FUTURE_CRITICAL
Rajasthan_24.5333_76.15,2024,5.6,86.76470588235294,Rajasthan,Jhalawar,0.0999999999999999,5.699999999999999,5.8999999999999995,4.7,11.5,85.29411764705883,82.3529411764706,Safe,Safe,STABLE,STABLE
Rajasthan_24.5064_74.1669,2024,15.3,0.0,Rajasthan,Udaipur,0.17142857142857157,15.471428571428572,15.814285714285715,7.4,15.3,0.0,0.0,Critical,Critical,FUTURE_CRITICAL,FUTURE_CRITICAL
Rajasthan_24.5058_73.7139,2024,2.8,100.0,Rajasthan,Udaipur,-0.12857142857142856,2.6714285714285713,2.414285714285714,2.8,6.1,100.0,100.0,Safe,Safe,STABLE,STABLE
Rajasthan_24.5797_74.0592,2024,17.9,49.26829268292684,Rajasthan,Udaipur,-1.0714285714285714,16.828571428571426,14.685714285714283,7.5,28.0,54.49477351916377,64.94773519163763,Watch,Watch,STABLE,RECOVERY_EXPECTED
Rajasthan_24.5467_73.9225,2024,10.2,33.81294964028778,Rajasthan,Udaipur,1.1428571428571428,11.342857142857142,13.628571428571428,1.0,14.9,25.590955806783157,9.146968139773904,Stressed,Critical,STABLE,FUTURE_CRITICAL
Rajasthan_24.5908_73.6586,2024,12.1,0.0,Rajasthan,Udaipur,0.1333333333333333,12.233333333333333,12.5,5.5,12.1,0.0,0.0,Critical,Critical,FUTURE_CRITICAL,FUTURE_CRITICAL
Haryana_29.8444_74.5556,2024,7.7,22.727272727272695,Haryana,Sirsa,0.2833333333333334,7.983333333333333,8.55,6.0,8.2,9.848484848484818,0.0,Critical,Critical,FUTURE_CRITICAL,FUTURE_CRITICAL
Uttarakhand_30.3689_77.8,2024,8.1,89.47368421052632,Uttarakhand,Dehradun,-0.07777777777777788,8.022222222222222,7.866666666666666,7.3,14.9,90.49707602339181,92.54385964912281,Safe,Safe,STABLE,STABLE
Haryana_29.8389_74.9889,2024,10.7,21.95121951219513,Haryana,Sirsa,0.39999999999999986,11.1,11.899999999999999,7.5,11.6,12.195121951219512,0.0,Critical,Critical,FUTURE_CRITICAL,FUTURE_CRITICAL
Haryana_29.8694_77.0917,2024,6.3,100.0,Haryana,Karnal,-0.3500000000000001,5.949999999999999,5.25,6.3,9.0,100.0,100.0,Safe,Safe,STABLE,STABLE
Haryana_29.85_74.9833,2024,26.9,0.0,Haryana,Sirsa,1.2624999999999997,28.162499999999998,30.687499999999996,16.8,26.9,0.0,0.0,Critical,Critical,FUTURE_CRITICAL,FUTURE_CRITICAL
Haryana_29.8861_74.72,2024,15.6,73.6842105263158,Haryana,Sirsa,-0.17142857142857157,15.428571428571429,15.085714285714285,15.1,17.0,82.70676691729321,100.0,Safe,Safe,STABLE,RECOVERY_EXPECTED
Haryana_29.875_77.1125,2024,6.3,100.0,Haryana,Karnal,-0.6000000000000002,5.699999999999999,4.499999999999999,6.3,9.3,100.0,100.0,Safe,Safe,STABLE,STABLE
Telangana_16.9965_79.9514,2024,3.3,62.5,Telangana,Suryapet,0.06666666666666664,3.3666666666666663,3.4999999999999996,2.1,5.3,60.41666666666667,56.250000000000014,Watch,Watch,STABLE,STABLE
Andhra Pradesh_16.2601_80.4703,2024,3.8,58.333333333333336,Andhra Pradesh,Guntur,-0.07777777777777779,3.722222222222222,3.5666666666666664,3.3,4.5,64.81481481481484,77.77777777777779,Watch,Safe,STABLE,RECOVERY_EXPECTED
Andhra Pradesh_16.2257_80.5145,2024,2.5,87.5,Andhra Pradesh,Guntur,-0.22222222222222227,2.2777777777777777,1.8333333333333333,2.0,6.0,93.05555555555556,100.0,Safe,Safe,STABLE,STABLE
Rajasthan_24.57_73.7764,2024,1.8,86.15384615384616,Rajasthan,Udaipur,-0.6428571428571431,1.157142857142857,0.0,0.9,7.4,96.04395604395604,100.0,Safe,Safe,STABLE,STABLE
Rajasthan_24.5_76.0992,2024,3.6,72.72727272727273,Rajasthan,Jhalawar,-0.11428571428571435,3.4857142857142858,3.257142857142857,1.8,8.4,74.45887445887448,77.92207792207793,Watch,Safe,STABLE,STABLE
Rajasthan_24.5978_76.2583,2024,3.3,44.6808510638298,Rajasthan,Jhalawar,0.08571428571428566,3.3857142857142857,3.557142857142857,0.7,5.4,42.85714285714285,39.209726443769014,Stressed,Stressed,STABLE,STABLE
Rajasthan_24.5942_76.7322,2024,10.2,3.448275862069017,Rajasthan,Baran,0.34285714285714264,10.542857142857143,11.228571428571428,7.4,10.3,0.0,0.0,Critical,Critical,FUTURE_CRITICAL,FUTURE_CRITICAL
Rajasthan_24.6161_76.1761,2024,6.3,84.23913043478262,Rajasthan,Jhalawar,0.4142857142857137,6.7142857142857135,7.542857142857141,3.4,21.8,81.98757763975155,77.48447204968946,Safe,Safe,STABLE,STABLE
Rajasthan_24.6125_73.3925,2024,4.4,74.50980392156862,Rajasthan,Udaipur,6.344131569286608e-17,4.4,4.4,3.1,8.2,74.50980392156862,74.50980392156862,Watch,Watch,STABLE,STABLE
Uttarakhand_30.4014_77.7511,2024,9.1,78.3783783783784,Uttarakhand,Dehradun,0.08888888888888873,9.188888888888888,9.366666666666665,8.3,12.0,75.97597597597601,71.17117117117122,Safe,Watch,STABLE,STABLE
Haryana_29.775_76.2667,2024,28.5,37.93103448275864,Haryana,Kaithal,0.2571428571428572,28.757142857142856,29.271428571428572,26.7,29.6,29.06403940886706,11.330049261083753,Stressed,Critical,STABLE,FUTURE_CRITICAL
Haryana_29.7917_74.7083,2024,17.4,2.0618556701031188,Haryana,Sirsa,0.1400000000000002,17.54,17.82,7.9,17.6,0.6185567010309478,0.0,Critical,Critical,FUTURE_CRITICAL,FUTURE_CRITICAL
Haryana_29.7875_76.7292,2024,31.8,19.73684210526312,Haryana,Karnal,1.2200000000000002,33.02,35.46,25.7,33.3,3.684210526315712,0.0,Critical,Critical,FUTURE_CRITICAL,FUTURE_CRITICAL
Haryana_29.7847_74.9125,2024,10.9,40.000000000000036,Haryana,Sirsa,0.09999999999999994,11.0,11.2,10.3,11.3,30.00000000000007,10.000000000000142,Stressed,Critical,STABLE,FUTURE_CRITICAL
Haryana_29.825_75.0083,2024,10.8,91.62790697674419,Haryana,Sirsa,-3.283333333333333,7.5166666666666675,0.9500000000000011,9.0,30.5,100.0,100.0,Safe,Safe,STABLE,STABLE
Haryana_29.7_76.3667,2024,8.3,87.17948717948715,Haryana,Kaithal,-0.3333333333333333,7.966666666666668,7.300000000000001,7.8,11.7,95.7264957264957,100.0,Safe,Safe,STABLE,STABLE
Haryana_29.8583_74.7694,2024,18.0,0.0,Haryana,Sirsa,0.375,18.375,19.125,15.0,18.0,0.0,0.0,Critical,Critical,FUTURE_CRITICAL,FUTURE_CRITICAL
Telangana_17.0578_79.8271,2024,8.4,0.0,Telangana,Suryapet,1.2833333333333334,9.683333333333334,12.25,0.7,8.4,0.0,0.0,Critical,Critical,FUTURE_CRITICAL,FUTURE_CRITICAL
Telangana_17.0529_79.8339,2024,3.0,65.21739130434783,Telangana,Suryapet,-0.011111111111111108,2.988888888888889,2.966666666666667,2.2,4.5,65.70048309178745,66.66666666666667,Watch,Watch,STABLE,STABLE
Andhra Pradesh_16.9915_81.7776,2024,2.2,59.999999999999986,Andhra Pradesh,East Godavari,-6.1679056923619804e-18,2.2,2.2,1.6,3.1,59.999999999999986,59.999999999999986,Watch,Watch,STABLE,STABLE
Andhra Pradesh_16.985_82.2757,2024,1.7,19.999999999999996,Andhra Pradesh,Kakinada,0.0,1.7,1.7,0.9,1.9,19.999999999999996,19.999999999999996,Critical,Critical,FUTURE_CRITICAL,FUTURE_CRITICAL
Rajasthan_24.625_73.6833,2024,2.1,100.0,Rajasthan,Udaipur,-0.44285714285714306,1.657142857142857,0.7714285714285709,2.1,7.4,100.0,100.0,Safe,Safe,STABLE,STABLE
Rajasthan_24.6167_74.0128,2024,4.1,83.56164383561644,Rajasthan,Udaipur,-0.4142857142857143,3.6857142857142855,2.8571428571428568,2.9,10.2,89.23679060665361,100.0,Safe,Safe,STABLE,RECOVERY_EXPECTED
Rajasthan_24.6389_72.4917,2024,7.1,100.0,Rajasthan,Sirohi,-1.1857142857142855,5.914285714285715,3.542857142857143,7.1,28.3,100.0,100.0,Safe,Safe,STABLE,STABLE
Telangana_16.9603_77.5736,2024,3.3,75.34246575342466,Telangana,Vikarabad,-0.5555555555555557,2.744444444444444,1.6333333333333329,1.5,8.8,82.95281582952816,98.17351598173516,Safe,Safe,STABLE,RECOVERY_EXPECTED
Uttarakhand_30.4058_77.8633,2024,6.6,62.36559139784947,Uttarakhand,Dehradun,-0.32222222222222224,6.277777777777778,5.633333333333333,3.1,12.4,65.83034647550777,72.75985663082439,Watch,Watch,STABLE,STABLE
Haryana_29.6569_76.3569,2024,8.4,0.0,Haryana,Kaithal,0.4,8.8,9.600000000000001,6.4,8.4,0.0,0.0,Critical,Critical,FUTURE_CRITICAL,FUTURE_CRITICAL
Haryana_29.7125_74.6347,2024,12.9,0.0,Haryana,Sirsa,0.3000000000000002,13.200000000000001,13.8,10.5,12.9,0.0,0.0,Critical,Critical,FUTURE_CRITICAL,FUTURE_CRITICAL
Haryana_29.6792_76.2528,2024,2.0,97.2972972972973,Haryana,Kaithal,-0.32999999999999996,1.67,1.0100000000000002,1.5,20.0,99.08108108108108,100.0,Safe,Safe,STABLE,STABLE
Haryana_29.7542_74.85,2024,15.1,100.0,Haryana,Sirsa,-0.2333333333333334,14.866666666666667,14.399999999999999,15.1,16.9,100.0,100.0,Safe,Safe,STABLE,STABLE
Haryana_29.7417_75.1958,2024,12.5,0.0,Haryana,Sirsa,0.5857142857142856,13.085714285714285,14.257142857142856,8.4,12.5,0.0,0.0,Critical,Critical,FUTURE_CRITICAL,FUTURE_CRITICAL
Haryana_29.7833_74.8417,2024,19.0,0.0,Haryana,Sirsa,0.25714285714285723,19.257142857142856,19.771428571428572,17.2,19.0,0.0,0.0,Critical,Critical,FUTURE_CRITICAL,FUTURE_CRITICAL
Uttarakhand_30.3867_77.8125,2024,3.6,90.47619047619048,Uttarakhand,Dehradun,-0.5750000000000001,3.025,1.875,2.2,16.9,94.38775510204081,100.0,Safe,Safe,STABLE,STABLE
Rajasthan_24.6333_72.65,2024,10.9,77.6470588235294,Rajasthan,Sirohi,-0.7666666666666666,10.133333333333333,8.600000000000001,9.0,17.5,86.66666666666667,100.0,Safe,Safe,STABLE,RECOVERY_EXPECTED
Rajasthan_24.6333_72.5333,2024,16.7,47.22222222222224,Rajasthan,Sirohi,-0.48571428571428604,16.21428571428571,15.24285714285714,12.9,20.1,53.96825396825402,67.46031746031751,Watch,Watch,STABLE,RECOVERY_EXPECTED
Rajasthan_24.7267_74.45,2024,20.3,24.40191387559808,Rajasthan,Chittorgarh,1.9000000000000001,22.2,26.0,4.5,25.4,15.311004784688997,0.0,Critical,Critical,FUTURE_CRITICAL,FUTURE_CRITICAL
Rajasthan_24.6608_76.1892,2024,6.6,44.44444444444444,Rajasthan,Jhalawar,-0.028571428571428723,6.571428571428571,6.514285714285713,1.6,10.6,44.76190476190476,45.39682539682541,Stressed,Stressed,STABLE,STABLE
Rajasthan_24.7764_73.6331,2024,4.6,73.28767123287672,Rajasthan,Udaipur,-0.24285714285714258,4.357142857142857,3.871428571428572,0.7,15.3,74.95107632093934,78.27788649706457,Watch,Safe,STABLE,STABLE
Rajasthan_24.75_74.1992,2024,9.3,0.0,Rajasthan,Chittorgarh,0.17142857142857157,9.471428571428572,9.814285714285715,3.1,9.3,0.0,0.0,Critical,Critical,FUTURE_CRITICAL,FUTURE_CRITICAL
Rajasthan_24.7522_71.8286,2024,38.2,0.0,Rajasthan,Sanchore,1.083333333333334,39.28333333333334,41.45,31.7,38.2,0.0,0.0,Critical,Critical,FUTURE_CRITICAL,FUTURE_CRITICAL
Rajasthan_24.8272_73.6456,2024,10.4,69.6969696969697,Rajasthan,Udaipur,-0.35714285714285715,10.042857142857143,9.32857142857143,7.4,17.3,73.30447330447332,80.51948051948052,Watch,Safe,STABLE,STABLE
Haryana_29.55_76.9333,2024,25.2,20.83333333333335,Haryana,Karnal,0.033333333333333215,25.233333333333334,25.299999999999997,23.3,25.7,19.444444444444386,16.666666666666764,Critical,Critical,FUTURE_CRITICAL,FUTURE_CRITICAL
Haryana_29.6172_75.8914,2024,8.8,0.0,Haryana,Fatehabad,0.08000000000000007,8.88,9.040000000000001,7.4,8.8,0.0,0.0,Critical,Critical,FUTURE_CRITICAL,FUTURE_CRITICAL
Haryana_29.6083_76.2583,2024,8.4,37.5,Haryana,Kaithal,-0.09999999999999996,8.3,8.1,5.9,9.9,39.99999999999999,45.000000000000014,Stressed,Stressed,STABLE,STABLE
Haryana_29.6486_76.9136,2024,14.6,0.0,Haryana,Karnal,0.4,15.0,15.8,12.3,14.6,0.0,0.0,Critical,Critical,FUTURE_CRITICAL,FUTURE_CRITICAL
Haryana_29.6322_76.6311,2024,33.1,0.0,Haryana,Karnal,0.9500000000000005,34.050000000000004,35.95,27.4,33.1,0.0,0.0,Critical,Critical,FUTURE_CRITICAL,FUTURE_CRITICAL
Haryana_29.6194_75.9375,2024,5.1,28.000000000000004,Haryana,Fatehabad,-0.20000000000000004,4.8999999999999995,4.5,1.5,6.5,32.00000000000001,40.0,Stressed,Stressed,STABLE,STABLE
Haryana_29.6583_76.4292,2024,16.0,0.0,Haryana,Kaithal,0.5111111111111111,16.511111111111113,17.53333333333333,11.4,16.0,0.0,0.0,Critical,Critical,FUTURE_CRITICAL,FUTURE_CRITICAL
Uttarakhand_30.3903_77.8281,2024,18.8,100.0,Uttarakhand,Dehradun,-0.03333333333333341,18.766666666666666,18.7,18.8,25.0,100.0,100.0,Safe,Safe,STABLE,STABLE
Telangana_16.8958_77.7103,2024,2.1,91.46341463414633,Telangana,Narayanpet,-0.3749999999999999,1.725,0.9750000000000005,1.4,9.6,96.03658536585365,100.0,Safe,Safe,STABLE,STABLE
Telangana_16.9492_79.1978,2024,9.5,20.967741935483875,Telangana,Nalgonda,0.3333333333333333,9.833333333333334,10.5,4.6,10.8,15.591397849462362,4.838709677419361,Critical,Critical,FUTURE_CRITICAL,FUTURE_CRITICAL
Telangana_16.9248_79.7329,2024,4.3,15.78947368421052,Telangana,Suryapet,0.09999999999999998,4.3999999999999995,4.6,2.7,4.6,10.526315789473696,0.0,Critical,Critical,FUTURE_CRITICAL,FUTURE_CRITICAL
Rajasthan_24.8611_74.3083,2024,8.9,0.0,Rajasthan,Chittorgarh,0.8142857142857143,9.714285714285715,11.342857142857143,2.8,8.9,0.0,0.0,Critical,Critical,FUTURE_CRITICAL,FUTURE_CRITICAL
Rajasthan_24.8414_72.9875,2024,2.6,78.84615384615384,Rajasthan,Sirohi,-0.3166666666666667,2.283333333333333,1.65,0.4,10.8,81.89102564102564,87.98076923076923,Safe,Safe,STABLE,STABLE
Rajasthan_24.8361_71.2167,2024,4.9,0.0,Rajasthan,Barmer,0.050000000000000135,4.95,5.050000000000001,3.8,4.9,0.0,0.0,Critical,Critical,FUTURE_CRITICAL,FUTURE_CRITICAL
Rajasthan_24.8661_72.3,2024,17.4,82.39436619718312,Rajasthan,Sanchore,-1.671428571428572,15.728571428571426,12.385714285714283,14.9,29.1,94.16498993963785,100.0,Safe,Safe,RECOVERY_EXPECTED,RECOVERY_EXPECTED
Uttarakhand_30.4239_77.6956,2024,13.4,24.999999999999943,Uttarakhand,Dehradun,0.06666666666666662,13.466666666666667,13.6,12.8,13.6,16.66666666666663,0.0,Critical,Critical,FUTURE_CRITICAL,FUTURE_CRITICAL
Haryana_29.4542_75.2042,2024,14.8,91.66666666666656,Haryana,Sirsa,-0.011111111111111066,14.78888888888889,14.766666666666667,14.7,15.9,92.59259259259248,94.44444444444431,Safe,Safe,STABLE,STABLE
Haryana_29.4806_76.45,2024,42.2,0.0,Haryana,Jind,1.2857142857142858,43.48571428571429,46.057142857142864,33.2,42.2,0.0,0.0,Critical,Critical,FUTURE_CRITICAL,FUTURE_CRITICAL
Haryana_29.5186_76.4819,2024,30.4,52.173913043478294,Haryana,Jind,0.41249999999999964,30.8125,31.637499999999996,27.1,34.0,46.19565217391305,34.23913043478268,Stressed,Stressed,STABLE,EARLY_DEPLETION_WARNING
Haryana_29.5181_76.5472,2024,29.4,12.000000000000032,Haryana,Karnal,0.43999999999999984,29.84,30.72,27.2,29.7,0.0,0.0,Critical,Critical,FUTURE_CRITICAL,FUTURE_CRITICAL
Haryana_29.5861_77.0222,2024,24.1,100.0,Haryana,Karnal,-0.183333333333333,23.916666666666668,23.550000000000004,24.1,26.3,100.0,100.0,Safe,Safe,STABLE,STABLE
Andhra Pradesh_13.6663_78.4184,2024,7.4,44.44444444444444,Andhra Pradesh,Annamayya,-0.5777777777777778,6.822222222222223,5.666666666666667,0.9,12.6,49.382716049382715,59.25925925925925,Stressed,Watch,STABLE,STABLE
Andhra Pradesh_13.6371_79.9008,2024,2.5,0.0,Andhra Pradesh,Tirupati,0.1222222222222222,2.6222222222222222,2.8666666666666667,1.4,2.5,0.0,0.0,Critical,Critical,FUTURE_CRITICAL,FUTURE_CRITICAL
Rajasthan_24.8644_72.8175,2024,10.3,70.67669172932331,Rajasthan,Sirohi,-0.39999999999999963,9.9,9.100000000000001,6.4,19.7,73.68421052631578,79.69924812030074,Watch,Safe,STABLE,STABLE
Telangana_16.8122_77.9194,2024,5.0,76.5625,Telangana,Mahabubnagar,-0.8166666666666668,4.183333333333334,2.55,3.5,9.9,89.32291666666666,100.0,Safe,Safe,RECOVERY_EXPECTED,RECOVERY_EXPECTED
Telangana_16.9037_79.7546,2024,5.1,0.0,Telangana,Suryapet,0.4,5.5,6.3,1.5,5.1,0.0,0.0,Critical,Critical,FUTURE_CRITICAL,FUTURE_CRITICAL
Rajasthan_24.8833_72.8667,2024,3.1,99.29078014184397,Rajasthan,Sirohi,-2.0000000000000004,1.0999999999999996,0.0,3.0,17.1,100.0,100.0,Safe,Safe,STABLE,STABLE
Rajasthan_24.8781_73.4292,2024,5.1,59.459459459459474,Rajasthan,Udaipur,0.033333333333333215,5.133333333333333,5.199999999999999,2.1,9.5,59.00900900900902,58.10810810810811,Watch,Watch,STABLE,STABLE
Andhra Pradesh_16.9721_80.5312,2024,3.2,5.555555555555536,Andhra Pradesh,Ntr,0.10000000000000003,3.3000000000000003,3.5000000000000004,1.5,3.3,0.0,0.0,Critical,Critical,FUTURE_CRITICAL,FUTURE_CRITICAL
Rajasthan_24.9039_74.1,2024,8.1,77.4193548387097,Rajasthan,Rajsamand,6.344131569286608e-17,8.1,8.1,7.4,10.5,77.4193548387097,77.4193548387097,Safe,Safe,STABLE,STABLE
Rajasthan_24.8_73.4683,2024,6.3,42.3076923076923,Rajasthan,Udaipur,-0.5428571428571428,5.757142857142857,4.671428571428571,0.3,10.7,47.52747252747251,57.967032967032964,Stressed,Watch,STABLE,RECOVERY_EXPECTED
Rajasthan_24.89_73.57,2024,1.4,66.66666666666667,Rajasthan,Udaipur,-0.15714285714285717,1.2428571428571427,0.9285714285714284,0.5,3.2,72.4867724867725,84.12698412698414,Watch,Safe,STABLE,RECOVERY_EXPECTED
Uttarakhand_30.4206_77.8267,2024,30.0,65.51724137931035,Uttarakhand,Dehradun,-0.35555555555555585,29.644444444444446,28.933333333333334,27.0,35.7,69.60408684546616,77.77777777777779,Watch,Safe,STABLE,STABLE
Uttarakhand_30.4378_77.79,2024,28.8,48.14814814814816,Uttarakhand,Dehradun,-0.48750000000000027,28.3125,27.3375,24.6,32.7,54.1666666666667,66.20370370370374,Watch,Watch,STABLE,RECOVERY_EXPECTED
Haryana_29.4133_75.3278,2024,3.0,100.0,Haryana,Fatehabad,-0.062499999999999986,2.9375,2.8125,3.0,5.7,100.0,100.0,Safe,Safe,STABLE,STABLE
Haryana_29.4458_75.55,2024,2.2,57.77777777777777,Haryana,Fatehabad,-5.551115123125783e-17,2.2,2.2,0.3,4.8,57.77777777777777,57.77777777777777,Watch,Watch,STABLE,STABLE
Haryana_29.4222_74.6125,2024,9.8,18.309859154929566,Haryana,Sirsa,-0.16666666666666666,9.633333333333335,9.3,4.0,11.1,20.65727699530514,25.352112676056326,Critical,Stressed,FUTURE_CRITICAL,STABLE
Haryana_29.4625_75.2639,2024,17.0,34.09090909090908,Haryana,Sirsa,-0.1875,16.8125,16.4375,14.1,18.5,38.35227272727273,46.875,Stressed,Stressed,STABLE,STABLE
Uttarakhand_30.4103_78.0667,2024,25.6,64.28571428571426,Uttarakhand,Dehradun,-0.05555555555555555,25.544444444444444,25.433333333333334,25.1,26.5,68.25396825396834,76.19047619047625,Watch,Safe,STABLE,STABLE
Telangana_16.6411_77.6564,2024,8.6,52.427184466019426,Telangana,Narayanpet,-0.38571428571428584,8.214285714285714,7.442857142857142,3.7,14.0,56.171983356449395,63.66158113730931,Watch,Watch,STABLE,STABLE
Telangana_16.8342_79.4398,2024,3.1,74.28571428571429,Telangana,Suryapet,-0.17777777777777778,2.9222222222222225,2.566666666666667,2.2,5.7,79.36507936507937,89.52380952380953,Safe,Safe,STABLE,RECOVERY_EXPECTED
Rajasthan_24.9083_75.9778,2024,2.2,70.83333333333333,Rajasthan,Kota,0.057142857142857224,2.2571428571428576,2.371428571428572,1.5,3.9,68.45238095238093,63.69047619047616,Watch,Watch,STABLE,STABLE
Rajasthan_24.9056_74.6444,2024,10.9,4.210526315789476,Rajasthan,Chittorgarh,0.2857142857142857,11.185714285714287,11.757142857142858,1.8,11.3,1.2030075187969835,0.0,Critical,Critical,FUTURE_CRITICAL,FUTURE_CRITICAL
Rajasthan_24.925_72.6875,2024,8.9,100.0,Rajasthan,Sirohi,-0.2999999999999999,8.6,8.0,8.9,16.2,100.0,100.0,Safe,Safe,STABLE,STABLE
Rajasthan_24.9167_73.7333,2024,6.7,91.76470588235294,Rajasthan,Rajsamand,-1.3,5.4,2.8,6.0,14.5,100.0,100.0,Safe,Safe,STABLE,STABLE
Rajasthan_24.9142_71.7386,2024,14.2,0.0,Rajasthan,Sanchore,1.7399999999999998,15.94,19.419999999999998,5.0,14.2,0.0,0.0,Critical,Critical,FUTURE_CRITICAL,FUTURE_CRITICAL
Rajasthan_24.9333_75.9333,2024,4.1,0.0,Rajasthan,Kota,0.1428571428571428,4.242857142857142,4.5285714285714285,3.1,4.1,0.0,0.0,Critical,Critical,FUTURE_CRITICAL,FUTURE_CRITICAL
Telangana_16.4226_77.6081,2024,1.6,52.17391304347825,Telangana,Narayanpet,-0.03333333333333329,1.5666666666666669,1.5000000000000002,0.5,2.8,53.623188405797094,56.52173913043477,Watch,Watch,STABLE,STABLE
Assam_26.2028_93.1064,2024,5.0,0.0,Assam,Karbi Anglong,0.31249999999999994,5.3125,5.9375,2.5,5.0,0.0,0.0,Critical,Critical,FUTURE_CRITICAL,FUTURE_CRITICAL
Assam_26.2028_90.1389,2024,14.1,100.0,Assam,Dhubri,-0.05000000000000003,14.049999999999999,13.95,14.1,15.0,100.0,100.0,Safe,Safe,STABLE,STABLE
Haryana_29.3917_76.85,2024,4.0,60.0,Haryana,Panipat,0.03333333333333331,4.033333333333333,4.1,3.0,5.5,58.666666666666664,56.000000000000014,Watch,Watch,STABLE,STABLE
Haryana_29.3867_75.9167,2024,4.9,72.41379310344827,Haryana,Hisar,-0.6,4.300000000000001,3.1000000000000005,3.3,9.1,82.75862068965516,100.0,Safe,Safe,RECOVERY_EXPECTED,RECOVERY_EXPECTED
Haryana_29.4083_75.6833,2024,3.3,70.37037037037037,Haryana,Hisar,-0.21111111111111114,3.0888888888888886,2.6666666666666665,2.5,5.2,78.18930041152264,93.82716049382717,Safe,Safe,STABLE,RECOVERY_EXPECTED
Haryana_29.3_75.8,2024,14.7,61.53846153846156,Haryana,Hisar,0.1111111111111111,14.81111111111111,15.033333333333333,13.7,16.3,57.2649572649573,48.71794871794872,Watch,Stressed,STABLE,STABLE
Haryana_29.4214_76.7342,2024,23.1,0.0,Haryana,Jind,1.0875000000000001,24.1875,26.3625,14.4,23.1,0.0,0.0,Critical,Critical,FUTURE_CRITICAL,FUTURE_CRITICAL
Telangana_16.8076_78.8233,2024,7.9,82.1917808219178,Telangana,Nalgonda,-0.42222222222222233,7.477777777777778,6.633333333333333,5.3,19.9,85.08371385083713,90.8675799086758,Safe,Safe,STABLE,STABLE
Rajasthan_24.9333_75.5917,2024,1.9,22.72727272727272,Rajasthan,Chittorgarh,0.21428571428571427,2.1142857142857143,2.5428571428571427,0.2,2.4,12.98701298701297,0.0,Critical,Critical,FUTURE_CRITICAL,FUTURE_CRITICAL
Rajasthan_24.94_72.255,2024,14.0,37.6470588235294,Rajasthan,Sanchore,0.21666666666666679,14.216666666666667,14.65,8.7,17.2,35.09803921568626,29.999999999999982,Stressed,Stressed,STABLE,STABLE
Rajasthan_24.9417_71.4083,2024,23.1,43.999999999999915,Rajasthan,Sanchore,-0.07999999999999971,23.020000000000003,22.860000000000003,21.7,24.2,47.19999999999984,53.599999999999845,Stressed,Watch,STABLE,STABLE
Rajasthan_24.95_74.685,2024,9.2,37.037037037037045,Rajasthan,Chittorgarh,-0.48571428571428577,8.714285714285714,7.742857142857142,2.4,13.2,41.53439153439153,50.52910052910053,Stressed,Watch,STABLE,STABLE
Rajasthan_24.9556_72.8917,2024,2.4,80.00000000000001,Rajasthan,Sirohi,-0.15714285714285717,2.242857142857143,1.9285714285714284,2.1,3.6,90.47619047619048,100.0,Safe,Safe,RECOVERY_EXPECTED,RECOVERY_EXPECTED
Telangana_16.3331_78.7994,2024,16.2,0.0,Telangana,Nagarkurnool,0.5285714285714285,16.728571428571428,17.785714285714285,11.4,16.2,0.0,0.0,Critical,Critical,FUTURE_CRITICAL,FUTURE_CRITICAL
Telangana_16.605_77.7983,2024,2.8,12.50000000000001,Telangana,Mahabubnagar,-0.03333333333333336,2.7666666666666666,2.6999999999999997,1.4,3.0,14.583333333333337,18.75000000000001,Critical,Critical,FUTURE_CRITICAL,FUTURE_CRITICAL
Haryana_29.3306_74.9806,2024,3.9,67.74193548387098,Haryana,Sirsa,-0.11428571428571435,3.7857142857142856,3.557142857142857,2.9,6.0,71.42857142857143,78.80184331797236,Watch,Safe,STABLE,STABLE
Haryana_29.3417_76.6792,2024,18.0,0.0,Haryana,Panipat,0.675,18.675,20.025,12.6,18.0,0.0,0.0,Critical,Critical,FUTURE_CRITICAL,FUTURE_CRITICAL
Haryana_29.3403_74.63,2024,8.1,26.666666666666693,Haryana,Sirsa,-0.02500000000000014,8.075,8.024999999999999,7.0,8.5,28.33333333333338,31.666666666666764,Stressed,Stressed,STABLE,STABLE
Haryana_29.3644_76.6069,2024,12.4,9.52380952380949,Haryana,Jind,0.2800000000000001,12.68,13.24,10.5,12.6,0.0,0.0,Critical,Critical,FUTURE_CRITICAL,FUTURE_CRITICAL
Haryana_29.3583_76.8389,2024,2.4,100.0,Haryana,Panipat,0.0,2.4,2.4,2.4,3.1,100.0,100.0,Safe,Safe,STABLE,STABLE
Haryana_29.3583_76.4222,2024,18.6,22.891566265060227,Haryana,Jind,0.7111111111111114,19.311111111111114,20.733333333333334,12.2,20.5,14.323962516733568,0.0,Critical,Critical,FUTURE_CRITICAL,FUTURE_CRITICAL
Uttarakhand_30.4367_77.7428,2024,9.7,77.77777777777787,Uttarakhand,Dehradun,-0.06666666666666682,9.633333333333333,9.499999999999998,9.5,10.4,85.18518518518525,100.0,Safe,Safe,STABLE,RECOVERY_EXPECTED
Rajasthan_24.975_72.575,2024,5.3,63.63636363636363,Rajasthan,Jalore,-0.7000000000000001,4.6,3.1999999999999997,2.5,10.2,72.72727272727273,90.90909090909092,Watch,Safe,STABLE,RECOVERY_EXPECTED
Rajasthan_24.96_73.55,2024,4.0,52.542372881355924,Rajasthan,Rajsamand,-0.18571428571428578,3.814285714285714,3.4428571428571426,1.2,7.1,55.690072639225185,61.98547215496368,Watch,Watch,STABLE,STABLE
Rajasthan_24.9953_72.7167,2024,18.5,100.0,Rajasthan,Sirohi,-1.7,16.8,13.4,18.5,32.0,100.0,100.0,Safe,Safe,STABLE,STABLE
Rajasthan_24.9917_76.475,2024,6.9,0.0,Rajasthan,Baran,0.31428571428571433,7.214285714285714,7.842857142857143,2.0,6.9,0.0,0.0,Critical,Critical,FUTURE_CRITICAL,FUTURE_CRITICAL
Rajasthan_24.9911_71.5939,2024,2.6,0.0,Rajasthan,Sanchore,0.15000000000000002,2.75,3.0500000000000003,0.8,2.6,0.0,0.0,Critical,Critical,FUTURE_CRITICAL,FUTURE_CRITICAL
Andhra Pradesh_16.9557_82.1893,2024,2.4,0.0,Andhra Pradesh,Kakinada,0.06666666666666665,2.466666666666667,2.5999999999999996,0.7,2.4,0.0,0.0,Critical,Critical,FUTURE_CRITICAL,FUTURE_CRITICAL
Telangana_16.2347_78.0036,2024,4.0,44.44444444444444,Telangana,Wanaparthy,0.09999999999999996,4.1,4.3,2.0,5.6,41.66666666666667,36.11111111111111,Stressed,Stressed,STABLE,STABLE
Uttarakhand_30.4778_77.7883,2024,26.9,19.148936170212817,Uttarakhand,Dehradun,-0.04444444444444469,26.855555555555554,26.766666666666666,23.1,27.8,20.094562647754177,21.985815602836922,Critical,Critical,FUTURE_CRITICAL,FUTURE_CRITICAL
Haryana_29.25_76.6611,2024,1.0,44.44444444444444,Haryana,Sonipat,-0.012500000000000011,0.9875,0.9624999999999999,0.5,1.4,45.83333333333333,48.611111111111114,Stressed,Stressed,STABLE,STABLE
Haryana_29.2889_75.9069,2024,2.7,54.999999999999986,Haryana,Hisar,0.012500000000000004,2.7125000000000004,2.7375000000000003,1.8,3.8,54.37499999999997,53.12499999999998,Watch,Watch,STABLE,STABLE
Haryana_29.2783_75.4919,2024,1.8,77.14285714285714,Haryana,Hisar,-0.38571428571428573,1.4142857142857144,0.6428571428571428,1.0,4.5,88.16326530612245,100.0,Safe,Safe,RECOVERY_EXPECTED,RECOVERY_EXPECTED
Haryana_29.3186_76.6403,2024,6.4,14.285714285714235,Haryana,Panipat,0.1,6.5,6.7,5.8,6.5,0.0,0.0,Critical,Critical,FUTURE_CRITICAL,FUTURE_CRITICAL
Haryana_29.3042_75.4167,2024,3.5,100.0,Haryana,Hisar,-0.4857142857142858,3.0142857142857142,2.0428571428571427,3.5,7.0,100.0,100.0,Safe,Safe,STABLE,STABLE
Haryana_29.3361_76.4875,2024,5.6,100.0,Haryana,Jind,0.0,5.6,5.6,5.6,7.1,100.0,100.0,Safe,Safe,STABLE,STABLE
Uttarakhand_30.4444_77.7825,2024,35.5,53.2258064516129,Uttarakhand,Dehradun,-0.2222222222222222,35.27777777777778,34.833333333333336,32.6,38.8,56.81003584229389,63.97849462365588,Watch,Watch,STABLE,STABLE
Telangana_16.3708_78.0814,2024,8.5,81.4207650273224,Telangana,Wanaparthy,-0.20000000000000004,8.3,7.9,5.1,23.4,82.51366120218579,84.69945355191257,Safe,Safe,STABLE,STABLE
Rajasthan_25.0125_72.2625,2024,3.1,79.16666666666666,Rajasthan,Jalore,-0.27142857142857146,2.8285714285714287,2.2857142857142856,2.6,5.0,90.47619047619048,100.0,Safe,Safe,RECOVERY_EXPECTED,RECOVERY_EXPECTED
Rajasthan_24.9_73.8167,2024,3.2,38.46153846153846,Rajasthan,Rajsamand,-0.04285714285714283,3.1571428571428575,3.0714285714285716,2.4,3.7,41.758241758241745,48.351648351648336,Stressed,Stressed,STABLE,STABLE
Rajasthan_25.0333_74.0039,2024,1.4,66.66666666666666,Rajasthan,Rajsamand,-0.12857142857142856,1.2714285714285714,1.0142857142857142,0.7,2.8,72.7891156462585,85.03401360544217,Watch,Safe,STABLE,RECOVERY_EXPECTED
Rajasthan_25.0208_75.7,2024,2.1,9.5238095238095,Rajasthan,Kota,0.2142857142857142,2.314285714285714,2.742857142857143,0.2,2.3,0.0,0.0,Critical,Critical,FUTURE_CRITICAL,FUTURE_CRITICAL
Rajasthan_25.0386_73.5667,2024,3.6,49.23076923076922,Rajasthan,Rajsamand,0.21428571428571427,3.8142857142857145,4.242857142857143,0.3,6.8,45.93406593406593,39.340659340659336,Stressed,Stressed,STABLE,STABLE
Rajasthan_25.0361_74.4917,2024,20.0,12.025316455696188,Rajasthan,Chittorgarh,1.333333333333333,21.333333333333332,24.0,6.1,21.9,3.5864978902953593,0.0,Critical,Critical,FUTURE_CRITICAL,FUTURE_CRITICAL
Rajasthan_25.0847_72.9667,2024,21.8,43.80165289256197,Rajasthan,Sirohi,-1.7666666666666664,20.033333333333335,16.5,8.2,32.4,51.101928374655635,65.70247933884296,Watch,Watch,STABLE,RECOVERY_EXPECTED
Uttarakhand_30.4961_77.7925,2024,26.7,0.0,Uttarakhand,Dehradun,0.08888888888888896,26.788888888888888,26.966666666666665,24.1,26.7,0.0,0.0,Critical,Critical,FUTURE_CRITICAL,FUTURE_CRITICAL
Haryana_29.2083_75.9208,2024,2.3,96.87500000000001,Haryana,Hisar,-0.38750000000000007,1.9124999999999996,1.1374999999999997,2.2,5.4,100.0,100.0,Safe,Safe,STABLE,STABLE
Haryana_29.2167_75.525,2024,16.6,100.0,Haryana,Hisar,-0.07777777777777771,16.522222222222222,16.366666666666667,16.6,18.7,100.0,100.0,Safe,Safe,STABLE,STABLE
Haryana_29.2528_75.0833,2024,13.2,59.25925925925929,Haryana,Sirsa,0.18333333333333326,13.383333333333333,13.75,12.1,14.8,52.46913580246916,38.88888888888889,Watch,Stressed,STABLE,EARLY_DEPLETION_WARNING
Haryana_29.2333_76.8778,2024,11.0,32.87671232876712,Haryana,Panipat,0.7000000000000001,11.7,13.1,6.1,13.4,23.28767123287673,4.109589041095896,Critical,Critical,FUTURE_CRITICAL,FUTURE_CRITICAL
Haryana_29.2167_75.7958,2024,2.5,100.0,Haryana,Hisar,-0.48750000000000004,2.0125,1.0374999999999999,2.5,6.4,100.0,100.0,Safe,Safe,STABLE,STABLE
Uttarakhand_30.4386_77.7478,2024,9.4,83.74999999999999,Uttarakhand,Dehradun,-0.21052631578947367,9.189473684210526,8.76842105263158,8.1,16.1,86.38157894736842,91.64473684210526,Safe,Safe,STABLE,STABLE
Telangana_16.1089_78.3106,2024,5.7,60.71428571428572,Telangana,Nagarkurnool,0.16249999999999992,5.8625,6.1875,2.4,10.8,58.779761904761905,54.91071428571428,Watch,Watch,STABLE,STABLE
Rajasthan_25.0833_76.7,2024,8.2,38.46153846153847,Rajasthan,Baran,0.33999999999999986,8.54,9.219999999999999,4.2,10.7,33.23076923076924,22.769230769230774,Stressed,Critical,STABLE,FUTURE_CRITICAL
Rajasthan_25.0778_75.1667,2024,2.1,74.35897435897436,Rajasthan,Chittorgarh,0.14285714285714288,2.242857142857143,2.5285714285714285,1.1,5.0,70.69597069597069,63.369963369963365,Watch,Watch,STABLE,STABLE
Rajasthan_25.1083_74.8333,2024,1.8,84.26966292134833,Rajasthan,Chittorgarh,0.19999999999999993,2.0,2.4,0.4,9.3,82.02247191011236,77.52808988764045,Safe,Safe,STABLE,STABLE
Rajasthan_25.0914_76.7936,2024,1.7,44.99999999999999,Rajasthan,Baran,0.11666666666666668,1.8166666666666667,2.05,0.6,2.6,39.16666666666666,27.500000000000014,Stressed,Stressed,STABLE,EARLY_DEPLETION_WARNING
Rajasthan_25.1167_74.0833,2024,2.4,100.0,Rajasthan,Rajsamand,-1.9714285714285713,0.4285714285714286,0.0,2.4,16.3,100.0,100.0,Safe,Safe,STABLE,STABLE
Rajasthan_25.1139_75.2611,2024,17.0,43.35260115606936,Rajasthan,Bhilwara,-0.5999999999999999,16.4,15.200000000000001,7.2,24.5,46.820809248554916,53.75722543352601,Stressed,Watch,STABLE,STABLE
TelanganaYadadri Bhuvanagiri_17.6419_78.8669,2024,8.5,39.28571428571428,TelanganaYadadri Bhuvanagiri,Thurkapally,-0.43999999999999984,8.06,7.180000000000001,5.1,10.7,47.14285714285712,62.85714285714283,Stressed,Watch,STABLE,RECOVERY_EXPECTED
Uttarakhand_30.5739_78.3286,2024,11.7,84.57943925233646,Uttarakhand,Uttar Kashi,-5.983333333333333,5.716666666666666,0.0,5.1,47.9,98.55919003115264,100.0,Safe,Safe,RECOVERY_EXPECTED,RECOVERY_EXPECTED
Haryana_29.1597_76.8278,2024,1.6,93.75,Haryana,Sonipat,-0.04999999999999997,1.55,1.4500000000000002,1.5,3.1,96.875,100.0,Safe,Safe,STABLE,STABLE
Haryana_29.1394_76.7153,2024,15.1,100.0,Haryana,Sonipat,-0.3750000000000002,14.725,13.975,15.1,20.8,100.0,100.0,Safe,Safe,STABLE,STABLE
Haryana_29.1_76.6153,2024,1.0,88.88888888888889,Haryana,Sonipat,-0.4000000000000001,0.5999999999999999,0.0,0.7,3.4,100.0,100.0,Safe,Safe,RECOVERY_EXPECTED,STABLE
Haryana_29.1875_76.625,2024,4.9,0.0,Haryana,Sonipat,0.15714285714285725,5.057142857142858,5.371428571428572,2.1,4.9,0.0,0.0,Critical,Critical,FUTURE_CRITICAL,FUTURE_CRITICAL
Assam_26.2074_90.2963,2024,1.2,94.44444444444446,Assam,Dhubri,-0.05714285714285716,1.1428571428571428,1.0285714285714285,1.1,2.9,97.61904761904762,100.0,Safe,Safe,STABLE,STABLE
Assam_26.2028_93.1336,2024,3.1,54.54545454545454,Assam,Karbi Anglong,0.14285714285714285,3.242857142857143,3.5285714285714285,2.1,4.3,48.051948051948045,35.064935064935064,Stressed,Stressed,STABLE,EARLY_DEPLETION_WARNING
Uttarakhand_30.44_77.7028,2024,16.5,64.00000000000001,Uttarakhand,Dehradun,-0.22222222222222218,16.27777777777778,15.833333333333334,13.8,21.3,66.96296296296296,72.88888888888889,Watch,Watch,STABLE,STABLE
Andhra Pradesh_16.2632_80.4248,2024,2.7,8.333333333333304,Andhra Pradesh,Guntur,0.12222222222222223,2.8222222222222224,3.066666666666667,1.6,2.8,0.0,0.0,Critical,Critical,FUTURE_CRITICAL,FUTURE_CRITICAL
Rajasthan_25.1083_76.65,2024,12.8,0.0,Rajasthan,Baran,1.383333333333333,14.183333333333334,16.95,3.2,12.8,0.0,0.0,Critical,Critical,FUTURE_CRITICAL,FUTURE_CRITICAL
Andhra Pradesh_16.951_80.0523,2024,4.3,29.629629629629626,Andhra Pradesh,Ntr,0.1444444444444445,4.444444444444445,4.733333333333333,2.4,5.1,24.27983539094648,13.580246913580229,Critical,Critical,FUTURE_CRITICAL,FUTURE_CRITICAL
Andhra Pradesh_16.9503_82.237,2024,1.6,78.94736842105263,Andhra Pradesh,Kakinada,-0.12857142857142853,1.4714285714285715,1.2142857142857144,1.2,3.1,85.71428571428571,99.24812030075188,Safe,Safe,STABLE,RECOVERY_EXPECTED
Rajasthan_25.1222_71.5889,2024,7.8,27.272727272727295,Rajasthan,Barmer,-0.08571428571428578,7.714285714285714,7.542857142857143,6.2,8.4,31.16883116883118,38.96103896103899,Stressed,Stressed,STABLE,STABLE
Rajasthan_25.1211_75.9656,2024,6.5,11.111111111111105,Rajasthan,Kota,0.0,6.5,6.5,4.1,6.8,11.111111111111105,11.111111111111105,Critical,Critical,FUTURE_CRITICAL,FUTURE_CRITICAL
Rajasthan_25.1364_74.8875,2024,8.9,16.981132075471685,Rajasthan,Chittorgarh,0.3666666666666667,9.266666666666667,10.0,0.1,10.7,13.522012578616337,6.6037735849056585,Critical,Critical,FUTURE_CRITICAL,FUTURE_CRITICAL
Uttarakhand_30.8211_78.6264,2024,27.1,59.999999999999986,Uttarakhand,Uttar Kashi,0.5000000000000003,27.6,28.6,18.5,40.0,57.67441860465116,53.02325581395348,Watch,Watch,STABLE,STABLE
Uttarakhand_30.7397_78.5247,2024,27.5,12.41830065359476,Uttarakhand,Uttar Kashi,2.233333333333334,29.733333333333334,34.2,14.1,29.4,0.0,0.0,Critical,Critical,FUTURE_CRITICAL,FUTURE_CRITICAL
Haryana_29.075_75.7583,2024,0.7,82.14285714285714,Haryana,Hisar,-0.4200000000000001,0.27999999999999986,0.0,0.2,3.0,97.14285714285715,100.0,Safe,Safe,RECOVERY_EXPECTED,RECOVERY_EXPECTED
Haryana_29.0431_76.4764,2024,2.7,14.28571428571428,Haryana,Rohtak,0.17500000000000004,2.875,3.2250000000000005,0.9,3.0,5.952380952380953,0.0,Critical,Critical,FUTURE_CRITICAL,FUTURE_CRITICAL
Haryana_29.1194_76.6458,2024,1.2,96.15384615384616,Haryana,Sonipat,-0.3125,0.8875,0.26249999999999996,1.1,3.7,100.0,100.0,Safe,Safe,STABLE,STABLE
Haryana_29.075_76.7792,2024,1.3,58.823529411764696,Haryana,Sonipat,-0.12499999999999997,1.175,0.9250000000000002,0.6,2.3,66.17647058823528,80.88235294117646,Watch,Safe,STABLE,RECOVERY_EXPECTED
Haryana_29.1333_76.4083,2024,1.4,94.11764705882352,Haryana,Jind,-0.9,0.4999999999999999,0.0,1.0,7.8,100.0,100.0,Safe,Safe,STABLE,STABLE
TelanganaYadadri Bhuvanagiri_17.3579_79.0341,2024,5.6,0.0,TelanganaYadadri Bhuvanagiri,Valigonda,0.17999999999999988,5.779999999999999,6.139999999999999,4.7,5.6,0.0,0.0,Critical,Critical,FUTURE_CRITICAL,FUTURE_CRITICAL
TelanganaYadadri Bhuvanagiri_17.6695_78.9468,2024,8.0,74.83870967741936,TelanganaYadadri Bhuvanagiri,Yadagirigutta,-2.12,5.88,1.6399999999999997,4.1,19.6,88.51612903225806,100.0,Safe,Safe,RECOVERY_EXPECTED,RECOVERY_EXPECTED
Rajasthan_25.1583_73.2161,2024,4.9,98.33333333333333,Rajasthan,Pali,-0.8166666666666668,4.083333333333334,2.45,4.8,10.8,100.0,100.0,Safe,Safe,STABLE,STABLE
Rajasthan_25.1833_75.85,2024,6.2,0.0,Rajasthan,Kota,0.3285714285714286,6.5285714285714285,7.185714285714286,2.2,6.2,0.0,0.0,Critical,Critical,FUTURE_CRITICAL,FUTURE_CRITICAL
Rajasthan_25.1833_73.2917,2024,7.4,89.34426229508196,Rajasthan,Pali,-1.1833333333333333,6.216666666666667,3.8500000000000005,6.1,18.3,99.04371584699453,100.0,Safe,Safe,STABLE,STABLE
Rajasthan_25.17_75.3228,2024,4.2,73.6842105263158,Rajasthan,Bhilwara,0.014285714285714343,4.214285714285714,4.242857142857143,2.7,8.4,73.43358395989975,72.93233082706767,Watch,Watch,STABLE,STABLE
Rajasthan_25.1_73.6,2024,6.0,56.71641791044777,Rajasthan,Rajsamand,-0.4428571428571428,5.557142857142857,4.671428571428572,3.1,9.8,63.326226012793185,76.54584221748401,Watch,Safe,STABLE,RECOVERY_EXPECTED
Rajasthan_29.8417_74.0222,2024,20.2,0.0,Rajasthan,Ganganagar,0.3142857142857141,20.514285714285712,21.142857142857142,15.7,20.2,0.0,0.0,Critical,Critical,FUTURE_CRITICAL,FUTURE_CRITICAL
Haryana_28.9792_76.5167,2024,1.8,58.33333333333333,Haryana,Rohtak,-0.05000000000000002,1.75,1.65,1.3,2.5,62.5,70.83333333333334,Watch,Watch,STABLE,STABLE
Uttarakhand_30.6844_78.3494,2024,37.1,0.0,Uttarakhand,Uttar Kashi,0.3333333333333337,37.43333333333334,38.1,8.7,37.1,0.0,0.0,Critical,Critical,FUTURE_CRITICAL,FUTURE_CRITICAL
West Bengal_22.2723_88.2168,2024,0.5,100.0,West Bengal,South 24 Parganas,-0.15,0.35,0.050000000000000044,0.5,1.5,100.0,100.0,Safe,Safe,STABLE,STABLE
Haryana_29.0333_76.7917,2024,2.8,90.90909090909093,Haryana,Sonipat,-0.08000000000000008,2.7199999999999998,2.5599999999999996,2.7,3.8,98.18181818181822,100.0,Safe,Safe,STABLE,STABLE
Uttarakhand_30.5161_77.8356,2024,10.8,90.62499999999997,Uttarakhand,Dehradun,-0.4833333333333334,10.316666666666666,9.350000000000001,10.2,16.6,98.17708333333333,100.0,Safe,Safe,STABLE,STABLE
TelanganaYadadri Bhuvanagiri_17.6336_78.9113,2024,10.1,59.210526315789465,TelanganaYadadri Bhuvanagiri,Yadagirigutta,-0.68,9.42,8.059999999999999,7.0,14.6,68.15789473684211,86.05263157894738,Watch,Safe,STABLE,RECOVERY_EXPECTED
TelanganaYadadri Bhuvanagiri_17.5842_78.8399,2024,7.8,74.68354430379746,TelanganaYadadri Bhuvanagiri,Thurkapally,-0.8400000000000001,6.96,5.279999999999999,5.8,13.7,85.31645569620252,100.0,Safe,Safe,RECOVERY_EXPECTED,RECOVERY_EXPECTED
Rajasthan_25.1878_77.1056,2024,9.9,0.0,Rajasthan,Baran,0.6571428571428574,10.557142857142857,11.871428571428572,3.6,9.9,0.0,0.0,Critical,Critical,FUTURE_CRITICAL,FUTURE_CRITICAL
Rajasthan_25.2028_73.8631,2024,12.1,73.91304347826089,Rajasthan,Rajsamand,-0.4428571428571429,11.657142857142857,10.77142857142857,10.9,15.5,83.54037267080747,100.0,Safe,Safe,STABLE,RECOVERY_EXPECTED
Rajasthan_25.1_76.205,2024,12.9,0.0,Rajasthan,Kota,0.5142857142857141,13.414285714285715,14.442857142857143,4.1,12.9,0.0,0.0,Critical,Critical,FUTURE_CRITICAL,FUTURE_CRITICAL
Rajasthan_25.1_73.6133,2024,4.5,34.88372093023256,Rajasthan,Rajsamand,0.1333333333333334,4.633333333333334,4.9,1.7,6.0,31.782945736434097,25.581395348837198,Stressed,Stressed,STABLE,STABLE
Andhra Pradesh_16.9384_81.9542,2024,3.1,0.0,Andhra Pradesh,East GodavariAnaparthy,0.03333333333333336,3.1333333333333333,3.2,2.5,3.1,0.0,0.0,Critical,Critical,FUTURE_CRITICAL,FUTURE_CRITICAL
Andhra Pradesh_16.927_81.9167,2024,2.4,0.0,Andhra Pradesh,Dr. B.R. Ambedkar KonaseemaMandapeta,0.028571428571428532,2.4285714285714284,2.4857142857142853,1.4,2.4,0.0,0.0,Critical,Critical,FUTURE_CRITICAL,FUTURE_CRITICAL
Rajasthan_29.825_73.7292,2024,9.6,79.54545454545455,Rajasthan,Ganganagar,-0.5,9.1,8.1,8.7,13.1,90.9090909090909,100.0,Safe,Safe,RECOVERY_EXPECTED,RECOVERY_EXPECTED
West Bengal_22.2105_86.8951,2024,4.7,100.0,West Bengal,Jhargram,-0.4,4.3,3.5,4.7,7.1,100.0,100.0,Safe,Safe,STABLE,STABLE
West Bengal_22.33_88.15,2024,21.9,0.0,West Bengal,South 24 Parganas,1.5799999999999996,23.479999999999997,26.639999999999997,14.0,21.9,0.0,0.0,Critical,Critical,FUTURE_CRITICAL,FUTURE_CRITICAL
West Bengal_22.3258_86.8835,2024,2.4,60.00000000000001,West Bengal,Jhargram,-0.12,2.28,2.04,2.0,3.0,72.00000000000001,96.0,Watch,Safe,RECOVERY_EXPECTED,RECOVERY_EXPECTED
Assam_26.2378_90.5917,2024,7.2,39.215686274509785,Assam,Bongaigaon,-0.1571428571428571,7.042857142857143,6.728571428571429,4.1,9.2,42.296918767506995,48.459383753501385,Stressed,Stressed,STABLE,STABLE
Assam_26.2267_92.2758,2024,2.6,62.06896551724138,Assam,Marigaon,-0.2571428571428571,2.342857142857143,1.8285714285714287,1.5,4.4,70.93596059113301,88.66995073891624,Watch,Safe,STABLE,RECOVERY_EXPECTED
Assam_26.2208_93.8422,2024,8.7,61.224489795918366,Assam,Karbi Anglong,0.23749999999999993,8.9375,9.4125,6.8,11.7,56.377551020408156,46.683673469387756,Watch,Stressed,STABLE,STABLE
Haryana_28.9417_77.0958,2024,27.2,56.338028169014095,Haryana,Sonipat,0.44285714285714256,27.642857142857142,28.52857142857143,24.1,31.2,50.100603621730386,37.62575452716298,Watch,Stressed,STABLE,EARLY_DEPLETION_WARNING
Haryana_28.9611_75.9214,2024,2.0,100.0,Haryana,Bhiwani,-0.5428571428571428,1.4571428571428573,0.37142857142857144,2.0,5.8,100.0,100.0,Safe,Safe,STABLE,STABLE
Haryana_28.9583_75.8222,2024,10.8,52.542372881355924,Haryana,Hisar,-0.4428571428571428,10.357142857142858,9.471428571428572,8.0,13.9,60.04842615012106,75.06053268765133,Watch,Safe,STABLE,RECOVERY_EXPECTED
Rajasthan_29.8167_73.45,2024,4.5,61.53846153846153,Rajasthan,Ganganagar,-0.07142857142857141,4.428571428571429,4.285714285714286,4.0,5.3,67.03296703296702,78.02197802197803,Watch,Safe,STABLE,RECOVERY_EXPECTED
Tamil Nadu_10.6833_79.8375,2024,1.3,55.00000000000001,Tamil Nadu,Nagapattinam,0.25999999999999995,1.56,2.08,0.4,2.4,41.99999999999999,15.999999999999993,Stressed,Critical,EARLY_DEPLETION_WARNING,FUTURE_CRITICAL
Tamil Nadu_10.0989_77.5717,2024,2.6,69.84126984126983,Tamil Nadu,Theni,-0.55,2.05,0.95,0.7,7.0,78.57142857142857,96.03174603174604,Safe,Safe,STABLE,RECOVERY_EXPECTED
Rajasthan_25.2233_75.8294,2024,3.5,61.11111111111109,Rajasthan,Kota,-0.0428571428571428,3.4571428571428573,3.3714285714285714,2.8,4.6,63.492063492063465,68.25396825396824,Watch,Watch,STABLE,STABLE
Rajasthan_25.2083_77.3583,2024,4.2,100.0,Rajasthan,Baran,-0.2857142857142857,3.9142857142857146,3.342857142857143,4.2,6.2,100.0,100.0,Safe,Safe,STABLE,STABLE
Rajasthan_25.2333_73.8833,2024,3.1,100.0,Rajasthan,Rajsamand,-2.4857142857142853,0.6142857142857148,0.0,3.1,22.1,100.0,100.0,Safe,Safe,STABLE,STABLE
Rajasthan_25.2272_73.6708,2024,11.2,16.36363636363637,Rajasthan,Rajsamand,0.18571428571428555,11.385714285714284,11.757142857142856,2.0,13.0,14.675324675324685,11.298701298701308,Critical,Critical,FUTURE_CRITICAL,FUTURE_CRITICAL
Rajasthan_25.2417_76.0889,2024,2.8,0.0,Rajasthan,Kota,0.28571428571428564,3.0857142857142854,3.6571428571428566,0.3,2.8,0.0,0.0,Critical,Critical,FUTURE_CRITICAL,FUTURE_CRITICAL
West Bengal_22.3063_86.8853,2024,9.9,0.0,West Bengal,Jhargram,0.060000000000000143,9.96,10.08,5.3,9.9,0.0,0.0,Critical,Critical,FUTURE_CRITICAL,FUTURE_CRITICAL
West Bengal_22.4056_86.8542,2024,3.4,85.29411764705883,West Bengal,Jhargram,-0.8,2.5999999999999996,0.9999999999999996,2.4,9.2,97.05882352941177,100.0,Safe,Safe,RECOVERY_EXPECTED,STABLE
West Bengal_22.3_88.025,2024,1.0,100.0,West Bengal,Howrah,-0.13999999999999999,0.86,0.5800000000000001,1.0,2.0,100.0,100.0,Safe,Safe,STABLE,STABLE
Haryana_28.8958_75.6042,2024,10.8,100.0,Haryana,Bhiwani,-0.3624999999999998,10.4375,9.712500000000002,10.8,13.7,100.0,100.0,Safe,Safe,STABLE,STABLE
Haryana_28.9194_75.5158,2024,15.4,100.0,Haryana,Bhiwani,-0.08571428571428566,15.314285714285715,15.142857142857144,15.4,16.5,100.0,100.0,Safe,Safe,STABLE,STABLE
Haryana_28.9028_77.1139,2024,19.8,25.71428571428568,Haryana,Sonipat,0.2600000000000001,20.060000000000002,20.580000000000002,17.2,20.7,18.285714285714207,3.4285714285713587,Critical,Critical,FUTURE_CRITICAL,FUTURE_CRITICAL
Haryana_28.9375_76.1681,2024,0.8,81.25,Haryana,Bhiwani,0.0,0.8,0.8,0.5,2.1,81.25,81.25,Safe,Safe,STABLE,STABLE
Haryana_28.9361_76.0417,2024,2.5,100.0,Haryana,Bhiwani,-0.4555555555555555,2.0444444444444443,1.1333333333333335,2.5,6.6,100.0,100.0,Safe,Safe,STABLE,STABLE
Rajasthan_29.8083_73.7333,2024,12.1,95.75757575757576,Rajasthan,Ganganagar,-0.18571428571428608,11.914285714285713,11.542857142857141,11.4,27.9,96.8831168831169,99.13419913419915,Safe,Safe,STABLE,STABLE
Rajasthan_29.7958_73.4458,2024,4.3,95.6521739130435,Rajasthan,Ganganagar,-0.11428571428571425,4.185714285714286,3.9571428571428573,4.2,6.5,100.0,100.0,Safe,Safe,STABLE,STABLE
Rajasthan_25.2414_73.9561,2024,17.5,26.851851851851837,Rajasthan,Rajsamand,1.06,18.56,20.68,9.6,20.4,17.037037037037038,0.0,Critical,Critical,FUTURE_CRITICAL,FUTURE_CRITICAL
Rajasthan_25.2381_73.7889,2024,4.2,82.0,Rajasthan,Rajsamand,0.25714285714285723,4.457142857142857,4.9714285714285715,2.4,12.4,79.42857142857143,74.28571428571429,Safe,Watch,STABLE,STABLE
Rajasthan_25.25_77.1333,2024,4.9,0.0,Rajasthan,Baran,0.20000000000000004,5.1000000000000005,5.5,3.4,4.9,0.0,0.0,Critical,Critical,FUTURE_CRITICAL,FUTURE_CRITICAL
Rajasthan_25.2583_73.7208,2024,12.5,56.98924731182796,Rajasthan,Rajsamand,-0.36000000000000015,12.14,11.42,8.5,17.8,60.86021505376345,68.60215053763442,Watch,Watch,STABLE,STABLE
Rajasthan_25.2667_75.75,2024,4.2,0.0,Rajasthan,Bundi,0.5714285714285714,4.771428571428571,5.914285714285715,0.2,4.2,0.0,0.0,Critical,Critical,FUTURE_CRITICAL,FUTURE_CRITICAL
Rajasthan_29.7583_74.2667,2024,26.2,0.0,Rajasthan,Hanumangarh,0.8142857142857142,27.014285714285712,28.642857142857142,20.5,26.2,0.0,0.0,Critical,Critical,FUTURE_CRITICAL,FUTURE_CRITICAL
West Bengal_22.4874_88.1892,2024,0.6,100.0,West Bengal,South 24 Parganas,-0.06666666666666665,0.5333333333333333,0.4,0.6,2.1,100.0,100.0,Safe,Safe,STABLE,STABLE
West Bengal_22.4697_88.31,2024,0.2,100.0,West Bengal,Kolkata,-0.04,0.16,0.08000000000000002,0.2,0.6,100.0,100.0,Safe,Safe,STABLE,STABLE
Haryana_28.8569_76.0667,2024,1.5,94.44444444444444,Haryana,Bhiwani,-0.24285714285714285,1.2571428571428571,0.7714285714285715,1.4,3.2,100.0,100.0,Safe,Safe,STABLE,STABLE
Haryana_28.8486_75.7417,2024,5.7,0.0,Haryana,Bhiwani,0.65,6.3500000000000005,7.65,1.8,5.7,0.0,0.0,Critical,Critical,FUTURE_CRITICAL,FUTURE_CRITICAL
Haryana_28.8722_75.9583,2024,2.1,58.69565217391304,Haryana,Bhiwani,0.024999999999999988,2.125,2.175,0.2,4.8,58.152173913043484,57.065217391304344,Watch,Watch,STABLE,STABLE
Haryana_28.8806_76.5125,2024,1.9,40.0,Haryana,Rohtak,-0.03750000000000002,1.8624999999999998,1.7874999999999999,1.0,2.5,42.500000000000014,47.50000000000001,Stressed,Stressed,STABLE,STABLE
Haryana_28.875_75.9167,2024,5.0,75.0,Haryana,Bhiwani,0.04999999999999999,5.05,5.15,4.3,7.1,73.21428571428572,69.64285714285711,Watch,Watch,STABLE,STABLE
Rajasthan_29.7458_73.9,2024,16.2,44.82758620689658,Rajasthan,Ganganagar,-0.02857142857142847,16.17142857142857,16.114285714285714,14.6,17.5,45.81280788177341,47.7832512315271,Stressed,Stressed,STABLE,STABLE
Rajasthan_25.2658_75.9153,2024,3.1,52.941176470588225,Rajasthan,Kota,0.3428571428571429,3.442857142857143,4.128571428571429,0.7,5.8,46.218487394957975,32.773109243697476,Stressed,Stressed,STABLE,EARLY_DEPLETION_WARNING
Rajasthan_25.2633_77.2633,2024,3.7,100.0,Rajasthan,Baran,-0.27142857142857135,3.428571428571429,2.885714285714286,3.7,8.8,100.0,100.0,Safe,Safe,STABLE,STABLE
Rajasthan_25.3069_74.8667,2024,12.0,30.120481927710852,Rajasthan,Bhilwara,-0.19999999999999987,11.8,11.4,6.2,14.5,32.53012048192772,37.34939759036144,Stressed,Stressed,STABLE,STABLE
Rajasthan_25.3003_76.3292,2024,4.7,23.076923076923062,Rajasthan,Baran,0.25,4.95,5.45,1.7,5.6,16.66666666666665,3.8461538461538325,Critical,Critical,FUTURE_CRITICAL,FUTURE_CRITICAL
Rajasthan_25.325_76.5125,2024,5.3,0.0,Rajasthan,Baran,0.21428571428571427,5.514285714285714,5.942857142857143,3.5,5.3,0.0,0.0,Critical,Critical,FUTURE_CRITICAL,FUTURE_CRITICAL
Rajasthan_25.3189_75.9306,2024,2.6,0.0,Rajasthan,Bundi,0.20000000000000004,2.8000000000000003,3.2,1.1,2.6,0.0,0.0,Critical,Critical,FUTURE_CRITICAL,FUTURE_CRITICAL
Rajasthan_29.6958_73.9167,2024,20.3,0.0,Rajasthan,Ganganagar,0.2428571428571427,20.542857142857144,21.02857142857143,16.2,20.3,0.0,0.0,Critical,Critical,FUTURE_CRITICAL,FUTURE_CRITICAL
West Bengal_22.4206_87.7854,2024,3.7,75.67567567567568,West Bengal,Purba Medinipur,-1.1200000000000003,2.58,0.33999999999999897,1.9,9.3,90.8108108108108,100.0,Safe,Safe,RECOVERY_EXPECTED,RECOVERY_EXPECTED
West Bengal_22.5039_86.9926,2024,7.1,68.18181818181822,West Bengal,Jhargram,-0.3,6.8,6.199999999999999,6.4,8.6,81.81818181818184,100.0,Safe,Safe,RECOVERY_EXPECTED,RECOVERY_EXPECTED
West Bengal_22.4975_86.8455,2024,5.5,87.09677419354837,West Bengal,Jhargram,-0.5399999999999998,4.96,3.880000000000001,5.1,8.2,100.0,100.0,Safe,Safe,RECOVERY_EXPECTED,STABLE
Haryana_28.7_76.7167,2024,2.2,78.57142857142857,Haryana,Jhajjar,-0.4125,1.7875,0.9625000000000004,1.3,5.5,88.39285714285714,100.0,Safe,Safe,STABLE,RECOVERY_EXPECTED
Haryana_28.7_76.4944,2024,2.9,85.71428571428572,Haryana,Jhajjar,-0.12857142857142856,2.7714285714285714,2.5142857142857142,2.6,4.7,91.83673469387756,100.0,Safe,Safe,STABLE,STABLE
Haryana_28.8417_76.85,2024,1.3,100.0,Haryana,Rohtak,-0.6000000000000001,0.7,0.0,1.3,6.9,100.0,100.0,Safe,Safe,STABLE,STABLE
Haryana_28.8267_75.8769,2024,10.2,57.14285714285725,Haryana,Bhiwani,0.05999999999999981,10.26,10.379999999999999,9.9,10.6,48.5714285714286,31.42857142857155,Stressed,Stressed,STABLE,EARLY_DEPLETION_WARNING
West Bengal_22.383_86.899,2024,6.5,100.0,West Bengal,Jhargram,-1.0399999999999998,5.46,3.380000000000001,6.5,11.7,100.0,100.0,Safe,Safe,STABLE,STABLE
Andhra Pradesh_16.2985_80.4319,2024,2.2,88.33333333333333,Andhra Pradesh,Guntur,-0.1888888888888888,2.0111111111111115,1.6333333333333337,1.5,7.5,91.48148148148148,97.77777777777777,Safe,Safe,STABLE,STABLE
Andhra Pradesh_16.2866_80.7496,2024,2.5,15.78947368421052,Andhra Pradesh,Guntur,0.09999999999999996,2.6,2.8,0.9,2.8,10.526315789473673,0.0,Critical,Critical,FUTURE_CRITICAL,FUTURE_CRITICAL
Andhra Pradesh_16.9248_82.236,2024,2.0,42.85714285714286,Andhra Pradesh,Kakinada,0.1555555555555556,2.1555555555555554,2.466666666666667,0.4,3.2,37.30158730158731,26.190476190476186,Stressed,Stressed,STABLE,EARLY_DEPLETION_WARNING
Andhra Pradesh_16.8727_80.6398,2024,3.2,44.44444444444444,Andhra Pradesh,Ntr,-0.07777777777777775,3.1222222222222222,2.966666666666667,1.7,4.4,47.32510288065844,53.08641975308641,Stressed,Watch,STABLE,STABLE
Rajasthan_25.3911_76.0736,2024,2.5,0.0,Rajasthan,Bundi,0.07142857142857141,2.5714285714285716,2.7142857142857144,1.5,2.5,0.0,0.0,Critical,Critical,FUTURE_CRITICAL,FUTURE_CRITICAL
Rajasthan_25.3692_76.1625,2024,15.7,0.0,Rajasthan,Kota,1.0142857142857145,16.714285714285715,18.742857142857144,3.4,15.7,0.0,0.0,Critical,Critical,FUTURE_CRITICAL,FUTURE_CRITICAL
Rajasthan_25.3667_76.3,2024,18.7,0.0,Rajasthan,Kota,0.15714285714285683,18.857142857142858,19.17142857142857,15.7,18.7,0.0,0.0,Critical,Critical,FUTURE_CRITICAL,FUTURE_CRITICAL
Rajasthan_29.6833_74.1,2024,26.8,0.0,Rajasthan,Hanumangarh,0.35000000000000026,27.150000000000002,27.85,24.7,26.8,0.0,0.0,Critical,Critical,FUTURE_CRITICAL,FUTURE_CRITICAL
West Bengal_22.488_86.8527,2024,1.8,76.19047619047619,West Bengal,Jhargram,-0.32,1.48,0.8400000000000001,1.3,3.4,91.42857142857143,100.0,Safe,Safe,RECOVERY_EXPECTED,RECOVERY_EXPECTED
West Bengal_22.5219_86.874,2024,2.5,100.0,West Bengal,Jhargram,-1.58,0.9199999999999999,0.0,2.5,10.6,100.0,100.0,Safe,Safe,STABLE,STABLE
West Bengal_22.518_86.8431,2024,6.2,43.18181818181818,West Bengal,Jhargram,-0.34000000000000014,5.86,5.18,3.7,8.1,50.90909090909091,66.36363636363637,Watch,Watch,STABLE,RECOVERY_EXPECTED
West Bengal_22.5164_86.8178,2024,3.9,80.76923076923077,West Bengal,Jhargram,-0.13999999999999999,3.76,3.48,3.4,6.0,86.15384615384616,96.92307692307692,Safe,Safe,STABLE,RECOVERY_EXPECTED
Haryana_28.7722_76.9125,2024,0.5,55.55555555555556,Haryana,Jhajjar,-6.938893903907228e-18,0.5,0.5,0.1,1.0,55.55555555555556,55.55555555555556,Watch,Watch,STABLE,STABLE
Haryana_28.7_76.0458,2024,14.9,36.45833333333333,Haryana,Bhiwani,0.8571428571428571,15.757142857142858,17.47142857142857,8.8,18.4,27.529761904761884,9.672619047619035,Stressed,Critical,STABLE,FUTURE_CRITICAL
Haryana_28.7972_75.8083,2024,15.2,0.0,Haryana,Bhiwani,0.6499999999999998,15.85,17.15,11.3,15.2,0.0,0.0,Critical,Critical,FUTURE_CRITICAL,FUTURE_CRITICAL
Assam_26.2409_92.2636,2024,3.8,78.5714285714286,Assam,Marigaon,-0.06250000000000003,3.7375,3.6125,3.5,4.9,83.0357142857143,91.96428571428574,Safe,Safe,STABLE,STABLE
Rajasthan_29.725_73.5958,2024,10.4,21.428571428571374,Rajasthan,Ganganagar,-0.04285714285714267,10.357142857142858,10.271428571428572,9.3,10.7,24.489795918367285,30.61224489795911,Critical,Stressed,FUTURE_CRITICAL,STABLE
Rajasthan_29.6972_74.2944,2024,27.9,0.0,Rajasthan,Hanumangarh,0.9285714285714286,28.828571428571426,30.685714285714283,21.4,27.9,0.0,0.0,Critical,Critical,FUTURE_CRITICAL,FUTURE_CRITICAL
Rajasthan_25.4083_75.8875,2024,2.0,0.0,Rajasthan,Bundi,0.21428571428571425,2.2142857142857144,2.642857142857143,0.3,2.0,0.0,0.0,Critical,Critical,FUTURE_CRITICAL,FUTURE_CRITICAL
Rajasthan_25.3972_74.8917,2024,8.6,51.28205128205128,Rajasthan,Bhilwara,0.04999999999999982,8.649999999999999,8.75,4.8,12.6,50.641025641025664,49.35897435897435,Watch,Stressed,STABLE,STABLE
Rajasthan_25.4372_75.5153,2024,7.6,19.64285714285714,Rajasthan,Bundi,0.6428571428571429,8.242857142857142,9.528571428571428,3.1,8.7,8.163265306122447,0.0,Critical,Critical,FUTURE_CRITICAL,FUTURE_CRITICAL
Rajasthan_25.4208_73.8222,2024,4.7,68.22429906542055,Rajasthan,Rajsamand,-0.25714285714285684,4.442857142857143,3.9285714285714297,1.3,12.0,70.62750333778371,75.43391188251,Watch,Safe,STABLE,STABLE
Rajasthan_25.4692_75.055,2024,4.0,100.0,Rajasthan,Bhilwara,-0.4,3.6,2.8,4.0,6.5,100.0,100.0,Safe,Safe,STABLE,STABLE
Rajasthan_29.6333_73.45,2024,7.7,35.714285714285666,Rajasthan,Ganganagar,-0.01428571428571422,7.685714285714286,7.6571428571428575,6.8,8.2,36.734693877550974,38.77551020408158,Stressed,Stressed,STABLE,STABLE
West Bengal_22.572_88.026,2024,17.3,0.0,West Bengal,Howrah,2.6799999999999997,19.98,25.34,0.9,17.3,0.0,0.0,Critical,Critical,FUTURE_CRITICAL,FUTURE_CRITICAL
West Bengal_22.5597_88.4112,2024,2.6,55.10204081632652,West Bengal,North 24 Parganas,0.36666666666666653,2.966666666666667,3.6999999999999997,0.4,5.3,47.619047619047606,32.65306122448979,Stressed,Stressed,STABLE,EARLY_DEPLETION_WARNING
West Bengal_22.534_88.063,2024,1.6,0.0,West Bengal,Howrah,0.0,1.6,1.6,0.4,1.6,0.0,0.0,Critical,Critical,FUTURE_CRITICAL,FUTURE_CRITICAL
Haryana_28.7653_75.9831,2024,13.9,0.0,Haryana,Bhiwani,0.14444444444444451,14.044444444444444,14.333333333333334,4.1,13.9,0.0,0.0,Critical,Critical,FUTURE_CRITICAL,FUTURE_CRITICAL
Haryana_28.7667_75.7083,2024,20.0,0.0,Haryana,Bhiwani,0.19999999999999987,20.2,20.6,18.8,20.0,0.0,0.0,Critical,Critical,FUTURE_CRITICAL,FUTURE_CRITICAL
Haryana_28.7667_75.5333,2024,27.1,42.85714285714282,Haryana,Bhiwani,0.05555555555555553,27.15555555555556,27.26666666666667,25.5,28.3,40.87301587301578,36.90476190476183,Stressed,Stressed,STABLE,STABLE
Haryana_28.7833_76.7625,2024,2.2,55.17241379310344,Haryana,Rohtak,0.08571428571428573,2.285714285714286,2.4571428571428573,0.9,3.8,52.21674876847289,46.30541871921181,Watch,Stressed,STABLE,STABLE
Haryana_28.7806_76.3667,2024,2.4,0.0,Haryana,Charki Dadri,0.020000000000000018,2.42,2.46,1.5,2.4,0.0,0.0,Critical,Critical,FUTURE_CRITICAL,FUTURE_CRITICAL
Rajasthan_29.6833_74.1625,2024,33.2,0.0,Rajasthan,Hanumangarh,1.0857142857142859,34.28571428571429,36.45714285714286,25.6,33.2,0.0,0.0,Critical,Critical,FUTURE_CRITICAL,FUTURE_CRITICAL
Rajasthan_25.4458_76.4347,2024,9.2,14.000000000000023,Rajasthan,Kota,0.2857142857142856,9.485714285714284,10.057142857142857,4.9,9.9,8.285714285714329,0.0,Critical,Critical,FUTURE_CRITICAL,FUTURE_CRITICAL
Rajasthan_25.4375_76.4,2024,3.6,0.0,Rajasthan,Kota,0.19999999999999998,3.8000000000000003,4.2,2.1,3.6,0.0,0.0,Critical,Critical,FUTURE_CRITICAL,FUTURE_CRITICAL
Rajasthan_25.4797_71.4,2024,49.0,0.0,Rajasthan,Barmer,0.585714285714286,49.58571428571429,50.0,42.1,49.0,0.0,0.0,Critical,Critical,FUTURE_CRITICAL,FUTURE_CRITICAL
Rajasthan_25.4708_75.8667,2024,12.3,0.0,Rajasthan,Bundi,0.6142857142857144,12.914285714285715,14.142857142857144,8.0,12.3,0.0,0.0,Critical,Critical,FUTURE_CRITICAL,FUTURE_CRITICAL
Rajasthan_25.4_75.5583,2024,8.0,15.78947368421052,Rajasthan,Bundi,-0.02857142857142847,7.9714285714285715,7.914285714285715,1.6,9.2,16.16541353383457,16.9172932330827,Critical,Critical,FUTURE_CRITICAL,FUTURE_CRITICAL
Rajasthan_25.4944_75.79,2024,5.0,0.0,Rajasthan,Bundi,0.6000000000000001,5.6,6.800000000000001,1.4,5.0,0.0,0.0,Critical,Critical,FUTURE_CRITICAL,FUTURE_CRITICAL
Rajasthan_29.6167_74.2833,2024,25.5,0.0,Rajasthan,Hanumangarh,1.1571428571428573,26.65714285714286,28.97142857142857,17.4,25.5,0.0,0.0,Critical,Critical,FUTURE_CRITICAL,FUTURE_CRITICAL
West Bengal_22.5891_88.2976,2024,1.8,33.333333333333336,West Bengal,Howrah,-0.06000000000000001,1.74,1.62,1.2,2.1,40.0,53.33333333333332,Stressed,Watch,STABLE,RECOVERY_EXPECTED
West Bengal_22.5889_88.289,2024,1.6,39.99999999999999,West Bengal,Howrah,-0.019999999999999997,1.58,1.54,1.3,1.8,43.99999999999999,52.0,Stressed,Watch,STABLE,STABLE
West Bengal_22.57_88.4134,2024,1.3,100.0,West Bengal,North 24 Parganas,-0.20000000000000004,1.1,0.7,1.3,5.2,100.0,100.0,Safe,Safe,STABLE,STABLE
Haryana_28.7028_76.2167,2024,5.7,29.032258064516114,Haryana,Bhiwani,0.0571428571428572,5.757142857142857,5.871428571428572,3.5,6.6,27.188940092165893,23.502304147465413,Stressed,Critical,STABLE,FUTURE_CRITICAL
Haryana_28.7569_76.2542,2024,2.8,47.36842105263159,Haryana,Bhiwani,-0.0666666666666667,2.733333333333333,2.5999999999999996,1.8,3.7,50.877192982456165,57.89473684210529,Watch,Watch,STABLE,STABLE
Haryana_28.7667_75.5292,2024,27.3,44.444444444444464,Haryana,Bhiwani,0.08571428571428592,27.385714285714286,27.557142857142857,26.3,28.1,39.68253968253972,30.15873015873024,Stressed,Stressed,STABLE,STABLE
West Bengal_22.5042_88.5396,2024,1.0,75.0,West Bengal,South 24 Parganas,-0.14999999999999994,0.8500000000000001,0.5500000000000002,0.7,1.9,87.49999999999999,100.0,Safe,Safe,RECOVERY_EXPECTED,RECOVERY_EXPECTED
Rajasthan_29.6828_73.8583,2024,19.0,0.0,Rajasthan,Ganganagar,0.25,19.25,19.75,17.0,19.0,0.0,0.0,Critical,Critical,FUTURE_CRITICAL,FUTURE_CRITICAL
Rajasthan_29.6333_73.7667,2024,15.2,0.0,Rajasthan,Ganganagar,0.18571428571428555,15.385714285714284,15.757142857142856,12.0,15.2,0.0,0.0,Critical,Critical,FUTURE_CRITICAL,FUTURE_CRITICAL
Rajasthan_25.4875_74.665,2024,8.4,74.35897435897436,Rajasthan,Bhilwara,-1.0714285714285712,7.328571428571429,5.185714285714287,5.4,17.1,83.51648351648352,100.0,Safe,Safe,STABLE,RECOVERY_EXPECTED
Rajasthan_25.5178_75.0917,2024,2.0,81.25,Rajasthan,Bhilwara,0.04285714285714283,2.0428571428571427,2.1285714285714286,1.7,3.3,78.57142857142858,73.21428571428571,Safe,Watch,STABLE,STABLE
Andhra Pradesh_16.8273_80.076,2024,14.9,61.9047619047619,Andhra Pradesh,Ntr,0.2555555555555558,15.155555555555557,15.666666666666668,10.9,21.4,59.470899470899454,54.60317460317459,Watch,Watch,STABLE,STABLE
Andhra Pradesh_16.7929_81.8659,2024,0.9,87.2340425531915,Andhra Pradesh,Dr. B.R. Ambedkar KonaseemaAinavilli,0.06666666666666665,0.9666666666666667,1.1,0.3,5.0,85.81560283687944,82.97872340425532,Safe,Safe,STABLE,STABLE
Rajasthan_29.5625_73.9708,2024,25.5,0.0,Rajasthan,Hanumangarh,0.8571428571428571,26.357142857142858,28.07142857142857,19.5,25.5,0.0,0.0,Critical,Critical,FUTURE_CRITICAL,FUTURE_CRITICAL
Haryana_28.6722_76.4306,2024,2.5,0.0,Haryana,Jhajjar,0.13333333333333333,2.6333333333333333,2.9,1.4,2.5,0.0,0.0,Critical,Critical,FUTURE_CRITICAL,FUTURE_CRITICAL
West Bengal_22.5918_88.3322,2024,0.5,100.0,West Bengal,Howrah,-0.01999999999999998,0.48000000000000004,0.44000000000000006,0.5,0.8,100.0,100.0,Safe,Safe,STABLE,STABLE
West Bengal_22.589_88.297,2024,0.4,100.0,West Bengal,Howrah,-0.11999999999999997,0.28,0.04000000000000015,0.4,1.0,100.0,100.0,Safe,Safe,STABLE,STABLE
West Bengal_22.5892_88.2892,2024,1.6,100.0,West Bengal,Howrah,-0.08,1.52,1.36,1.6,2.0,100.0,100.0,Safe,Safe,STABLE,STABLE
Haryana_28.65_76.7833,2024,2.9,73.52941176470588,Haryana,Jhajjar,-0.31250000000000006,2.5875,1.9624999999999997,2.0,5.4,82.72058823529413,100.0,Safe,Safe,STABLE,RECOVERY_EXPECTED
Haryana_28.6_76.5083,2024,1.4,100.0,Haryana,Jhajjar,-0.38888888888888895,1.011111111111111,0.23333333333333295,1.4,5.1,100.0,100.0,Safe,Safe,STABLE,STABLE
Haryana_28.675_76.8417,2024,3.2,32.14285714285713,Haryana,Jhajjar,0.2166666666666667,3.416666666666667,3.8500000000000005,1.3,4.1,24.404761904761884,8.928571428571397,Critical,Critical,FUTURE_CRITICAL,FUTURE_CRITICAL
Haryana_28.7333_76.1667,2024,3.4,30.76923076923076,Haryana,Bhiwani,-0.06666666666666672,3.333333333333333,3.1999999999999997,0.7,4.6,32.478632478632484,35.89743589743589,Stressed,Stressed,STABLE,STABLE
Rajasthan_29.625_74.3167,2024,32.5,0.0,Rajasthan,Hanumangarh,1.5142857142857145,34.01428571428571,37.042857142857144,21.9,32.5,0.0,0.0,Critical,Critical,FUTURE_CRITICAL,FUTURE_CRITICAL
Rajasthan_25.5444_74.5075,2024,10.9,31.89655172413792,Rajasthan,Bhilwara,0.385714285714286,11.285714285714286,12.057142857142859,3.0,14.6,28.57142857142856,21.92118226600983,Stressed,Critical,STABLE,FUTURE_CRITICAL
Rajasthan_25.5417_75.9958,2024,6.2,0.0,Rajasthan,Bundi,0.3714285714285714,6.571428571428571,7.314285714285714,1.2,6.2,0.0,0.0,Critical,Critical,FUTURE_CRITICAL,FUTURE_CRITICAL
Rajasthan_25.5308_72.8664,2024,14.9,27.90697674418604,Rajasthan,Jalore,-0.4000000000000001,14.5,13.7,8.7,17.3,32.55813953488372,41.86046511627908,Stressed,Stressed,STABLE,STABLE
Rajasthan_25.5667_71.9,2024,16.9,0.0,Rajasthan,Balotra,0.22857142857142826,17.128571428571426,17.585714285714282,14.7,16.9,0.0,0.0,Critical,Critical,FUTURE_CRITICAL,FUTURE_CRITICAL
Rajasthan_25.5611_74.8,2024,5.7,100.0,Rajasthan,Shahpura,-0.8142857142857142,4.885714285714286,3.2571428571428576,5.7,15.0,100.0,100.0,Safe,Safe,STABLE,STABLE
Rajasthan_25.5758_76.31,2024,21.0,38.70967741935482,Rajasthan,Kota,-0.34285714285714264,20.65714285714286,19.97142857142857,17.2,23.4,44.239631336405495,55.2995391705069,Stressed,Watch,STABLE,RECOVERY_EXPECTED
Rajasthan_25.5975_74.3133,2024,4.0,68.29268292682927,Rajasthan,Bhilwara,-1.3999999999999997,2.6000000000000005,0.0,0.1,12.4,79.67479674796748,100.0,Safe,Safe,RECOVERY_EXPECTED,RECOVERY_EXPECTED
West Bengal_22.595_87.956,2024,1.1,100.0,West Bengal,Howrah,-0.22000000000000003,0.8800000000000001,0.43999999999999995,1.1,2.2,100.0,100.0,Safe,Safe,STABLE,STABLE
Haryana_28.2417_76.5083,2024,12.3,87.49999999999999,Haryana,Rewari,0.06666666666666672,12.366666666666667,12.5,11.9,15.1,85.41666666666666,81.25000000000001,Safe,Safe,STABLE,STABLE
Haryana_28.425_76.8833,2024,20.6,50.98039215686272,Haryana,Gurugram,0.08750000000000036,20.6875,20.862500000000004,18.1,23.2,49.26470588235294,45.83333333333326,Stressed,Stressed,STABLE,STABLE
Haryana_28.4694_76.5722,2024,3.0,77.41935483870968,Haryana,Jhajjar,-0.44444444444444453,2.5555555555555554,1.6666666666666665,0.9,10.2,82.19832735961768,91.75627240143369,Safe,Safe,STABLE,STABLE
Haryana_28.6167_76.6556,2024,1.5,66.66666666666666,Haryana,Jhajjar,-0.3714285714285714,1.1285714285714286,0.3857142857142859,0.2,4.1,76.19047619047619,95.23809523809523,Safe,Safe,STABLE,RECOVERY_EXPECTED
Haryana_28.5708_76.8417,2024,2.1,0.0,Haryana,Jhajjar,0.12000000000000006,2.22,2.4600000000000004,0.1,2.1,0.0,0.0,Critical,Critical,FUTURE_CRITICAL,FUTURE_CRITICAL
Haryana_28.5458_76.4792,2024,1.6,81.48148148148148,Haryana,Jhajjar,0.06666666666666672,1.6666666666666667,1.8000000000000003,1.1,3.8,79.01234567901234,74.07407407407408,Safe,Watch,STABLE,STABLE
Rajasthan_29.5611_74.3333,2024,23.9,0.0,Rajasthan,Hanumangarh,0.5999999999999999,24.5,25.7,19.0,23.9,0.0,0.0,Critical,Critical,FUTURE_CRITICAL,FUTURE_CRITICAL
Rajasthan_29.5417_73.45,2024,9.6,66.6666666666667,Rajasthan,Ganganagar,-0.14285714285714285,9.457142857142857,9.17142857142857,9.0,10.8,74.60317460317461,90.47619047619051,Watch,Safe,STABLE,RECOVERY_EXPECTED
Rajasthan_29.5958_73.6167,2024,12.4,0.0,Rajasthan,Ganganagar,0.042857142857142976,12.442857142857143,12.528571428571428,11.3,12.4,0.0,0.0,Critical,Critical,FUTURE_CRITICAL,FUTURE_CRITICAL
Rajasthan_25.5858_71.2333,2024,31.3,0.0,Rajasthan,Barmer,-0.7799999999999999,30.52,28.96,8.7,31.3,3.451327433628326,10.353982300884956,Critical,Critical,FUTURE_CRITICAL,FUTURE_CRITICAL
Rajasthan_25.6042_74.9,2024,7.3,35.44303797468354,Rajasthan,Shahpura,0.3142857142857144,7.614285714285714,8.242857142857144,2.2,10.1,31.464737793851715,23.508137432188047,Stressed,Critical,STABLE,FUTURE_CRITICAL
Rajasthan_29.5208_73.5833,2024,12.2,0.0,Rajasthan,Ganganagar,0.24285714285714272,12.442857142857141,12.928571428571427,8.3,12.2,0.0,0.0,Critical,Critical,FUTURE_CRITICAL,FUTURE_CRITICAL
Rajasthan_29.5125_73.6167,2024,12.2,0.0,Rajasthan,Ganganagar,0.3428571428571426,12.542857142857143,13.228571428571428,9.8,12.2,0.0,0.0,Critical,Critical,FUTURE_CRITICAL,FUTURE_CRITICAL
West Bengal_22.6367_88.4785,2024,0.7,84.21052631578948,West Bengal,North 24 Parganas,-0.26666666666666666,0.4333333333333333,0.0,0.4,2.3,98.24561403508773,100.0,Safe,Safe,RECOVERY_EXPECTED,RECOVERY_EXPECTED
Haryana_28.2056_76.6667,2024,19.7,100.0,Haryana,Rewari,-0.9166666666666666,18.78333333333333,16.95,19.7,25.2,100.0,100.0,Safe,Safe,STABLE,STABLE
Haryana_28.1944_77.3778,2024,8.9,15.384615384615397,Haryana,Palwal,0.08000000000000008,8.98,9.14,6.7,9.3,12.307692307692319,6.153846153846154,Critical,Critical,FUTURE_CRITICAL,FUTURE_CRITICAL
Haryana_28.1861_77.0986,2024,2.2,68.42105263157893,Haryana,Nuh,-0.325,1.8750000000000002,1.225,1.0,4.8,76.9736842105263,94.07894736842105,Safe,Safe,STABLE,RECOVERY_EXPECTED
Haryana_28.2208_77.3083,2024,4.2,0.0,Haryana,Palwal,0.35714285714285715,4.557142857142857,5.271428571428571,0.5,4.2,0.0,0.0,Critical,Critical,FUTURE_CRITICAL,FUTURE_CRITICAL
Haryana_28.3458_77.3208,2024,30.1,8.695652173913004,Haryana,Faridabad,0.11250000000000027,30.212500000000002,30.437500000000004,28.0,30.3,3.8043478260868957,0.0,Critical,Critical,FUTURE_CRITICAL,FUTURE_CRITICAL
West Bengal_22.629_86.7691,2024,4.4,93.24324324324323,West Bengal,Jhargram,-0.33999999999999975,4.0600000000000005,3.3800000000000012,3.9,11.3,97.83783783783782,100.0,Safe,Safe,STABLE,STABLE
West Bengal_22.6101_86.7945,2024,5.3,34.48275862068966,West Bengal,Jhargram,0.17999999999999988,5.4799999999999995,5.84,1.5,7.3,31.379310344827594,25.172413793103445,Stressed,Stressed,STABLE,STABLE
Rajasthan_29.4917_73.6292,2024,9.4,59.999999999999964,Rajasthan,Ganganagar,-0.11428571428571412,9.285714285714286,9.057142857142859,8.6,10.6,65.71428571428567,77.14285714285705,Watch,Safe,STABLE,RECOVERY_EXPECTED
Rajasthan_25.5_73.8386,2024,8.9,38.84297520661156,Rajasthan,Rajsamand,-0.12857142857142861,8.771428571428572,8.514285714285714,1.5,13.6,39.90554899645807,42.030696576151115,Stressed,Stressed,STABLE,STABLE
Rajasthan_25.6333_74.32,2024,7.4,66.47727272727273,Rajasthan,Bhilwara,-0.2333333333333331,7.166666666666667,6.700000000000001,1.5,19.1,67.8030303030303,70.45454545454545,Watch,Watch,STABLE,STABLE
Rajasthan_25.6083_73.3125,2024,4.1,97.22222222222223,Rajasthan,Pali,-0.5833333333333334,3.516666666666666,2.3499999999999996,4.0,7.6,100.0,100.0,Safe,Safe,STABLE,STABLE
Andhra Pradesh_16.7921_82.0637,2024,4.4,29.411764705882348,Andhra Pradesh,Dr. B.R. Ambedkar KonaseemaRavulapalem,0.05555555555555561,4.455555555555556,4.566666666666667,3.2,4.9,26.14379084967321,19.60784313725489,Stressed,Critical,STABLE,FUTURE_CRITICAL
Andhra Pradesh_16.7898_82.066,2024,2.4,0.0,Andhra Pradesh,Dr. B.R. Ambedkar KonaseemaRavulapalem,0.13333333333333336,2.533333333333333,2.8,1.2,2.4,0.0,0.0,Critical,Critical,FUTURE_CRITICAL,FUTURE_CRITICAL
Rajasthan_25.6667_74.0167,2024,6.3,56.70103092783506,Rajasthan,Rajsamand,-0.7857142857142858,5.514285714285714,3.942857142857142,2.1,11.8,64.80117820324006,81.00147275405008,Watch,Safe,STABLE,RECOVERY_EXPECTED
Rajasthan_25.6389_75.1153,2024,2.0,88.18181818181819,Rajasthan,Shahpura,-1.0142857142857142,0.9857142857142858,0.0,0.7,11.7,97.40259740259741,100.0,Safe,Safe,STABLE,STABLE
West Bengal_22.7924_88.3548,2024,1.2,99.59349593495935,West Bengal,North 24 Parganas,-0.05000000000000024,1.1499999999999997,1.0499999999999992,1.1,25.7,99.79674796747967,100.0,Safe,Safe,STABLE,STABLE
West Bengal_22.6991_88.3744,2024,0.5,100.0,West Bengal,North 24 Parganas,-4.810966440042345e-16,0.4999999999999995,0.49999999999999856,0.5,24.9,100.0,100.0,Safe,Safe,STABLE,STABLE
Assam_26.2492_93.1511,2024,1.4,90.90909090909092,Assam,Karbi Anglong,-0.23750000000000002,1.1624999999999999,0.6874999999999999,1.0,5.4,96.30681818181819,100.0,Safe,Safe,STABLE,STABLE
Haryana_28.05_76.1125,2024,10.1,36.53846153846154,Haryana,Mahendragarh,0.23750000000000016,10.3375,10.8125,3.5,13.9,34.254807692307686,29.6875,Stressed,Stressed,STABLE,STABLE
Haryana_28.0778_77.4389,2024,13.1,87.17948717948718,Haryana,Palwal,0.08333333333333326,13.183333333333334,13.35,12.6,16.5,85.04273504273503,80.76923076923077,Safe,Safe,STABLE,STABLE
West Bengal_22.679_88.121,2024,0.8,100.0,West Bengal,Howrah,-0.29999999999999993,0.5000000000000001,0.0,0.8,2.7,100.0,100.0,Safe,Safe,STABLE,STABLE
Rajasthan_25.6333_74.6,2024,10.7,39.814814814814824,Rajasthan,Bhilwara,0.5571428571428569,11.257142857142856,12.37142857142857,4.2,15.0,34.65608465608467,24.33862433862435,Stressed,Critical,STABLE,FUTURE_CRITICAL
Andhra Pradesh_16.3337_81.7332,2024,2.2,0.0,Andhra Pradesh,Dr. B.R. Ambedkar KonaseemaSakhinetipalle,0.033333333333333375,2.2333333333333334,2.3000000000000003,1.2,2.2,0.0,0.0,Critical,Critical,FUTURE_CRITICAL,FUTURE_CRITICAL
Andhra Pradesh_16.3057_80.3739,2024,3.3,75.60975609756098,Andhra Pradesh,Guntur,-0.07777777777777779,3.222222222222222,3.0666666666666664,2.3,6.4,77.5067750677507,81.30081300813008,Safe,Safe,STABLE,STABLE
Rajasthan_25.6781_76.475,2024,12.3,31.372549019607842,Rajasthan,Kota,-0.12857142857142842,12.171428571428573,11.914285714285715,8.8,13.9,33.89355742296918,38.93557422969188,Stressed,Stressed,STABLE,STABLE
Rajasthan_25.6667_76.1833,2024,3.8,0.0,Rajasthan,Bundi,0.5,4.3,5.3,0.3,3.8,0.0,0.0,Critical,Critical,FUTURE_CRITICAL,FUTURE_CRITICAL
Rajasthan_25.6833_75.3333,2024,10.6,57.89473684210527,Rajasthan,Shahpura,-0.8285714285714282,9.771428571428572,8.114285714285716,5.8,17.2,65.16290726817041,79.69924812030074,Watch,Safe,STABLE,RECOVERY_EXPECTED
Rajasthan_25.6825_71.2108,2024,16.8,54.16666666666665,Rajasthan,Barmer,-0.3285714285714287,16.47142857142857,15.814285714285715,13.5,20.7,58.73015873015872,67.85714285714283,Watch,Watch,STABLE,STABLE
Rajasthan_25.7214_70.9786,2024,17.5,100.0,Rajasthan,Barmer,-0.6714285714285714,16.82857142857143,15.485714285714286,17.5,22.2,100.0,100.0,Safe,Safe,STABLE,STABLE
West Bengal_22.8814_86.5061,2024,3.1,52.0,West Bengal,Purulia,-0.26000000000000006,2.84,2.32,1.9,4.4,62.40000000000001,83.2,Watch,Safe,RECOVERY_EXPECTED,RECOVERY_EXPECTED
West Bengal_22.8223_88.5223,2024,1.6,59.999999999999986,West Bengal,North 24 Parganas,-0.36,1.2400000000000002,0.52,0.4,3.4,72.0,96.0,Watch,Safe,RECOVERY_EXPECTED,RECOVERY_EXPECTED
Goa_15.737_73.9036,2024,5.2,8.333333333333337,Goa,North Goa,0.1111111111111111,5.311111111111111,5.533333333333333,3.0,5.4,3.7037037037037313,0.0,Critical,Critical,FUTURE_CRITICAL,FUTURE_CRITICAL
Haryana_27.9167_76.9833,2024,4.3,97.67441860465117,Haryana,Nuh,0.019999999999999928,4.319999999999999,4.359999999999999,4.2,8.5,97.20930232558142,96.27906976744188,Safe,Safe,STABLE,STABLE
Goa_15.7546_73.8353,2024,4.0,21.42857142857142,Goa,North Goa,0.1125,4.1125,4.3375,2.9,4.3,13.392857142857139,0.0,Critical,Critical,FUTURE_CRITICAL,FUTURE_CRITICAL
Haryana_28.0225_77.1767,2024,6.5,100.0,Haryana,Palwal,-1.1857142857142857,5.314285714285714,2.942857142857143,6.5,14.8,100.0,100.0,Safe,Safe,STABLE,STABLE
Haryana_28.0083_77.0042,2024,2.9,75.86206896551725,Haryana,Nuh,-0.3666666666666667,2.533333333333333,1.7999999999999998,2.2,5.1,88.5057471264368,100.0,Safe,Safe,RECOVERY_EXPECTED,RECOVERY_EXPECTED
Haryana_28.0444_77.4722,2024,10.4,49.99999999999998,Haryana,Palwal,0.03333333333333351,10.433333333333334,10.5,8.1,12.7,49.275362318840564,47.82608695652173,Stressed,Stressed,STABLE,STABLE
Haryana_28.0417_77.0111,2024,3.2,89.4736842105263,Haryana,Nuh,-0.2285714285714285,2.9714285714285715,2.5142857142857147,3.0,4.9,100.0,100.0,Safe,Safe,RECOVERY_EXPECTED,STABLE
West Bengal_22.6316_86.766,2024,4.6,71.73913043478262,West Bengal,Jhargram,-0.2600000000000001,4.34,3.8199999999999994,2.0,11.2,74.56521739130434,80.21739130434783,Watch,Safe,STABLE,STABLE
Rajasthan_29.475_74.1269,2024,28.0,0.0,Rajasthan,Hanumangarh,0.8999999999999998,28.9,30.7,21.6,28.0,0.0,0.0,Critical,Critical,FUTURE_CRITICAL,FUTURE_CRITICAL
Rajasthan_29.4667_73.9333,2024,9.6,0.0,Rajasthan,Hanumangarh,0.75,10.35,11.85,5.1,9.6,0.0,0.0,Critical,Critical,FUTURE_CRITICAL,FUTURE_CRITICAL
Rajasthan_25.7042_71.4125,2024,21.5,44.92753623188407,Rajasthan,Barmer,-0.09999999999999994,21.4,21.2,17.7,24.6,46.37681159420293,49.2753623188406,Stressed,Stressed,STABLE,STABLE
Rajasthan_25.6_73.98,2024,3.6,86.04651162790698,Rajasthan,Rajsamand,-0.8285714285714285,2.7714285714285714,1.1142857142857143,1.8,14.7,92.46954595791806,100.0,Safe,Safe,STABLE,STABLE
Rajasthan_25.7361_71.3972,2024,22.4,0.0,Rajasthan,Barmer,0.44285714285714256,22.84285714285714,23.728571428571428,13.2,22.4,0.0,0.0,Critical,Critical,FUTURE_CRITICAL,FUTURE_CRITICAL
Rajasthan_25.7667_73.3333,2024,2.5,83.92857142857143,Rajasthan,Pali,-0.5666666666666667,1.9333333333333333,0.8,1.6,7.2,94.04761904761905,100.0,Safe,Safe,RECOVERY_EXPECTED,RECOVERY_EXPECTED
Rajasthan_25.7583_74.4667,2024,8.0,56.57894736842106,Rajasthan,Bhilwara,0.2857142857142855,8.285714285714285,8.857142857142856,1.4,16.6,54.69924812030076,50.939849624060166,Watch,Watch,STABLE,STABLE
Rajasthan_25.7556_74.9056,2024,2.8,64.86486486486487,Rajasthan,Shahpura,0.33333333333333326,3.133333333333333,3.8,0.2,7.6,60.36036036036037,51.35135135135136,Watch,Watch,STABLE,STABLE
Rajasthan_25.7833_74.1833,2024,2.9,100.0,Rajasthan,Rajsamand,-0.6166666666666667,2.283333333333333,1.0499999999999998,2.9,12.5,100.0,100.0,Safe,Safe,STABLE,STABLE
West Bengal_22.9269_86.4462,2024,5.6,88.09523809523809,West Bengal,Purulia,-0.7400000000000002,4.859999999999999,3.379999999999999,5.1,9.3,100.0,100.0,Safe,Safe,RECOVERY_EXPECTED,STABLE
West Bengal_22.9164_88.4476,2024,1.1,87.49999999999999,West Bengal,North 24 Parganas,-0.11666666666666668,0.9833333333333334,0.75,1.0,1.8,100.0,100.0,Safe,Safe,RECOVERY_EXPECTED,STABLE
Goa_15.7094_73.7518,2024,5.5,0.0,Goa,North Goa,0.12222222222222216,5.622222222222222,5.866666666666666,2.3,5.5,0.0,0.0,Critical,Critical,FUTURE_CRITICAL,FUTURE_CRITICAL
Goa_15.7084_73.8529,2024,8.4,0.0,Goa,North Goa,0.12222222222222229,8.522222222222222,8.766666666666667,7.2,8.4,0.0,0.0,Critical,Critical,FUTURE_CRITICAL,FUTURE_CRITICAL
Goa_15.7325_73.8996,2024,6.2,0.0,Goa,North Goa,0.35555555555555557,6.555555555555555,7.266666666666667,2.0,6.2,0.0,0.0,Critical,Critical,FUTURE_CRITICAL,FUTURE_CRITICAL
Goa_15.7176_73.7981,2024,4.8,0.0,Goa,North Goa,0.15555555555555556,4.955555555555556,5.266666666666667,2.2,4.8,0.0,0.0,Critical,Critical,FUTURE_CRITICAL,FUTURE_CRITICAL
Goa_15.7404_73.8245,2024,8.1,0.0,Goa,North Goa,0.3333333333333333,8.433333333333334,9.1,5.1,8.1,0.0,0.0,Critical,Critical,FUTURE_CRITICAL,FUTURE_CRITICAL
West Bengal_22.681_88.109,2024,2.0,100.0,West Bengal,Howrah,-0.14000000000000004,1.8599999999999999,1.5799999999999998,2.0,3.6,100.0,100.0,Safe,Safe,STABLE,STABLE
West Bengal_22.897_88.376,2024,1.4,100.0,West Bengal,Hooghly,-0.16000000000000006,1.2399999999999998,0.9199999999999997,1.4,2.2,100.0,100.0,Safe,Safe,STABLE,STABLE
Rajasthan_25.7806_72.5875,2024,6.1,42.10526315789475,Rajasthan,Balotra,-0.3200000000000001,5.779999999999999,5.139999999999999,3.9,7.7,50.526315789473706,67.36842105263162,Watch,Watch,STABLE,RECOVERY_EXPECTED
Rajasthan_25.7761_71.1633,2024,10.0,91.33333333333333,Rajasthan,Barmer,-0.933333333333333,9.066666666666666,7.200000000000001,8.7,23.7,97.55555555555556,100.0,Safe,Safe,STABLE,STABLE
Rajasthan_29.3361_73.6875,2024,5.3,100.0,Rajasthan,Anupgarh,-0.22000000000000014,5.08,4.64,5.3,7.4,100.0,100.0,Safe,Safe,STABLE,STABLE
Rajasthan_29.3083_73.2292,2024,11.5,0.0,Rajasthan,Anupgarh,0.3857142857142856,11.885714285714286,12.657142857142857,8.8,11.5,0.0,0.0,Critical,Critical,FUTURE_CRITICAL,FUTURE_CRITICAL
Rajasthan_29.4125_74.2,2024,12.0,0.0,Rajasthan,Hanumangarh,0.36363636363636365,12.363636363636363,13.09090909090909,7.9,12.0,0.0,0.0,Critical,Critical,FUTURE_CRITICAL,FUTURE_CRITICAL
Andhra Pradesh_16.7796_81.8027,2024,6.1,46.96969696969697,Andhra Pradesh,Dr. B.R. Ambedkar KonaseemaAtreyapuram,0.07999999999999989,6.18,6.339999999999999,2.6,9.2,45.757575757575765,43.33333333333334,Stressed,Stressed,STABLE,STABLE
Andhra Pradesh_16.7764_82.0879,2024,3.0,13.043478260869556,Andhra Pradesh,Dr. B.R. Ambedkar KonaseemaRavulapalem,0.09999999999999999,3.1,3.3,1.0,3.3,8.695652173913038,0.0,Critical,Critical,FUTURE_CRITICAL,FUTURE_CRITICAL
Rajasthan_29.2833_74.1708,2024,9.9,46.72897196261682,Rajasthan,Hanumangarh,0.8999999999999999,10.8,12.6,4.2,14.9,38.31775700934579,21.495327102803753,Stressed,Critical,STABLE,FUTURE_CRITICAL
West Bengal_23.0064_88.2778,2024,1.5,93.5483870967742,West Bengal,Hooghly,-0.5800000000000001,0.9199999999999999,0.0,1.3,4.4,100.0,100.0,Safe,Safe,STABLE,STABLE
Assam_26.2631_92.2236,2024,3.7,50.0,Assam,Marigaon,0.012500000000000011,3.7125000000000004,3.7375000000000003,3.2,4.2,48.749999999999986,46.24999999999999,Stressed,Stressed,STABLE,STABLE
Assam_26.2581_92.3117,2024,3.0,0.0,Assam,Marigaon,0.014285714285714278,3.0142857142857142,3.0428571428571427,1.6,3.0,0.0,0.0,Critical,Critical,FUTURE_CRITICAL,FUTURE_CRITICAL
Goa_15.6808_73.7511,2024,4.0,34.285714285714285,Goa,North Goa,0.25555555555555554,4.2555555555555555,4.766666666666667,1.7,5.2,26.984126984126988,12.380952380952392,Stressed,Critical,STABLE,FUTURE_CRITICAL
Goa_15.6688_73.8818,2024,3.8,0.0,Goa,North Goa,0.2,4.0,4.4,2.0,3.8,0.0,0.0,Critical,Critical,FUTURE_CRITICAL,FUTURE_CRITICAL
Goa_15.6877_73.9268,2024,3.5,23.076923076923062,Goa,North Goa,0.08888888888888886,3.588888888888889,3.7666666666666666,2.5,3.8,16.239316239316214,2.564102564102555,Critical,Critical,FUTURE_CRITICAL,FUTURE_CRITICAL
West Bengal_22.937_88.354,2024,1.9,100.0,West Bengal,Hooghly,-0.039999999999999855,1.86,1.7800000000000002,1.9,11.5,100.0,100.0,Safe,Safe,STABLE,STABLE
Rajasthan_29.2806_74.7667,2024,18.1,0.0,Rajasthan,Hanumangarh,0.4285714285714288,18.528571428571432,19.385714285714286,14.3,18.1,0.0,0.0,Critical,Critical,FUTURE_CRITICAL,FUTURE_CRITICAL
Rajasthan_25.7_75.3542,2024,2.0,60.00000000000001,Rajasthan,Shahpura,0.15000000000000005,2.15,2.45,0.8,3.8,55.00000000000001,44.99999999999999,Watch,Stressed,STABLE,EARLY_DEPLETION_WARNING
Rajasthan_25.7917_71.5792,2024,35.7,0.0,Rajasthan,Barmer,0.12857142857142936,35.82857142857143,36.08571428571429,33.0,35.7,0.0,0.0,Critical,Critical,FUTURE_CRITICAL,FUTURE_CRITICAL
Rajasthan_25.8333_74.0833,2024,6.8,42.253521126760575,Rajasthan,Rajsamand,-0.4285714285714287,6.371428571428571,5.514285714285714,2.7,9.8,48.28973843058352,60.362173038229386,Stressed,Watch,STABLE,RECOVERY_EXPECTED
Rajasthan_25.8247_73.6125,2024,8.9,23.076923076923073,Rajasthan,Pali,-0.3,8.6,8.0,3.9,10.4,27.692307692307704,36.92307692307693,Stressed,Stressed,STABLE,STABLE
Rajasthan_25.8083_71.0389,2024,12.4,67.32673267326732,Rajasthan,Barmer,-0.971428571428571,11.428571428571429,9.485714285714288,9.1,19.2,76.94483734087694,96.18104667609616,Safe,Safe,STABLE,RECOVERY_EXPECTED
Rajasthan_25.8458_70.9897,2024,18.9,40.506329113924075,Rajasthan,Barmer,0.08333333333333333,18.98333333333333,19.15,14.2,22.1,39.451476793248986,37.34177215189875,Stressed,Stressed,STABLE,STABLE
Rajasthan_25.8667_74.55,2024,13.0,6.930693069306926,Rajasthan,Bhilwara,0.8142857142857143,13.814285714285715,15.442857142857143,3.6,13.7,0.0,0.0,Critical,Critical,FUTURE_CRITICAL,FUTURE_CRITICAL
West Bengal_23.0561_86.3605,2024,3.7,86.48648648648648,West Bengal,Purulia,-0.64,3.06,1.7800000000000002,3.2,6.9,100.0,100.0,Safe,Safe,RECOVERY_EXPECTED,STABLE
West Bengal_23.0445_86.4423,2024,3.6,95.74468085106382,West Bengal,Purulia,-0.9,2.7,0.8999999999999999,3.4,8.1,100.0,100.0,Safe,Safe,STABLE,STABLE
Goa_15.6236_73.7668,2024,2.6,80.64516129032258,Goa,North Goa,0.07500000000000001,2.6750000000000003,2.825,2.0,5.1,78.22580645161288,73.38709677419354,Safe,Watch,STABLE,STABLE
Goa_15.636_73.7396,2024,1.6,19.999999999999986,Goa,North Goa,0.13333333333333336,1.7333333333333334,2.0,0.4,1.9,11.111111111111105,0.0,Critical,Critical,FUTURE_CRITICAL,FUTURE_CRITICAL
Goa_15.6278_74.1308,2024,4.4,32.558139534883715,Goa,North Goa,0.3625,4.7625,5.487500000000001,1.5,5.8,24.127906976744175,7.267441860465096,Critical,Critical,FUTURE_CRITICAL,FUTURE_CRITICAL
Goa_15.644_73.8373,2024,13.9,44.99999999999997,Goa,North Goa,0.011111111111111072,13.911111111111111,13.933333333333334,11.7,15.7,44.7222222222222,44.16666666666664,Stressed,Stressed,STABLE,STABLE
Goa_15.6399_73.896,2024,6.4,73.19587628865979,Goa,North Goa,0.10000000000000003,6.5,6.7,3.8,13.5,72.16494845360823,70.10309278350515,Watch,Watch,STABLE,STABLE
West Bengal_23.0255_86.3661,2024,2.2,95.65217391304347,West Bengal,Purulia,-0.8799999999999999,1.3200000000000003,0.0,2.0,6.6,100.0,100.0,Safe,Safe,STABLE,STABLE
Rajasthan_29.25_74.8333,2024,20.0,0.0,Rajasthan,Hanumangarh,0.9000000000000001,20.9,22.7,13.7,20.0,0.0,0.0,Critical,Critical,FUTURE_CRITICAL,FUTURE_CRITICAL
Rajasthan_29.2528_74.4139,2024,1.5,48.0,Rajasthan,Hanumangarh,0.1571428571428571,1.657142857142857,1.9714285714285713,0.2,2.7,41.714285714285715,29.14285714285715,Stressed,Stressed,STABLE,EARLY_DEPLETION_WARNING
Rajasthan_29.2333_74.75,2024,13.2,100.0,Rajasthan,Hanumangarh,-0.9428571428571431,12.257142857142856,10.37142857142857,13.2,22.3,100.0,100.0,Safe,Safe,STABLE,STABLE
Rajasthan_25.8639_75.2806,2024,2.4,50.000000000000014,Rajasthan,Tonk,0.16666666666666666,2.5666666666666664,2.9,1.3,3.5,42.42424242424244,27.27272727272728,Stressed,Stressed,STABLE,EARLY_DEPLETION_WARNING
Rajasthan_25.85_74.1333,2024,3.9,0.0,Rajasthan,Rajsamand,0.1142857142857142,4.014285714285714,4.242857142857143,0.8,3.9,0.0,0.0,Critical,Critical,FUTURE_CRITICAL,FUTURE_CRITICAL
Rajasthan_25.8833_75.5667,2024,9.2,33.33333333333336,Rajasthan,Tonk,0.17142857142857132,9.37142857142857,9.714285714285714,7.4,10.1,26.984126984127023,14.285714285714302,Stressed,Critical,STABLE,FUTURE_CRITICAL
Andhra Pradesh_16.4046_81.8058,2024,1.9,70.0,Andhra Pradesh,Dr. B.R. Ambedkar KonaseemaMalikipuram,-0.05000000000000008,1.8499999999999999,1.7499999999999996,1.3,3.3,72.50000000000001,77.50000000000003,Watch,Safe,STABLE,STABLE
West Bengal_23.0972_88.4567,2024,0.7,100.0,West Bengal,Hooghly,-0.18,0.52,0.15999999999999992,0.7,1.6,100.0,100.0,Safe,Safe,STABLE,STABLE
West Bengal_23.0836_88.4278,2024,1.9,84.61538461538461,West Bengal,Hooghly,-0.020000000000000018,1.88,1.8399999999999999,1.5,4.1,85.38461538461539,86.92307692307692,Safe,Safe,STABLE,STABLE
West Bengal_23.0674_86.3639,2024,2.5,100.0,West Bengal,Purulia,-0.9800000000000001,1.52,0.0,2.5,7.4,100.0,100.0,Safe,Safe,STABLE,STABLE
Goa_15.6101_73.8243,2024,4.8,0.0,Goa,North Goa,0.09999999999999996,4.8999999999999995,5.1,0.7,4.8,0.0,0.0,Critical,Critical,FUTURE_CRITICAL,FUTURE_CRITICAL
Goa_15.6171_73.9207,2024,3.4,40.0,Goa,North Goa,-0.011111111111111112,3.388888888888889,3.3666666666666667,2.5,4.0,40.74074074074075,42.222222222222214,Stressed,Stressed,STABLE,STABLE
Goa_15.6269_73.8759,2024,4.3,0.0,Goa,North Goa,0.07777777777777775,4.377777777777777,4.533333333333333,3.0,4.3,0.0,0.0,Critical,Critical,FUTURE_CRITICAL,FUTURE_CRITICAL
West Bengal_22.9683_88.4148,2024,1.9,68.75,West Bengal,Hooghly,-0.14000000000000004,1.7599999999999998,1.4799999999999998,1.4,3.0,77.50000000000001,95.0,Safe,Safe,STABLE,RECOVERY_EXPECTED
Andhra Pradesh_16.3455_80.3024,2024,3.8,76.31578947368422,Andhra Pradesh,Guntur,-0.32222222222222224,3.4777777777777774,2.833333333333333,2.9,6.7,84.79532163742691,100.0,Safe,Safe,STABLE,RECOVERY_EXPECTED
Rajasthan_25.86_71.7542,2024,39.4,0.0,Rajasthan,Barmer,0.9571428571428565,40.357142857142854,42.271428571428565,32.3,39.4,0.0,0.0,Critical,Critical,FUTURE_CRITICAL,FUTURE_CRITICAL
Rajasthan_25.8908_76.3478,2024,11.2,33.94495412844037,Rajasthan,Sawai Madhopur,0.24285714285714274,11.442857142857141,11.928571428571427,4.0,14.9,31.716906946264757,27.26081258191352,Stressed,Stressed,STABLE,STABLE
Rajasthan_25.8875_71.2417,2024,24.7,0.0,Rajasthan,Barmer,1.5285714285714285,26.228571428571428,29.285714285714285,13.1,24.7,0.0,0.0,Critical,Critical,FUTURE_CRITICAL,FUTURE_CRITICAL
Rajasthan_25.895_71.5603,2024,41.3,0.0,Rajasthan,Barmer,2.1799999999999997,43.48,47.839999999999996,29.2,41.3,0.0,0.0,Critical,Critical,FUTURE_CRITICAL,FUTURE_CRITICAL
Rajasthan_25.8958_76.4889,2024,10.9,82.12290502793296,Rajasthan,Sawai Madhopur,-0.14285714285714293,10.757142857142858,10.471428571428572,7.7,25.6,82.92098962490024,84.51715881883479,Safe,Safe,STABLE,STABLE
Rajasthan_25.8958_75.8333,2024,5.7,0.0,Rajasthan,Tonk,0.19999999999999996,5.9,6.3,1.7,5.7,0.0,0.0,Critical,Critical,FUTURE_CRITICAL,FUTURE_CRITICAL
Rajasthan_25.9083_74.2,2024,2.6,100.0,Rajasthan,Beawar,-0.3000000000000001,2.3,1.6999999999999997,2.6,9.2,100.0,100.0,Safe,Safe,STABLE,STABLE
Rajasthan_25.89_75.2333,2024,4.3,52.63157894736842,Rajasthan,Kekri,0.02857142857142866,4.328571428571428,4.385714285714286,1.6,7.3,52.130325814536334,51.12781954887217,Watch,Watch,STABLE,STABLE
West Bengal_23.1195_86.0758,2024,3.4,100.0,West Bengal,Purulia,-0.9199999999999999,2.48,0.6400000000000001,3.4,8.0,100.0,100.0,Safe,Safe,STABLE,STABLE
West Bengal_23.1089_88.4956,2024,0.6,100.0,West Bengal,Hooghly,-0.28,0.31999999999999995,0.0,0.6,3.0,100.0,100.0,Safe,Safe,STABLE,STABLE
West Bengal_23.1042_86.1392,2024,2.1,83.87096774193549,West Bengal,Purulia,-0.52,1.58,0.54,1.6,4.7,100.0,100.0,Safe,Safe,RECOVERY_EXPECTED,RECOVERY_EXPECTED
Goa_15.5842_73.7383,2024,10.6,81.57894736842107,Goa,North Goa,0.0777777777777777,10.677777777777777,10.833333333333332,9.9,13.7,79.53216374269007,75.43859649122811,Safe,Safe,STABLE,STABLE
Goa_15.5804_73.926,2024,3.4,0.0,Goa,North Goa,0.11249999999999996,3.5124999999999997,3.7375,2.3,3.4,0.0,0.0,Critical,Critical,FUTURE_CRITICAL,FUTURE_CRITICAL
Goa_15.594_74.0463,2024,4.1,89.83050847457628,Goa,North Goa,0.12222222222222238,4.222222222222222,4.466666666666667,2.9,14.7,88.79472693032014,86.7231638418079,Safe,Safe,STABLE,STABLE
Goa_15.6113_74.067,2024,2.3,25.00000000000002,Goa,North Goa,0.04444444444444443,2.344444444444444,2.433333333333333,1.7,2.5,19.444444444444485,8.333333333333359,Critical,Critical,FUTURE_CRITICAL,FUTURE_CRITICAL
West Bengal_23.0436_86.494,2024,3.4,83.87096774193549,West Bengal,Purulia,-0.52,2.88,1.8399999999999999,2.9,6.0,100.0,100.0,Safe,Safe,RECOVERY_EXPECTED,RECOVERY_EXPECTED
Rajasthan_29.2167_74.5333,2024,6.8,0.0,Rajasthan,Hanumangarh,0.65,7.45,8.75,2.9,6.8,0.0,0.0,Critical,Critical,FUTURE_CRITICAL,FUTURE_CRITICAL
Rajasthan_29.1_75.0333,2024,15.3,0.0,Rajasthan,Hanumangarh,0.2285714285714288,15.52857142857143,15.985714285714288,13.6,15.3,0.0,0.0,Critical,Critical,FUTURE_CRITICAL,FUTURE_CRITICAL
Andhra Pradesh_16.7294_82.2141,2024,3.0,0.0,Andhra Pradesh,Dr. B.R. Ambedkar KonaseemaI. Polavaram,0.16666666666666666,3.1666666666666665,3.5,1.9,3.0,0.0,0.0,Critical,Critical,FUTURE_CRITICAL,FUTURE_CRITICAL
Andhra Pradesh_16.7208_80.8092,2024,3.6,63.15789473684211,Andhra Pradesh,Eluru,0.3111111111111111,3.9111111111111114,4.533333333333333,0.8,8.4,59.064327485380105,50.877192982456144,Watch,Watch,STABLE,STABLE
Rajasthan_25.9153_70.875,2024,2.2,100.0,Rajasthan,Barmer,-2.4285714285714284,0.0,0.0,2.2,20.9,100.0,100.0,Safe,Safe,STABLE,STABLE
Rajasthan_25.9122_70.4653,2024,41.6,74.60317460317457,Rajasthan,Barmer,-0.6714285714285708,40.92857142857143,39.58571428571429,40.0,46.3,85.26077097505666,100.0,Safe,Safe,RECOVERY_EXPECTED,RECOVERY_EXPECTED
Rajasthan_25.9111_75.0417,2024,11.0,0.0,Rajasthan,Kekri,1.0,12.0,14.0,2.9,11.0,0.0,0.0,Critical,Critical,FUTURE_CRITICAL,FUTURE_CRITICAL
Rajasthan_29.0333_74.7333,2024,17.6,0.0,Rajasthan,Hanumangarh,0.44285714285714306,18.042857142857144,18.92857142857143,14.5,17.6,0.0,0.0,Critical,Critical,FUTURE_CRITICAL,FUTURE_CRITICAL
West Bengal_23.1253_88.465,2024,4.6,19.23076923076923,West Bengal,Hooghly,-0.2,4.3999999999999995,3.9999999999999996,0.4,5.6,23.076923076923073,30.76923076923077,Critical,Stressed,FUTURE_CRITICAL,STABLE
West Bengal_23.1253_88.4586,2024,1.8,91.66666666666666,West Bengal,Hooghly,0.020000000000000018,1.82,1.86,1.7,2.9,89.99999999999999,86.66666666666664,Safe,Safe,STABLE,STABLE
Goa_15.5616_74.1632,2024,5.9,24.32432432432431,Goa,North Goa,0.04444444444444448,5.944444444444445,6.033333333333334,3.1,6.8,23.12312312312311,20.7207207207207,Critical,Critical,FUTURE_CRITICAL,FUTURE_CRITICAL
Goa_15.5593_73.8676,2024,3.9,0.0,Goa,North Goa,0.06666666666666667,3.966666666666667,4.1,3.0,3.9,0.0,0.0,Critical,Critical,FUTURE_CRITICAL,FUTURE_CRITICAL
Assam_26.271_91.2207,2024,3.1,81.57894736842105,Assam,Barpeta,-0.08749999999999997,3.0125,2.8375000000000004,2.4,6.2,83.88157894736842,88.48684210526314,Safe,Safe,STABLE,STABLE
Assam_26.2717_90.46,2024,4.5,29.032258064516135,Assam,Dhubri,0.275,4.775,5.325,2.3,5.4,20.161290322580637,2.4193548387096864,Critical,Critical,FUTURE_CRITICAL,FUTURE_CRITICAL
Goa_15.5728_73.7928,2024,1.9,45.45454545454546,Goa,North Goa,0.044444444444444446,1.9444444444444444,2.033333333333333,1.3,2.4,41.41414141414141,33.333333333333336,Stressed,Stressed,STABLE,STABLE
Goa_15.5696_73.8635,2024,7.3,0.0,Goa,North Goa,0.4555555555555555,7.7555555555555555,8.666666666666666,1.5,7.3,0.0,0.0,Critical,Critical,FUTURE_CRITICAL,FUTURE_CRITICAL
West Bengal_23.0599_88.7593,2024,4.0,76.66666666666666,West Bengal,North 24 Parganas,-0.45999999999999996,3.54,2.62,3.3,6.3,92.0,100.0,Safe,Safe,RECOVERY_EXPECTED,RECOVERY_EXPECTED
Rajasthan_29.1906_73.2189,2024,42.2,0.0,Rajasthan,Anupgarh,4.071428571428572,46.27142857142857,50.0,13.4,42.2,0.0,0.0,Critical,Critical,FUTURE_CRITICAL,FUTURE_CRITICAL
Rajasthan_29.1667_73.375,2024,15.7,0.0,Rajasthan,Anupgarh,0.17142857142857132,15.87142857142857,16.21428571428571,14.3,15.7,0.0,0.0,Critical,Critical,FUTURE_CRITICAL,FUTURE_CRITICAL
Rajasthan_25.9283_76.3714,2024,10.0,18.181818181818187,Rajasthan,Sawai Madhopur,1.26,11.26,13.780000000000001,3.7,11.4,1.81818181818183,0.0,Critical,Critical,FUTURE_CRITICAL,FUTURE_CRITICAL
Rajasthan_25.9167_76.5289,2024,12.4,34.042553191489354,Rajasthan,Sawai Madhopur,0.09999999999999994,12.5,12.7,6.2,15.6,32.978723404255305,30.85106382978723,Stressed,Stressed,STABLE,STABLE
Rajasthan_25.9667_74.4642,2024,28.0,13.675213675213682,Rajasthan,Beawar,1.414285714285714,29.414285714285715,32.24285714285714,17.9,29.6,1.5873015873015928,0.0,Critical,Critical,FUTURE_CRITICAL,FUTURE_CRITICAL
Rajasthan_25.9333_76.4333,2024,8.6,0.0,Rajasthan,Sawai Madhopur,0.4428571428571428,9.042857142857143,9.928571428571427,3.5,8.6,0.0,0.0,Critical,Critical,FUTURE_CRITICAL,FUTURE_CRITICAL
Rajasthan_25.9333_74.2,2024,4.0,87.2,Rajasthan,Beawar,-0.3285714285714286,3.6714285714285713,3.0142857142857142,2.4,14.9,89.82857142857144,95.08571428571429,Safe,Safe,STABLE,STABLE
Rajasthan_25.9917_70.1667,2024,39.6,42.307692307692335,Rajasthan,Barmer,-0.18333333333333357,39.41666666666667,39.05,38.1,40.7,49.35897435897426,63.461538461538645,Stressed,Watch,STABLE,RECOVERY_EXPECTED
West Bengal_23.135_88.3978,2024,4.5,51.61290322580645,West Bengal,Hooghly,0.3,4.8,5.4,3.0,6.1,41.93548387096774,22.580645161290303,Stressed,Critical,STABLE,FUTURE_CRITICAL
Goa_15.526_73.8298,2024,6.4,88.75,Goa,North Goa,0.10000000000000003,6.5,6.7,5.5,13.5,87.5,85.0,Safe,Safe,STABLE,STABLE
Goa_15.5394_74.0882,2024,4.2,0.0,Goa,North Goa,0.1333333333333334,4.333333333333334,4.6000000000000005,2.9,4.2,0.0,0.0,Critical,Critical,FUTURE_CRITICAL,FUTURE_CRITICAL
Goa_15.5376_73.8687,2024,3.7,6.666666666666643,Goa,North Goa,0.0888888888888889,3.788888888888889,3.966666666666667,2.3,3.8,0.7407407407407085,0.0,Critical,Critical,FUTURE_CRITICAL,FUTURE_CRITICAL
Goa_15.5472_74.0508,2024,4.6,0.0,Goa,North Goa,0.22222222222222218,4.822222222222222,5.266666666666666,2.6,4.6,0.0,0.0,Critical,Critical,FUTURE_CRITICAL,FUTURE_CRITICAL
Goa_15.5461_73.7586,2024,6.8,52.941176470588246,Goa,North Goa,0.08888888888888886,6.888888888888888,7.066666666666666,6.0,7.7,47.712418300653624,37.25490196078434,Stressed,Stressed,STABLE,EARLY_DEPLETION_WARNING
Goa_15.552_73.9241,2024,15.5,13.04347826086959,Goa,North Goa,0.0625,15.5625,15.6875,13.5,15.8,10.326086956521763,4.89130434782612,Critical,Critical,FUTURE_CRITICAL,FUTURE_CRITICAL
West Bengal_23.129_88.439,2024,3.8,38.46153846153847,West Bengal,Hooghly,-0.09999999999999998,3.6999999999999997,3.5,3.0,4.3,46.15384615384617,61.53846153846153,Stressed,Watch,STABLE,RECOVERY_EXPECTED
Rajasthan_29.0139_75.0972,2024,12.4,61.90476190476186,Rajasthan,Hanumangarh,-0.18571428571428555,12.214285714285715,11.842857142857143,11.6,13.7,70.74829931972782,88.43537414965982,Watch,Safe,STABLE,RECOVERY_EXPECTED
Rajasthan_29.0833_73.3667,2024,10.0,0.0,Rajasthan,Anupgarh,0.1857142857142858,10.185714285714285,10.557142857142857,7.1,10.0,0.0,0.0,Critical,Critical,FUTURE_CRITICAL,FUTURE_CRITICAL
Rajasthan_29.075_74.3,2024,31.4,0.0,Rajasthan,Hanumangarh,1.3799999999999997,32.78,35.54,22.7,31.4,0.0,0.0,Critical,Critical,FUTURE_CRITICAL,FUTURE_CRITICAL
Rajasthan_25.9717_71.145,2024,15.0,12.162162162162172,Rajasthan,Barmer,0.04285714285714296,15.042857142857143,15.128571428571428,8.5,15.9,11.583011583011594,10.424710424710437,Critical,Critical,FUTURE_CRITICAL,FUTURE_CRITICAL
Rajasthan_25.9972_74.5833,2024,8.5,88.8888888888889,Rajasthan,Beawar,-0.4,8.1,7.3,7.9,13.3,96.29629629629632,100.0,Safe,Safe,STABLE,STABLE
Rajasthan_25.995_74.4494,2024,12.5,47.82608695652174,Rajasthan,Beawar,0.6399999999999999,13.14,14.42,7.7,16.9,40.86956521739129,26.956521739130434,Stressed,Stressed,STABLE,EARLY_DEPLETION_WARNING
Rajasthan_25.9939_71.7569,2024,31.7,0.0,Rajasthan,Barmer,0.3857142857142856,32.08571428571428,32.857142857142854,28.7,31.7,0.0,0.0,Critical,Critical,FUTURE_CRITICAL,FUTURE_CRITICAL
Andhra Pradesh_16.716_81.8977,2024,5.0,81.53846153846153,Andhra Pradesh,Dr. B.R. Ambedkar KonaseemaKothapeta,0.009999999999999964,5.01,5.03,3.8,10.3,81.38461538461539,81.07692307692307,Safe,Safe,STABLE,STABLE
Andhra Pradesh_16.7159_81.8964,2024,5.7,34.78260869565217,Andhra Pradesh,Dr. B.R. Ambedkar KonaseemaKothapeta,0.24999999999999992,5.95,6.45,4.2,6.5,23.913043478260864,2.1739130434782483,Critical,Critical,FUTURE_CRITICAL,FUTURE_CRITICAL
West Bengal_23.2174_86.299,2024,5.3,85.3658536585366,West Bengal,Purulia,-0.7000000000000002,4.6,3.1999999999999993,4.7,8.8,100.0,100.0,Safe,Safe,RECOVERY_EXPECTED,STABLE
West Bengal_23.2083_87.9485,2024,4.6,67.3076923076923,West Bengal,Purba Bardhaman,-0.03999999999999998,4.56,4.4799999999999995,2.9,8.1,68.07692307692308,69.61538461538461,Watch,Watch,STABLE,STABLE
Goa_15.4976_73.919,2024,1.5,57.14285714285714,Goa,North Goa,0.02500000000000002,1.525,1.575,1.2,1.9,53.571428571428584,46.42857142857143,Watch,Stressed,STABLE,STABLE
Goa_15.516_73.8386,2024,2.6,46.15384615384615,Goa,North Goa,0.07777777777777778,2.677777777777778,2.8333333333333335,1.9,3.2,40.17094017094016,28.205128205128204,Stressed,Stressed,STABLE,EARLY_DEPLETION_WARNING
Goa_15.5025_74.1396,2024,8.5,7.692307692307665,Goa,North Goa,0.08888888888888886,8.588888888888889,8.766666666666666,7.3,8.6,0.8547008547008517,0.0,Critical,Critical,FUTURE_CRITICAL,FUTURE_CRITICAL
Goa_15.533_74.1372,2024,6.2,0.0,Goa,North Goa,0.1111111111111111,6.311111111111111,6.533333333333333,5.2,6.2,0.0,0.0,Critical,Critical,FUTURE_CRITICAL,FUTURE_CRITICAL
West Bengal_23.1472_88.4314,2024,2.6,95.23809523809523,West Bengal,Hooghly,-0.3999999999999999,2.2,1.4000000000000004,2.5,4.6,100.0,100.0,Safe,Safe,STABLE,STABLE
Rajasthan_28.9708_75.0333,2024,14.1,0.0,Rajasthan,Hanumangarh,0.27142857142857146,14.371428571428572,14.914285714285715,12.2,14.1,0.0,0.0,Critical,Critical,FUTURE_CRITICAL,FUTURE_CRITICAL
Rajasthan_28.9333_73.8833,2024,20.6,71.7741935483871,Rajasthan,Bikaner,-1.2714285714285716,19.32857142857143,16.785714285714285,17.1,29.5,82.02764976958525,100.0,Safe,Safe,RECOVERY_EXPECTED,RECOVERY_EXPECTED
Rajasthan_29.0333_73.4333,2024,23.4,0.0,Rajasthan,Anupgarh,2.3857142857142852,25.785714285714285,30.557142857142853,6.1,23.4,0.0,0.0,Critical,Critical,FUTURE_CRITICAL,FUTURE_CRITICAL
Rajasthan_25.9_74.67,2024,2.2,90.2439024390244,Rajasthan,Bhilwara,-2.1142857142857143,0.08571428571428585,0.0,0.6,17.0,100.0,100.0,Safe,Safe,STABLE,STABLE
Rajasthan_25.9986_75.6833,2024,3.8,74.57627118644068,Rajasthan,Tonk,-0.042857142857142705,3.757142857142857,3.6714285714285717,2.3,8.2,75.30266343825666,76.7554479418886,Safe,Safe,STABLE,STABLE
Rajasthan_26.0181_70.8272,2024,9.4,0.0,Rajasthan,Barmer,0.4142857142857143,9.814285714285715,10.642857142857142,3.4,9.4,0.0,0.0,Critical,Critical,FUTURE_CRITICAL,FUTURE_CRITICAL
Rajasthan_26.0167_76.4583,2024,7.9,18.461538461538453,Rajasthan,Sawai Madhopur,0.17142857142857157,8.071428571428571,8.414285714285715,2.6,9.1,15.824175824175823,10.549450549450533,Critical,Critical,FUTURE_CRITICAL,FUTURE_CRITICAL
West Bengal_23.2794_86.26,2024,5.0,55.00000000000001,West Bengal,Purulia,-0.44000000000000006,4.56,3.6799999999999997,3.2,7.2,66.00000000000001,88.00000000000001,Watch,Safe,RECOVERY_EXPECTED,RECOVERY_EXPECTED
West Bengal_23.274_86.1956,2024,4.0,86.79245283018868,West Bengal,Purulia,-0.9199999999999999,3.08,1.2400000000000002,3.3,8.6,100.0,100.0,Safe,Safe,RECOVERY_EXPECTED,STABLE
West Bengal_23.2387_87.9583,2024,2.6,88.8888888888889,West Bengal,Purba Bardhaman,-0.1,2.5,2.3,2.2,5.8,91.66666666666667,97.22222222222223,Safe,Safe,STABLE,STABLE
Goa_15.459_73.8028,2024,3.0,40.0,Goa,North Goa,0.05555555555555555,3.0555555555555554,3.1666666666666665,1.5,4.0,37.777777777777786,33.333333333333336,Stressed,Stressed,STABLE,STABLE
Goa_15.4961_74.0975,2024,7.2,17.499999999999993,Goa,North Goa,0.4125000000000001,7.612500000000001,8.4375,3.9,7.9,7.1874999999999805,0.0,Critical,Critical,FUTURE_CRITICAL,FUTURE_CRITICAL
Goa_15.4894_73.8742,2024,5.7,4.444444444444429,Goa,North Goa,0.4666666666666667,6.166666666666667,7.1,1.4,5.9,0.0,0.0,Critical,Critical,FUTURE_CRITICAL,FUTURE_CRITICAL
West Bengal_23.1307_86.2455,2024,2.2,100.0,West Bengal,Purulia,-0.31999999999999995,1.8800000000000003,1.2400000000000002,2.2,3.8,100.0,100.0,Safe,Safe,STABLE,STABLE
Rajasthan_28.9167_74.2,2024,44.6,0.0,Rajasthan,Hanumangarh,0.3333333333333333,44.93333333333334,45.6,42.3,44.6,0.0,0.0,Critical,Critical,FUTURE_CRITICAL,FUTURE_CRITICAL
Rajasthan_28.975_74.2917,2024,37.2,0.0,Rajasthan,Hanumangarh,0.028571428571428976,37.228571428571435,37.28571428571429,35.4,37.2,0.0,0.0,Critical,Critical,FUTURE_CRITICAL,FUTURE_CRITICAL
Rajasthan_26.0225_75.4889,2024,3.1,0.0,Rajasthan,Tonk,0.22857142857142862,3.3285714285714287,3.785714285714286,0.4,3.1,0.0,0.0,Critical,Critical,FUTURE_CRITICAL,FUTURE_CRITICAL
Rajasthan_26.0222_76.5944,2024,8.3,62.22222222222222,Rajasthan,Sawai Madhopur,-0.47142857142857114,7.828571428571429,6.885714285714287,3.2,16.7,65.71428571428571,72.69841269841268,Watch,Watch,STABLE,STABLE
Rajasthan_26.0417_74.7133,2024,14.3,30.666666666666654,Rajasthan,Kekri,-0.05714285714285694,14.242857142857144,14.12857142857143,3.9,18.9,31.047619047619037,31.8095238095238,Stressed,Stressed,STABLE,STABLE
Rajasthan_26.0333_75.1,2024,3.6,28.57142857142857,Rajasthan,Kekri,0.1142857142857143,3.7142857142857144,3.942857142857143,2.1,4.2,23.129251700680275,12.244897959183676,Critical,Critical,FUTURE_CRITICAL,FUTURE_CRITICAL
Rajasthan_26.0583_75.8083,2024,7.4,0.0,Rajasthan,Tonk,0.7571428571428572,8.157142857142858,9.671428571428573,2.1,7.4,0.0,0.0,Critical,Critical,FUTURE_CRITICAL,FUTURE_CRITICAL
Andhra Pradesh_16.4135_81.8047,2024,2.4,30.000000000000014,Andhra Pradesh,Dr. B.R. Ambedkar KonaseemaMalikipuram,0.03333333333333327,2.433333333333333,2.4999999999999996,1.7,2.7,26.666666666666693,20.000000000000064,Stressed,Critical,STABLE,FUTURE_CRITICAL
Rajasthan_28.8847_73.2875,2024,13.5,85.0574712643678,Rajasthan,Bikaner,-1.057142857142857,12.442857142857143,10.32857142857143,12.2,20.9,97.20853858784892,100.0,Safe,Safe,RECOVERY_EXPECTED,STABLE
West Bengal_23.3187_88.453,2024,3.5,33.333333333333336,West Bengal,Nadia,0.09999999999999998,3.6,3.8,2.7,3.9,24.99999999999999,8.333333333333348,Critical,Critical,FUTURE_CRITICAL,FUTURE_CRITICAL
West Bengal_23.2943_86.2007,2024,3.3,83.33333333333334,West Bengal,Purulia,-0.36,2.94,2.2199999999999998,2.9,5.3,98.33333333333333,100.0,Safe,Safe,RECOVERY_EXPECTED,RECOVERY_EXPECTED
Assam_26.28_92.265,2024,1.6,85.0,Assam,Kamrup Metro,-0.25,1.35,0.8500000000000001,1.3,3.3,97.5,100.0,Safe,Safe,RECOVERY_EXPECTED,STABLE
Assam_26.2767_92.5092,2024,1.7,89.65517241379311,Assam,Nagaon,-0.22857142857142856,1.4714285714285713,1.0142857142857142,1.4,4.3,97.53694581280789,100.0,Safe,Safe,STABLE,STABLE
Assam_26.2721_91.214,2024,2.1,98.3050847457627,Assam,Barpeta,-0.2625,1.8375000000000001,1.3125,2.0,7.9,100.0,100.0,Safe,Safe,STABLE,STABLE
Goa_15.4529_73.9526,2024,2.3,46.66666666666668,Goa,South Goa,0.07777777777777774,2.3777777777777778,2.533333333333333,1.5,3.0,41.48148148148149,31.11111111111112,Stressed,Stressed,STABLE,EARLY_DEPLETION_WARNING
Goa_15.4296_74.1924,2024,7.0,0.0,Goa,South Goa,0.12222222222222218,7.122222222222222,7.366666666666666,5.9,7.0,0.0,0.0,Critical,Critical,FUTURE_CRITICAL,FUTURE_CRITICAL
Goa_15.4828_74.1369,2024,6.9,15.38461538461533,Goa,North Goa,0.08749999999999998,6.987500000000001,7.1625000000000005,5.8,7.1,8.653846153846068,0.0,Critical,Critical,FUTURE_CRITICAL,FUTURE_CRITICAL
West Bengal_23.1598_86.3482,2024,3.2,93.33333333333333,West Bengal,Purulia,-0.5599999999999999,2.64,1.5200000000000005,3.0,6.0,100.0,100.0,Safe,Safe,STABLE,STABLE
Rajasthan_28.8667_74.2778,2024,46.0,0.0,Rajasthan,Hanumangarh,0.2285714285714288,46.22857142857143,46.68571428571428,44.2,46.0,0.0,0.0,Critical,Critical,FUTURE_CRITICAL,FUTURE_CRITICAL
Rajasthan_26.0583_72.7417,2024,5.5,88.1578947368421,Rajasthan,Jodhpur (Gramin),-0.9571428571428571,4.542857142857143,2.628571428571429,4.6,12.2,100.0,100.0,Safe,Safe,RECOVERY_EXPECTED,STABLE
Rajasthan_26.05_74.2833,2024,9.1,72.50000000000001,Rajasthan,Beawar,0.3285714285714287,9.428571428571429,10.085714285714285,5.8,17.8,69.76190476190476,64.28571428571428,Watch,Watch,STABLE,STABLE
Rajasthan_26.05_72.3583,2024,13.5,58.06451612903225,Rajasthan,Balotra,-0.2857142857142857,13.214285714285714,12.642857142857142,8.3,20.7,60.36866359447005,64.97695852534562,Watch,Watch,STABLE,STABLE
Rajasthan_26.0583_75.875,2024,6.8,0.0,Rajasthan,Tonk,0.25,7.05,7.55,0.5,6.8,0.0,0.0,Critical,Critical,FUTURE_CRITICAL,FUTURE_CRITICAL
Andhra Pradesh_16.7029_81.8325,2024,2.2,28.57142857142856,Andhra Pradesh,Dr. B.R. Ambedkar KonaseemaRavulapalem,-0.011111111111111047,2.188888888888889,2.166666666666667,1.2,2.6,29.36507936507935,30.95238095238093,Stressed,Stressed,STABLE,STABLE
Andhra Pradesh_16.6998_82.038,2024,2.5,50.0,Andhra Pradesh,Dr. B.R. Ambedkar KonaseemaPamarru,0.03333333333333334,2.533333333333333,2.6,1.1,3.9,48.80952380952381,46.42857142857143,Stressed,Stressed,STABLE,STABLE
West Bengal_23.3931_87.1094,2024,7.4,48.23529411764705,West Bengal,Bankura,-0.82,6.58,4.94,3.0,11.5,57.88235294117647,77.17647058823529,Watch,Safe,STABLE,RECOVERY_EXPECTED
Goa_15.3207_74.035,2024,7.8,14.999999999999991,Goa,South Goa,0.14444444444444443,7.944444444444445,8.233333333333333,6.1,8.1,7.77777777777775,0.0,Critical,Critical,FUTURE_CRITICAL,FUTURE_CRITICAL
Goa_15.3542_74.0016,2024,2.4,75.92592592592592,Goa,South Goa,0.14444444444444443,2.5444444444444443,2.833333333333333,1.1,6.5,73.25102880658436,67.90123456790124,Watch,Watch,STABLE,STABLE
Goa_15.335_74.2438,2024,9.0,1.6949152542372836,Goa,South Goa,0.13333333333333325,9.133333333333333,9.4,3.2,9.1,0.0,0.0,Critical,Critical,FUTURE_CRITICAL,FUTURE_CRITICAL
Goa_15.3701_73.8383,2024,3.5,25.00000000000001,Goa,South Goa,0.05555555555555558,3.5555555555555554,3.666666666666667,2.9,3.7,18.055555555555593,4.166666666666652,Critical,Critical,FUTURE_CRITICAL,FUTURE_CRITICAL
Goa_15.3638_74.1753,2024,5.2,0.0,Goa,South Goa,0.13750000000000007,5.3375,5.612500000000001,3.9,5.2,0.0,0.0,Critical,Critical,FUTURE_CRITICAL,FUTURE_CRITICAL
Goa_15.377_74.2297,2024,11.9,0.0,Goa,South Goa,0.17777777777777773,12.077777777777778,12.433333333333334,4.4,11.9,0.0,0.0,Critical,Critical,FUTURE_CRITICAL,FUTURE_CRITICAL
West Bengal_23.2366_85.9851,2024,3.6,81.8181818181818,West Bengal,Purulia,-0.039999999999999966,3.56,3.48,3.4,4.5,85.45454545454545,92.72727272727272,Safe,Safe,STABLE,STABLE
West Bengal_23.3686_87.1127,2024,5.4,72.41379310344826,West Bengal,Bankura,-0.41999999999999993,4.98,4.140000000000001,4.6,7.5,86.89655172413791,100.0,Safe,Safe,RECOVERY_EXPECTED,RECOVERY_EXPECTED
Andhra Pradesh_16.48_81.8446,2024,3.1,0.0,Andhra Pradesh,Dr. B.R. Ambedkar KonaseemaRazole,0.06666666666666668,3.166666666666667,3.3000000000000003,2.1,3.1,0.0,0.0,Critical,Critical,FUTURE_CRITICAL,FUTURE_CRITICAL
Rajasthan_26.0667_72.6667,2024,3.2,100.0,Rajasthan,Balotra,-0.44000000000000006,2.7600000000000002,1.88,3.2,6.5,100.0,100.0,Safe,Safe,STABLE,STABLE
Rajasthan_26.05_75.0,2024,2.0,83.33333333333334,Rajasthan,Kekri,-0.14285714285714285,1.8571428571428572,1.5714285714285714,1.3,5.5,86.73469387755102,93.5374149659864,Safe,Safe,STABLE,STABLE
Rajasthan_26.0881_74.3992,2024,15.3,7.14285714285714,Rajasthan,Beawar,0.9714285714285715,16.271428571428572,18.214285714285715,6.2,16.0,0.0,0.0,Critical,Critical,FUTURE_CRITICAL,FUTURE_CRITICAL
Rajasthan_26.0783_74.3761,2024,12.9,7.6271186440677985,Rajasthan,Beawar,0.9571428571428571,13.857142857142858,15.771428571428572,2.0,13.8,0.0,0.0,Critical,Critical,FUTURE_CRITICAL,FUTURE_CRITICAL
Rajasthan_26.0917_75.8333,2024,7.8,0.0,Rajasthan,Tonk,0.6666666666666666,8.466666666666667,9.8,2.0,7.8,0.0,0.0,Critical,Critical,FUTURE_CRITICAL,FUTURE_CRITICAL
Rajasthan_26.1108_75.725,2024,12.7,100.0,Rajasthan,Tonk,-0.2,12.5,12.1,12.7,15.8,100.0,100.0,Safe,Safe,STABLE,STABLE
Rajasthan_28.6694_72.75,2024,13.2,100.0,Rajasthan,Bikaner,-0.6999999999999998,12.5,11.1,13.2,17.4,100.0,100.0,Safe,Safe,STABLE,STABLE
West Bengal_23.4839_87.3351,2024,5.0,72.22222222222221,West Bengal,Paschim Bardhaman,0.040000000000000036,5.04,5.12,4.5,6.3,70.0,65.55555555555554,Watch,Watch,STABLE,STABLE
West Bengal_23.4818_87.3087,2024,2.7,100.0,West Bengal,Paschim Bardhaman,-1.3200000000000003,1.38,0.0,2.7,9.3,100.0,100.0,Safe,Safe,STABLE,STABLE
Goa_15.2389_74.113,2024,2.6,11.111111111111116,Goa,South Goa,0.08888888888888889,2.688888888888889,2.8666666666666667,1.8,2.7,1.2345679012345623,0.0,Critical,Critical,FUTURE_CRITICAL,FUTURE_CRITICAL
Goa_15.2175_74.0807,2024,3.3,22.222222222222243,Goa,South Goa,0.07777777777777777,3.3777777777777778,3.533333333333333,2.6,3.5,13.580246913580252,0.0,Critical,Critical,FUTURE_CRITICAL,FUTURE_CRITICAL
Goa_15.3055_74.0483,2024,4.6,12.50000000000001,Goa,South Goa,0.11111111111111109,4.71111111111111,4.933333333333333,3.2,4.8,5.555555555555591,0.0,Critical,Critical,FUTURE_CRITICAL,FUTURE_CRITICAL
Goa_15.2734_74.1006,2024,5.8,19.047619047619058,Goa,South Goa,0.1555555555555555,5.955555555555556,6.266666666666667,4.1,6.2,11.64021164021164,0.0,Critical,Critical,FUTURE_CRITICAL,FUTURE_CRITICAL
West Bengal_23.4369_87.1129,2024,9.7,44.6808510638298,West Bengal,Bankura,-0.8400000000000002,8.86,7.179999999999999,4.5,13.9,53.61702127659576,71.48936170212767,Watch,Watch,STABLE,RECOVERY_EXPECTED
West Bengal_23.4288_87.1117,2024,5.4,69.23076923076923,West Bengal,Bankura,-0.72,4.680000000000001,3.24,3.8,9.0,83.07692307692307,100.0,Safe,Safe,RECOVERY_EXPECTED,RECOVERY_EXPECTED
Rajasthan_28.8667_73.35,2024,10.0,100.0,Rajasthan,Bikaner,-0.85,9.15,7.45,10.0,15.1,100.0,100.0,Safe,Safe,STABLE,STABLE
Rajasthan_28.7_73.8833,2024,23.6,69.81132075471696,Rajasthan,Bikaner,-0.7399999999999999,22.860000000000003,21.380000000000003,22.0,27.3,83.77358490566033,100.0,Safe,Safe,RECOVERY_EXPECTED,RECOVERY_EXPECTED
Rajasthan_28.7667_73.8167,2024,39.7,0.0,Rajasthan,Bikaner,0.35000000000000026,40.050000000000004,40.75,37.1,39.7,0.0,0.0,Critical,Critical,FUTURE_CRITICAL,FUTURE_CRITICAL
Rajasthan_26.1064_72.8444,2024,15.2,100.0,Rajasthan,Jodhpur (Gramin),-0.7142857142857143,14.485714285714286,13.057142857142857,15.2,20.2,100.0,100.0,Safe,Safe,STABLE,STABLE
Rajasthan_26.0_73.0208,2024,2.7,28.57142857142856,Rajasthan,Jodhpur (Gramin),0.028571428571428643,2.7285714285714286,2.785714285714286,1.7,3.1,26.530612244897956,22.448979591836714,Stressed,Critical,STABLE,FUTURE_CRITICAL
Rajasthan_26.1167_73.0331,2024,12.4,35.48387096774193,Rajasthan,Jodhpur (Gramin),0.15000000000000005,12.55,12.850000000000001,8.4,14.6,33.06451612903224,28.22580645161288,Stressed,Stressed,STABLE,STABLE
Rajasthan_28.6667_73.1333,2024,30.1,91.66666666666663,Rajasthan,Bikaner,-0.6285714285714283,29.47142857142857,28.214285714285715,29.7,34.5,100.0,100.0,Safe,Safe,STABLE,STABLE
Rajasthan_28.7014_73.7642,2024,30.7,100.0,Rajasthan,Bikaner,-1.4833333333333336,29.216666666666665,26.25,30.7,39.6,100.0,100.0,Safe,Safe,STABLE,STABLE
West Bengal_23.4784_87.0475,2024,4.4,59.999999999999964,West Bengal,Bankura,-0.17999999999999994,4.220000000000001,3.8600000000000003,3.8,5.3,71.99999999999996,95.99999999999996,Watch,Safe,RECOVERY_EXPECTED,RECOVERY_EXPECTED
West Bengal_23.5526_87.2719,2024,1.9,48.00000000000001,West Bengal,Paschim Bardhaman,0.25999999999999995,2.1599999999999997,2.6799999999999997,0.6,3.1,37.60000000000001,16.800000000000015,Stressed,Critical,EARLY_DEPLETION_WARNING,FUTURE_CRITICAL
West Bengal_23.528_87.3033,2024,2.2,64.70588235294117,West Bengal,Paschim Bardhaman,-0.019999999999999928,2.18,2.1400000000000006,1.6,3.3,65.88235294117646,68.23529411764703,Watch,Watch,STABLE,STABLE
Goa_15.0415_73.9912,2024,4.4,28.571428571428537,Goa,South Goa,0.03333333333333343,4.433333333333334,4.500000000000001,3.4,4.8,26.190476190476165,21.428571428571352,Stressed,Critical,STABLE,FUTURE_CRITICAL
Goa_15.0392_74.0294,2024,3.7,3.124999999999989,Goa,South Goa,0.38750000000000007,4.0875,4.862500000000001,0.6,3.8,0.0,0.0,Critical,Critical,FUTURE_CRITICAL,FUTURE_CRITICAL
Goa_15.1869_74.1255,2024,6.1,72.88135593220339,Goa,South Goa,0.2285714285714285,6.328571428571428,6.785714285714285,4.5,10.4,69.00726392251816,61.259079903147715,Watch,Watch,STABLE,STABLE
Goa_15.0929_74.0306,2024,11.0,0.0,Goa,South Goa,0.48888888888888893,11.488888888888889,12.466666666666667,4.4,11.0,0.0,0.0,Critical,Critical,FUTURE_CRITICAL,FUTURE_CRITICAL
Rajasthan_28.6694_75.2333,2024,18.8,0.0,Rajasthan,Churu,0.8857142857142859,19.685714285714287,21.45714285714286,10.6,18.8,0.0,0.0,Critical,Critical,FUTURE_CRITICAL,FUTURE_CRITICAL
Rajasthan_26.1139_73.2472,2024,4.0,21.42857142857142,Rajasthan,Jodhpur (Gramin),-0.042857142857142864,3.9571428571428573,3.8714285714285714,1.8,4.6,22.959183673469376,26.02040816326531,Critical,Stressed,FUTURE_CRITICAL,STABLE
Rajasthan_26.1333_74.1008,2024,5.5,43.939393939393945,Rajasthan,Beawar,-0.32857142857142857,5.171428571428572,4.514285714285714,1.8,8.4,48.917748917748916,58.87445887445888,Stressed,Watch,STABLE,STABLE
Rajasthan_26.12_74.37,2024,3.0,78.82352941176471,Rajasthan,Beawar,-0.24285714285714294,2.757142857142857,2.2714285714285714,1.2,9.7,81.68067226890756,87.39495798319328,Safe,Safe,STABLE,STABLE
Rajasthan_26.1292_74.9278,2024,6.9,11.111111111111116,Rajasthan,Kekri,0.3714285714285716,7.271428571428572,8.014285714285716,2.9,7.4,2.857142857142847,0.0,Critical,Critical,FUTURE_CRITICAL,FUTURE_CRITICAL
Rajasthan_26.1506_72.8322,2024,28.8,65.62499999999996,Rajasthan,Jodhpur (Gramin),-0.2999999999999997,28.5,27.900000000000002,27.7,30.9,74.99999999999997,93.74999999999991,Watch,Safe,STABLE,RECOVERY_EXPECTED
Rajasthan_28.6333_75.375,2024,24.8,5.084745762711873,Rajasthan,Churu,0.3000000000000001,25.1,25.700000000000003,19.2,25.1,0.0,0.0,Critical,Critical,FUTURE_CRITICAL,FUTURE_CRITICAL
Rajasthan_28.5917_73.1917,2024,32.2,0.0,Rajasthan,Bikaner,0.18571428571428633,32.385714285714286,32.75714285714286,27.7,32.2,0.0,0.0,Critical,Critical,FUTURE_CRITICAL,FUTURE_CRITICAL
West Bengal_23.5756_87.2878,2024,2.1,41.666666666666664,West Bengal,Paschim Bardhaman,0.08000000000000006,2.18,2.3400000000000003,1.4,2.6,34.999999999999986,21.666666666666647,Stressed,Critical,STABLE,FUTURE_CRITICAL
West Bengal_23.5734_87.2306,2024,4.1,59.523809523809526,West Bengal,Paschim Bardhaman,0.33999999999999997,4.4399999999999995,5.119999999999999,2.4,6.6,51.42857142857142,35.23809523809525,Watch,Stressed,STABLE,EARLY_DEPLETION_WARNING
Goa_14.998_74.1907,2024,3.9,4.166666666666674,Goa,South Goa,0.125,4.025,4.275,1.6,4.0,0.0,0.0,Critical,Critical,FUTURE_CRITICAL,FUTURE_CRITICAL
Goa_15.0373_74.1185,2024,4.9,84.0,Goa,South Goa,0.044444444444444384,4.944444444444445,5.033333333333333,3.7,11.2,83.4074074074074,82.22222222222221,Safe,Safe,STABLE,STABLE
Goa_15.0072_74.0523,2024,4.6,0.0,Goa,South Goa,0.12222222222222218,4.722222222222221,4.966666666666666,3.5,4.6,0.0,0.0,Critical,Critical,FUTURE_CRITICAL,FUTURE_CRITICAL
Assam_26.3361_92.7614,2024,2.4,84.21052631578948,Assam,Nagaon,-0.025000000000000053,2.375,2.3249999999999997,2.1,4.0,85.5263157894737,88.15789473684212,Safe,Safe,STABLE,STABLE
Assam_26.3167_93.875,2024,2.5,100.0,Assam,Karbi Anglong,-0.42500000000000004,2.075,1.2249999999999999,2.5,8.8,100.0,100.0,Safe,Safe,STABLE,STABLE
Rajasthan_28.6669_73.9189,2024,17.4,56.0606060606061,Rajasthan,Bikaner,0.34285714285714264,17.74285714285714,18.428571428571427,14.5,21.1,50.865800865800914,40.47619047619051,Watch,Stressed,STABLE,EARLY_DEPLETION_WARNING
Rajasthan_26.1833_75.575,2024,4.2,13.888888888888884,Rajasthan,Tonk,-0.06666666666666658,4.133333333333334,4.0,1.1,4.7,15.740740740740733,19.444444444444454,Critical,Critical,FUTURE_CRITICAL,FUTURE_CRITICAL
Rajasthan_26.15_74.0183,2024,32.1,60.91954022988503,Rajasthan,Beawar,-0.5000000000000001,31.6,30.6,28.7,37.4,66.66666666666664,78.16091954022986,Watch,Safe,STABLE,RECOVERY_EXPECTED
Rajasthan_26.1542_72.9261,2024,27.8,100.0,Rajasthan,Jodhpur (Gramin),-0.9666666666666671,26.833333333333332,24.9,27.8,46.3,100.0,100.0,Safe,Safe,STABLE,STABLE
Andhra Pradesh_16.6983_81.6309,2024,2.3,50.0,Andhra Pradesh,West Godavari,0.08888888888888889,2.388888888888889,2.5666666666666664,0.8,3.8,47.037037037037045,41.11111111111112,Stressed,Stressed,STABLE,STABLE
Andhra Pradesh_16.6963_82.1802,2024,2.3,0.0,Andhra Pradesh,Dr. B.R. Ambedkar KonaseemaI. Polavaram,0.01666666666666659,2.3166666666666664,2.3499999999999996,1.4,2.3,0.0,0.0,Critical,Critical,FUTURE_CRITICAL,FUTURE_CRITICAL
Rajasthan_28.5769_74.5044,2024,45.4,0.0,Rajasthan,Churu,0.15714285714285733,45.55714285714286,45.871428571428574,43.4,45.4,0.0,0.0,Critical,Critical,FUTURE_CRITICAL,FUTURE_CRITICAL
Rajasthan_28.5764_73.8111,2024,32.8,61.66666666666667,Rajasthan,Bikaner,0.6999999999999998,33.5,34.9,25.9,43.9,57.77777777777777,50.0,Watch,Watch,STABLE,STABLE
West Bengal_23.657_87.0794,2024,3.7,44.827586206896555,West Bengal,Paschim Bardhaman,0.12000000000000002,3.8200000000000003,4.0600000000000005,2.1,5.0,40.68965517241379,32.41379310344826,Stressed,Stressed,STABLE,STABLE
West Bengal_23.6506_88.1468,2024,5.1,25.00000000000011,West Bengal,Nadia,0.05999999999999993,5.159999999999999,5.279999999999999,4.8,5.2,10.00000000000022,0.0,Critical,Critical,FUTURE_CRITICAL,FUTURE_CRITICAL
Goa_14.9129_74.0845,2024,3.8,89.56521739130436,Goa,South Goa,0.3500000000000001,4.15,4.85,1.4,24.4,88.04347826086956,85.0,Safe,Safe,STABLE,STABLE
Goa_14.9629_74.0546,2024,4.4,0.0,Goa,South Goa,0.06250000000000007,4.4625,4.5875,3.7,4.4,0.0,0.0,Critical,Critical,FUTURE_CRITICAL,FUTURE_CRITICAL
Goa_14.9499_74.0553,2024,16.0,0.0,Goa,South Goa,0.125,16.125,16.375,13.1,16.0,0.0,0.0,Critical,Critical,FUTURE_CRITICAL,FUTURE_CRITICAL
Goa_14.9924_74.1056,2024,11.7,0.0,Goa,South Goa,0.1555555555555554,11.855555555555554,12.166666666666666,10.3,11.7,0.0,0.0,Critical,Critical,FUTURE_CRITICAL,FUTURE_CRITICAL
Goa_14.9841_74.1087,2024,7.3,91.83673469387756,Goa,South Goa,0.08888888888888896,7.388888888888888,7.566666666666666,6.5,16.3,90.9297052154195,89.1156462585034,Safe,Safe,STABLE,STABLE
West Bengal_23.5204_87.4539,2024,1.2,97.10144927536231,West Bengal,Paschim Bardhaman,-1.34,0.0,0.0,1.0,7.9,100.0,100.0,Safe,Safe,STABLE,STABLE
West Bengal_23.5907_87.285,2024,0.8,100.0,West Bengal,Paschim Bardhaman,-0.01999999999999998,0.78,0.7400000000000001,0.8,1.4,100.0,100.0,Safe,Safe,STABLE,STABLE
Rajasthan_28.635_75.3,2024,25.2,40.00000000000009,Rajasthan,Churu,0.06666666666666646,25.266666666666666,25.4,24.3,25.8,35.555555555555664,26.666666666666806,Stressed,Stressed,STABLE,STABLE
Rajasthan_26.2125_75.0361,2024,5.7,54.71698113207547,Rajasthan,Kekri,0.8999999999999998,6.6,8.399999999999999,0.9,11.5,46.22641509433962,29.24528301886794,Stressed,Stressed,STABLE,EARLY_DEPLETION_WARNING
Rajasthan_26.1944_72.775,2024,36.0,24.000000000000053,Rajasthan,Jodhpur (Gramin),-0.07142857142857142,35.92857142857143,35.785714285714285,34.1,36.6,26.857142857142836,32.571428571428676,Stressed,Stressed,STABLE,STABLE
Rajasthan_26.225_72.9083,2024,26.9,0.0,Rajasthan,Jodhpur (Gramin),0.8428571428571426,27.74285714285714,29.428571428571427,13.2,26.9,0.0,0.0,Critical,Critical,FUTURE_CRITICAL,FUTURE_CRITICAL
Rajasthan_26.2194_73.625,2024,4.7,65.67164179104476,Rajasthan,Jodhpur (Gramin),-0.6285714285714288,4.071428571428571,2.814285714285714,2.4,9.1,75.05330490405117,93.81663113006397,Safe,Safe,STABLE,RECOVERY_EXPECTED
Rajasthan_26.2333_73.4583,2024,26.5,51.515151515151516,Rajasthan,Jodhpur (Gramin),-1.0200000000000002,25.48,23.439999999999998,21.7,31.6,61.81818181818181,82.42424242424245,Watch,Safe,RECOVERY_EXPECTED,RECOVERY_EXPECTED
Rajasthan_28.5333_75.4389,2024,39.8,66.0714285714286,Rajasthan,Churu,-0.6166666666666671,39.18333333333333,37.949999999999996,37.9,43.5,77.08333333333337,99.1071428571429,Safe,Safe,RECOVERY_EXPECTED,RECOVERY_EXPECTED
West Bengal_23.6635_87.0607,2024,1.9,48.00000000000001,West Bengal,Paschim Bardhaman,0.25999999999999995,2.1599999999999997,2.6799999999999997,0.6,3.1,37.60000000000001,16.800000000000015,Stressed,Critical,EARLY_DEPLETION_WARNING,FUTURE_CRITICAL
Delhi_28.7689_77.2075,2024,3.4,93.84615384615384,Delhi,Central,-0.012500000000000011,3.3874999999999997,3.3625,3.0,9.5,94.03846153846153,94.42307692307692,Safe,Safe,STABLE,STABLE
Delhi_28.7556_77.0058,2024,2.8,25.92592592592594,Delhi,North West,-0.14000000000000012,2.6599999999999997,2.3799999999999994,0.8,3.5,31.111111111111136,41.48148148148151,Stressed,Stressed,STABLE,RECOVERY_EXPECTED
Delhi_28.8347_77.0225,2024,2.6,0.0,Delhi,North West,0.0625,2.6625,2.7875,1.7,2.6,0.0,0.0,Critical,Critical,FUTURE_CRITICAL,FUTURE_CRITICAL
Assam_26.3496_90.6321,2024,2.9,92.3076923076923,Assam,Bongaigaon,-0.1,2.8,2.5999999999999996,2.8,4.1,100.0,100.0,Safe,Safe,STABLE,STABLE
Assam_26.3456_92.7486,2024,2.4,73.33333333333334,Assam,Nagaon,-0.0625,2.3375,2.2125,1.6,4.6,75.41666666666667,79.58333333333334,Safe,Safe,STABLE,STABLE
West Bengal_23.5713_87.236,2024,1.1,100.0,West Bengal,Paschim Bardhaman,-0.059999999999999956,1.04,0.9200000000000002,1.1,2.6,100.0,100.0,Safe,Safe,STABLE,STABLE
West Bengal_23.6616_86.9368,2024,1.4,96.42857142857143,West Bengal,Paschim Bardhaman,-0.1800000000000001,1.2199999999999998,0.8599999999999997,1.3,4.1,100.0,100.0,Safe,Safe,STABLE,STABLE
Rajasthan_28.5042_74.7375,2024,26.2,6.060606060606045,Rajasthan,Churu,-0.028571428571428532,26.17142857142857,26.114285714285714,23.1,26.4,6.926406926406903,8.658008658008631,Critical,Critical,FUTURE_CRITICAL,FUTURE_CRITICAL
Rajasthan_26.2317_73.6067,2024,4.7,100.0,Rajasthan,Jodhpur (Gramin),-1.4142857142857141,3.285714285714286,0.4571428571428582,4.7,14.6,100.0,100.0,Safe,Safe,STABLE,STABLE
Rajasthan_26.2297_73.0297,2024,15.4,100.0,Rajasthan,Jodhpur,-0.11428571428571413,15.285714285714286,15.057142857142859,15.4,17.1,100.0,100.0,Safe,Safe,STABLE,STABLE
Rajasthan_26.2383_75.1875,2024,12.7,0.0,Rajasthan,Tonk,1.6166666666666665,14.316666666666666,17.549999999999997,1.5,12.7,0.0,0.0,Critical,Critical,FUTURE_CRITICAL,FUTURE_CRITICAL
Rajasthan_26.2333_74.4917,2024,11.7,14.444444444444448,Rajasthan,Ajmer,0.29999999999999993,12.0,12.6,4.0,13.0,11.111111111111116,4.444444444444451,Critical,Critical,FUTURE_CRITICAL,FUTURE_CRITICAL
Rajasthan_26.2667_73.0,2024,22.6,54.68749999999998,Rajasthan,Jodhpur,-0.5,22.1,21.1,19.7,26.1,62.49999999999998,78.12499999999997,Watch,Safe,STABLE,RECOVERY_EXPECTED
Rajasthan_26.2528_76.3858,2024,11.3,27.083333333333314,Rajasthan,Sawai Madhopur,0.42857142857142866,11.72857142857143,12.585714285714287,7.8,12.6,18.154761904761873,0.29761904761901326,Critical,Critical,FUTURE_CRITICAL,FUTURE_CRITICAL
Rajasthan_28.4792_73.5583,2024,9.3,0.0,Rajasthan,Bikaner,0.5200000000000001,9.82,10.860000000000001,6.4,9.3,0.0,0.0,Critical,Critical,FUTURE_CRITICAL,FUTURE_CRITICAL
Rajasthan_28.4708_75.0792,2024,21.3,0.0,Rajasthan,Churu,0.24285714285714274,21.542857142857144,22.02857142857143,18.1,21.3,0.0,0.0,Critical,Critical,FUTURE_CRITICAL,FUTURE_CRITICAL
West Bengal_23.6888_87.0854,2024,3.8,13.333333333333341,West Bengal,Paschim Bardhaman,0.10000000000000002,3.9,4.1,2.5,4.0,6.666666666666677,0.0,Critical,Critical,FUTURE_CRITICAL,FUTURE_CRITICAL
Delhi_28.7194_76.9667,2024,4.8,96.77419354838712,Delhi,North West,-0.5,4.3,3.3,4.7,7.8,100.0,100.0,Safe,Safe,STABLE,STABLE
Delhi_28.6958_77.2278,2024,8.6,5.88235294117645,Delhi,Central,0.1499999999999999,8.75,9.049999999999999,7.0,8.7,0.0,0.0,Critical,Critical,FUTURE_CRITICAL,FUTURE_CRITICAL
Delhi_28.7528_76.9667,2024,9.6,100.0,Delhi,North West,-0.5600000000000002,9.04,7.919999999999999,9.6,12.4,100.0,100.0,Safe,Safe,STABLE,STABLE
Delhi_28.74_77.2225,2024,1.7,39.99999999999999,Delhi,Central,1.982541115402065e-18,1.7,1.7,1.4,1.9,39.99999999999999,39.99999999999999,Stressed,Stressed,STABLE,STABLE
Delhi_28.7322_77.1044,2024,5.7,30.434782608695656,Delhi,North West,-0.057142857142857065,5.642857142857143,5.528571428571429,4.1,6.4,32.91925465838508,37.888198757763945,Stressed,Stressed,STABLE,STABLE
West Bengal_23.6776_87.1741,2024,7.8,13.793103448275856,West Bengal,Paschim Bardhaman,1.0,8.8,10.8,2.8,8.6,0.0,0.0,Critical,Critical,FUTURE_CRITICAL,FUTURE_CRITICAL
West Bengal_23.6729_86.9462,2024,1.9,75.00000000000004,West Bengal,Paschim Bardhaman,-1.3877787807814457e-17,1.9,1.9,1.8,2.2,75.00000000000004,75.00000000000004,Safe,Safe,STABLE,STABLE
Rajasthan_28.4667_74.8625,2024,20.4,41.37931034482766,Rajasthan,Churu,-0.20000000000000048,20.2,19.799999999999997,18.7,21.6,48.27586206896556,62.06896551724148,Stressed,Watch,STABLE,RECOVERY_EXPECTED
Rajasthan_26.2417_75.85,2024,3.6,81.66666666666667,Rajasthan,Tonk,0.15714285714285717,3.757142857142857,4.071428571428571,2.5,8.5,79.04761904761905,73.80952380952381,Safe,Watch,STABLE,STABLE
Rajasthan_26.2794_76.7697,2024,14.5,80.0,Rajasthan,Karauli,0.06666666666666672,14.566666666666666,14.7,14.1,16.1,76.66666666666669,70.00000000000004,Safe,Watch,STABLE,STABLE
Rajasthan_26.2667_74.8583,2024,4.7,51.162790697674424,Rajasthan,Ajmer,-0.27142857142857124,4.428571428571429,3.8857142857142866,2.6,6.9,57.47508305647842,70.09966777408636,Watch,Watch,STABLE,RECOVERY_EXPECTED
Rajasthan_26.2_73.8167,2024,22.8,0.0,Rajasthan,Beawar,0.17142857142857132,22.97142857142857,23.314285714285713,20.1,22.8,0.0,0.0,Critical,Critical,FUTURE_CRITICAL,FUTURE_CRITICAL
Rajasthan_26.2867_74.7403,2024,3.3,33.333333333333336,Rajasthan,Ajmer,0.38571428571428573,3.6857142857142855,4.457142857142857,0.5,4.7,24.149659863945583,5.782312925170063,Critical,Critical,FUTURE_CRITICAL,FUTURE_CRITICAL
Andhra Pradesh_16.4941_80.3645,2024,2.3,64.70588235294119,Andhra Pradesh,Palnadu,0.06666666666666665,2.3666666666666663,2.5,1.1,4.5,62.745098039215705,58.82352941176471,Watch,Watch,STABLE,STABLE
Andhra Pradesh_16.4922_80.0076,2024,12.4,26.595744680851062,Andhra Pradesh,Palnadu,0.39999999999999997,12.8,13.6,5.5,14.9,22.34042553191489,13.829787234042556,Critical,Critical,FUTURE_CRITICAL,FUTURE_CRITICAL
West Bengal_23.706_86.9968,2024,1.7,91.66666666666667,West Bengal,Paschim Bardhaman,-0.8800000000000001,0.8199999999999998,0.0,1.3,6.1,100.0,100.0,Safe,Safe,STABLE,STABLE
West Bengal_23.704_87.084,2024,2.8,16.666666666666675,West Bengal,Paschim Bardhaman,0.059999999999999984,2.86,2.9799999999999995,2.3,2.9,6.666666666666677,0.0,Critical,Critical,FUTURE_CRITICAL,FUTURE_CRITICAL
Delhi_28.6911_77.1239,2024,3.9,0.0,Delhi,North West,0.44000000000000006,4.34,5.220000000000001,1.7,3.9,0.0,0.0,Critical,Critical,FUTURE_CRITICAL,FUTURE_CRITICAL
Delhi_28.6903_77.0792,2024,3.4,0.0,Delhi,North West,0.08571428571428573,3.4857142857142858,3.657142857142857,2.2,3.4,0.0,0.0,Critical,Critical,FUTURE_CRITICAL,FUTURE_CRITICAL
Delhi_28.6847_77.2492,2024,3.2,77.27272727272727,Delhi,Nazul Land,-0.14285714285714282,3.0571428571428574,2.771428571428572,2.7,4.9,83.76623376623377,96.75324675324674,Safe,Safe,STABLE,RECOVERY_EXPECTED
West Bengal_23.6969_87.1122,2024,1.8,97.59036144578313,West Bengal,Paschim Bardhaman,-0.2599999999999998,1.5400000000000003,1.0200000000000007,1.6,9.9,100.0,100.0,Safe,Safe,STABLE,STABLE
Rajasthan_26.2833_75.3833,2024,9.2,0.0,Rajasthan,Tonk,1.0499999999999998,10.25,12.349999999999998,2.0,9.2,0.0,0.0,Critical,Critical,FUTURE_CRITICAL,FUTURE_CRITICAL
Andhra Pradesh_16.686_81.6052,2024,3.4,34.482758620689665,Andhra Pradesh,West Godavari,0.14444444444444438,3.5444444444444443,3.833333333333333,1.5,4.4,29.501915708812277,19.540229885057492,Stressed,Critical,STABLE,FUTURE_CRITICAL
Andhra Pradesh_16.6746_80.3988,2024,3.5,37.499999999999986,Andhra Pradesh,Ntr,0.016666666666666677,3.5166666666666666,3.55,3.0,3.8,35.416666666666664,31.25000000000001,Stressed,Stressed,STABLE,STABLE
Rajasthan_26.3083_74.9278,2024,5.6,48.684210526315795,Rajasthan,Ajmer,-0.5285714285714287,5.071428571428571,4.014285714285713,1.7,9.3,55.63909774436091,69.54887218045114,Watch,Watch,STABLE,RECOVERY_EXPECTED
Rajasthan_26.3056_76.3806,2024,4.1,77.27272727272728,Rajasthan,Sawai Madhopur,0.42857142857142844,4.5285714285714285,5.385714285714285,1.1,14.3,74.02597402597402,67.53246753246755,Watch,Watch,STABLE,STABLE
Rajasthan_26.3219_72.9519,2024,26.7,0.0,Rajasthan,Jodhpur,1.057142857142857,27.757142857142856,29.87142857142857,19.3,26.7,0.0,0.0,Critical,Critical,FUTURE_CRITICAL,FUTURE_CRITICAL
Rajasthan_26.3167_73.4208,2024,12.0,100.0,Rajasthan,Jodhpur (Gramin),-1.1,10.9,8.7,12.0,19.9,100.0,100.0,Safe,Safe,STABLE,STABLE
Rajasthan_26.3111_77.2422,2024,32.0,0.0,Rajasthan,Karauli,0.25,32.25,32.75,23.8,32.0,0.0,0.0,Critical,Critical,FUTURE_CRITICAL,FUTURE_CRITICAL
West Bengal_23.6988_87.0792,2024,12.0,16.51376146788991,West Bengal,Paschim Bardhaman,1.8200000000000003,13.82,17.46,2.9,13.8,0.0,0.0,Critical,Critical,FUTURE_CRITICAL,FUTURE_CRITICAL
West Bengal_23.7421_86.8148,2024,3.9,43.749999999999986,West Bengal,Paschim Bardhaman,0.3399999999999999,4.24,4.92,1.2,6.0,36.66666666666666,22.499999999999996,Stressed,Critical,STABLE,FUTURE_CRITICAL
West Bengal_23.7327_86.8335,2024,1.3,76.47058823529412,West Bengal,Paschim Bardhaman,-0.24000000000000005,1.06,0.5799999999999998,0.9,2.6,90.58823529411765,100.0,Safe,Safe,RECOVERY_EXPECTED,RECOVERY_EXPECTED
West Bengal_23.7275_86.9476,2024,1.7,90.32258064516128,West Bengal,Paschim Bardhaman,-0.5599999999999999,1.1400000000000001,0.02000000000000024,1.4,4.5,100.0,100.0,Safe,Safe,STABLE,STABLE
Delhi_28.6644_77.2344,2024,3.0,42.85714285714285,Delhi,Central,-0.04285714285714285,2.9571428571428573,2.8714285714285714,1.8,3.9,44.89795918367345,48.979591836734684,Stressed,Stressed,STABLE,STABLE
Delhi_28.6611_77.3031,2024,6.7,100.0,Delhi,Shahdara,-0.6000000000000001,6.1,4.9,6.7,14.4,100.0,100.0,Safe,Safe,STABLE,STABLE
West Bengal_23.685_86.9774,2024,1.5,95.1219512195122,West Bengal,Paschim Bardhaman,-0.62,0.88,0.0,1.3,5.4,100.0,100.0,Safe,Safe,STABLE,STABLE
Rajasthan_26.3292_76.4917,2024,6.8,44.736842105263165,Rajasthan,Sawai Madhopur,-0.48571428571428565,6.314285714285714,5.342857142857143,2.6,10.2,51.127819548872175,63.90977443609022,Watch,Watch,STABLE,RECOVERY_EXPECTED
Rajasthan_28.3083_72.5178,2024,15.2,100.0,Rajasthan,Bikaner,-0.4142857142857146,14.785714285714285,13.957142857142856,15.2,18.1,100.0,100.0,Safe,Safe,STABLE,STABLE
Rajasthan_28.4389_74.4858,2024,36.8,88.72180451127821,Rajasthan,Churu,-0.9428571428571431,35.857142857142854,33.97142857142857,35.3,48.6,95.8109559613319,100.0,Safe,Safe,STABLE,STABLE
Rajasthan_28.4333_75.1306,2024,30.7,0.0,Rajasthan,Churu,0.15714285714285683,30.857142857142858,31.17142857142857,29.2,30.7,0.0,0.0,Critical,Critical,FUTURE_CRITICAL,FUTURE_CRITICAL
Rajasthan_26.3247_76.9333,2024,3.3,44.82758620689656,Rajasthan,Karauli,0.2285714285714285,3.5285714285714285,3.9857142857142853,0.1,5.9,40.88669950738917,33.0049261083744,Stressed,Stressed,STABLE,STABLE
Rajasthan_26.3311_76.8461,2024,6.2,54.54545454545454,Rajasthan,Karauli,0.3,6.5,7.1,3.2,9.8,50.0,40.90909090909092,Watch,Stressed,STABLE,STABLE
Rajasthan_28.3167_73.1917,2024,42.0,100.0,Rajasthan,Bikaner,-0.10000000000000024,41.9,41.7,42.0,43.4,100.0,100.0,Safe,Safe,STABLE,STABLE
Rajasthan_26.3294_74.0631,2024,14.1,0.0,Rajasthan,Beawar,1.457142857142857,15.557142857142857,18.47142857142857,3.9,14.1,0.0,0.0,Critical,Critical,FUTURE_CRITICAL,FUTURE_CRITICAL
Rajasthan_26.3631_74.6167,2024,3.7,98.33333333333333,Rajasthan,Ajmer,0.014285714285714369,3.7142857142857144,3.7428571428571433,3.6,9.6,98.09523809523809,97.61904761904762,Safe,Safe,STABLE,STABLE
Rajasthan_26.3542_76.2542,2024,10.1,0.0,Rajasthan,Sawai Madhopur,0.6142857142857144,10.714285714285714,11.942857142857143,2.1,10.1,0.0,0.0,Critical,Critical,FUTURE_CRITICAL,FUTURE_CRITICAL
Rajasthan_26.3519_75.1,2024,8.9,23.33333333333333,Rajasthan,Ajmer,-0.014285714285714235,8.885714285714286,8.857142857142858,2.0,11.0,23.492063492063487,23.809523809523803,Critical,Critical,FUTURE_CRITICAL,FUTURE_CRITICAL
Rajasthan_26.3694_73.38,2024,16.1,57.142857142857075,Rajasthan,Jodhpur (Gramin),-0.08571428571428541,16.014285714285716,15.842857142857145,15.2,17.3,61.22448979591828,69.3877551020407,Watch,Watch,STABLE,STABLE
Rajasthan_26.3667_75.9333,2024,13.3,99.15254237288134,Rajasthan,Tonk,-1.7666666666666664,11.533333333333335,8.000000000000002,13.2,25.0,100.0,100.0,Safe,Safe,STABLE,STABLE
Andhra Pradesh_16.6728_82.165,2024,1.9,14.285714285714302,Andhra Pradesh,Dr. B.R. Ambedkar KonaseemaI. Polavaram,0.11666666666666665,2.0166666666666666,2.25,0.7,2.1,5.952380952380965,0.0,Critical,Critical,FUTURE_CRITICAL,FUTURE_CRITICAL
Andhra Pradesh_16.6613_82.0125,2024,4.2,0.0,Andhra Pradesh,Dr. B.R. Ambedkar KonaseemaAinavilli,0.3,4.5,5.1,1.6,4.2,0.0,0.0,Critical,Critical,FUTURE_CRITICAL,FUTURE_CRITICAL
West Bengal_23.7677_86.945,2024,2.5,96.58119658119658,West Bengal,Paschim Bardhaman,-2.2600000000000002,0.23999999999999977,0.0,2.1,13.8,100.0,100.0,Safe,Safe,STABLE,STABLE
West Bengal_23.7564_87.0235,2024,2.3,89.47368421052633,West Bengal,Paschim Bardhaman,-0.12000000000000002,2.1799999999999997,1.9399999999999997,2.1,4.0,95.78947368421055,100.0,Safe,Safe,STABLE,STABLE
West Bengal_23.745_86.8146,2024,1.9,40.0,West Bengal,Paschim Bardhaman,0.24,2.1399999999999997,2.62,0.7,2.7,28.000000000000014,3.9999999999999925,Stressed,Critical,EARLY_DEPLETION_WARNING,FUTURE_CRITICAL
Delhi_28.6164_77.3044,2024,8.1,44.444444444444464,Delhi,East,0.21428571428571427,8.314285714285713,8.742857142857142,6.6,9.3,36.507936507936556,20.634920634920682,Stressed,Critical,STABLE,FUTURE_CRITICAL
Andhra Pradesh_16.6602_82.0246,2024,5.7,34.615384615384606,Andhra Pradesh,Dr. B.R. Ambedkar KonaseemaAinavilli,0.016666666666666757,5.716666666666667,5.75,4.0,6.6,33.974358974358964,32.692307692307686,Stressed,Stressed,STABLE,STABLE
Rajasthan_28.14_74.9597,2024,32.4,0.0,Rajasthan,Sikar,0.29999999999999954,32.699999999999996,33.3,30.6,32.4,0.0,0.0,Critical,Critical,FUTURE_CRITICAL,FUTURE_CRITICAL
Rajasthan_28.11_76.835,2024,33.5,0.0,Rajasthan,Khairthal-Tijara,1.55,35.05,38.15,24.2,33.5,0.0,0.0,Critical,Critical,FUTURE_CRITICAL,FUTURE_CRITICAL
Rajasthan_28.2_75.1778,2024,43.2,0.0,Rajasthan,Jhunjhunu,0.4142857142857151,43.61428571428572,44.44285714285715,40.3,43.2,0.0,0.0,Critical,Critical,FUTURE_CRITICAL,FUTURE_CRITICAL
Rajasthan_26.3_73.0333,2024,7.5,54.99999999999999,Rajasthan,Jodhpur,-0.014285714285714235,7.485714285714286,7.457142857142857,5.7,9.7,55.35714285714285,56.07142857142856,Watch,Watch,STABLE,STABLE
Rajasthan_26.38_76.9258,2024,34.7,0.0,Rajasthan,Karauli,3.1,37.800000000000004,44.0,8.8,34.7,0.0,0.0,Critical,Critical,FUTURE_CRITICAL,FUTURE_CRITICAL
Rajasthan_26.3833_72.5,2024,11.4,0.0,Rajasthan,Jodhpur (Gramin),0.4666666666666668,11.866666666666667,12.8,3.9,11.4,0.0,0.0,Critical,Critical,FUTURE_CRITICAL,FUTURE_CRITICAL
Rajasthan_28.0914_74.8636,2024,36.2,14.285714285714167,Rajasthan,Sikar,-0.08571428571428497,36.11428571428572,35.94285714285715,32.6,36.8,16.32653061224468,20.4081632653059,Critical,Critical,FUTURE_CRITICAL,FUTURE_CRITICAL
West Bengal_23.7781_88.2939,2024,4.1,0.0,West Bengal,Nadia,0.13999999999999993,4.239999999999999,4.52,3.2,4.1,0.0,0.0,Critical,Critical,FUTURE_CRITICAL,FUTURE_CRITICAL
Delhi_28.5872_77.3014,2024,9.5,52.17391304347825,Delhi,East,0.125,9.625,9.875,8.4,10.7,46.739130434782595,35.86956521739128,Stressed,Stressed,STABLE,EARLY_DEPLETION_WARNING
Delhi_28.5917_77.2206,2024,7.4,87.99999999999999,Delhi,New Delhi,-0.6999999999999998,6.7,5.300000000000001,6.5,14.0,97.33333333333333,100.0,Safe,Safe,STABLE,STABLE
Delhi_28.6042_77.175,2024,21.9,100.0,Delhi,New Delhi,-1.0800000000000005,20.819999999999997,18.659999999999997,21.9,27.4,100.0,100.0,Safe,Safe,STABLE,STABLE
Delhi_28.6003_77.2986,2024,8.1,100.0,Delhi,East,-0.15000000000000013,7.949999999999999,7.6499999999999995,8.1,11.6,100.0,100.0,Safe,Safe,STABLE,STABLE
Assam_26.3_92.7833,2024,1.3,76.47058823529412,Assam,Nagaon,-0.31428571428571433,0.9857142857142858,0.357142857142857,0.5,3.9,85.71428571428571,100.0,Safe,Safe,STABLE,RECOVERY_EXPECTED
Assam_26.3989_92.2322,2024,3.2,19.999999999999986,Assam,Marigaon,-0.028571428571428532,3.1714285714285717,3.1142857142857148,2.0,3.5,21.904761904761884,25.71428571428568,Critical,Stressed,FUTURE_CRITICAL,STABLE
West Bengal_23.7201_86.8697,2024,0.6,95.65217391304348,West Bengal,Paschim Bardhaman,-0.1400000000000001,0.45999999999999985,0.17999999999999972,0.5,2.8,100.0,100.0,Safe,Safe,STABLE,STABLE
Rajasthan_28.2042_74.5306,2024,44.7,56.52173913043477,Rajasthan,Churu,0.5714285714285714,45.27142857142857,46.41428571428572,40.7,49.9,50.31055900621118,37.88819875776394,Watch,Stressed,STABLE,EARLY_DEPLETION_WARNING
Rajasthan_26.4086_75.4975,2024,4.1,27.586206896551747,Rajasthan,Tonk,0.24285714285714294,4.3428571428571425,4.828571428571428,2.0,4.9,19.211822660098544,2.4630541871921374,Critical,Critical,FUTURE_CRITICAL,FUTURE_CRITICAL
Rajasthan_26.4083_71.9278,2024,4.9,80.48780487804876,Rajasthan,Jaisalmer,-0.0999999999999999,4.800000000000001,4.6000000000000005,4.1,8.2,82.92682926829265,87.80487804878047,Safe,Safe,STABLE,STABLE
Rajasthan_26.425_76.9333,2024,5.6,100.0,Rajasthan,Karauli,-1.0857142857142856,4.514285714285714,2.3428571428571425,5.6,16.7,100.0,100.0,Safe,Safe,STABLE,STABLE
Rajasthan_26.4114_76.6203,2024,15.2,48.78048780487805,Rajasthan,Gangapurcity,0.028571428571428532,15.228571428571428,15.285714285714285,13.1,17.2,48.08362369337979,46.68989547038329,Stressed,Stressed,STABLE,STABLE
Rajasthan_26.4_74.8667,2024,4.6,14.285714285714302,Rajasthan,Ajmer,0.3499999999999999,4.949999999999999,5.6499999999999995,2.2,5.0,1.7857142857143127,0.0,Critical,Critical,FUTURE_CRITICAL,FUTURE_CRITICAL
Rajasthan_28.0661_74.7539,2024,45.6,28.723404255319107,Rajasthan,Churu,0.2500000000000003,45.85,46.35,38.9,48.3,26.063829787234006,20.74468085106379,Stressed,Critical,STABLE,FUTURE_CRITICAL
Rajasthan_28.05_74.8667,2024,36.3,91.66666666666671,Rajasthan,Sikar,-1.7285714285714289,34.57142857142857,31.11428571428571,35.2,48.4,100.0,100.0,Safe,Safe,STABLE,STABLE
West Bengal_23.9873_88.7083,2024,4.6,22.72727272727273,West Bengal,Nadia,0.2799999999999999,4.88,5.4399999999999995,2.9,5.1,9.999999999999986,0.0,Critical,Critical,FUTURE_CRITICAL,FUTURE_CRITICAL
West Bengal_23.945_88.6155,2024,4.2,12.50000000000001,West Bengal,Nadia,0.28,4.48,5.04,2.8,4.4,0.0,0.0,Critical,Critical,FUTURE_CRITICAL,FUTURE_CRITICAL
West Bengal_23.8697_87.2842,2024,3.5,68.42105263157893,West Bengal,Birbhum,-0.2,3.3,2.9,2.9,4.8,78.94736842105263,100.0,Safe,Safe,RECOVERY_EXPECTED,RECOVERY_EXPECTED
Delhi_28.5856_77.0261,2024,13.2,100.0,Delhi,South West,-1.0714285714285714,12.128571428571428,9.985714285714284,13.2,22.7,100.0,100.0,Safe,Safe,STABLE,STABLE
Delhi_28.5464_77.0094,2024,8.9,87.9310344827586,Delhi,South West,-0.6428571428571429,8.257142857142858,6.9714285714285715,8.2,14.0,99.01477832512312,100.0,Safe,Safe,RECOVERY_EXPECTED,STABLE
Delhi_28.5903_77.2164,2024,3.6,95.91836734693877,Delhi,New Delhi,-0.3538461538461538,3.246153846153846,2.5384615384615388,3.4,8.3,100.0,100.0,Safe,Safe,STABLE,STABLE
West Bengal_23.8157_86.9942,2024,1.7,91.66666666666667,West Bengal,Paschim Bardhaman,-0.21999999999999992,1.48,1.0400000000000003,1.6,2.8,100.0,100.0,Safe,Safe,STABLE,STABLE
West Bengal_23.7903_87.2686,2024,3.9,70.83333333333334,West Bengal,Birbhum,-0.31999999999999995,3.58,2.94,3.2,5.6,84.16666666666667,100.0,Safe,Safe,RECOVERY_EXPECTED,RECOVERY_EXPECTED
Rajasthan_28.0_74.6567,2024,29.9,62.50000000000022,Rajasthan,Churu,0.049999999999999496,29.95,30.049999999999997,29.6,30.4,56.250000000000114,43.750000000000334,Watch,Stressed,STABLE,EARLY_DEPLETION_WARNING
Rajasthan_26.4833_76.7333,2024,9.5,23.750000000000004,Rajasthan,Gangapurcity,1.0166666666666666,10.516666666666666,12.55,3.4,11.4,11.041666666666682,0.0,Critical,Critical,FUTURE_CRITICAL,FUTURE_CRITICAL
Rajasthan_26.45_75.0667,2024,3.6,83.73983739837398,Rajasthan,Ajmer,0.257142857142857,3.857142857142857,4.371428571428571,1.6,13.9,81.6492450638792,77.46806039488968,Safe,Safe,STABLE,STABLE
Rajasthan_26.5058_75.6067,2024,6.6,63.55932203389831,Rajasthan,Dudu,-0.1400000000000002,6.459999999999999,6.179999999999999,2.3,14.1,64.7457627118644,67.11864406779662,Watch,Watch,STABLE,STABLE
Rajasthan_26.5039_75.5136,2024,17.0,15.492957746478863,Rajasthan,Dudu,0.5199999999999999,17.52,18.56,5.0,19.2,11.830985915492953,4.507042253521131,Critical,Critical,FUTURE_CRITICAL,FUTURE_CRITICAL
Rajasthan_26.5033_75.4114,2024,5.5,100.0,Rajasthan,Dudu,-1.1,4.4,2.1999999999999997,5.5,11.0,100.0,100.0,Safe,Safe,STABLE,STABLE
Rajasthan_26.5103_73.3778,2024,29.0,17.500000000000014,Rajasthan,Jodhpur (Gramin),1.4142857142857141,30.414285714285715,33.24285714285714,19.1,31.1,5.714285714285728,0.0,Critical,Critical,FUTURE_CRITICAL,FUTURE_CRITICAL
Rajasthan_28.0597_74.9378,2024,36.2,90.62499999999987,Rajasthan,Sikar,-0.0999999999999994,36.1,35.900000000000006,35.9,39.1,93.74999999999991,99.99999999999977,Safe,Safe,STABLE,STABLE
West Bengal_25.224_88.4064,2024,3.0,44.99999999999999,West Bengal,Malda,-0.36,2.64,1.92,0.8,4.8,54.0,72.0,Watch,Watch,STABLE,RECOVERY_EXPECTED
West Bengal_25.1154_88.3667,2024,3.8,77.66990291262137,West Bengal,Malda,-1.6,2.1999999999999997,0.0,1.5,11.8,93.20388349514563,100.0,Safe,Safe,RECOVERY_EXPECTED,RECOVERY_EXPECTED
Delhi_28.5342_76.9086,2024,1.6,85.36585365853658,Delhi,South West,-0.4142857142857143,1.1857142857142857,0.3571428571428572,1.0,5.1,95.47038327526133,100.0,Safe,Safe,RECOVERY_EXPECTED,STABLE
Assam_26.4189_90.5908,2024,2.9,100.0,Assam,Bongaigaon,-0.08571428571428572,2.814285714285714,2.642857142857143,2.9,4.3,100.0,100.0,Safe,Safe,STABLE,STABLE
Assam_26.4056_92.5417,2024,1.4,100.0,Assam,Nagaon,-0.025000000000000012,1.375,1.325,1.4,3.2,100.0,100.0,Safe,Safe,STABLE,STABLE
Delhi_28.5431_76.9653,2024,10.6,100.0,Delhi,South West,-0.7999999999999999,9.799999999999999,8.2,10.6,16.2,100.0,100.0,Safe,Safe,STABLE,STABLE
Rajasthan_28.0417_72.35,2024,12.6,8.333333333333304,Rajasthan,Bikaner,0.06363636363636373,12.663636363636364,12.790909090909091,11.5,12.7,3.030303030302939,0.0,Critical,Critical,FUTURE_CRITICAL,FUTURE_CRITICAL
Rajasthan_28.0667_74.7333,2024,39.0,100.0,Rajasthan,Churu,-1.0799999999999996,37.92,35.76,39.0,44.4,100.0,100.0,Safe,Safe,STABLE,STABLE
Rajasthan_26.5064_75.3881,2024,5.0,70.83333333333333,Rajasthan,Dudu,-0.17999999999999988,4.82,4.460000000000001,2.9,10.1,73.33333333333333,78.33333333333331,Watch,Safe,STABLE,STABLE
Rajasthan_26.5061_75.66,2024,2.4,89.2156862745098,Rajasthan,Dudu,-0.32,2.08,1.44,1.3,11.5,92.3529411764706,98.62745098039215,Safe,Safe,STABLE,STABLE
Rajasthan_26.51_73.2119,2024,9.6,0.0,Rajasthan,Jodhpur (Gramin),0.4714285714285715,10.071428571428571,11.014285714285714,5.4,9.6,0.0,0.0,Critical,Critical,FUTURE_CRITICAL,FUTURE_CRITICAL
Rajasthan_26.5122_75.6019,2024,13.7,20.68965517241381,Rajasthan,Dudu,1.4600000000000002,15.16,18.08,4.5,16.1,8.10344827586208,0.0,Critical,Critical,FUTURE_CRITICAL,FUTURE_CRITICAL
Rajasthan_26.5122_75.5175,2024,5.9,56.25,Rajasthan,Dudu,-0.07999999999999989,5.82,5.660000000000001,2.4,10.4,57.25,59.24999999999998,Watch,Watch,STABLE,STABLE
Rajasthan_26.525_76.8369,2024,5.2,80.0,Rajasthan,Gangapurcity,-0.10000000000000002,5.1000000000000005,4.9,3.8,10.8,81.42857142857142,84.28571428571428,Safe,Safe,STABLE,STABLE
West Bengal_25.4739_88.7646,2024,5.0,28.57142857142856,West Bengal,Dakshin Dinajpur,-0.11999999999999993,4.88,4.640000000000001,3.5,5.6,34.28571428571428,45.71428571428567,Stressed,Stressed,STABLE,RECOVERY_EXPECTED
West Bengal_25.2601_88.422,2024,2.6,50.0,West Bengal,Malda,-0.1,2.5,2.3,2.1,3.1,60.00000000000001,80.00000000000003,Watch,Safe,RECOVERY_EXPECTED,RECOVERY_EXPECTED
Chhattisgarh_23.1083_83.2,2024,3.2,100.0,Chhattisgarh,Surguja,1.6199999999999999,4.82,8.059999999999999,3.2,15.0,86.27118644067797,58.81355932203392,Safe,Watch,EARLY_DEPLETION_WARNING,EARLY_DEPLETION_WARNING
Chhattisgarh_22.9667_82.6958,2024,15.3,17.187499999999968,Chhattisgarh,Surajpur,1.0200000000000002,16.32,18.36,10.0,16.4,1.2499999999999734,0.0,Critical,Critical,FUTURE_CRITICAL,FUTURE_CRITICAL
Delhi_28.5247_76.9533,2024,6.5,91.48936170212765,Delhi,South West,-0.6142857142857144,5.885714285714285,4.657142857142857,6.1,10.8,100.0,100.0,Safe,Safe,STABLE,STABLE
Delhi_28.5244_76.9533,2024,6.8,87.75510204081634,Delhi,South West,-0.6142857142857142,6.185714285714286,4.957142857142857,6.2,11.1,100.0,100.0,Safe,Safe,RECOVERY_EXPECTED,STABLE
Andhra Pradesh_16.5329_80.3663,2024,1.9,80.0,Andhra Pradesh,Palnadu,-0.15555555555555556,1.7444444444444445,1.4333333333333331,1.2,4.7,84.44444444444444,93.33333333333333,Safe,Safe,STABLE,STABLE
Andhra Pradesh_16.5307_81.9234,2024,4.3,0.0,Andhra Pradesh,Dr. B.R. Ambedkar KonaseemaMamidikuduru,0.03333333333333336,4.333333333333333,4.4,3.2,4.3,0.0,0.0,Critical,Critical,FUTURE_CRITICAL,FUTURE_CRITICAL
Rajasthan_26.5222_77.3875,2024,3.1,66.66666666666666,Rajasthan,Dholpur,-0.4499999999999999,2.6500000000000004,1.7500000000000004,0.7,7.9,72.91666666666666,85.41666666666666,Watch,Safe,STABLE,RECOVERY_EXPECTED
Rajasthan_26.55_76.5611,2024,3.0,95.55555555555554,Rajasthan,Gangapurcity,-0.07142857142857144,2.9285714285714284,2.7857142857142856,2.8,7.3,97.14285714285714,100.0,Safe,Safe,STABLE,STABLE
Rajasthan_26.5419_77.1822,2024,3.1,87.71929824561403,Rajasthan,Karauli,-0.6714285714285716,2.4285714285714284,1.0857142857142854,2.4,8.1,99.49874686716792,100.0,Safe,Safe,RECOVERY_EXPECTED,STABLE
Rajasthan_26.5378_71.5447,2024,22.8,0.0,Rajasthan,Jaisalmer,0.7333333333333337,23.533333333333335,25.0,18.4,22.8,0.0,0.0,Critical,Critical,FUTURE_CRITICAL,FUTURE_CRITICAL
Rajasthan_26.5925_75.45,2024,13.7,32.044198895027634,Rajasthan,Dudu,0.68,14.379999999999999,15.739999999999998,1.4,19.5,28.287292817679564,20.773480662983445,Stressed,Critical,STABLE,FUTURE_CRITICAL
Rajasthan_26.5786_77.6906,2024,2.7,87.25490196078431,Rajasthan,Dholpur,-0.3166666666666665,2.3833333333333337,1.7500000000000007,1.4,11.6,90.359477124183,96.56862745098039,Safe,Safe,STABLE,STABLE
West Bengal_25.5337_88.1509,2024,2.8,33.33333333333336,West Bengal,Uttar Dinajpur,0.04999999999999997,2.8499999999999996,2.9499999999999997,2.4,3.0,25.000000000000057,8.333333333333382,Stressed,Critical,STABLE,FUTURE_CRITICAL
Chandigarh_30.75_76.7861,2024,33.3,5.882352941176483,Chandigarh,Chandigarh,0.8624999999999998,34.162499999999994,35.887499999999996,15.7,34.4,1.2700534759358506,0.0,Critical,Critical,FUTURE_CRITICAL,FUTURE_CRITICAL
Chhattisgarh_22.6861_83.8583,2024,5.8,80.76923076923077,Chhattisgarh,Jashpur,-0.8666666666666667,4.933333333333334,3.1999999999999997,4.8,10.0,97.43589743589742,100.0,Safe,Safe,RECOVERY_EXPECTED,RECOVERY_EXPECTED
Chhattisgarh_21.715_81.7906,2024,2.7,81.81818181818181,Chhattisgarh,Balodabazar-Bhatapara,0.2800000000000001,2.9800000000000004,3.5400000000000005,2.1,5.4,73.33333333333331,56.363636363636346,Watch,Watch,STABLE,EARLY_DEPLETION_WARNING
Chhattisgarh_23.4028_82.6858,2024,5.7,15.909090909090917,Chhattisgarh,Surajpur,0.45999999999999996,6.16,7.08,2.0,6.4,5.454545454545457,0.0,Critical,Critical,FUTURE_CRITICAL,FUTURE_CRITICAL
West Bengal_25.5127_88.1859,2024,3.0,28.57142857142859,West Bengal,Uttar Dinajpur,-0.03333333333333336,2.966666666666667,2.9,2.5,3.2,33.333333333333336,42.85714285714288,Stressed,Stressed,STABLE,STABLE
West Bengal_26.3092_88.2608,2024,3.8,11.111111111111127,West Bengal,Uttar Dinajpur,0.03999999999999996,3.84,3.92,2.2,4.0,8.888888888888902,4.444444444444451,Critical,Critical,FUTURE_CRITICAL,FUTURE_CRITICAL
Chandigarh_30.7097_76.8014,2024,3.0,71.42857142857144,Chandigarh,Chandigarh,-2.4671622769447922e-17,3.0,3.0,2.6,4.0,71.42857142857144,71.42857142857144,Watch,Watch,STABLE,STABLE
Chandigarh_30.7375_76.7431,2024,3.7,100.0,Chandigarh,Chandigarh,-0.03333333333333331,3.666666666666667,3.6,3.7,5.0,100.0,100.0,Safe,Safe,STABLE,STABLE
Chandigarh_30.7375_76.7278,2024,4.1,100.0,Chandigarh,Chandigarh,-0.04285714285714296,4.057142857142857,3.9714285714285706,4.1,9.2,100.0,100.0,Safe,Safe,STABLE,STABLE
Chhattisgarh_21.0542_81.7514,2024,15.0,0.0,Chhattisgarh,Balodabazar-Bhatapara,-2.2800000000000002,12.719999999999999,8.16,3.6,15.0,20.000000000000007,60.0,Critical,Watch,FUTURE_CRITICAL,RECOVERY_EXPECTED
Chhattisgarh_20.6833_81.4083,2024,3.4,94.82758620689656,Chhattisgarh,Balod,-0.27999999999999997,3.12,2.56,3.1,8.9,99.6551724137931,100.0,Safe,Safe,STABLE,STABLE
West Bengal_26.0088_87.8589,2024,2.0,100.0,West Bengal,Uttar Dinajpur,-0.1166666666666667,1.8833333333333333,1.65,2.0,3.0,100.0,100.0,Safe,Safe,STABLE,STABLE
West Bengal_25.7491_88.3036,2024,2.9,53.846153846153854,West Bengal,Uttar Dinajpur,0.01666666666666664,2.9166666666666665,2.9499999999999997,2.3,3.6,52.564102564102576,50.00000000000002,Watch,Watch,STABLE,STABLE
Rajasthan_26.5631_75.5869,2024,5.2,98.18181818181817,Rajasthan,Dudu,-0.21999999999999992,4.98,4.540000000000001,5.1,10.6,100.0,100.0,Safe,Safe,STABLE,STABLE
Rajasthan_27.9833_72.35,2024,16.6,1.8518518518518157,Rajasthan,Bikaner,-0.08666666666666671,16.513333333333335,16.34,11.3,16.7,3.4567901234567433,6.666666666666654,Critical,Critical,FUTURE_CRITICAL,FUTURE_CRITICAL
Rajasthan_28.035_72.4917,2024,13.4,0.0,Rajasthan,Bikaner,0.20000000000000018,13.600000000000001,14.0,11.2,13.4,0.0,0.0,Critical,Critical,FUTURE_CRITICAL,FUTURE_CRITICAL
Rajasthan_28.0083_74.6153,2024,28.6,100.0,Rajasthan,Churu,-0.05714285714285694,28.542857142857144,28.42857142857143,28.6,30.1,100.0,100.0,Safe,Safe,STABLE,STABLE
Andhra Pradesh_16.6562_82.1221,2024,2.5,5.555555555555558,Andhra Pradesh,Dr. B.R. Ambedkar KonaseemaMummidivaram,0.0875,2.5875,2.7625,0.8,2.6,0.6944444444444531,0.0,Critical,Critical,FUTURE_CRITICAL,FUTURE_CRITICAL
Andhra Pradesh_16.6544_81.9381,2024,3.1,0.0,Andhra Pradesh,Dr. B.R. Ambedkar KonaseemaAmbajipeta,0.1333333333333334,3.2333333333333334,3.5,2.2,3.1,0.0,0.0,Critical,Critical,FUTURE_CRITICAL,FUTURE_CRITICAL
Rajasthan_27.9722_74.5417,2024,29.2,50.000000000000156,Rajasthan,Churu,-0.08333333333333337,29.116666666666667,28.95,28.6,29.8,56.9444444444445,70.8333333333335,Watch,Watch,STABLE,RECOVERY_EXPECTED
Rajasthan_27.9972_76.3167,2024,33.8,0.0,Rajasthan,Kotputli-Behror,0.9999999999999994,34.8,36.8,26.8,33.8,0.0,0.0,Critical,Critical,FUTURE_CRITICAL,FUTURE_CRITICAL
Rajasthan_26.605_77.4731,2024,8.0,28.846153846153843,Rajasthan,Dholpur,-0.21428571428571427,7.785714285714286,7.357142857142858,4.3,9.5,32.96703296703297,41.2087912087912,Stressed,Stressed,STABLE,STABLE
Rajasthan_26.6056_75.5125,2024,6.0,100.0,Rajasthan,Dudu,-0.9,5.1,3.3,6.0,16.1,100.0,100.0,Safe,Safe,STABLE,STABLE
Rajasthan_26.6125_75.8572,2024,7.7,69.87951807228916,Rajasthan,Jaipur (Gramin),-0.11428571428571425,7.585714285714286,7.357142857142858,5.2,13.5,71.25645438898451,74.01032702237521,Watch,Watch,STABLE,STABLE
Rajasthan_26.6083_76.7114,2024,5.7,74.71264367816092,Rajasthan,Gangapurcity,-0.2571428571428571,5.442857142857143,4.928571428571429,3.5,12.2,77.66830870279145,83.57963875205255,Safe,Safe,STABLE,STABLE
Rajasthan_26.6222_75.6136,2024,2.9,72.88135593220339,Rajasthan,Dudu,0.0833333333333333,2.9833333333333334,3.15,1.3,7.2,71.46892655367232,68.64406779661017,Watch,Watch,STABLE,STABLE
Rajasthan_27.9333_72.5083,2024,25.3,100.0,Rajasthan,Bikaner,-1.3333333333333328,23.96666666666667,21.300000000000004,25.3,33.3,100.0,100.0,Safe,Safe,STABLE,STABLE
Chandigarh_30.7033_76.7694,2024,6.3,100.0,Chandigarh,Chandigarh,-0.02857142857142857,6.271428571428571,6.214285714285714,6.3,7.3,100.0,100.0,Safe,Safe,STABLE,STABLE
Assam_27.9077_95.766,2024,2.3,100.0,Assam,Tinsukia,-0.3,1.9999999999999998,1.4,2.3,5.7,100.0,100.0,Safe,Safe,STABLE,STABLE
Assam_26.4333_94.0083,2024,3.2,100.0,Assam,Golaghat,-0.3125,2.8875,2.2625,3.2,6.2,100.0,100.0,Safe,Safe,STABLE,STABLE
Assam_26.4333_92.0333,2024,4.8,42.85714285714288,Assam,Darrang,0.062499999999999986,4.8625,4.9875,4.0,5.4,38.392857142857174,29.464285714285744,Stressed,Stressed,STABLE,STABLE
Chandigarh_30.7083_76.7944,2024,2.7,59.999999999999964,Chandigarh,Chandigarh,0.022222222222222213,2.7222222222222223,2.7666666666666666,2.5,3.0,55.555555555555536,46.66666666666668,Watch,Stressed,STABLE,STABLE
Chandigarh_30.7056_76.7806,2024,10.8,67.99999999999997,Chandigarh,Chandigarh,0.04444444444444448,10.844444444444445,10.933333333333334,10.0,12.5,66.2222222222222,62.66666666666666,Watch,Watch,STABLE,STABLE
Chandigarh_30.7125_76.7853,2024,21.9,12.195121951219523,Chandigarh,Chandigarh,0.1111111111111111,22.01111111111111,22.23333333333333,18.3,22.4,9.485094850948528,4.065040650406537,Critical,Critical,FUTURE_CRITICAL,FUTURE_CRITICAL
West Bengal_26.3997_88.7431,2024,2.5,62.5,West Bengal,Jalpaiguri,0.05000000000000001,2.55,2.65,1.9,3.5,59.375,53.125,Watch,Watch,STABLE,STABLE
Rajasthan_26.61_75.2778,2024,1.5,72.5,Rajasthan,Dudu,0.15714285714285706,1.657142857142857,1.971428571428571,0.4,4.4,68.57142857142857,60.71428571428572,Watch,Watch,STABLE,STABLE
Rajasthan_26.6186_70.4867,2024,36.7,0.0,Rajasthan,Jaisalmer,0.2857142857142857,36.98571428571429,37.55714285714286,34.5,36.7,0.0,0.0,Critical,Critical,FUTURE_CRITICAL,FUTURE_CRITICAL
Rajasthan_26.6306_71.4917,2024,25.1,48.571428571428555,Rajasthan,Jaisalmer,0.4166666666666666,25.51666666666667,26.35,21.5,28.5,42.61904761904758,30.714285714285694,Stressed,Stressed,STABLE,EARLY_DEPLETION_WARNING
Rajasthan_26.6233_71.5708,2024,13.5,7.692307692307709,Rajasthan,Jaisalmer,0.3428571428571429,13.842857142857143,14.528571428571428,9.9,13.8,0.0,0.0,Critical,Critical,FUTURE_CRITICAL,FUTURE_CRITICAL
Rajasthan_26.6514_74.9361,2024,25.1,8.968609865470857,Rajasthan,Ajmer,0.6142857142857144,25.714285714285715,26.942857142857143,4.8,27.1,6.213965406790523,0.7046764894298563,Critical,Critical,FUTURE_CRITICAL,FUTURE_CRITICAL
Rajasthan_26.6483_77.8019,2024,7.7,39.02439024390243,Rajasthan,Dholpur,0.08571428571428595,7.7857142857142865,7.957142857142858,2.7,10.9,37.97909407665504,35.88850174216026,Stressed,Stressed,STABLE,STABLE
Rajasthan_26.6833_75.3625,2024,3.5,82.85714285714285,Rajasthan,Dudu,-0.02857142857142844,3.4714285714285715,3.4142857142857146,1.7,12.2,83.12925170068027,83.67346938775509,Safe,Safe,STABLE,STABLE
Rajasthan_26.6722_75.5106,2024,5.0,100.0,Rajasthan,Dudu,-0.5,4.5,3.5,5.0,8.0,100.0,100.0,Safe,Safe,STABLE,STABLE
Assam_27.7125_95.0556,2024,3.9,40.0,Assam,Dhemaji,-0.07500000000000002,3.8249999999999997,3.675,3.0,4.5,45.000000000000014,55.00000000000001,Stressed,Watch,STABLE,RECOVERY_EXPECTED
West Bengal_26.41_88.7004,2024,2.3,90.90909090909093,West Bengal,Jalpaiguri,-0.05000000000000001,2.25,2.15,2.2,3.3,95.45454545454547,100.0,Safe,Safe,STABLE,STABLE
West Bengal_26.522_88.7265,2024,2.1,46.66666666666666,West Bengal,Jalpaiguri,0.01666666666666668,2.1166666666666667,2.1500000000000004,1.3,2.8,45.55555555555555,43.3333333333333,Stressed,Stressed,STABLE,STABLE
West Bengal_26.5202_88.6858,2024,2.6,77.27272727272727,West Bengal,Jalpaiguri,-0.24999999999999992,2.35,1.8500000000000003,2.1,4.3,88.63636363636364,100.0,Safe,Safe,RECOVERY_EXPECTED,RECOVERY_EXPECTED
West Bengal_26.5064_88.7155,2024,3.1,23.076923076923062,West Bengal,Jalpaiguri,0.16666666666666666,3.2666666666666666,3.6,2.1,3.4,10.256410256410254,0.0,Critical,Critical,FUTURE_CRITICAL,FUTURE_CRITICAL
Assam_27.7098_94.8566,2024,9.7,0.0,Assam,Dhemaji,0.07499999999999996,9.774999999999999,9.924999999999999,8.0,9.7,0.0,0.0,Critical,Critical,FUTURE_CRITICAL,FUTURE_CRITICAL
Assam_27.8269_95.2339,2024,1.3,100.0,Assam,Dhemaji,-0.17500000000000002,1.125,0.775,1.3,2.7,100.0,100.0,Safe,Safe,STABLE,STABLE
West Bengal_26.49_88.7124,2024,2.9,100.0,West Bengal,Jalpaiguri,-0.11666666666666668,2.783333333333333,2.55,2.9,3.6,100.0,100.0,Safe,Safe,STABLE,STABLE
West Bengal_26.456_88.888,2024,2.4,43.333333333333336,West Bengal,Jalpaiguri,-0.14999999999999994,2.25,1.9500000000000002,0.7,3.7,48.33333333333333,58.33333333333333,Stressed,Watch,STABLE,STABLE
Rajasthan_27.9297_74.8992,2024,40.2,29.999999999999716,Rajasthan,Sikar,0.05714285714285795,40.25714285714286,40.371428571428574,39.5,40.5,24.285714285714022,12.857142857142634,Critical,Critical,FUTURE_CRITICAL,FUTURE_CRITICAL
Rajasthan_27.9167_74.6833,2024,27.2,100.0,Rajasthan,Churu,-0.06666666666666704,27.133333333333333,26.999999999999996,27.2,30.1,100.0,100.0,Safe,Safe,STABLE,STABLE
Rajasthan_27.9667_76.7167,2024,33.7,0.0,Rajasthan,Khairthal-Tijara,2.1571428571428575,35.85714285714286,40.17142857142858,18.6,33.7,0.0,0.0,Critical,Critical,FUTURE_CRITICAL,FUTURE_CRITICAL
Rajasthan_26.6514_75.5864,2024,10.0,54.054054054054056,Rajasthan,Dudu,-0.9600000000000002,9.04,7.119999999999999,4.9,16.0,62.70270270270271,80.0,Watch,Safe,STABLE,RECOVERY_EXPECTED
Rajasthan_26.6931_76.925,2024,10.6,25.0,Rajasthan,Karauli,0.6428571428571429,11.242857142857142,12.528571428571428,6.1,12.1,14.28571428571429,0.0,Critical,Critical,FUTURE_CRITICAL,FUTURE_CRITICAL
Rajasthan_26.6906_77.8911,2024,9.0,100.0,Rajasthan,Dholpur,-0.457142857142857,8.542857142857143,7.628571428571429,9.0,13.7,100.0,100.0,Safe,Safe,STABLE,STABLE
Andhra Pradesh_16.6187_82.0195,2024,1.9,28.57142857142857,Andhra Pradesh,Dr. B.R. Ambedkar KonaseemaAinavilli,0.15,2.05,2.3499999999999996,0.9,2.3,17.85714285714286,0.0,Critical,Critical,FUTURE_CRITICAL,FUTURE_CRITICAL
Andhra Pradesh_16.6165_82.0731,2024,2.1,18.181818181818155,Andhra Pradesh,Dr. B.R. Ambedkar KonaseemaMummidivaram,0.07142857142857144,2.1714285714285717,2.3142857142857145,1.2,2.3,11.688311688311648,0.0,Critical,Critical,FUTURE_CRITICAL,FUTURE_CRITICAL
West Bengal_26.5376_88.6438,2024,3.2,0.0,West Bengal,Jalpaiguri,0.10000000000000002,3.3000000000000003,3.5,2.1,3.2,0.0,0.0,Critical,Critical,FUTURE_CRITICAL,FUTURE_CRITICAL
West Bengal_26.5266_88.1442,2024,3.6,0.0,West Bengal,Darjeeling,0.16000000000000003,3.7600000000000002,4.08,1.8,3.6,0.0,0.0,Critical,Critical,FUTURE_CRITICAL,FUTURE_CRITICAL
West Bengal_26.5238_88.1438,2024,3.3,0.0,West Bengal,Darjeeling,0.16666666666666666,3.4666666666666663,3.8,1.1,3.3,0.0,0.0,Critical,Critical,FUTURE_CRITICAL,FUTURE_CRITICAL
Assam_27.5117_94.5878,2024,1.3,66.66666666666666,Assam,Dhemaji,-0.07499999999999997,1.225,1.0750000000000002,1.0,1.9,74.99999999999999,91.66666666666666,Watch,Safe,STABLE,RECOVERY_EXPECTED
Assam_27.5417_94.7222,2024,2.1,14.28571428571429,Assam,Dhemaji,-0.012500000000000011,2.0875,2.0625,1.5,2.2,16.071428571428605,19.64285714285716,Critical,Critical,FUTURE_CRITICAL,FUTURE_CRITICAL
Assam_27.6197_95.6331,2024,2.9,100.0,Assam,Tinsukia,-0.12,2.78,2.54,2.9,3.5,100.0,100.0,Safe,Safe,STABLE,STABLE
Assam_27.5553_94.505,2024,2.5,55.55555555555556,Assam,Dhemaji,-0.0428571428571428,2.4571428571428573,2.3714285714285714,2.1,3.0,60.3174603174603,69.84126984126985,Watch,Watch,STABLE,STABLE
Assam_27.7489_94.9222,2024,2.0,33.33333333333336,Assam,Dhemaji,-0.02,1.98,1.94,1.8,2.1,40.00000000000002,53.333333333333364,Stressed,Watch,STABLE,RECOVERY_EXPECTED
Andhra Pradesh_16.5983_79.7284,2024,5.2,88.07339449541284,Andhra Pradesh,Palnadu,0.12222222222222226,5.322222222222223,5.566666666666667,3.9,14.8,86.95208970438327,84.70948012232415,Safe,Safe,STABLE,STABLE
Rajasthan_27.9167_72.5356,2024,26.5,100.0,Rajasthan,Bikaner,-1.0200000000000002,25.48,23.439999999999998,26.5,31.8,100.0,100.0,Safe,Safe,STABLE,STABLE
Rajasthan_27.8_75.9833,2024,5.7,94.6236559139785,Rajasthan,Neem Ka Thana,-0.9,4.8,3.0,5.2,14.5,100.0,100.0,Safe,Safe,STABLE,STABLE
Rajasthan_27.8_70.3667,2024,29.6,100.0,Rajasthan,Jaisalmer,-0.12857142857142836,29.47142857142857,29.214285714285715,29.6,31.0,100.0,100.0,Safe,Safe,STABLE,STABLE
Rajasthan_27.9331_76.8644,2024,38.3,24.615384615384638,Rajasthan,Khairthal-Tijara,1.3999999999999997,39.699999999999996,42.5,28.5,41.5,13.846153846153875,0.0,Critical,Critical,FUTURE_CRITICAL,FUTURE_CRITICAL
Rajasthan_26.7064_75.5017,2024,4.8,100.0,Rajasthan,Dudu,-0.5400000000000004,4.26,3.179999999999999,4.8,24.6,100.0,100.0,Safe,Safe,STABLE,STABLE
Rajasthan_26.6_75.95,2024,18.7,0.0,Rajasthan,Jaipur (Gramin),1.3142857142857143,20.014285714285712,22.642857142857142,9.5,18.7,0.0,0.0,Critical,Critical,FUTURE_CRITICAL,FUTURE_CRITICAL
Rajasthan_26.6_70.7,2024,11.3,0.0,Rajasthan,Jaisalmer,0.3000000000000002,11.600000000000001,12.200000000000001,8.0,11.3,0.0,0.0,Critical,Critical,FUTURE_CRITICAL,FUTURE_CRITICAL
Rajasthan_27.8664_76.7956,2024,27.0,0.0,Rajasthan,Khairthal-Tijara,0.5000000000000001,27.5,28.5,22.7,27.0,0.0,0.0,Critical,Critical,FUTURE_CRITICAL,FUTURE_CRITICAL
Assam_26.4481_93.9717,2024,2.3,94.73684210526318,Assam,Golaghat,-0.3,1.9999999999999998,1.4,2.2,4.1,100.0,100.0,Safe,Safe,STABLE,STABLE
Assam_26.43_92.0208,2024,3.7,50.0,Assam,Darrang,-3.9650822308041306e-17,3.7,3.7,3.0,4.4,50.0,50.0,Watch,Watch,STABLE,STABLE
Assam_27.475_95.3667,2024,4.8,47.61904761904763,Assam,Tinsukia,0.07499999999999996,4.875,5.0249999999999995,3.7,5.8,44.047619047619044,36.904761904761926,Stressed,Stressed,STABLE,STABLE
Assam_27.4667_95.0681,2024,4.7,90.90909090909086,Assam,Dibrugarh,-0.025000000000000022,4.675,4.625,4.6,5.7,93.18181818181816,97.72727272727269,Safe,Safe,STABLE,STABLE
Assam_27.4931_95.26,2024,2.6,100.0,Assam,Tinsukia,-0.2375,2.3625000000000003,1.8875000000000002,2.6,4.5,100.0,100.0,Safe,Safe,STABLE,STABLE
Assam_27.4875_95.1917,2024,4.8,58.333333333333336,Assam,Dibrugarh,-0.0625,4.7375,4.6125,4.3,5.5,63.54166666666667,73.95833333333334,Watch,Watch,STABLE,RECOVERY_EXPECTED
Assam_27.5231_94.5224,2024,2.7,71.4285714285714,Assam,Dhemaji,-0.06249999999999997,2.6375,2.5125,2.5,3.2,80.35714285714283,98.2142857142857,Safe,Safe,STABLE,RECOVERY_EXPECTED
Rajasthan_27.8644_74.8614,2024,42.2,70.83333333333319,Rajasthan,Sikar,-0.28333333333333266,41.91666666666667,41.35,41.5,43.9,82.63888888888869,100.0,Safe,Safe,RECOVERY_EXPECTED,RECOVERY_EXPECTED
Rajasthan_26.7136_75.8903,2024,23.8,20.58823529411763,Rajasthan,Jaipur (Gramin),0.6285714285714289,24.42857142857143,25.685714285714287,18.4,25.2,11.34453781512601,0.0,Critical,Critical,FUTURE_CRITICAL,FUTURE_CRITICAL
Rajasthan_26.7122_71.4325,2024,39.1,7.317073170731636,Rajasthan,Jaisalmer,-0.049999999999999524,39.050000000000004,38.95,35.3,39.4,8.536585365853522,10.975609756097448,Critical,Critical,FUTURE_CRITICAL,FUTURE_CRITICAL
Rajasthan_26.7275_75.5044,2024,5.8,98.30508474576271,Rajasthan,Dudu,0.019999999999999928,5.819999999999999,5.859999999999999,5.7,11.6,97.96610169491527,97.28813559322035,Safe,Safe,STABLE,STABLE
Rajasthan_26.7175_76.6886,2024,5.3,52.4390243902439,Rajasthan,Gangapurcity,0.3428571428571428,5.642857142857142,6.328571428571428,1.4,9.6,48.257839721254356,39.89547038327525,Stressed,Stressed,STABLE,STABLE
Rajasthan_26.7167_71.3083,2024,33.8,8.000000000000117,Rajasthan,Jaisalmer,0.2,34.0,34.4,31.5,34.0,0.0,0.0,Critical,Critical,FUTURE_CRITICAL,FUTURE_CRITICAL
Rajasthan_26.7458_71.5042,2024,7.3,93.90243902439023,Rajasthan,Jaisalmer,-0.6714285714285716,6.628571428571428,5.285714285714285,6.8,15.0,100.0,100.0,Safe,Safe,STABLE,STABLE
Rajasthan_27.8392_74.8922,2024,45.3,0.0,Rajasthan,Sikar,0.09230769230769198,45.39230769230769,45.57692307692307,43.5,45.3,0.0,0.0,Critical,Critical,FUTURE_CRITICAL,FUTURE_CRITICAL
West Bengal_26.547_88.8263,2024,3.4,0.0,West Bengal,Jalpaiguri,0.19999999999999996,3.5999999999999996,4.0,0.5,3.4,0.0,0.0,Critical,Critical,FUTURE_CRITICAL,FUTURE_CRITICAL
Assam_27.3_95.8583,2024,4.4,39.99999999999999,Assam,Tinsukia,0.08750000000000002,4.487500000000001,4.6625000000000005,3.2,5.2,35.62499999999997,26.874999999999982,Stressed,Stressed,STABLE,STABLE
Assam_27.4374_94.2982,2024,2.6,0.0,Assam,Lakhimpur,0.012499999999999987,2.6125000000000003,2.6375,2.2,2.6,0.0,0.0,Critical,Critical,FUTURE_CRITICAL,FUTURE_CRITICAL
Assam_27.4306_94.2625,2024,3.0,50.0,Assam,Dhemaji,0.12499999999999999,3.125,3.375,2.0,4.0,43.75,31.25,Stressed,Stressed,STABLE,EARLY_DEPLETION_WARNING
Assam_27.44_94.21,2024,3.4,100.0,Assam,Lakhimpur,-0.28333333333333327,3.1166666666666667,2.55,3.4,5.1,100.0,100.0,Safe,Safe,STABLE,STABLE
Assam_27.4417_94.2833,2024,2.4,100.0,Assam,Lakhimpur,-0.11249999999999998,2.2875,2.0625,2.4,3.3,100.0,100.0,Safe,Safe,STABLE,STABLE
West Bengal_26.5472_88.6086,2024,2.6,66.66666666666666,West Bengal,Jalpaiguri,-0.06666666666666665,2.533333333333333,2.4000000000000004,2.3,3.2,74.07407407407408,88.88888888888884,Watch,Safe,STABLE,RECOVERY_EXPECTED
West Bengal_26.5442_89.1055,2024,3.1,15.999999999999993,West Bengal,Jalpaiguri,-0.03333333333333329,3.066666666666667,3.0,1.0,3.5,17.33333333333332,19.999999999999996,Critical,Critical,FUTURE_CRITICAL,FUTURE_CRITICAL
Rajasthan_26.7333_77.0333,2024,1.2,59.09090909090911,Rajasthan,Karauli,0.13999999999999999,1.3399999999999999,1.6199999999999999,0.3,2.5,52.727272727272734,40.000000000000014,Watch,Stressed,STABLE,EARLY_DEPLETION_WARNING
Rajasthan_26.755_77.5972,2024,7.1,54.28571428571429,Rajasthan,Dholpur,0.2285714285714285,7.328571428571428,7.785714285714285,5.5,9.0,47.75510204081633,34.693877551020435,Stressed,Stressed,STABLE,EARLY_DEPLETION_WARNING
Rajasthan_26.7556_75.8994,2024,13.9,28.57142857142859,Rajasthan,Jaipur (Gramin),0.12857142857142861,14.028571428571428,14.285714285714286,12.9,14.3,19.38775510204087,1.0204081632653073,Critical,Critical,FUTURE_CRITICAL,FUTURE_CRITICAL
Rajasthan_26.7836_75.4139,2024,6.2,76.59574468085107,Rajasthan,Dudu,0.08000000000000003,6.28,6.44,5.1,9.8,74.8936170212766,71.48936170212765,Watch,Watch,STABLE,STABLE
Rajasthan_26.7833_76.2167,2024,36.2,82.14285714285714,Rajasthan,Dausa,-1.0,35.2,33.2,34.7,43.1,94.04761904761905,100.0,Safe,Safe,RECOVERY_EXPECTED,RECOVERY_EXPECTED
Rajasthan_26.7625_71.6042,2024,5.7,47.36842105263158,Rajasthan,Jaisalmer,-0.014285714285714223,5.685714285714286,5.6571428571428575,3.7,7.5,47.744360902255636,48.49624060150375,Stressed,Stressed,STABLE,STABLE
Rajasthan_26.7_77.8917,2024,11.2,100.0,Rajasthan,Dholpur,-0.2857142857142857,10.914285714285713,10.342857142857142,11.2,14.2,100.0,100.0,Safe,Safe,STABLE,STABLE
West Bengal_26.5557_88.1924,2024,8.6,0.0,West Bengal,Darjeeling,0.38333333333333336,8.983333333333333,9.75,3.5,8.6,0.0,0.0,Critical,Critical,FUTURE_CRITICAL,FUTURE_CRITICAL
West Bengal_26.5506_88.1778,2024,2.7,58.33333333333333,West Bengal,Darjeeling,0.0833333333333333,2.7833333333333337,2.95,2.2,3.4,51.388888888888864,37.499999999999986,Watch,Stressed,STABLE,EARLY_DEPLETION_WARNING
Assam_27.3311_95.8531,2024,5.3,100.0,Assam,Tinsukia,-2.7755575615628914e-17,5.3,5.3,5.3,6.7,100.0,100.0,Safe,Safe,STABLE,STABLE
Assam_27.3986_94.8819,2024,4.5,66.66666666666667,Assam,Dibrugarh,1.3877787807814457e-17,4.5,4.5,4.3,4.9,66.66666666666667,66.66666666666667,Watch,Watch,STABLE,STABLE
Assam_27.3936_95.8992,2024,3.4,76.92307692307693,Assam,Tinsukia,-0.07499999999999998,3.3249999999999997,3.175,2.8,5.4,79.8076923076923,85.57692307692308,Safe,Safe,STABLE,STABLE
Assam_27.4134_94.4272,2024,0.8,50.0,Assam,Dhemaji,-0.06000000000000003,0.74,0.6199999999999999,0.5,1.1,60.00000000000001,80.00000000000003,Watch,Safe,RECOVERY_EXPECTED,RECOVERY_EXPECTED
Assam_27.4029_94.1746,2024,2.4,0.0,Assam,Lakhimpur,0.07142857142857142,2.4714285714285715,2.6142857142857143,1.6,2.4,0.0,0.0,Critical,Critical,FUTURE_CRITICAL,FUTURE_CRITICAL
West Bengal_26.5504_88.8071,2024,4.4,6.249999999999978,West Bengal,Jalpaiguri,0.25000000000000006,4.65,5.15,2.9,4.5,0.0,0.0,Critical,Critical,FUTURE_CRITICAL,FUTURE_CRITICAL
West Bengal_26.5647_88.8194,2024,4.1,14.70588235294118,West Bengal,Jalpaiguri,0.0,4.1,4.1,1.2,4.6,14.70588235294118,14.70588235294118,Critical,Critical,FUTURE_CRITICAL,FUTURE_CRITICAL
West Bengal_26.5596_88.1205,2024,3.0,40.000000000000036,West Bengal,Darjeeling,0.049999999999999954,3.05,3.15,2.7,3.2,30.00000000000007,10.000000000000053,Stressed,Critical,STABLE,FUTURE_CRITICAL
Assam_27.3156_95.8553,2024,2.3,100.0,Assam,Tinsukia,-0.3,1.9999999999999998,1.4,2.3,5.7,100.0,100.0,Safe,Safe,STABLE,STABLE
Assam_27.2944_94.1528,2024,1.2,100.0,Assam,Lakhimpur,-0.07142857142857138,1.1285714285714286,0.9857142857142858,1.2,1.7,100.0,100.0,Safe,Safe,STABLE,STABLE
Assam_27.3235_94.1356,2024,1.5,0.0,Assam,Lakhimpur,0.0571428571428571,1.5571428571428572,1.6714285714285713,1.1,1.5,0.0,0.0,Critical,Critical,FUTURE_CRITICAL,FUTURE_CRITICAL
Assam_27.3167_94.95,2024,3.6,55.555555555555536,Assam,Dibrugarh,-0.012500000000000025,3.5875,3.5625,3.2,4.1,56.94444444444444,59.72222222222221,Watch,Watch,STABLE,STABLE
Assam_27.3917_95.6417,2024,1.5,73.33333333333334,Assam,Tinsukia,-0.12499999999999999,1.375,1.125,1.1,2.6,81.66666666666667,98.33333333333334,Safe,Safe,STABLE,RECOVERY_EXPECTED
West Bengal_26.5479_88.1662,2024,2.3,66.66666666666667,West Bengal,Darjeeling,-0.13333333333333336,2.1666666666666665,1.8999999999999997,1.9,3.1,77.77777777777779,100.0,Safe,Safe,RECOVERY_EXPECTED,RECOVERY_EXPECTED
West Bengal_26.5558_88.1922,2024,3.9,0.0,West Bengal,Darjeeling,0.016666666666666663,3.9166666666666665,3.9499999999999997,3.1,3.9,0.0,0.0,Critical,Critical,FUTURE_CRITICAL,FUTURE_CRITICAL
Rajasthan_26.7_77.0167,2024,4.9,79.24528301886791,Rajasthan,Karauli,0.15714285714285722,5.057142857142858,5.371428571428572,3.8,9.1,76.28032345013476,70.35040431266846,Safe,Watch,STABLE,STABLE
Rajasthan_27.7622_72.1639,2024,18.7,0.0,Rajasthan,Bikaner,0.3000000000000001,19.0,19.6,12.4,18.7,0.0,0.0,Critical,Critical,FUTURE_CRITICAL,FUTURE_CRITICAL
Andhra Pradesh_16.562_81.9956,2024,2.2,37.49999999999998,Andhra Pradesh,Dr. B.R. Ambedkar KonaseemaAmalapuram,0.016666666666666625,2.216666666666667,2.25,1.2,2.8,36.458333333333314,34.374999999999986,Stressed,Stressed,STABLE,STABLE
Andhra Pradesh_16.5582_81.5017,2024,1.6,24.99999999999999,Andhra Pradesh,West Godavari,0.022222222222222254,1.6222222222222222,1.666666666666667,1.0,1.8,22.22222222222222,16.66666666666663,Critical,Critical,FUTURE_CRITICAL,FUTURE_CRITICAL
Rajasthan_26.8106_75.4786,2024,23.2,73.4375,Rajasthan,Dudu,0.33999999999999986,23.54,24.22,21.5,27.9,68.12500000000001,57.50000000000001,Watch,Watch,STABLE,EARLY_DEPLETION_WARNING
Rajasthan_26.8056_71.9042,2024,15.5,100.0,Rajasthan,Jaisalmer,-0.6142857142857142,14.885714285714286,13.657142857142858,15.5,25.3,100.0,100.0,Safe,Safe,STABLE,STABLE
Rajasthan_26.825_70.5233,2024,4.9,100.0,Rajasthan,Jaisalmer,-0.057142857142857065,4.842857142857143,4.7285714285714295,4.9,11.2,100.0,100.0,Safe,Safe,STABLE,STABLE
Rajasthan_26.8208_73.3375,2024,43.5,56.716417910447745,Rajasthan,Jodhpur (Gramin),-0.7599999999999995,42.74,41.22,40.6,47.3,68.05970149253729,90.74626865671644,Watch,Safe,RECOVERY_EXPECTED,RECOVERY_EXPECTED
Rajasthan_26.8167_77.6861,2024,2.1,65.21739130434783,Rajasthan,Dholpur,0.3199999999999999,2.42,3.0599999999999996,0.5,5.1,58.26086956521739,44.34782608695652,Watch,Stressed,STABLE,EARLY_DEPLETION_WARNING
Rajasthan_27.7128_74.8211,2024,45.6,12.82051282051283,Rajasthan,Sikar,0.42857142857142855,46.02857142857143,46.885714285714286,42.2,46.1,1.8315018315017806,0.0,Critical,Critical,FUTURE_CRITICAL,FUTURE_CRITICAL
Rajasthan_27.7_77.0833,2024,6.0,68.05555555555556,Rajasthan,Deeg,0.2833333333333334,6.283333333333333,6.85,3.7,10.9,64.12037037037037,56.250000000000014,Watch,Watch,STABLE,STABLE
Rajasthan_27.7822_77.2267,2024,11.4,0.0,Rajasthan,Deeg,0.5,11.9,12.9,6.7,11.4,0.0,0.0,Critical,Critical,FUTURE_CRITICAL,FUTURE_CRITICAL
Andhra Pradesh_16.5933_81.9523,2024,1.9,100.0,Andhra Pradesh,Dr. B.R. Ambedkar KonaseemaAmbajipeta,-0.25,1.65,1.15,1.9,3.4,100.0,100.0,Safe,Safe,STABLE,STABLE
Andhra Pradesh_16.5896_80.522,2024,1.8,14.28571428571429,Andhra Pradesh,Ntr,0.12500000000000003,1.925,2.1750000000000003,0.0,2.1,8.333333333333337,0.0,Critical,Critical,FUTURE_CRITICAL,FUTURE_CRITICAL
Rajasthan_27.6547_77.0633,2024,10.7,0.0,Rajasthan,Deeg,0.18333333333333338,10.883333333333333,11.25,7.7,10.7,0.0,0.0,Critical,Critical,FUTURE_CRITICAL,FUTURE_CRITICAL
West Bengal_26.5792_88.5984,2024,6.3,66.66666666666667,West Bengal,Jalpaiguri,-0.01666666666666675,6.283333333333333,6.25,6.1,6.7,69.44444444444443,74.99999999999996,Watch,Watch,STABLE,STABLE
West Bengal_26.5751_88.175,2024,2.7,19.99999999999993,West Bengal,Darjeeling,0.016666666666666663,2.716666666666667,2.75,2.3,2.8,16.666666666666607,9.999999999999964,Critical,Critical,FUTURE_CRITICAL,FUTURE_CRITICAL
Assam_27.125_93.9083,2024,1.9,0.0,Assam,Lakhimpur,-2.42861286636753e-17,1.9,1.9,1.4,1.9,0.0,0.0,Critical,Critical,FUTURE_CRITICAL,FUTURE_CRITICAL
Assam_26.4657_92.4718,2024,3.2,77.77777777777776,Assam,Nagaon,-0.03749999999999998,3.1625,3.0875000000000004,3.0,3.9,81.94444444444443,90.27777777777773,Safe,Safe,STABLE,STABLE
Assam_26.4536_92.4117,2024,4.3,100.0,Assam,Marigaon,-0.2,4.1,3.6999999999999997,4.3,5.3,100.0,100.0,Safe,Safe,STABLE,STABLE
Assam_27.2437_95.4099,2024,0.9,100.0,Assam,Tinsukia,-0.19999999999999998,0.7000000000000001,0.30000000000000004,0.9,3.4,100.0,100.0,Safe,Safe,STABLE,STABLE
Assam_27.1958_94.7486,2024,1.5,87.5,Assam,Sivasagar,-0.26250000000000007,1.2374999999999998,0.7124999999999998,1.2,3.6,98.43750000000001,100.0,Safe,Safe,RECOVERY_EXPECTED,STABLE
Assam_27.2917_95.625,2024,2.2,93.75,Assam,Tinsukia,-0.03333333333333329,2.166666666666667,2.1000000000000005,2.1,3.7,95.83333333333333,99.99999999999997,Safe,Safe,STABLE,STABLE
Rajasthan_27.7203_71.9806,2024,17.0,0.0,Rajasthan,Jaisalmer,0.7600000000000001,17.76,19.28,13.1,17.0,0.0,0.0,Critical,Critical,FUTURE_CRITICAL,FUTURE_CRITICAL
Rajasthan_26.825_76.9333,2024,29.7,0.0,Rajasthan,Karauli,1.7571428571428573,31.457142857142856,34.971428571428575,17.4,29.7,0.0,0.0,Critical,Critical,FUTURE_CRITICAL,FUTURE_CRITICAL
Rajasthan_26.8722_72.05,2024,18.3,38.095238095238045,Rajasthan,Jaisalmer,-0.26666666666666633,18.033333333333335,17.5,15.7,19.9,44.44444444444437,57.14285714285712,Stressed,Watch,STABLE,RECOVERY_EXPECTED
Rajasthan_26.8678_76.4,2024,26.8,40.29850746268656,Rajasthan,Dausa,0.8,27.6,29.200000000000003,22.8,29.5,28.358208955223862,4.477611940298464,Stressed,Critical,EARLY_DEPLETION_WARNING,FUTURE_CRITICAL
Rajasthan_26.8583_77.7167,2024,3.0,84.21052631578947,Rajasthan,Dholpur,-0.34285714285714297,2.657142857142857,1.971428571428571,2.4,6.2,93.23308270676692,100.0,Safe,Safe,STABLE,RECOVERY_EXPECTED
Rajasthan_26.8961_77.9172,2024,29.2,53.191489361702146,Rajasthan,Dholpur,-0.21666666666666679,28.983333333333334,28.549999999999997,22.6,36.7,54.728132387706864,57.80141843971634,Watch,Watch,STABLE,STABLE
Rajasthan_26.8958_76.325,2024,18.5,50.58139534883721,Rajasthan,Dausa,1.2142857142857142,19.714285714285715,22.142857142857142,10.0,27.2,43.52159468438538,29.401993355481725,Stressed,Stressed,STABLE,EARLY_DEPLETION_WARNING
Rajasthan_26.9044_77.3761,2024,3.0,50.0,Rajasthan,Bharatpur,-3.96508223080413e-18,3.0,3.0,2.3,3.7,50.0,50.0,Watch,Watch,STABLE,STABLE
West Bengal_26.6143_89.0092,2024,5.2,0.0,West Bengal,Jalpaiguri,0.20000000000000004,5.4,5.800000000000001,2.9,5.2,0.0,0.0,Critical,Critical,FUTURE_CRITICAL,FUTURE_CRITICAL
West Bengal_26.6024_88.1795,2024,5.4,85.71428571428564,West Bengal,Darjeeling,-0.016666666666666607,5.383333333333334,5.3500000000000005,5.3,6.0,88.09523809523802,92.85714285714276,Safe,Safe,STABLE,STABLE
Assam_27.0333_93.9083,2024,2.9,78.94736842105264,Assam,Lakhimpur,-0.08750000000000002,2.8125,2.6374999999999997,2.5,4.4,83.55263157894737,92.76315789473686,Safe,Safe,STABLE,STABLE
Assam_27.0473_93.9472,2024,4.5,0.0,Assam,Lakhimpur,-2.42861286636753e-17,4.5,4.5,3.9,4.5,0.0,0.0,Critical,Critical,FUTURE_CRITICAL,FUTURE_CRITICAL
Assam_27.1225_93.8556,2024,2.6,83.33333333333333,Assam,Lakhimpur,-0.03749999999999998,2.5625,2.4875000000000003,2.5,3.1,89.58333333333334,100.0,Safe,Safe,STABLE,RECOVERY_EXPECTED
Assam_27.0833_95.2,2024,4.1,0.0,Assam,Charaideo,0.1571428571428571,4.257142857142857,4.571428571428571,2.3,4.1,0.0,0.0,Critical,Critical,FUTURE_CRITICAL,FUTURE_CRITICAL
Assam_27.1458_94.7472,2024,5.0,0.0,Assam,Sivasagar,0.16249999999999998,5.1625,5.4875,2.6,5.0,0.0,0.0,Critical,Critical,FUTURE_CRITICAL,FUTURE_CRITICAL
West Bengal_26.6576_88.1822,2024,1.8,100.0,West Bengal,Darjeeling,-0.26,1.54,1.02,1.8,3.1,100.0,100.0,Safe,Safe,STABLE,STABLE
West Bengal_26.6561_88.1817,2024,3.2,100.0,West Bengal,Darjeeling,-0.06666666666666664,3.1333333333333337,3.0000000000000004,3.2,3.7,100.0,100.0,Safe,Safe,STABLE,STABLE
Assam_26.88_93.6099,2024,1.7,0.0,Assam,Biswanath,0.08571428571428573,1.7857142857142856,1.957142857142857,0.9,1.7,0.0,0.0,Critical,Critical,FUTURE_CRITICAL,FUTURE_CRITICAL
Assam_26.8678_93.4164,2024,2.7,0.0,Assam,Biswanath,0.03750000000000002,2.7375000000000003,2.8125000000000004,2.3,2.7,0.0,0.0,Critical,Critical,FUTURE_CRITICAL,FUTURE_CRITICAL
Assam_26.8667_92.8125,2024,2.8,50.0,Assam,Sonitpur,-0.125,2.675,2.425,1.8,3.8,56.25,68.75,Watch,Watch,STABLE,RECOVERY_EXPECTED
Assam_26.9917_94.6333,2024,0.8,88.88888888888889,Assam,Sivasagar,-0.5333333333333333,0.2666666666666667,0.0,0.4,4.0,100.0,100.0,Safe,Safe,RECOVERY_EXPECTED,STABLE
Assam_26.9014_93.7081,2024,1.7,0.0,Assam,Biswanath,0.08571428571428573,1.7857142857142856,1.957142857142857,0.9,1.7,0.0,0.0,Critical,Critical,FUTURE_CRITICAL,FUTURE_CRITICAL
Assam_27.0424_93.8104,2024,1.4,0.0,Assam,Lakhimpur,0.07499999999999997,1.4749999999999999,1.6249999999999998,0.6,1.4,0.0,0.0,Critical,Critical,FUTURE_CRITICAL,FUTURE_CRITICAL
West Bengal_26.5715_88.8089,2024,3.4,7.692307692307699,West Bengal,Jalpaiguri,0.19999999999999993,3.5999999999999996,3.9999999999999996,2.2,3.5,0.0,0.0,Critical,Critical,FUTURE_CRITICAL,FUTURE_CRITICAL
West Bengal_26.6281_88.7755,2024,1.6,57.14285714285714,West Bengal,Jalpaiguri,-0.03333333333333332,1.5666666666666669,1.5000000000000002,1.3,2.0,61.904761904761884,71.4285714285714,Watch,Watch,STABLE,STABLE
Rajasthan_27.6347_70.2444,2024,42.0,0.0,Rajasthan,Jaisalmer,0.14285714285714288,42.142857142857146,42.42857142857143,39.0,42.0,0.0,0.0,Critical,Critical,FUTURE_CRITICAL,FUTURE_CRITICAL
Rajasthan_27.6917_76.3556,2024,40.2,0.0,Rajasthan,Kotputli-Behror,2.1428571428571432,42.34285714285715,46.62857142857143,25.2,40.2,0.0,0.0,Critical,Critical,FUTURE_CRITICAL,FUTURE_CRITICAL
Rajasthan_26.8_75.4433,2024,5.1,100.0,Rajasthan,Dudu,-0.6142857142857144,4.485714285714285,3.2571428571428562,5.1,15.0,100.0,100.0,Safe,Safe,STABLE,STABLE
Rajasthan_26.9333_75.7792,2024,32.4,97.67441860465118,Rajasthan,Jaipur,-1.8000000000000003,30.599999999999998,27.0,32.1,45.0,100.0,100.0,Safe,Safe,STABLE,STABLE
Rajasthan_26.9167_77.0167,2024,10.0,100.0,Rajasthan,Dausa,-0.82,9.18,7.54,10.0,23.4,100.0,100.0,Safe,Safe,STABLE,STABLE
Rajasthan_26.9125_70.835,2024,16.0,3.7037037037037535,Rajasthan,Jaisalmer,0.04285714285714293,16.042857142857144,16.12857142857143,13.4,16.1,2.116402116402105,0.0,Critical,Critical,FUTURE_CRITICAL,FUTURE_CRITICAL
Rajasthan_26.935_78.1375,2024,40.7,2.1897810218977853,Rajasthan,Dholpur,1.428571428571429,42.12857142857143,44.98571428571429,27.3,41.0,0.0,0.0,Critical,Critical,FUTURE_CRITICAL,FUTURE_CRITICAL
Rajasthan_26.9333_76.85,2024,38.8,15.384615384615385,Rajasthan,Karauli,4.3999999999999995,43.199999999999996,50.0,8.0,44.4,3.296703296703307,0.0,Critical,Critical,FUTURE_CRITICAL,FUTURE_CRITICAL
Rajasthan_27.6167_74.77,2024,44.8,3.2258064516129448,Rajasthan,Sikar,1.2857142857142858,46.08571428571428,48.65714285714286,35.8,45.1,0.0,0.0,Critical,Critical,FUTURE_CRITICAL,FUTURE_CRITICAL
West Bengal_26.6972_88.3699,2024,1.6,100.0,West Bengal,Darjeeling,-0.09999999999999994,1.5000000000000002,1.3000000000000003,1.6,3.6,100.0,100.0,Safe,Safe,STABLE,STABLE
West Bengal_26.6848_88.2022,2024,3.4,22.222222222222243,West Bengal,Darjeeling,0.06666666666666664,3.4666666666666663,3.5999999999999996,2.7,3.6,14.81481481481486,4.440892098500626e-14,Critical,Critical,FUTURE_CRITICAL,FUTURE_CRITICAL
Assam_26.8447_92.3211,2024,3.4,60.86956521739131,Assam,Udalguri,-0.08571428571428573,3.314285714285714,3.142857142857143,2.5,4.8,64.59627329192547,72.04968944099379,Watch,Watch,STABLE,STABLE
Assam_26.8667_92.775,2024,3.3,98.03921568627452,Assam,Sonitpur,-0.01249999999999996,3.2874999999999996,3.2624999999999997,3.2,8.3,98.28431372549021,98.77450980392157,Safe,Safe,STABLE,STABLE
Assam_26.85_93.4658,2024,2.1,0.0,Assam,Biswanath,0.0125,2.1125000000000003,2.1375,1.0,2.1,0.0,0.0,Critical,Critical,FUTURE_CRITICAL,FUTURE_CRITICAL
Assam_26.475_90.9028,2024,2.2,81.24999999999997,Assam,Barpeta,-0.07499999999999996,2.125,1.9750000000000003,1.9,3.5,85.9375,95.31249999999997,Safe,Safe,STABLE,STABLE
Assam_26.4667_90.8083,2024,5.6,0.0,Assam,Bongaigaon,0.35,5.949999999999999,6.6499999999999995,2.3,5.6,0.0,0.0,Critical,Critical,FUTURE_CRITICAL,FUTURE_CRITICAL
West Bengal_26.6719_88.7622,2024,2.5,100.0,West Bengal,Jalpaiguri,-0.09999999999999998,2.4,2.2,2.5,3.1,100.0,100.0,Safe,Safe,STABLE,STABLE
Rajasthan_27.6125_72.0333,2024,24.9,0.0,Rajasthan,Jaisalmer,0.6166666666666666,25.516666666666666,26.75,21.0,24.9,0.0,0.0,Critical,Critical,FUTURE_CRITICAL,FUTURE_CRITICAL
Rajasthan_27.6458_72.125,2024,26.6,91.66666666666666,Rajasthan,Jaisalmer,0.12857142857142886,26.72857142857143,26.985714285714288,25.7,36.5,90.47619047619044,88.09523809523807,Safe,Safe,STABLE,STABLE
Rajasthan_26.9639_77.39,2024,7.3,10.869565217391308,Rajasthan,Bharatpur,0.5857142857142856,7.885714285714285,9.057142857142857,3.2,7.8,0.0,0.0,Critical,Critical,FUTURE_CRITICAL,FUTURE_CRITICAL
Rajasthan_26.95_77.3833,2024,5.4,25.0,Rajasthan,Bharatpur,-0.05999999999999996,5.340000000000001,5.220000000000001,3.9,5.9,27.999999999999968,33.99999999999997,Stressed,Stressed,STABLE,STABLE
Rajasthan_26.9417_70.9097,2024,32.9,100.0,Rajasthan,Jaisalmer,-0.5714285714285714,32.32857142857143,31.185714285714283,32.9,37.5,100.0,100.0,Safe,Safe,STABLE,STABLE
Andhra Pradesh_16.5882_81.9738,2024,3.7,55.555555555555536,Andhra Pradesh,Dr. B.R. Ambedkar KonaseemaAmalapuram,-0.06666666666666654,3.6333333333333337,3.5000000000000004,3.3,4.2,62.96296296296291,77.77777777777773,Watch,Safe,STABLE,RECOVERY_EXPECTED
Andhra Pradesh_16.5879_81.8885,2024,3.7,0.0,Andhra Pradesh,Dr. B.R. Ambedkar KonaseemaRavulapalem,0.20000000000000004,3.9000000000000004,4.300000000000001,1.7,3.7,0.0,0.0,Critical,Critical,FUTURE_CRITICAL,FUTURE_CRITICAL
Rajasthan_27.5833_76.8097,2024,31.9,0.0,Rajasthan,Alwar,1.2857142857142858,33.18571428571428,35.75714285714285,22.9,31.9,0.0,0.0,Critical,Critical,FUTURE_CRITICAL,FUTURE_CRITICAL
Rajasthan_27.57_77.3,2024,7.2,48.86363636363637,Rajasthan,Deeg,-0.2857142857142857,6.914285714285715,6.342857142857143,2.7,11.5,52.1103896103896,58.603896103896105,Watch,Watch,STABLE,STABLE
Rajasthan_26.9667_76.3333,2024,16.7,0.0,Rajasthan,Dausa,1.72,18.419999999999998,21.86,8.1,16.7,0.0,0.0,Critical,Critical,FUTURE_CRITICAL,FUTURE_CRITICAL
Rajasthan_26.9806_76.2833,2024,17.4,0.0,Rajasthan,Dausa,1.6666666666666663,19.066666666666666,22.4,7.4,17.4,0.0,0.0,Critical,Critical,FUTURE_CRITICAL,FUTURE_CRITICAL
Rajasthan_26.975_76.9556,2024,17.9,4.081632653061284,Rajasthan,Dausa,0.7833333333333332,18.68333333333333,20.25,13.2,18.1,0.0,0.0,Critical,Critical,FUTURE_CRITICAL,FUTURE_CRITICAL
Rajasthan_26.975_76.2917,2024,15.9,0.0,Rajasthan,Dausa,1.2714285714285716,17.17142857142857,19.714285714285715,6.6,15.9,0.0,0.0,Critical,Critical,FUTURE_CRITICAL,FUTURE_CRITICAL
Rajasthan_26.9833_75.8667,2024,12.4,0.0,Rajasthan,Jaipur,0.3714285714285714,12.771428571428572,13.514285714285714,7.7,12.4,0.0,0.0,Critical,Critical,FUTURE_CRITICAL,FUTURE_CRITICAL
Rajasthan_27.5703_74.4333,2024,29.2,0.0,Rajasthan,Didwana-Kuchaman,1.0333333333333332,30.233333333333334,32.3,23.0,29.2,0.0,0.0,Critical,Critical,FUTURE_CRITICAL,FUTURE_CRITICAL
West Bengal_26.6998_88.7639,2024,2.9,33.33333333333338,West Bengal,Jalpaiguri,-2.3129646346357427e-18,2.9,2.9,2.7,3.0,33.33333333333338,33.33333333333338,Stressed,Stressed,STABLE,STABLE
Assam_26.75_93.1875,2024,8.6,0.0,Assam,Biswanath,0.08333333333333331,8.683333333333334,8.85,8.1,8.6,0.0,0.0,Critical,Critical,FUTURE_CRITICAL,FUTURE_CRITICAL
Assam_26.8142_92.8344,2024,2.0,94.44444444444444,Assam,Sonitpur,-0.025000000000000012,1.975,1.925,1.9,3.7,95.83333333333333,98.6111111111111,Safe,Safe,STABLE,STABLE
Assam_26.7903_94.3022,2024,1.5,50.0,Assam,Jorhat,-0.024999999999999994,1.475,1.425,1.1,1.9,53.124999999999986,59.375,Watch,Watch,STABLE,STABLE
Assam_26.8225_92.7861,2024,1.8,21.42857142857143,Assam,Sonitpur,-0.03749999999999999,1.7625,1.6875,0.7,2.1,24.10714285714286,29.464285714285722,Critical,Stressed,FUTURE_CRITICAL,STABLE
Assam_26.8186_94.1717,2024,2.0,80.95238095238095,Assam,Jorhat,-0.11249999999999999,1.8875,1.6625,1.6,3.7,86.30952380952381,97.02380952380952,Safe,Safe,STABLE,RECOVERY_EXPECTED
Assam_26.8493_93.4652,2024,2.1,0.0,Assam,Biswanath,0.0125,2.1125000000000003,2.1375,1.0,2.1,0.0,0.0,Critical,Critical,FUTURE_CRITICAL,FUTURE_CRITICAL
West Bengal_26.6974_88.3173,2024,5.8,19.354838709677434,West Bengal,Darjeeling,-0.040000000000000036,5.76,5.68,3.3,6.4,20.6451612903226,23.225806451612918,Critical,Critical,FUTURE_CRITICAL,FUTURE_CRITICAL
West Bengal_26.705_88.4266,2024,6.1,76.11940298507463,West Bengal,Darjeeling,-0.85,5.25,3.55,4.5,11.2,88.80597014925374,100.0,Safe,Safe,RECOVERY_EXPECTED,RECOVERY_EXPECTED
West Bengal_26.7054_88.2132,2024,0.9,83.33333333333334,West Bengal,Darjeeling,0.01666666666666666,0.9166666666666666,0.95,0.8,1.4,80.55555555555556,75.00000000000001,Safe,Safe,STABLE,STABLE
West Bengal_26.7029_89.0246,2024,3.0,79.99999999999999,West Bengal,Jalpaiguri,0.0,3.0,3.0,2.9,3.4,79.99999999999999,79.99999999999999,Safe,Safe,STABLE,STABLE
Assam_26.7236_91.9833,2024,4.8,56.52173913043478,Assam,Udalguri,-0.1857142857142857,4.614285714285714,4.242857142857143,3.8,6.1,64.59627329192547,80.74534161490682,Watch,Safe,STABLE,RECOVERY_EXPECTED
Assam_26.7225_94.1772,2024,0.6,100.0,Assam,Jorhat,-0.03333333333333336,0.5666666666666667,0.4999999999999999,0.6,2.2,100.0,100.0,Safe,Safe,STABLE,STABLE
Assam_26.7514_92.1417,2024,2.4,66.66666666666666,Assam,Udalguri,-0.19999999999999998,2.1999999999999997,1.7999999999999998,1.7,3.8,76.1904761904762,95.23809523809524,Safe,Safe,STABLE,RECOVERY_EXPECTED
Assam_26.7472_93.25,2024,7.1,40.000000000000036,Assam,Biswanath,0.02499999999999991,7.125,7.174999999999999,6.8,7.3,34.999999999999964,25.000000000000178,Stressed,Stressed,STABLE,STABLE
West Bengal_26.7021_88.3337,2024,3.2,5.555555555555536,West Bengal,Darjeeling,0.08333333333333333,3.2833333333333337,3.45,1.5,3.3,0.9259259259258967,0.0,Critical,Critical,FUTURE_CRITICAL,FUTURE_CRITICAL
Rajasthan_27.5611_71.08,2024,36.5,76.92307692307688,Rajasthan,Jaisalmer,-0.4,36.1,35.3,35.9,38.5,92.30769230769221,100.0,Safe,Safe,RECOVERY_EXPECTED,RECOVERY_EXPECTED
Rajasthan_27.55_71.7083,2024,11.3,11.999999999999956,Rajasthan,Jaisalmer,0.4400000000000002,11.74,12.620000000000001,9.1,11.6,0.0,0.0,Critical,Critical,FUTURE_CRITICAL,FUTURE_CRITICAL
Rajasthan_27.5969_76.1922,2024,41.4,0.0,Rajasthan,Kotputli-Behror,1.2599999999999993,42.66,45.18,35.1,41.4,0.0,0.0,Critical,Critical,FUTURE_CRITICAL,FUTURE_CRITICAL
Rajasthan_27.0139_77.175,2024,35.6,0.0,Rajasthan,Bharatpur,2.4857142857142853,38.08571428571429,43.05714285714286,14.0,35.6,0.0,0.0,Critical,Critical,FUTURE_CRITICAL,FUTURE_CRITICAL
Rajasthan_26.9833_76.38,2024,32.9,0.0,Rajasthan,Dausa,0.8666666666666666,33.766666666666666,35.5,26.9,32.9,0.0,0.0,Critical,Critical,FUTURE_CRITICAL,FUTURE_CRITICAL
Rajasthan_27.0778_70.8083,2024,39.4,62.50000000000002,Rajasthan,Jaisalmer,0.27142857142857124,39.67142857142857,40.214285714285715,37.0,43.4,58.25892857142857,49.77678571428569,Watch,Stressed,STABLE,STABLE
Rajasthan_27.0333_77.55,2024,10.7,0.0,Rajasthan,Bharatpur,0.48571428571428565,11.185714285714285,12.157142857142857,7.3,10.7,0.0,0.0,Critical,Critical,FUTURE_CRITICAL,FUTURE_CRITICAL
Rajasthan_27.0_71.0542,2024,44.9,0.0,Rajasthan,Jaisalmer,0.6166666666666659,45.516666666666666,46.75,41.2,44.9,0.0,0.0,Critical,Critical,FUTURE_CRITICAL,FUTURE_CRITICAL
Rajasthan_27.0972_76.7867,2024,45.0,0.0,Rajasthan,Dausa,2.5400000000000005,47.54,50.0,32.3,45.0,0.0,0.0,Critical,Critical,FUTURE_CRITICAL,FUTURE_CRITICAL
West Bengal_26.7203_88.3831,2024,7.7,24.193548387096765,West Bengal,Darjeeling,0.06666666666666672,7.766666666666667,7.9,3.0,9.2,23.118279569892465,20.96774193548385,Critical,Critical,FUTURE_CRITICAL,FUTURE_CRITICAL
West Bengal_26.712_88.3076,2024,2.8,66.66666666666676,West Bengal,Darjeeling,0.01666666666666662,2.8166666666666664,2.8499999999999996,2.7,3.0,61.11111111111123,50.000000000000156,Watch,Watch,STABLE,EARLY_DEPLETION_WARNING
Assam_26.4872_90.6333,2024,2.3,57.89473684210527,Assam,Bongaigaon,-0.1375,2.1624999999999996,1.8874999999999997,1.5,3.4,65.13157894736844,79.60526315789475,Watch,Safe,STABLE,RECOVERY_EXPECTED
Assam_26.475_91.2575,2024,2.1,83.87096774193549,Assam,Nalbari,-0.37142857142857144,1.7285714285714286,0.9857142857142858,1.6,4.7,95.85253456221197,100.0,Safe,Safe,RECOVERY_EXPECTED,RECOVERY_EXPECTED
Assam_26.7139_92.2958,2024,2.7,71.4285714285714,Assam,Udalguri,-0.0857142857142857,2.6142857142857143,2.442857142857143,2.3,3.7,77.55102040816325,89.79591836734691,Safe,Safe,STABLE,RECOVERY_EXPECTED
Assam_26.7094_94.2164,2024,1.5,100.0,Assam,Jorhat,-0.2625,1.2375,0.7124999999999999,1.5,3.6,100.0,100.0,Safe,Safe,STABLE,STABLE
Assam_26.7208_91.9167,2024,2.8,46.42857142857143,Assam,Udalguri,0.18749999999999994,2.9875,3.3625,1.3,4.1,39.73214285714286,26.339285714285708,Stressed,Stressed,STABLE,EARLY_DEPLETION_WARNING
Assam_26.7272_94.2106,2024,1.3,67.56756756756756,Assam,Jorhat,-0.4166666666666667,0.8833333333333333,0.050000000000000044,0.1,3.8,78.82882882882882,100.0,Safe,Safe,RECOVERY_EXPECTED,RECOVERY_EXPECTED
Andhra Pradesh_16.566_80.4127,2024,2.1,82.89473684210526,Andhra Pradesh,Palnadu,-0.5777777777777777,1.5222222222222224,0.3666666666666669,0.8,8.4,90.49707602339181,100.0,Safe,Safe,STABLE,RECOVERY_EXPECTED
Andhra Pradesh_16.5661_80.2572,2024,2.9,76.19047619047619,Andhra Pradesh,Palnadu,-0.4,2.5,1.6999999999999997,1.9,6.1,85.71428571428571,100.0,Safe,Safe,STABLE,RECOVERY_EXPECTED
Rajasthan_27.0833_71.55,2024,41.5,0.0,Rajasthan,Jaisalmer,0.057142857142856905,41.55714285714286,41.67142857142857,39.0,41.5,0.0,0.0,Critical,Critical,FUTURE_CRITICAL,FUTURE_CRITICAL
Andhra Pradesh_16.586_81.3882,2024,6.3,3.125000000000011,Andhra Pradesh,West Godavari,0.2777777777777778,6.5777777777777775,7.133333333333333,3.2,6.4,0.0,0.0,Critical,Critical,FUTURE_CRITICAL,FUTURE_CRITICAL
Andhra Pradesh_16.583_81.3889,2024,1.6,22.22222222222222,Andhra Pradesh,West Godavari,0.04444444444444445,1.6444444444444446,1.7333333333333334,0.9,1.8,17.28395061728394,7.4074074074074066,Critical,Critical,FUTURE_CRITICAL,FUTURE_CRITICAL
Rajasthan_27.1181_76.3275,2024,22.4,0.0,Rajasthan,Alwar,1.557142857142857,23.957142857142856,27.07142857142857,11.5,22.4,0.0,0.0,Critical,Critical,FUTURE_CRITICAL,FUTURE_CRITICAL
Rajasthan_27.1144_77.15,2024,41.0,36.45320197044335,Rajasthan,Bharatpur,-0.45000000000000046,40.55,39.65,28.1,48.4,38.66995073891627,43.10344827586208,Stressed,Stressed,STABLE,STABLE
Rajasthan_27.5436_71.2972,2024,33.7,23.52941176470581,Rajasthan,Jaisalmer,0.7800000000000005,34.480000000000004,36.040000000000006,29.8,34.9,8.235294117646951,0.0,Critical,Critical,FUTURE_CRITICAL,FUTURE_CRITICAL
West Bengal_26.7404_88.2218,2024,3.9,100.0,West Bengal,Darjeeling,-0.25000000000000006,3.65,3.1499999999999995,3.9,6.6,100.0,100.0,Safe,Safe,STABLE,STABLE
Assam_26.66_94.1314,2024,1.7,60.00000000000001,Assam,Jorhat,0.016666666666666653,1.7166666666666666,1.75,1.5,2.0,56.666666666666686,50.0,Watch,Watch,STABLE,STABLE
Assam_26.6986_92.2306,2024,3.4,39.02439024390243,Assam,Udalguri,-0.04999999999999999,3.35,3.25,0.9,5.0,40.24390243902438,42.68292682926828,Stressed,Stressed,STABLE,STABLE
Assam_26.6983_94.2069,2024,2.2,54.54545454545454,Assam,Jorhat,0.14285714285714285,2.342857142857143,2.6285714285714286,1.2,3.4,48.051948051948045,35.064935064935064,Stressed,Stressed,STABLE,EARLY_DEPLETION_WARNING
Assam_26.6944_92.5866,2024,3.1,42.85714285714285,Assam,Sonitpur,-0.03749999999999999,3.0625,2.9875000000000003,2.7,3.4,48.21428571428572,58.928571428571395,Stressed,Watch,STABLE,RECOVERY_EXPECTED
Assam_26.7022_92.4744,2024,3.8,25.000000000000032,Assam,Sonitpur,0.012499999999999952,3.8124999999999996,3.8374999999999995,3.2,4.0,23.437500000000057,20.312500000000068,Critical,Critical,FUTURE_CRITICAL,FUTURE_CRITICAL
Assam_26.6_94.2083,2024,2.3,34.782608695652186,Assam,Jorhat,-0.10000000000000006,2.1999999999999997,1.9999999999999996,0.8,3.1,39.1304347826087,47.82608695652175,Stressed,Stressed,STABLE,STABLE
Rajasthan_27.5419_71.1483,2024,22.9,9.433962264150942,Rajasthan,Jaisalmer,-1.3636363636363638,21.536363636363635,18.809090909090905,8.5,24.4,18.01029159519726,35.16295025728991,Critical,Stressed,FUTURE_CRITICAL,RECOVERY_EXPECTED
Rajasthan_27.1483_77.0764,2024,44.0,0.0,Rajasthan,Bharatpur,4.0600000000000005,48.06,50.0,23.7,44.0,0.0,0.0,Critical,Critical,FUTURE_CRITICAL,FUTURE_CRITICAL
Rajasthan_27.1483_77.0761,2024,44.3,0.0,Rajasthan,Bharatpur,3.9799999999999995,48.279999999999994,50.0,24.2,44.3,0.0,0.0,Critical,Critical,FUTURE_CRITICAL,FUTURE_CRITICAL
Rajasthan_27.1267_70.5083,2024,14.4,100.0,Rajasthan,Jaisalmer,-0.45000000000000046,13.95,13.049999999999999,14.4,23.7,100.0,100.0,Safe,Safe,STABLE,STABLE
Rajasthan_27.2083_76.7917,2024,17.4,37.69633507853405,Rajasthan,Alwar,-0.8285714285714282,16.57142857142857,14.914285714285715,5.5,24.6,42.034405385190745,50.71054599850411,Stressed,Watch,STABLE,STABLE
Rajasthan_27.1833_73.75,2024,22.7,100.0,Rajasthan,Nagaur,-0.10000000000000024,22.599999999999998,22.4,22.7,28.1,100.0,100.0,Safe,Safe,STABLE,STABLE
Rajasthan_27.1542_74.3458,2024,18.8,68.90756302521008,Rajasthan,Didwana-Kuchaman,-0.2857142857142857,18.514285714285716,17.942857142857143,15.1,27.0,71.30852340936373,76.11044417767107,Watch,Safe,STABLE,STABLE
Rajasthan_27.2167_77.5,2024,2.1,75.0,Rajasthan,Bharatpur,-0.3333333333333334,1.7666666666666666,1.0999999999999999,0.7,6.3,80.95238095238095,92.85714285714286,Safe,Safe,STABLE,RECOVERY_EXPECTED
West Bengal_26.7911_88.3626,2024,8.1,18.918918918918948,West Bengal,Darjeeling,-0.03333333333333351,8.066666666666666,7.999999999999999,5.1,8.8,19.81981981981984,21.621621621621657,Critical,Critical,FUTURE_CRITICAL,FUTURE_CRITICAL
West Bengal_26.7867_89.0645,2024,6.8,13.333333333333341,West Bengal,Jalpaiguri,-0.020000000000000108,6.779999999999999,6.739999999999999,4.2,7.2,14.000000000000023,15.333333333333366,Critical,Critical,FUTURE_CRITICAL,FUTURE_CRITICAL
West Bengal_26.7674_88.2602,2024,8.2,33.33333333333341,West Bengal,Darjeeling,0.19999999999999987,8.399999999999999,8.799999999999999,7.0,8.8,22.22222222222233,9.992007221626409e-14,Critical,Critical,FUTURE_CRITICAL,FUTURE_CRITICAL
Assam_26.6372_93.6278,2024,3.5,16.666666666666675,Assam,Golaghat,-0.012500000000000011,3.4875,3.4625,2.5,3.7,17.70833333333336,19.791666666666686,Critical,Critical,FUTURE_CRITICAL,FUTURE_CRITICAL
Assam_26.6667_94.3417,2024,1.5,81.25,Assam,Jorhat,-0.16250000000000003,1.3375,1.0125,1.2,2.8,91.40625,100.0,Safe,Safe,RECOVERY_EXPECTED,RECOVERY_EXPECTED
Assam_26.6583_93.175,2024,8.1,0.0,Assam,Biswanath,0.0625,8.1625,8.2875,1.0,8.1,0.0,0.0,Critical,Critical,FUTURE_CRITICAL,FUTURE_CRITICAL
Assam_26.6881_92.3778,2024,2.3,0.0,Assam,Sonitpur,0.05714285714285713,2.3571428571428568,2.471428571428571,1.6,2.3,0.0,0.0,Critical,Critical,FUTURE_CRITICAL,FUTURE_CRITICAL
West Bengal_26.7563_88.2401,2024,6.0,45.454545454545446,West Bengal,Darjeeling,0.18333333333333326,6.183333333333334,6.55,4.8,7.0,37.12121212121211,20.45454545454546,Stressed,Critical,STABLE,FUTURE_CRITICAL
Rajasthan_27.5097_76.9994,2024,36.6,0.0,Rajasthan,Alwar,2.5,39.1,44.1,21.6,36.6,0.0,0.0,Critical,Critical,FUTURE_CRITICAL,FUTURE_CRITICAL
Rajasthan_27.525_77.075,2024,16.9,0.0,Rajasthan,Deeg,1.0714285714285712,17.971428571428568,20.114285714285714,9.3,16.9,0.0,0.0,Critical,Critical,FUTURE_CRITICAL,FUTURE_CRITICAL
Rajasthan_27.5167_74.5167,2024,32.9,0.0,Rajasthan,Didwana-Kuchaman,0.7714285714285712,33.67142857142857,35.214285714285715,27.5,32.9,0.0,0.0,Critical,Critical,FUTURE_CRITICAL,FUTURE_CRITICAL
Rajasthan_27.2083_77.2125,2024,24.8,0.0,Rajasthan,Bharatpur,1.1571428571428573,25.95714285714286,28.271428571428572,16.7,24.8,0.0,0.0,Critical,Critical,FUTURE_CRITICAL,FUTURE_CRITICAL
Rajasthan_27.2375_76.4,2024,14.8,0.0,Rajasthan,Alwar,1.7571428571428573,16.557142857142857,20.071428571428573,2.5,14.8,0.0,0.0,Critical,Critical,FUTURE_CRITICAL,FUTURE_CRITICAL
Rajasthan_27.2256_75.5297,2024,39.1,0.0,Rajasthan,Jaipur (Gramin),2.042857142857143,41.142857142857146,45.22857142857143,24.8,39.1,0.0,0.0,Critical,Critical,FUTURE_CRITICAL,FUTURE_CRITICAL
Rajasthan_27.2542_76.8322,2024,34.7,56.24999999999998,Rajasthan,Alwar,0.2500000000000003,34.95,35.45,30.5,40.1,53.6458333333333,48.43749999999998,Watch,Stressed,STABLE,STABLE
Rajasthan_27.48_77.3167,2024,4.4,0.0,Rajasthan,Deeg,0.15714285714285725,4.557142857142858,4.871428571428572,1.3,4.4,0.0,0.0,Critical,Critical,FUTURE_CRITICAL,FUTURE_CRITICAL
Rajasthan_27.5167_71.8333,2024,5.8,100.0,Rajasthan,Jaisalmer,-0.10000000000000005,5.7,5.5,5.8,6.6,100.0,100.0,Safe,Safe,STABLE,STABLE
Rajasthan_27.5167_71.7208,2024,9.4,52.38095238095237,Rajasthan,Jaisalmer,0.04285714285714303,9.442857142857143,9.52857142857143,8.4,10.5,50.34013605442177,46.25850340136047,Watch,Stressed,STABLE,STABLE
Rajasthan_27.2383_76.555,2024,27.7,0.0,Rajasthan,Alwar,1.0399999999999998,28.74,30.82,22.5,27.7,0.0,0.0,Critical,Critical,FUTURE_CRITICAL,FUTURE_CRITICAL
Rajasthan_27.3167_77.3833,2024,3.1,60.0,Rajasthan,Deeg,0.18571428571428578,3.285714285714286,3.6571428571428575,1.1,6.1,56.285714285714285,48.857142857142854,Watch,Stressed,STABLE,STABLE
Rajasthan_27.3167_75.295,2024,17.5,75.00000000000003,Rajasthan,Sikar,0.07142857142857144,17.571428571428573,17.714285714285715,16.8,19.6,72.44897959183672,67.3469387755102,Watch,Watch,STABLE,STABLE
Rajasthan_27.3167_70.0375,2024,33.6,89.1304347826087,Rajasthan,Jaisalmer,-0.585714285714286,33.01428571428571,31.84285714285714,33.1,37.7,100.0,100.0,Safe,Safe,RECOVERY_EXPECTED,STABLE
Rajasthan_27.3417_72.3064,2024,9.5,56.000000000000014,Rajasthan,Phalodi,0.05000000000000012,9.55,9.65,8.4,10.9,53.99999999999998,50.0,Watch,Watch,STABLE,STABLE
West Bengal_26.8417_88.7433,2024,2.4,44.99999999999999,West Bengal,Jalpaiguri,-0.016666666666666646,2.3833333333333333,2.35,1.3,3.3,45.83333333333333,47.499999999999986,Stressed,Stressed,STABLE,STABLE
Assam_26.4917_90.7083,2024,2.7,87.87878787878786,Assam,Chirang,-0.08333333333333326,2.616666666666667,2.45,2.3,5.6,90.40404040404039,95.45454545454545,Safe,Safe,STABLE,STABLE
Assam_26.6028_92.2389,2024,3.6,69.99999999999997,Assam,Darrang,1.850371707708594e-17,3.6,3.6,3.3,4.3,69.99999999999997,69.99999999999997,Watch,Watch,STABLE,STABLE
Assam_26.6167_93.4583,2024,9.2,0.0,Assam,Golaghat,0.18333333333333335,9.383333333333333,9.75,4.3,9.2,0.0,0.0,Critical,Critical,FUTURE_CRITICAL,FUTURE_CRITICAL
Assam_26.6083_92.3833,2024,2.4,42.10526315789475,Assam,Sonitpur,-0.03750000000000003,2.3625,2.2874999999999996,1.3,3.2,44.078947368421076,48.026315789473706,Stressed,Stressed,STABLE,STABLE
Assam_26.6583_91.8833,2024,2.8,89.47368421052633,Assam,Udalguri,-0.34,2.46,1.7799999999999998,2.6,4.5,100.0,100.0,Safe,Safe,RECOVERY_EXPECTED,STABLE
West Bengal_26.7227_88.4159,2024,1.2,100.0,West Bengal,Darjeeling,-0.08571428571428573,1.1142857142857143,0.9428571428571428,1.2,3.6,100.0,100.0,Safe,Safe,STABLE,STABLE
West Bengal_26.8806_88.8035,2024,3.9,13.793103448275856,West Bengal,Jalpaiguri,0.01666666666666668,3.9166666666666665,3.95,1.4,4.3,13.218390804597702,12.06896551724137,Critical,Critical,FUTURE_CRITICAL,FUTURE_CRITICAL
West Bengal_26.869_88.7114,2024,4.7,0.0,West Bengal,Jalpaiguri,0.04999999999999993,4.75,4.85,3.2,4.7,0.0,0.0,Critical,Critical,FUTURE_CRITICAL,FUTURE_CRITICAL
Assam_26.5817_93.87,2024,5.6,5.714285714285716,Assam,Golaghat,-0.039999999999999855,5.56,5.48,2.3,5.8,6.857142857142861,9.14285714285713,Critical,Critical,FUTURE_CRITICAL,FUTURE_CRITICAL
Assam_26.575_91.9,2024,2.9,0.0,Assam,Udalguri,0.1,3.0,3.2,1.7,2.9,0.0,0.0,Critical,Critical,FUTURE_CRITICAL,FUTURE_CRITICAL
Assam_26.5703_92.8731,2024,4.0,37.499999999999986,Assam,Nagaon,0.0,4.0,4.0,3.0,4.6,37.499999999999986,37.499999999999986,Stressed,Stressed,STABLE,STABLE
Assam_26.5922_92.9344,2024,6.6,0.0,Assam,Nagaon,0.42499999999999993,7.0249999999999995,7.875,3.2,6.6,0.0,0.0,Critical,Critical,FUTURE_CRITICAL,FUTURE_CRITICAL
Assam_26.5858_93.3258,2024,6.2,0.0,Assam,Golaghat,0.125,6.325,6.575,3.6,6.2,0.0,0.0,Critical,Critical,FUTURE_CRITICAL,FUTURE_CRITICAL
West Bengal_26.8699_88.6714,2024,6.5,12.5,West Bengal,Jalpaiguri,-0.1333333333333333,6.366666666666667,6.1,0.9,7.3,14.583333333333325,18.75,Critical,Critical,FUTURE_CRITICAL,FUTURE_CRITICAL
Rajasthan_27.4753_74.5125,2024,29.9,31.03448275862074,Rajasthan,Didwana-Kuchaman,0.2857142857142857,30.185714285714283,30.757142857142856,27.9,30.8,21.182266009852313,1.4778325123153246,Critical,Critical,FUTURE_CRITICAL,FUTURE_CRITICAL
Rajasthan_27.4_74.55,2024,12.5,97.77777777777779,Rajasthan,Didwana-Kuchaman,-0.014285714285714273,12.485714285714286,12.457142857142857,12.4,16.9,98.0952380952381,98.73015873015873,Safe,Safe,STABLE,STABLE
Andhra Pradesh_16.5734_82.0051,2024,1.9,37.50000000000002,Andhra Pradesh,Dr. B.R. Ambedkar KonaseemaAmalapuram,0.0833333333333333,1.9833333333333332,2.15,1.4,2.2,27.08333333333337,6.250000000000034,Stressed,Critical,EARLY_DEPLETION_WARNING,FUTURE_CRITICAL
Andhra Pradesh_16.5733_80.3612,2024,1.8,55.55555555555555,Andhra Pradesh,Palnadu,0.03333333333333334,1.8333333333333335,1.9000000000000001,1.0,2.8,53.703703703703695,49.999999999999986,Watch,Stressed,STABLE,STABLE
Rajasthan_27.35_76.8597,2024,13.0,0.0,Rajasthan,Alwar,0.7714285714285715,13.771428571428572,15.314285714285715,7.6,13.0,0.0,0.0,Critical,Critical,FUTURE_CRITICAL,FUTURE_CRITICAL
Rajasthan_27.3583_70.4833,2024,45.5,0.0,Rajasthan,Jaisalmer,0.5799999999999997,46.08,47.24,42.5,45.5,0.0,0.0,Critical,Critical,FUTURE_CRITICAL,FUTURE_CRITICAL
Rajasthan_27.3458_74.4833,2024,15.2,95.85798816568047,Rajasthan,Didwana-Kuchaman,-0.24166666666666672,14.958333333333332,14.475,14.5,31.4,97.2879684418146,100.0,Safe,Safe,STABLE,STABLE
Rajasthan_27.4522_71.4631,2024,35.8,100.0,Rajasthan,Jaisalmer,-0.08571428571428588,35.71428571428571,35.54285714285714,35.8,36.4,100.0,100.0,Safe,Safe,STABLE,STABLE
Andhra Pradesh_13.1956_79.004,2024,7.2,16.981132075471685,Andhra Pradesh,Chittoor,-0.15000000000000005,7.05,6.75,2.8,8.1,19.811320754716977,25.47169811320754,Critical,Stressed,FUTURE_CRITICAL,STABLE
West Bengal_26.8807_88.4726,2024,5.4,39.99999999999986,West Bengal,Darjeeling,0.06000000000000012,5.460000000000001,5.580000000000001,5.1,5.6,27.99999999999976,3.999999999999737,Stressed,Critical,EARLY_DEPLETION_WARNING,FUTURE_CRITICAL
Andhra Pradesh_13.2075_79.0981,2024,4.8,49.18032786885246,Andhra Pradesh,Chittoor,-0.5000000000000001,4.3,3.2999999999999994,1.7,7.8,57.377049180327866,73.7704918032787,Watch,Watch,STABLE,RECOVERY_EXPECTED
Andhra Pradesh_13.5609_79.2493,2024,5.2,61.38613861386138,Andhra Pradesh,Tirupati,-0.7749999999999999,4.425000000000001,2.8750000000000004,1.3,11.4,69.05940594059405,84.4059405940594,Watch,Safe,STABLE,RECOVERY_EXPECTED
Andhra Pradesh_13.4262_79.4531,2024,4.8,69.41176470588235,Andhra Pradesh,Chittoor,-0.9833333333333334,3.8166666666666664,1.8499999999999996,2.2,10.7,80.98039215686275,100.0,Safe,Safe,RECOVERY_EXPECTED,RECOVERY_EXPECTED
