station_id,mean_wl,min_wl,max_wl,std_wl
Andhra Pradesh_13.1956_79.004,5.485714285714286,2.8,8.1,2.268941435580751
Andhra Pradesh_13.2075_79.0981,3.7714285714285714,1.7,7.8,2.0629382651243557
Andhra Pradesh_13.4262_79.4531,5.0857142857142845,2.2,10.7,2.729119865102161
Andhra Pradesh_13.5609_79.2493,4.633333333333334,1.3,11.4,2.8779332862316322
Andhra Pradesh_13.6371_79.9008,1.8199999999999998,1.4,2.5,0.39944405810520645
Andhra Pradesh_13.6663_78.4184,8.36,0.9,12.6,4.051117815560978
Andhra Pradesh_13.8275_78.7878,5.67,2.9,11.0,2.3371635230195884
Andhra Pradesh_13.908_79.7315,1.26,0.1,3.2,1.001332445627658
Andhra Pradesh_13.9305_80.0384,2.7,0.8,7.2,1.9358460682605938
Andhra Pradesh_13.9495_78.6885,6.18,2.2,11.6,3.5514629223587404
Andhra Pradesh_13.9605_77.6761,1.26,0.3,1.9,0.5777350411544878
Andhra Pradesh_14.0249_78.5027,3.1599999999999997,0.8,9.6,2.6829502832184984
Andhra Pradesh_14.0722_79.891,4.74,0.8,9.0,2.3267526249641963
Andhra Pradesh_14.1211_79.9585,1.78,0.1,3.3,1.2925427136720344
Andhra Pradesh_14.1404_80.0066,2.0300000000000002,0.6,4.9,1.2454807193297783
Andhra Pradesh_14.1407_78.5903,8.049999999999999,3.2,14.4,3.7324254848556597
Andhra Pradesh_14.1919_79.8718,2.05,1.7,2.6,0.2838231060987734
Andhra Pradesh_14.2703_77.6254,9.31111111111111,3.1,20.1,5.462930633928196
Andhra Pradesh_14.2901_80.0947,2.95,1.7,3.7,0.6720615051218651
Andhra Pradesh_14.3031_79.7792,3.29,0.9,6.5,1.7672640499433645
Andhra Pradesh_14.349_80.0643,2.31,1.0,3.2,0.8157477823717602
Andhra Pradesh_14.4426_79.6046,8.23,2.0,14.4,5.405151863423143
Andhra Pradesh_14.4942_79.5195,2.0900000000000003,0.4,4.4,1.3803783700291905
Andhra Pradesh_14.5164_79.575,2.4899999999999998,0.3,6.6,1.9116310662189329
Andhra Pradesh_14.6169_79.6727,3.033333333333333,1.5,5.9,1.3592277219068187
Andhra Pradesh_14.6464_79.6136,4.54,1.0,11.3,3.0952293040168195
Andhra Pradesh_14.6617_77.4991,10.129999999999999,4.5,13.2,3.4338349148178664
Andhra Pradesh_14.6777_77.4562,5.76,1.0,9.9,2.8430031070448494
Andhra Pradesh_14.6795_79.5385,2.411111111111111,1.2,4.7,1.2504443654601796
Andhra Pradesh_14.6817_79.9738,3.78,1.3,9.0,2.2778157178412055
Andhra Pradesh_14.7186_79.2201,3.96,2.3,6.5,1.2825322174857399
Andhra Pradesh_14.7193_78.677,4.2555555555555555,2.0,8.4,2.2962529864493977
Andhra Pradesh_14.7253_78.7075,2.177777777777778,1.2,3.3,0.697814047181944
Andhra Pradesh_14.7334_80.0968,2.5300000000000002,1.3,3.5,0.7528464503321894
Andhra Pradesh_14.7541_77.712,3.8199999999999994,1.1,8.2,2.7695968419007606
Andhra Pradesh_14.766_80.0031,6.04,1.3,9.8,2.8194562123454467
Andhra Pradesh_14.791_79.9997,1.7600000000000002,0.2,3.0,0.8221921916437784
Andhra Pradesh_14.8209_78.8782,4.95,2.1,8.1,1.8975129921967746
Andhra Pradesh_14.832_78.9521,3.35,1.7,5.6,1.2249716550008638
Andhra Pradesh_14.8889_78.8807,8.129999999999999,4.1,11.7,2.8417717478127376
Andhra Pradesh_14.8948_78.924,5.09,1.8,11.3,3.452680118400777
Andhra Pradesh_15.1179_77.64,4.8,2.1,10.4,2.578974817851293
Andhra Pradesh_15.1831_79.2747,4.8545454545454545,0.4,9.7,2.840902545447005
Andhra Pradesh_15.2452_78.5058,3.4875,2.9,4.3,0.496955013773164
Andhra Pradesh_15.313_78.2271,5.214285714285714,1.2,12.0,3.596029556528779
Andhra Pradesh_15.5228_78.9861,4.6454545454545455,1.3,7.8,2.282263629103192
Andhra Pradesh_15.5579_79.107,6.036363636363637,4.5,6.9,0.9841470695711363
Andhra Pradesh_15.5622_79.0881,4.8100000000000005,1.5,7.0,2.2678673290609885
Andhra Pradesh_15.5884_79.8423,7.25,1.7,26.3,7.234677294500118
Andhra Pradesh_15.626_78.5344,1.2666666666666666,0.4,2.0,0.4873397172404481
Andhra Pradesh_15.8743_78.577,2.5833333333333335,0.5,5.7,1.8443607745413226
Andhra Pradesh_15.8832_78.6544,4.475,2.6,7.8,1.835950512871816
Andhra Pradesh_15.9159_80.4823,2.83,2.5,3.4,0.25841396591085736
Andhra Pradesh_15.9354_80.4451,2.1444444444444444,1.5,3.0,0.5317685377847939
Andhra Pradesh_15.9606_79.9626,2.19,1.0,4.6,1.1483805021759022
Andhra Pradesh_16.0209_80.9115,4.3,2.4,5.2,1.0469001862641922
Andhra Pradesh_16.0611_80.7012,2.27,1.8,2.8,0.3368151487751767
Andhra Pradesh_16.0698_80.6675,2.2600000000000002,1.6,2.6,0.3373096170846271
Andhra Pradesh_16.0851_80.1765,2.04,0.8,3.5,0.7633260552782584
Andhra Pradesh_16.0947_80.0909,4.86,2.8,6.5,1.572824776565329
Andhra Pradesh_16.0966_80.7732,2.6399999999999997,0.9,9.2,2.3721532646756005
Andhra Pradesh_16.1193_79.6506,6.99,2.4,11.0,2.6937994646141634
Andhra Pradesh_16.1847_80.6595,1.44,1.0,1.8,0.28362729848243534
Andhra Pradesh_16.1996_80.5258,1.2,0.3,2.2,0.5597618541248889
Andhra Pradesh_16.2257_80.5145,3.79,2.0,6.0,1.3601062050034507
Andhra Pradesh_16.2601_80.4703,3.9,3.3,4.5,0.3771236166328254
Andhra Pradesh_16.2632_80.4248,2.23,1.6,2.8,0.4191260749066641
Andhra Pradesh_16.2866_80.7496,1.97,0.9,2.8,0.6307843442008441
Andhra Pradesh_16.2985_80.4319,3.8600000000000003,1.5,7.5,1.9816940003721846
Andhra Pradesh_16.3057_80.3739,3.8600000000000003,2.3,6.4,1.3409780841692462
Andhra Pradesh_16.3337_81.7332,1.6800000000000002,1.2,2.2,0.35839146815241635
Andhra Pradesh_16.3455_80.3024,4.14,2.9,6.7,1.3785660827267023
Andhra Pradesh_16.4046_81.8058,1.9714285714285713,1.3,3.3,0.7111359122659224
Andhra Pradesh_16.4135_81.8047,2.185714285714286,1.7,2.7,0.31320159337914955
Andhra Pradesh_16.48_81.8446,2.6100000000000003,2.1,3.1,0.3212821536005731
Andhra Pradesh_16.4922_80.0076,9.260000000000002,5.5,14.9,3.08191859435356
Andhra Pradesh_16.4941_80.3645,2.33,1.1,4.5,1.208350574589639
Andhra Pradesh_16.5307_81.9234,3.8000000000000003,3.2,4.3,0.3999999999999998
Andhra Pradesh_16.5329_80.3663,2.7199999999999998,1.2,4.7,1.1370527203647547
Andhra Pradesh_16.5582_81.5017,1.35,1.0,1.8,0.2505549396395485
Andhra Pradesh_16.562_81.9956,2.0,1.2,2.8,0.49999999999999994
Andhra Pradesh_16.5661_80.2572,3.388888888888889,1.9,6.1,1.2663376765741083
Andhra Pradesh_16.566_80.4127,3.1100000000000003,0.8,8.4,2.589916343565302
Andhra Pradesh_16.5733_80.3612,1.59,1.0,2.8,0.536345659688476
Andhra Pradesh_16.5734_82.0051,1.7428571428571427,1.4,2.2,0.27602622373694174
Andhra Pradesh_16.583_81.3889,1.21,0.9,1.8,0.2846049894151541
Andhra Pradesh_16.586_81.3882,4.88,3.2,6.4,1.1496859474559902
Andhra Pradesh_16.5879_81.8885,2.43,1.7,3.7,0.6056218108504496
Andhra Pradesh_16.5882_81.9738,3.8428571428571425,3.3,4.2,0.3408672412985387
Andhra Pradesh_16.5896_80.522,1.011111111111111,0.0,2.1,0.6153138313991577
Andhra Pradesh_16.5933_81.9523,2.857142857142857,1.9,3.4,0.5563486402641868
Andhra Pradesh_16.5983_79.7284,5.3100000000000005,3.9,14.8,3.3580583013931666
Andhra Pradesh_16.6165_82.0731,1.6875,1.2,2.3,0.36425069859723175
Andhra Pradesh_16.6187_82.0195,1.557142857142857,0.9,2.3,0.6160550377391695
Andhra Pradesh_16.6544_81.9381,2.542857142857143,2.2,3.1,0.3309438162646486
Andhra Pradesh_16.6562_82.1221,1.8111111111111111,0.8,2.6,0.5797509043642028
Andhra Pradesh_16.6602_82.0246,5.457142857142857,4.0,6.6,0.8521681032463467
Andhra Pradesh_16.6613_82.0125,2.2714285714285714,1.6,4.2,0.9178131358729579
Andhra Pradesh_16.6728_82.165,1.5285714285714285,0.7,2.1,0.4855041562276123
Andhra Pradesh_16.6746_80.3988,3.4285714285714284,3.0,3.8,0.2690370836538197
Andhra Pradesh_16.686_81.6052,2.7800000000000002,1.5,4.4,0.8270429251254134
Andhra Pradesh_16.6963_82.1802,1.9857142857142858,1.4,2.3,0.4059087394500207
Andhra Pradesh_16.6983_81.6309,1.8699999999999999,0.8,3.8,0.793095202355934
Andhra Pradesh_16.6998_82.038,2.0300000000000002,1.1,3.9,0.8219894565422763
Andhra Pradesh_16.7029_81.8325,2.06,1.2,2.6,0.49933288829530675
Andhra Pradesh_16.7159_81.8964,4.985714285714286,4.2,6.5,0.8254868693253524
Andhra Pradesh_16.716_81.8977,6.236363636363635,3.8,10.3,2.086275498237339
Andhra Pradesh_16.7208_80.8092,3.08,0.8,8.4,2.3432171616533255
Andhra Pradesh_16.7294_82.2141,2.2857142857142856,1.9,3.0,0.4740906081772815
Andhra Pradesh_16.7764_82.0879,1.9600000000000002,1.0,3.3,0.7089898917944222
Andhra Pradesh_16.7796_81.8027,5.6000000000000005,2.6,9.2,2.1456933611306157
Andhra Pradesh_16.7898_82.066,1.6,1.2,2.4,0.4346134936801766
Andhra Pradesh_16.7921_82.0637,3.8,3.2,4.9,0.5142416206847172
Andhra Pradesh_16.7929_81.8659,1.2142857142857142,0.3,5.0,1.678718331970923
Andhra Pradesh_16.8273_80.076,13.830000000000002,10.9,21.4,2.9888868236258865
Andhra Pradesh_16.8727_80.6398,3.3,1.7,4.4,0.8246211251235323
Andhra Pradesh_16.9248_82.236,1.3900000000000001,0.4,3.2,0.8774331250237188
Andhra Pradesh_16.927_81.9167,1.85,1.4,2.4,0.35856858280031817
Andhra Pradesh_16.9384_81.9542,2.8,2.5,3.1,0.1699673171197595
Andhra Pradesh_16.9503_82.237,2.2,1.2,3.1,0.6458659745975609
Andhra Pradesh_16.951_80.0523,3.7299999999999995,2.4,5.1,0.7469196000165537
Andhra Pradesh_16.9557_82.1893,1.6199999999999999,0.7,2.4,0.5181162460726785
Andhra Pradesh_16.9721_80.5312,2.5599999999999996,1.5,3.3,0.5719362823873925
Andhra Pradesh_16.9726_81.7851,2.466666666666667,1.9,3.1,0.44158804331639245
Andhra Pradesh_16.985_82.2757,1.3599999999999999,0.9,1.9,0.38355066303046736
Andhra Pradesh_16.9915_81.7776,2.12,1.6,3.1,0.4491968140779471
Andhra Pradesh_16.9996_80.5242,2.12,1.5,2.9,0.4211096452627668
Andhra Pradesh_17.0094_82.2482,2.44,1.5,3.2,0.5796550698475775
Andhra Pradesh_17.0129_81.7828,3.13,1.0,4.9,1.1860766323378005
Andhra Pradesh_17.0137_82.2835,0.89,0.3,1.6,0.47246399039738707
Andhra Pradesh_17.083_81.9065,1.95,1.4,2.6,0.4089281382128432
Andhra Pradesh_17.1007_82.2462,1.56,0.4,7.3,2.0683863812697623
Andhra Pradesh_17.1108_81.6735,2.8600000000000003,1.6,4.1,0.6603029607687673
Andhra Pradesh_17.124_81.6687,0.97,0.5,1.9,0.444847039878753
Andhra Pradesh_17.1454_81.0098,5.0,4.3,5.6,0.4216370213557838
Andhra Pradesh_17.1633_81.659,1.8111111111111111,0.5,2.7,0.7423685817106697
Andhra Pradesh_17.1988_81.3188,2.92,1.8,4.2,0.6511528238439881
Andhra Pradesh_17.2036_81.4172,4.45,3.0,6.2,1.008535005412731
Andhra Pradesh_17.2083_81.8467,4.319999999999999,1.7,6.8,1.5134948518798028
Andhra Pradesh_17.227_82.2285,4.84,1.3,8.0,1.9636700333813726
Andhra Pradesh_17.2302_82.1986,3.15,1.6,4.4,0.9980536614386579
Andhra Pradesh_17.2653_81.8475,2.41,1.1,3.4,0.8478076301719499
Andhra Pradesh_17.2_82.1018,12.5,8.4,15.6,2.309761892490219
Andhra Pradesh_17.4379_82.074,2.3,1.0,3.6,0.855050355892044
Andhra Pradesh_17.4633_82.0271,6.720000000000001,5.4,9.0,1.4289078968841122
Andhra Pradesh_17.5029_82.7941,2.088888888888889,1.5,2.7,0.44284434185288074
Andhra Pradesh_17.5032_82.0124,4.51,2.3,6.5,1.2215200002910764
Andhra Pradesh_17.6092_82.9778,8.18,5.3,11.0,1.9719139039127556
Andhra Pradesh_17.6723_82.3619,1.41,0.5,2.1,0.5021066730398144
Andhra Pradesh_17.6741_82.4487,1.51,0.9,2.4,0.5300943312279428
Andhra Pradesh_17.6773_82.4944,4.388888888888889,1.9,5.8,1.1752068375869462
Andhra Pradesh_17.6809_82.9817,2.75,1.8,5.1,0.9288583195395181
Andhra Pradesh_17.6901_83.2919,5.3100000000000005,3.8,6.0,0.597122730730924
Andhra Pradesh_17.717_83.3269,5.93,5.2,6.9,0.49452558635075244
Andhra Pradesh_17.7328_83.3417,3.47,2.7,5.3,0.8420213774008354
Andhra Pradesh_17.739_83.2669,4.9,2.5,6.5,1.267543556122103
Andhra Pradesh_17.7549_83.3469,2.75,1.5,4.9,1.1890705987824646
Andhra Pradesh_17.7577_83.3258,4.92,3.0,8.4,1.4179797835888448
Andhra Pradesh_17.7759_83.2168,3.857142857142857,2.6,8.5,2.072725374040294
Andhra Pradesh_17.7801_83.3851,2.67,2.0,3.1,0.3529242915351047
Andhra Pradesh_17.8029_83.3542,12.4625,6.7,17.3,3.6773194818275683
Andhra Pradesh_17.8071_82.4959,1.8800000000000001,1.7,2.1,0.11352924243950929
Andhra Pradesh_17.8194_82.8377,2.57,0.9,3.5,0.7318925239860472
Andhra Pradesh_17.8235_83.2084,1.52,0.7,3.3,0.8891943919451284
Andhra Pradesh_17.8324_83.2291,3.11,1.9,4.0,0.7385421074281712
Andhra Pradesh_17.8387_82.8678,3.25,2.1,4.2,0.6150880695748645
Andhra Pradesh_17.8417_83.2152,2.52,1.8,3.4,0.5533734925185901
Andhra Pradesh_17.8554_82.4361,0.8800000000000001,0.5,1.7,0.39384147967311817
Andhra Pradesh_17.8876_83.4521,3.95,2.1,8.0,2.049525690386816
Andhra Pradesh_17.893_83.4534,5.8100000000000005,1.5,9.3,2.9602740113412174
Andhra Pradesh_18.0753_83.4789,4.4,2.6,8.0,1.3772589100322272
Andhra Pradesh_18.1636_83.3779,4.3100000000000005,2.1,7.2,1.463974802454681
Andhra Pradesh_18.2074_83.0743,4.04,2.8,5.0,0.6203941399536983
Andhra Pradesh_18.216_83.1019,4.42,4.2,5.0,0.3190262963734774
Andhra Pradesh_18.2388_83.0011,4.655555555555555,4.2,5.3,0.4156654637779974
Andhra Pradesh_18.2412_83.3463,2.8600000000000003,2.1,3.5,0.4550946177566936
Andhra Pradesh_18.2724_84.0028,3.09,2.1,6.6,1.2999572642548247
Andhra Pradesh_18.2785_82.9669,9.14,3.3,11.1,2.263821744062216
Andhra Pradesh_18.2885_82.7921,7.93,6.0,10.1,1.1681419244062579
Andhra Pradesh_18.2957_83.9774,2.9899999999999998,2.6,3.7,0.3604010112206803
Andhra Pradesh_18.3207_82.8814,8.040000000000001,5.1,9.8,1.3656093471007327
Andhra Pradesh_18.3298_84.0519,5.25,4.7,7.0,0.6687467549246293
Andhra Pradesh_18.3401_84.1221,2.0,0.8,2.6,0.5802298395176404
Andhra Pradesh_18.3428_84.1225,2.3899999999999997,1.9,3.0,0.32128215360057305
Andhra Pradesh_18.3718_83.4004,3.6799999999999997,2.3,6.0,1.3414751416092494
Andhra Pradesh_18.4039_83.3368,3.55,1.8,5.4,1.2367070972726097
Andhra Pradesh_18.4167_83.9041,3.5500000000000003,2.4,4.6,0.744983221287567
Andhra Pradesh_18.4873_83.3283,4.64,2.8,6.7,1.1758684733704985
Andhra Pradesh_18.5712_83.3487,2.63,1.7,4.1,0.6945022198188666
Andhra Pradesh_18.593_83.5333,2.3899999999999997,1.4,4.7,0.920688148433913
Andhra Pradesh_18.6091_83.4236,4.08,2.4,6.5,1.36853530787075
Andhra Pradesh_18.6113_83.5286,2.87,1.1,5.0,1.3115300648902835
Andhra Pradesh_18.6752_83.9489,2.7399999999999998,1.9,3.4,0.48120219820316246
Andhra Pradesh_18.6937_83.9707,1.7,1.2,2.4,0.36817870057290863
Andhra Pradesh_18.7102_84.0045,6.199999999999999,0.9,9.2,2.8635642126552705
Andhra Pradesh_18.8121_83.4451,2.6,1.7,3.9,0.71956777149743
Andhra Pradesh_18.8578_83.4579,6.4125,4.2,9.4,1.835707337396522
Andhra Pradesh_18.866_83.553,5.91,4.3,7.1,0.8020113604072092
Andhra Pradesh_18.8984_83.4625,6.99,4.2,8.2,1.4309670389868057
Andhra Pradesh_18.9587_83.6439,3.822222222222222,1.8,7.9,1.8959020134079831
Andhra Pradesh_19.1184_84.6865,2.7,1.6,6.1,1.3482498944104455
Andhra Pradesh_nan_77.0639,6.685714285714285,6.2,7.3,0.3532165125838607
Andhra Pradesh_nan_77.1262,2.814285714285714,1.4,3.8,0.8668497975016037
Andhra Pradesh_nan_77.1882,11.542857142857143,5.8,17.0,3.878082491325295
Andhra Pradesh_nan_77.2221,4.2,2.6,6.7,1.2660399452059732
Andhra Pradesh_nan_77.2849,5.328571428571428,4.6,6.7,0.8635475005547094
Andhra Pradesh_nan_77.2875,5.63,2.0,8.0,1.8589423516254255
Andhra Pradesh_nan_77.5963,1.8625,1.1,2.9,0.7482121547872825
Andhra Pradesh_nan_77.5967,1.725,0.2,4.3,1.5294723646688468
Andhra Pradesh_nan_77.6142,2.6,1.6,4.1,0.8976158898517146
Andhra Pradesh_nan_77.8074,7.9125,5.8,11.4,1.986696827831133
Andhra Pradesh_nan_80.7916,2.542857142857143,0.6,12.7,4.484364370735701
Andhra Pradesh_nan_81.0343,2.2,1.5,3.5,0.6546536707079772
Andhra Pradesh_nan_81.0778,1.775,0.8,2.5,0.6519202405202649
Arunachal Pradesh_27.0083_95.4667,7.866666666666666,5.8,10.9,1.7811513130556877
Arunachal Pradesh_27.0167_95.4667,5.2444444444444445,4.0,6.3,0.6521332515504618
Arunachal Pradesh_27.0281_93.7413,2.6888888888888887,2.4,3.1,0.24209731743889917
Arunachal Pradesh_27.07_93.6,3.111111111111111,1.2,3.7,0.738993309246512
Arunachal Pradesh_27.1031_93.6947,6.3,5.8,6.7,0.4147288270665546
Arunachal Pradesh_27.1039_93.6417,3.1,2.6,4.0,0.49328828623162474
Arunachal Pradesh_27.1053_93.8258,11.955555555555556,11.2,13.5,0.7333333333333338
Arunachal Pradesh_27.1311_93.7331,0.4666666666666667,0.0,1.0,0.4847679857416329
Arunachal Pradesh_27.13_93.7336,0.3333333333333333,0.0,0.9,0.33166247903554
Arunachal Pradesh_27.15_93.75,0.8571428571428571,0.4,1.1,0.21491969707422398
Arunachal Pradesh_27.2083_96.0417,4.466666666666667,3.4,5.3,0.659545297913646
Arunachal Pradesh_27.2_95.525,4.211111111111111,3.3,5.3,0.6293735862833069
Arunachal Pradesh_27.3083_93.9694,1.3333333333333333,0.9,1.8,0.307679486912382
Arunachal Pradesh_27.4047_94.1522,4.8375,4.1,5.3,0.42740913821369275
Arunachal Pradesh_27.4167_96.0458,4.133333333333334,3.4,4.7,0.4609772228646444
Arunachal Pradesh_27.4583_96.1083,2.8333333333333335,2.3,4.3,0.6363961030678927
Arunachal Pradesh_27.5_96.1333,5.233333333333333,3.8,6.0,0.6344288770224761
Arunachal Pradesh_27.6667_95.875,3.788888888888889,2.6,5.8,1.0421665467242318
Arunachal Pradesh_27.8167_94.3167,1.8875,1.4,3.2,0.6151364540838539
Arunachal Pradesh_27.8378_95.2182,2.111111111111111,1.7,2.4,0.247206616236522
Arunachal Pradesh_27.9133_95.3436,2.9555555555555557,2.0,5.9,1.4892205269125784
Arunachal Pradesh_28.1514_95.2958,10.233333333333333,9.1,12.1,0.7858116822750857
Assam_24.4333_92.2917,1.4555555555555555,1.1,1.7,0.22422706745122853
Assam_24.4514_92.6194,1.2111111111111112,0.5,2.9,0.6990072325170257
Assam_24.5389_92.4833,1.788888888888889,0.8,3.5,1.0166666666666666
Assam_24.5583_92.8,0.5777777777777778,0.1,2.1,0.6098724821177328
Assam_24.5625_92.4139,0.8999999999999999,0.1,1.5,0.45825756949558405
Assam_24.5842_92.4836,1.16,0.7,1.5,0.31304951684997057
Assam_24.5969_92.3206,1.1666666666666667,0.6,1.6,0.3122498999199199
Assam_24.6031_92.5311,2.2800000000000002,1.6,2.5,0.38987177379235843
Assam_24.6292_92.6747,0.24444444444444446,0.0,0.4,0.12360330811826105
Assam_24.6417_92.3542,0.1,0.0,0.2,0.08660254037844388
Assam_24.6964_92.7578,0.9,0.4,1.4,0.3559026084010437
Assam_24.7183_92.7769,1.5833333333333333,0.6,3.8,1.3702797767852617
Assam_24.7275_92.5833,0.9,0.3,1.7,0.6033241251599343
Assam_24.8097_92.8917,2.8444444444444446,1.9,5.0,0.9875615311350368
Assam_24.8667_92.5667,2.211111111111111,1.0,3.3,0.8176864381357386
Assam_24.8714_92.5964,6.444444444444445,1.5,9.2,2.348995056993049
Assam_24.8869_92.5889,1.9875,1.4,3.2,0.5591766907056941
Assam_24.9389_92.7417,1.125,0.8,1.7,0.3105295017040594
Assam_24.9403_92.7269,0.9,0.0,2.1,0.8124038404635961
Assam_24.9681_92.5753,4.814285714285715,2.6,5.9,1.1141941354308824
Assam_24.9722_92.5833,2.4555555555555557,0.6,5.5,1.476576370452195
Assam_24.9889_92.5,4.822222222222222,3.7,7.7,1.1945477991459548
Assam_25.7667_93.175,6.7555555555555555,2.6,11.6,3.0988349065056333
Assam_25.8344_93.4067,20.54,20.1,20.9,0.3361547262794315
Assam_25.8417_93.45,19.014285714285712,14.2,21.0,2.218429302779012
Assam_25.8461_93.4447,3.7399999999999998,3.0,4.1,0.4277849927241485
Assam_25.8469_92.8978,7.857142857142857,4.4,12.9,3.0815889531523304
Assam_25.8619_92.7683,4.4,3.5,5.4,0.6000000000000003
Assam_25.9069_93.6611,6.033333333333334,3.5,7.9,1.9572088970436106
Assam_25.9131_92.9617,6.022222222222222,4.7,7.8,0.929755045398757
Assam_25.9306_90.7769,5.044444444444444,4.3,6.7,0.7812027763505311
Assam_25.9328_92.71,1.95,0.7,4.0,1.3721724173212135
Assam_25.9442_91.1181,2.5444444444444443,1.6,3.2,0.5833333333333334
Assam_25.9519_90.7731,4.588888888888889,3.9,5.5,0.4935697631653616
Assam_25.9611_93.4886,1.3857142857142857,0.7,2.3,0.6388233230676835
Assam_25.9625_93.585,4.044444444444444,1.7,6.8,1.6904963110807956
Assam_25.9678_90.9064,2.477777777777778,2.0,3.0,0.4352521619066864
Assam_25.9722_92.5858,3.54,3.0,4.1,0.4219004621945796
Assam_25.975_91.2417,4.233333333333333,3.2,6.0,0.8291561975888501
Assam_25.9772_93.7625,3.25,2.1,5.5,1.184422704467093
Assam_25.97_93.4372,4.1,2.7,7.1,1.6894631438080303
Assam_25.9808_90.8042,2.5444444444444447,1.8,3.0,0.49018137232842474
Assam_25.9833_92.9289,5.95,4.5,6.9,0.7521398046336104
Assam_25.9914_93.7642,4.216666666666667,2.6,5.8,1.3302881893284129
Assam_25.9944_93.4108,8.711111111111112,4.4,13.4,3.521521135973929
Assam_26.0052_93.7684,3.3714285714285714,2.6,3.9,0.5089672082242813
Assam_26.0094_93.2622,5.2555555555555555,1.6,8.2,2.040901217055293
Assam_26.0128_90.7008,3.288888888888889,2.5,5.0,0.7440504761849905
Assam_26.0167_89.9833,4.444444444444445,2.9,7.9,1.5025903559446192
Assam_26.0172_93.3817,2.4857142857142853,2.0,3.0,0.3760699023168052
Assam_26.0186_93.6336,5.222222222222222,3.5,8.1,1.8417232268841166
Assam_26.0208_91.3278,3.4444444444444446,2.3,4.1,0.6728876412728783
Assam_26.0272_93.7633,5.177777777777778,2.5,11.5,3.2414417231294546
Assam_26.0333_90.425,3.4000000000000004,2.3,4.3,0.7348469228349536
Assam_26.0347_90.6617,2.62,2.3,3.1,0.4381780460041331
Assam_26.0411_91.3597,4.155555555555555,3.0,5.2,0.5981452814975452
Assam_26.0412_91.5863,2.52,1.5,3.6,0.9311283477587825
Assam_26.0506_93.7481,4.925,4.1,5.8,0.6065122775815366
Assam_26.0567_90.4953,2.2666666666666666,1.1,3.1,0.7713624310270757
Assam_26.0589_93.1906,2.7625,0.9,6.0,1.7336480941314805
Assam_26.0636_93.1829,4.875,2.7,6.9,1.5727591769153433
Assam_26.0636_93.185,2.425,1.5,3.1,0.5035587637718448
Assam_26.0651_91.6061,2.6444444444444444,1.6,3.2,0.5981452814975455
Assam_26.0736_90.5136,4.111111111111111,2.2,4.8,0.7785313809417773
Assam_26.0822_90.5497,3.5285714285714285,3.2,3.8,0.24976179127511164
Assam_26.0931_91.5472,5.522222222222222,4.7,7.4,0.9066115179306096
Assam_26.0999_92.3167,5.866666666666666,4.9,6.7,0.5809475019311126
Assam_26.1083_92.1167,2.2,1.0,3.3,0.8944271909999159
Assam_26.1103_92.1364,2.575,1.9,3.7,0.5824823725107177
Assam_26.1111_90.5486,4.083333333333333,3.8,4.4,0.2041241452319315
Assam_26.1167_92.0083,1.7222222222222223,1.3,2.5,0.4236088342379611
Assam_26.1167_92.1667,3.45,2.7,3.8,0.39641248358604597
Assam_26.1175_93.785,2.45,1.2,4.3,0.9456668093391636
Assam_26.1189_91.98,2.0625,1.3,3.1,0.6232117273791123
Assam_26.1192_91.9633,2.2714285714285714,1.4,3.6,0.6945365018348224
Assam_26.1217_92.3508,2.0833333333333335,0.9,5.2,1.5942605391424158
Assam_26.1264_92.2525,3.744444444444445,2.5,5.7,1.0596120883501556
Assam_26.1302_90.5955,6.355555555555556,4.8,7.3,0.8032918384857263
Assam_26.1422_93.8528,8.088888888888889,4.1,11.6,2.8950148723471374
Assam_26.1439_92.3742,2.5200000000000005,1.4,3.1,0.6496152707564687
Assam_26.1467_92.1656,1.975,1.3,2.4,0.4527692569068708
Assam_26.1569_93.8,2.677777777777778,2.1,3.3,0.5190803834132478
Assam_26.15_90.05,17.311111111111114,15.0,19.5,1.5020356557389416
Assam_26.1822_93.1469,4.1,2.0,7.0,2.00187412191676
Assam_26.1918_91.6148,4.116666666666666,3.2,4.9,0.6765106552499128
Assam_26.1936_92.2453,2.111111111111111,0.6,5.6,1.6042478334444186
Assam_26.1967_93.7953,4.033333333333333,3.3,4.7,0.4387482193696062
Assam_26.2028_90.1389,14.644444444444446,14.1,15.0,0.3358240279934982
Assam_26.2028_93.1064,3.1444444444444444,2.5,5.0,0.7891627067834477
Assam_26.2028_93.1336,3.35,2.1,4.3,0.6782329983125268
Assam_26.2074_90.2963,1.775,1.1,2.9,0.5994044663544927
Assam_26.2125_92.9747,2.02,1.2,3.5,0.9679876032264051
Assam_26.2208_93.8422,8.977777777777778,6.8,11.7,1.882669499525725
Assam_26.2267_92.2758,2.9125,1.5,4.4,0.9613049166924834
Assam_26.2378_90.5917,7.3875,4.1,9.2,2.0608164124235535
Assam_26.2384_90.3751,16.0875,15.1,16.8,0.615136454083854
Assam_26.2409_92.2636,3.8777777777777778,3.5,4.9,0.4521553322083511
Assam_26.2492_93.1511,2.788888888888889,1.0,5.4,1.6541194367732672
Assam_26.2542_91.5583,1.9142857142857144,0.9,4.8,1.3421730780449186
Assam_26.2581_92.3117,2.6375,1.6,3.0,0.46885117955640104
Assam_26.2631_92.2236,3.7222222222222223,3.2,4.2,0.29059326290271165
Assam_26.2717_90.46,4.533333333333333,2.3,5.4,0.9380831519646861
Assam_26.271_91.2207,4.377777777777777,2.4,6.2,1.2070395372333271
Assam_26.2721_91.214,4.533333333333334,2.0,7.9,2.2276669409945464
Assam_26.2767_92.5092,2.525,1.4,4.3,1.1247221879201992
Assam_26.28_92.265,2.457142857142857,1.3,3.3,0.9034326074425676
Assam_26.3167_93.875,6.055555555555555,2.5,8.8,1.8337878224532351
Assam_26.3361_92.7614,2.7555555555555555,2.1,4.0,0.6043821454822914
Assam_26.3456_92.7486,2.822222222222222,1.6,4.6,0.8273115763993902
Assam_26.3496_90.6321,3.475,2.8,4.1,0.44320263021395917
Assam_26.3583_90.6167,4.825,3.9,5.4,0.5391792704790178
Assam_26.3667_90.5667,4.2,2.7,5.4,0.8552359741197579
Assam_26.3989_92.2322,2.8375,2.0,3.5,0.5527528509973642
Assam_26.3_92.7833,2.125,0.5,3.9,1.328533025558642
Assam_26.4056_92.5417,1.9666666666666666,1.4,3.2,0.7794228634059948
Assam_26.4167_92.6167,3.483333333333333,2.1,6.0,1.4784000360750356
Assam_26.4189_90.5908,3.475,2.9,4.3,0.44320263021395917
Assam_26.4333_92.0333,4.722222222222222,4.0,5.4,0.4465920335658088
Assam_26.4333_94.0083,4.588888888888889,3.2,6.2,1.12632637859153
Assam_26.43_92.0208,3.6875,3.0,4.4,0.4764076885549663
Assam_26.4481_93.9717,2.742857142857143,2.2,4.1,0.6948792289723033
Assam_26.4536_92.4117,4.683333333333334,4.3,5.3,0.35449494589721103
Assam_26.4657_92.4718,3.3555555555555556,3.0,3.9,0.3086709862908691
Assam_26.4667_90.8083,3.466666666666667,2.3,5.6,0.9420721840708385
Assam_26.4751_92.0765,6.0,4.1,8.1,1.39522996909709
Assam_26.475_90.9028,2.7,1.9,3.5,0.6284902544988267
Assam_26.475_91.2575,2.6,1.6,4.7,0.9411239481143203
Assam_26.4872_90.6333,2.611111111111111,1.5,3.4,0.5510091751605513
Assam_26.4889_90.6167,3.4500000000000006,2.0,5.4,1.5016657417681207
Assam_26.4917_90.7083,3.442857142857143,2.3,5.6,1.117821009609235
Assam_26.4931_90.5375,3.3,1.8,5.8,1.14564392373896
Assam_26.4986_91.075,3.5,2.1,4.1,0.6363961030678927
Assam_26.5067_94.1569,1.5222222222222221,0.9,2.3,0.47375568011839647
Assam_26.5494_92.8936,2.45,1.8,2.7,0.35050983275386555
Assam_26.5508_92.2083,4.414285714285714,3.8,5.2,0.481070235442364
Assam_26.5669_92.8622,3.3666666666666667,1.3,4.1,0.9110433579144298
Assam_26.5681_91.5867,2.942857142857143,2.4,3.7,0.47207747548166584
Assam_26.5703_92.8731,3.825,3.0,4.6,0.5035587637718447
Assam_26.575_91.9,2.2,1.7,2.9,0.4387482193696061
Assam_26.5778_93.1853,4.96,1.9,7.0,2.3723406163533935
Assam_26.5817_93.87,4.333333333333333,2.3,5.8,1.4472963299430655
Assam_26.5858_93.3258,4.411111111111111,3.6,6.2,0.8491826135237999
Assam_26.5922_92.9344,5.122222222222223,3.2,6.6,0.9431036233863405
Assam_26.5_92.125,4.283333333333333,3.9,5.0,0.4833908011812665
Assam_26.6028_92.2389,3.685714285714286,3.3,4.3,0.40590873945002076
Assam_26.6083_92.3833,2.2444444444444445,1.3,3.2,0.5198824653494074
Assam_26.6167_93.4583,7.857142857142857,4.3,9.2,1.6215806515631006
Assam_26.61_91.58,3.142857142857143,2.6,3.6,0.3735288603626358
Assam_26.6372_93.6278,3.3555555555555556,2.5,3.7,0.41566546377799757
Assam_26.6583_91.8833,3.15,2.6,4.5,0.7148426400264609
Assam_26.6583_93.175,6.388888888888889,1.0,8.1,2.0829332949259585
Assam_26.6667_94.3417,2.0,1.2,2.8,0.5590169943749475
Assam_26.66_94.1314,1.7428571428571427,1.5,2.0,0.17182493859684483
Assam_26.6783_92.6624,2.5,2.1,2.8,0.2738612787525829
Assam_26.6789_94.3853,1.72,1.5,1.8,0.130384048104053
Assam_26.6881_92.3778,1.8375,1.6,2.3,0.2386719206657659
Assam_26.6944_92.5866,2.966666666666667,2.7,3.4,0.25495097567963915
Assam_26.6983_94.2069,2.025,1.2,3.4,0.6627863262664028
Assam_26.6986_92.2306,3.1,0.9,5.0,1.5370426148939398
Assam_26.6_94.2083,2.111111111111111,0.8,3.1,0.6313565641625268
Assam_26.7022_92.4744,3.6222222222222222,3.2,4.0,0.253859103528797
Assam_26.7094_94.2164,2.2222222222222223,1.5,3.6,0.762852832756387
Assam_26.7139_92.2958,3.025,2.3,3.7,0.5092010548749032
Assam_26.7139_92.325,2.7142857142857144,0.6,4.2,1.1553189623484523
Assam_26.7208_91.9167,2.711111111111111,1.3,4.1,0.7785313809417773
Assam_26.7225_94.1772,1.4142857142857144,0.6,2.2,0.6841748592978539
Assam_26.7236_91.9833,4.6875,3.8,6.1,0.7567552916422661
Assam_26.7272_94.2106,1.2857142857142858,0.1,3.8,1.186631888200902
Assam_26.7472_93.25,7.044444444444444,6.8,7.3,0.15092308563562357
Assam_26.7514_92.1417,2.525,1.7,3.8,0.7778174593052022
Assam_26.75_92.1083,2.983333333333333,2.4,3.5,0.41673332800085316
Assam_26.75_93.1875,8.328571428571427,8.1,8.6,0.18898223650461388
Assam_26.7903_94.3022,1.588888888888889,1.1,1.9,0.2891558595482912
Assam_26.8142_92.8344,2.4111111111111114,1.9,3.7,0.5904329861306117
Assam_26.8186_94.1717,2.411111111111111,1.6,3.7,0.7114148656804349
Assam_26.8225_92.7861,1.6666666666666667,0.7,2.1,0.3905124837953327
Assam_26.8323_93.3577,3.54,2.4,4.6,0.8414273587185049
Assam_26.8447_92.3211,3.8625,2.5,4.8,0.75958165177569
Assam_26.8493_93.4652,1.9000000000000001,1.0,2.1,0.3427827300200522
Assam_26.85_93.4658,1.9000000000000001,1.0,2.1,0.3427827300200522
Assam_26.8667_92.775,3.811111111111111,3.2,8.3,1.684817827277214
Assam_26.8667_92.8125,2.488888888888889,1.8,3.8,0.6470016314593889
Assam_26.8678_93.4164,2.4444444444444446,2.3,2.7,0.11303883305208798
Assam_26.88_93.6099,1.15,0.9,1.7,0.31622776601683794
Assam_26.9014_93.7081,1.15,0.9,1.7,0.31622776601683794
Assam_26.9202_93.6196,2.5,2.1,2.8,0.2738612787525829
Assam_26.9917_94.6333,1.7428571428571427,0.4,4.0,1.2946777499402993
Assam_27.0333_93.9083,3.1444444444444444,2.5,4.4,0.650213640104372
Assam_27.0424_93.8104,1.0444444444444445,0.6,1.4,0.3045944480416177
Assam_27.0473_93.9472,4.266666666666667,3.9,4.5,0.193649167310371
Assam_27.0819_93.9,4.3999999999999995,4.1,4.6,0.17888543819998326
Assam_27.0833_95.2,3.2125,2.3,4.1,0.6220645350076516
Assam_27.1225_93.8556,2.7666666666666666,2.5,3.1,0.187082869338697
Assam_27.125_93.9083,1.6888888888888889,1.4,1.9,0.1964971020425266
Assam_27.1458_94.7472,4.144444444444444,2.6,5.0,0.9275116051984351
Assam_27.1958_94.7486,2.1888888888888887,1.2,3.6,0.7833333333333333
Assam_27.2167_94.1083,2.0333333333333337,1.8,2.1,0.12110601416389967
Assam_27.2437_95.4099,1.9875,0.9,3.4,0.7900045207827249
Assam_27.2716_94.0253,1.8625,1.7,2.0,0.1060660171779821
Assam_27.2917_95.625,2.6285714285714286,2.1,3.7,0.6317021600783228
Assam_27.2944_94.1528,1.425,1.2,1.7,0.1752549163769327
Assam_27.3156_95.8553,4.271428571428571,2.3,5.7,1.1397577019031804
Assam_27.3159_94.0425,4.733333333333333,3.7,5.1,0.5240865068542279
Assam_27.3167_94.95,3.566666666666667,3.2,4.1,0.26457513110645897
Assam_27.3235_94.1356,1.2,1.1,1.5,0.14142135623730953
Assam_27.3311_95.8531,5.866666666666666,5.3,6.7,0.6224949798994368
Assam_27.3917_95.6417,1.7333333333333334,1.1,2.6,0.5937171043518957
Assam_27.3936_95.8992,4.0,2.8,5.4,0.8108637370113427
Assam_27.3986_94.8819,4.488888888888889,4.3,4.9,0.17638342073763974
Assam_27.3_95.8583,4.466666666666667,3.2,5.2,0.6422616289332564
Assam_27.4029_94.1746,1.875,1.6,2.4,0.2314550249431379
Assam_27.4134_94.4272,0.7333333333333334,0.5,1.1,0.24221202832779937
Assam_27.4306_94.2625,2.8444444444444446,2.0,4.0,0.5174724898753341
Assam_27.4374_94.2982,2.4000000000000004,2.2,2.6,0.14142135623730942
Assam_27.4417_94.2833,3.0444444444444447,2.4,3.3,0.29627314724385295
Assam_27.44_94.21,4.557142857142857,3.4,5.1,0.6704653678780206
Assam_27.4667_95.0681,4.911111111111111,4.6,5.7,0.33333333333333337
Assam_27.475_95.3667,4.4,3.7,5.8,0.651920240520265
Assam_27.4875_95.1917,5.022222222222222,4.3,5.5,0.4437842318564781
Assam_27.4931_95.26,3.488888888888889,2.6,4.5,0.8038103701191661
Assam_27.5117_94.5878,1.3555555555555554,1.0,1.9,0.26977356760397736
Assam_27.5231_94.5224,2.8444444444444446,2.5,3.2,0.2351122663277648
Assam_27.5371_94.5979,2.35,1.6,2.7,0.3937003937005907
Assam_27.5417_94.7222,1.911111111111111,1.5,2.2,0.23687784005919824
Assam_27.5553_94.505,2.65,2.1,3.0,0.2777460299317654
Assam_27.6197_95.6331,3.3000000000000003,2.9,3.5,0.27568097504180444
Assam_27.7028_94.8558,5.266666666666667,4.9,5.5,0.22509257354845494
Assam_27.7098_94.8566,8.977777777777778,8.0,9.7,0.49944413545905664
Assam_27.7125_95.0556,3.466666666666667,3.0,4.5,0.47958315233127213
Assam_27.7489_94.9222,1.95,1.8,2.1,0.1224744871391588
Assam_27.7528_95.1389,2.0714285714285716,1.6,2.5,0.29277002188456
Assam_27.8269_95.2339,1.9555555555555557,1.3,2.7,0.4003470716488106
Assam_27.9077_95.766,4.271428571428571,2.3,5.7,1.1397577019031804
Bihar_25.9292_86.875,3.8,2.9,4.7,1.272792206135786
Bihar_26.0972_86.5983,3.1999999999999997,2.3,4.1,1.2727922061357855
Chandigarh_30.7033_76.7694,6.8375,6.3,7.3,0.3622844186547362
Chandigarh_30.7056_76.7806,11.2,10.0,12.5,0.6992058987801008
Chandigarh_30.7083_76.7944,2.6900000000000004,2.5,3.0,0.1449137674618944
Chandigarh_30.7097_76.8014,3.34,2.6,4.0,0.48579831205964485
Chandigarh_30.7125_76.7853,21.5,18.3,22.4,1.2128936932440162
Chandigarh_30.7375_76.7278,6.375,4.1,9.2,1.878259072347886
Chandigarh_30.7375_76.7431,4.29,3.7,5.0,0.4840798832148815
Chandigarh_30.75_76.7861,30.033333333333335,15.7,34.4,6.000833275471001
Chhattisgarh_19.0639_82.1472,4.75,4.4,5.1,0.49497474683058273
Chhattisgarh_19.0861_82.0278,6.7,4.8,7.8,1.6522711641858303
Chhattisgarh_19.0861_82.0283,9.15,7.8,10.5,1.909188309203678
Chhattisgarh_19.0958_81.9583,4.05,3.0,5.1,1.4849242404917495
Chhattisgarh_19.2014_81.9361,6.266666666666667,5.4,6.9,0.7767453465154028
Chhattisgarh_19.2028_81.7194,4.866666666666666,2.5,7.1,2.302896726588783
Chhattisgarh_19.3306_81.8319,3.6,2.8,4.5,0.8755950357709129
Chhattisgarh_19.3464_81.7808,2.8666666666666667,2.3,3.3,0.5131601439446885
Chhattisgarh_19.3694_81.7917,4.333333333333333,3.3,6.2,1.619670748434179
Chhattisgarh_19.4361_81.7556,4.833333333333333,4.3,5.5,0.611010092660779
Chhattisgarh_19.6736_81.6764,5.3,5.0,5.6,0.4242640687119283
Chhattisgarh_19.8108_81.6439,8.466666666666667,7.3,9.6,1.1503622617824936
Chhattisgarh_19.8431_81.8742,4.6000000000000005,3.5,6.1,1.3453624047073707
Chhattisgarh_19.8583_81.6375,7.666666666666667,5.5,11.2,3.0859898466024367
Chhattisgarh_20.0542_81.5722,5.6000000000000005,4.5,7.2,1.4177446878757827
Chhattisgarh_20.1208_81.5333,3.5999999999999996,3.1,4.1,0.7071067811865474
Chhattisgarh_20.175_81.5069,6.15,5.3,7.0,1.2020815280171306
Chhattisgarh_20.2792_81.4958,7.15,5.2,9.1,2.7577164466275352
Chhattisgarh_20.2828_81.6447,4.5,4.1,5.1,0.5291502622129182
Chhattisgarh_20.2833_81.4833,3.8,3.4,4.2,0.5656854249492381
Chhattisgarh_20.2875_81.7542,4.066666666666667,2.9,5.4,1.2583057392117918
Chhattisgarh_20.2931_81.9903,5.2,4.8,5.6,0.4
Chhattisgarh_20.3083_81.9125,6.1000000000000005,5.5,7.1,0.8717797887081349
Chhattisgarh_20.3181_81.175,6.5,6.2,6.8,0.4242640687119283
Chhattisgarh_20.3219_82.035,2.5,2.1,2.9,0.5656854249492379
Chhattisgarh_20.3222_81.8625,6.133333333333333,6.0,6.2,0.11547005383792526
Chhattisgarh_20.3333_81.9583,3.6999999999999997,3.0,5.0,1.1269427669584646
Chhattisgarh_20.3667_81.7917,5.7,4.2,7.2,2.1213203435596424
Chhattisgarh_20.3703_81.4414,3.8,3.4,4.2,0.5656854249492383
Chhattisgarh_20.3958_81.4278,2.85,2.6,3.1,0.3535533905932738
Chhattisgarh_20.4056_81.9111,7.6000000000000005,4.6,9.4,2.6153393661244047
Chhattisgarh_20.4167_81.6222,5.6,3.5,7.4,1.8991226044325487
Chhattisgarh_20.4253_81.4058,7.550000000000001,5.2,9.9,3.323401871576773
Chhattisgarh_20.4436_81.8028,4.6,3.5,5.7,1.5556349186104044
Chhattisgarh_20.4525_81.3928,4.35,2.6,6.1,2.474873734152916
Chhattisgarh_20.4917_81.8575,5.7,5.5,5.9,0.2828427124746193
Chhattisgarh_20.4917_81.8708,3.95,3.1,4.9,0.7767453465154031
Chhattisgarh_20.4956_81.9858,1.9000000000000001,1.6,2.2,0.42426406871192857
Chhattisgarh_20.5006_81.9583,4.366666666666667,3.3,5.4,1.0503967504392488
Chhattisgarh_20.5486_81.7375,4.466666666666667,4.2,4.7,0.2516611478423581
Chhattisgarh_20.5667_81.7,4.2,2.9,5.5,1.8384776310850237
Chhattisgarh_20.5686_81.3811,6.8999999999999995,6.2,8.0,0.9643650760992956
Chhattisgarh_20.5819_81.8778,5.933333333333334,4.3,7.1,1.4571661996262932
Chhattisgarh_20.5958_81.6583,5.32,2.4,7.8,2.00424549394529
Chhattisgarh_20.6133_81.6492,3.533333333333333,2.8,4.7,1.0214368964029712
Chhattisgarh_20.6222_81.4425,4.833333333333333,4.6,5.2,0.32145502536643195
Chhattisgarh_20.6294_81.5681,3.133333333333333,2.5,4.1,0.850490054811538
Chhattisgarh_20.6333_81.5667,3.1999999999999997,2.8,3.9,0.6082762530298219
Chhattisgarh_20.6358_81.6347,5.1,4.7,5.5,0.5656854249492382
Chhattisgarh_20.6417_81.0806,3.55,2.5,4.6,1.4849242404917495
Chhattisgarh_20.6678_81.1317,4.175,3.9,4.6,0.30956959368344494
Chhattisgarh_20.6775_81.9042,5.533333333333334,4.7,6.1,0.7371114795831991
Chhattisgarh_20.6833_81.4083,4.833333333333333,3.1,8.9,2.097299851396235
Chhattisgarh_20.6931_81.4417,2.85,1.7,4.0,1.6263455967290592
Chhattisgarh_20.6992_81.0231,5.96,3.5,9.5,2.441925469788134
Chhattisgarh_20.7014_81.3797,8.799999999999999,8.7,8.9,0.1000000000000012
Chhattisgarh_20.7181_81.5897,4.8,2.6,7.0,3.1112698372208087
Chhattisgarh_20.7228_81.9028,4.066666666666666,3.9,4.2,0.1527525231651949
Chhattisgarh_20.7292_81.2,3.233333333333333,3.2,3.3,0.05773502691896237
Chhattisgarh_20.7361_81.2472,4.833333333333333,3.6,5.8,1.123981020005824
Chhattisgarh_20.7433_81.0517,3.0,1.4,4.6,2.2627416997969516
Chhattisgarh_20.7453_81.8542,24.650000000000002,12.6,36.7,17.041273426595797
Chhattisgarh_20.7472_81.8583,5.949999999999999,5.8,6.1,0.2121320343559638
Chhattisgarh_20.775_81.9458,4.15,4.1,4.2,0.07071067811865545
Chhattisgarh_20.7792_81.6667,1.7666666666666666,1.3,2.4,0.5686240703077325
Chhattisgarh_20.7806_81.0642,3.1333333333333333,2.9,3.3,0.20816659994661327
Chhattisgarh_20.7925_81.0514,2.8000000000000003,2.5,3.2,0.360555127546399
Chhattisgarh_20.8108_82.2081,7.733333333333333,6.5,9.5,1.569500982265807
Chhattisgarh_20.8208_81.0572,8.75,3.3,20.6,7.983524701951305
Chhattisgarh_20.8217_81.6931,2.85,1.8,3.9,1.4849242404917498
Chhattisgarh_20.8231_81.2581,7.45,6.1,8.8,1.909188309203679
Chhattisgarh_20.8275_81.7189,3.0666666666666664,2.4,4.2,0.9865765724632494
Chhattisgarh_20.8333_81.4139,4.699999999999999,4.6,4.8,0.1414213562373093
Chhattisgarh_20.8558_81.1344,6.6,4.0,7.9,1.7981471945681573
Chhattisgarh_20.8569_81.6869,2.2,1.5,2.9,0.9899494936611667
Chhattisgarh_20.8639_82.1869,2.85,2.5,3.2,0.4949747468305834
Chhattisgarh_20.8764_81.2889,2.1333333333333333,1.2,3.1,0.950438495292217
Chhattisgarh_20.8819_81.7019,1.3333333333333333,1.2,1.6,0.23094010767585033
Chhattisgarh_20.8828_81.9558,4.466666666666667,1.8,7.9,3.1214312956291916
Chhattisgarh_20.8875_80.9972,4.35,2.0,6.7,3.323401871576773
Chhattisgarh_20.8906_80.7686,1.75,1.3,2.2,0.6363961030678927
Chhattisgarh_20.9028_81.6889,2.6666666666666665,2.1,3.5,0.7371114795831992
Chhattisgarh_20.9042_82.3833,3.55,2.6,4.5,1.34350288425444
Chhattisgarh_20.9056_81.3375,1.3333333333333333,1.0,1.5,0.2886751345948129
Chhattisgarh_20.9431_81.2056,2.6999999999999997,2.6,2.8,0.09999999999999998
Chhattisgarh_20.9444_81.2958,3.2750000000000004,2.7,4.0,0.5619905100029122
Chhattisgarh_20.9533_81.3169,3.2,2.6,4.1,0.7348469228349532
Chhattisgarh_20.9542_81.2581,5.95,4.7,6.8,1.0344080432788603
Chhattisgarh_20.9614_81.68,3.033333333333333,2.7,3.4,0.3511884584284247
Chhattisgarh_20.9667_81.8833,8.5,7.7,9.1,0.7211102550927975
Chhattisgarh_20.9708_80.8569,3.4333333333333336,2.7,4.0,0.6658328118479392
Chhattisgarh_20.9789_81.2889,4.0,1.6,8.1,3.5679125549822546
Chhattisgarh_20.9833_81.8111,2.1666666666666665,1.9,2.5,0.30550504633038916
Chhattisgarh_20.9917_80.7458,2.8333333333333335,1.5,4.8,1.7387735140993301
Chhattisgarh_20.9978_81.0542,3.266666666666667,1.8,5.8,2.2030282189144406
Chhattisgarh_21.0042_81.725,4.3,3.9,4.9,0.5291502622129183
Chhattisgarh_21.0053_82.4308,2.8,2.6,3.0,0.2828427124746191
Chhattisgarh_21.0181_81.6789,3.1999999999999997,2.7,4.0,0.7
Chhattisgarh_21.0311_81.4278,6.0,4.8,7.2,1.6970562748477143
Chhattisgarh_21.0333_81.0417,1.7666666666666666,1.5,2.0,0.2516611478423583
Chhattisgarh_21.0333_81.55,2.5,2.2,2.8,0.4242640687119283
Chhattisgarh_21.0333_82.4083,7.050000000000001,5.8,8.3,1.7677669529663698
Chhattisgarh_21.0375_81.4583,4.4,3.9,4.9,0.7071067811865477
Chhattisgarh_21.0542_81.7514,7.783333333333334,3.6,15.0,5.618689052320538
Chhattisgarh_21.055_81.265,4.55,3.9,5.2,0.9192388155425119
Chhattisgarh_21.0567_81.2017,2.5666666666666664,2.4,2.9,0.28867513459481287
Chhattisgarh_21.05_81.7458,5.05,4.6,5.5,0.636396103067893
Chhattisgarh_21.0667_81.275,2.4333333333333336,2.2,2.7,0.2516611478423581
Chhattisgarh_21.0678_80.6761,7.0,6.3,7.7,0.9899494936611668
Chhattisgarh_21.0703_81.4967,3.25,3.0,3.5,0.3535533905932738
Chhattisgarh_21.0761_82.1522,2.55,2.4,2.7,0.2121320343559646
Chhattisgarh_21.0764_80.8211,8.0,4.0,12.7,4.3920382511995495
Chhattisgarh_21.0789_82.4778,6.0,3.7,8.3,3.2526911934581184
Chhattisgarh_21.0822_80.7381,6.066666666666666,4.6,7.8,1.6165807537309522
Chhattisgarh_21.0828_80.6383,6.233333333333333,5.2,7.0,0.9291573243177568
Chhattisgarh_21.0833_80.5875,5.866666666666667,2.8,7.9,2.702468007827907
Chhattisgarh_21.0839_81.3094,2.6,2.2,2.9,0.36055512754639885
Chhattisgarh_21.0861_80.9936,3.9,2.5,5.3,1.979898987322333
Chhattisgarh_21.0886_82.1169,5.05,5.0,5.1,0.0707106781186545
Chhattisgarh_21.0917_81.0417,2.7750000000000004,1.8,4.4,1.14418821295566
Chhattisgarh_21.0997_80.7014,4.666666666666667,3.2,6.4,1.6165807537309524
Chhattisgarh_21.1039_81.0894,3.1,2.0,3.9,0.9848857801796104
Chhattisgarh_21.1083_81.0406,8.533333333333333,6.8,11.4,2.500666577801474
Chhattisgarh_21.1083_82.0958,8.3,8.1,8.5,0.2828427124746199
Chhattisgarh_21.1083_82.4708,4.65,4.1,5.2,0.777817459305203
Chhattisgarh_21.1128_81.7831,3.8000000000000003,3.2,4.4,0.8485281374238571
Chhattisgarh_21.1167_81.3889,1.6,1.4,1.8,0.28284271247461906
Chhattisgarh_21.1183_81.0058,3.55,2.4,4.7,1.6263455967290597
Chhattisgarh_21.1211_81.5106,5.3,4.8,5.8,0.7071067811865476
Chhattisgarh_21.1211_81.5658,2.8,2.6,3.0,0.2828427124746191
Chhattisgarh_21.1239_81.1467,7.3,2.8,13.9,5.840376700179536
Chhattisgarh_21.12_80.5272,6.6,6.0,7.2,0.8485281374238568
Chhattisgarh_21.1417_81.0583,3.0,2.4,4.2,1.0392304845413267
Chhattisgarh_21.1633_82.0269,3.2,3.1,3.3,0.14142135623730948
Chhattisgarh_21.1667_81.0361,5.675,4.5,7.0,1.0372238588334408
Chhattisgarh_21.1667_81.7292,4.533333333333333,4.3,4.8,0.25166114784235855
Chhattisgarh_21.1669_81.2114,2.65,1.4,5.0,1.6340134638368191
Chhattisgarh_21.1686_81.15,5.766666666666667,4.1,7.2,1.563116545025781
Chhattisgarh_21.1847_80.7597,6.85,6.4,7.1,0.3316624790355397
Chhattisgarh_21.1861_81.1242,4.466666666666667,3.9,4.8,0.49328828623162485
Chhattisgarh_21.1908_81.1853,4.7,3.2,6.2,2.1213203435596424
Chhattisgarh_21.1917_81.275,2.2666666666666666,2.0,2.5,0.2516611478423583
Chhattisgarh_21.1917_82.1208,4.55,4.1,5.0,0.636396103067893
Chhattisgarh_21.1947_81.9697,10.350000000000001,9.8,10.9,0.7778174593052026
Chhattisgarh_21.1978_81.6897,4.266666666666667,3.2,6.3,1.761628034896508
Chhattisgarh_21.1_80.6861,5.7,4.3,7.4,1.5716233645501714
Chhattisgarh_21.1_81.4194,4.175,2.6,6.3,1.6194134740701647
Chhattisgarh_21.2072_81.4139,4.966666666666667,4.0,5.7,0.8736894948054106
Chhattisgarh_21.2083_81.6778,9.799999999999999,5.3,14.0,4.3577517139001865
Chhattisgarh_21.2097_82.1483,3.75,3.7,3.8,0.0707106781186545
Chhattisgarh_21.2153_81.2139,8.6,3.5,12.3,4.563989482897611
Chhattisgarh_21.215_80.7925,6.133333333333333,5.2,6.7,0.8144527815247073
Chhattisgarh_21.2258_82.2503,6.300000000000001,5.2,7.4,1.5556349186104044
Chhattisgarh_21.2283_80.8039,5.733333333333333,4.2,8.2,2.157158624981791
Chhattisgarh_21.2333_81.5333,5.1000000000000005,3.8,6.8,1.5394804318340651
Chhattisgarh_21.2394_81.5839,3.1999999999999997,1.8,4.6,1.9798989873223327
Chhattisgarh_21.2492_81.2264,3.8000000000000003,2.0,5.2,1.6370705543744901
Chhattisgarh_21.255_80.8594,5.966666666666666,5.3,7.0,0.907377172587747
Chhattisgarh_21.2669_81.8725,4.275,3.4,4.9,0.6751543033509703
Chhattisgarh_21.2694_82.8264,2.75,2.6,2.9,0.21213203435596414
Chhattisgarh_21.2717_81.1194,6.2,4.6,8.5,2.042057785666214
Chhattisgarh_21.275_82.73,5.35,5.3,5.4,0.07071067811865482
Chhattisgarh_21.2783_82.0281,2.8,1.4,4.2,1.9798989873223334
Chhattisgarh_21.2819_81.1331,5.1,3.7,6.5,1.9798989873223325
Chhattisgarh_21.2_81.8667,5.449999999999999,4.8,6.1,0.9192388155425113
Chhattisgarh_21.3167_83.0083,2.45,1.3,3.6,1.6263455967290592
Chhattisgarh_21.3183_81.0289,7.5,6.0,9.0,2.1213203435596424
Chhattisgarh_21.325_81.3375,3.0,2.9,3.1,0.14142135623730964
Chhattisgarh_21.3303_81.7622,4.25,1.5,7.0,3.8890872965260113
Chhattisgarh_21.345_81.0294,4.633333333333334,2.9,7.4,2.4214320831552003
Chhattisgarh_21.3475_80.9789,10.133333333333333,7.0,12.4,2.80237994093116
Chhattisgarh_21.34_81.1039,4.1000000000000005,2.7,6.8,2.3388031127052997
Chhattisgarh_21.3528_81.2,5.766666666666667,4.8,7.4,1.4224392195567912
Chhattisgarh_21.3542_81.6569,5.566666666666666,4.8,6.8,1.078579312490896
Chhattisgarh_21.3611_81.4167,3.2,2.0,4.4,1.6970562748477143
Chhattisgarh_21.3656_81.9797,2.4,1.3,3.1,0.9643650760992954
Chhattisgarh_21.365_81.1547,3.6666666666666665,3.1,4.2,0.5507570547286104
Chhattisgarh_21.3667_81.8069,2.8000000000000003,2.3,3.7,0.7810249675906655
Chhattisgarh_21.3672_81.1125,4.766666666666667,2.4,6.3,2.0792626898334254
Chhattisgarh_21.3692_81.9753,1.4500000000000002,0.7,2.2,1.0606601717798214
Chhattisgarh_21.3875_81.9208,4.866666666666667,3.0,7.2,2.138535324312725
Chhattisgarh_21.3922_83.09,2.9333333333333336,2.6,3.3,0.35118845842842433
Chhattisgarh_21.3931_81.9044,3.3,2.9,3.7,0.5656854249492381
Chhattisgarh_21.3981_81.6728,2.3333333333333335,1.8,3.0,0.6110100926607787
Chhattisgarh_21.4003_81.9919,3.733333333333333,3.5,4.1,0.3214550253664314
Chhattisgarh_21.4056_82.0275,4.3999999999999995,3.7,5.2,0.7549834435270749
Chhattisgarh_21.4083_81.6722,5.175,2.9,9.1,2.7921019561135894
Chhattisgarh_21.4086_81.0064,5.8,4.5,7.4,1.4730919862656235
Chhattisgarh_21.4208_82.2667,2.733333333333333,1.2,5.5,2.400694344004112
Chhattisgarh_21.4228_81.97,5.55,4.0,7.1,2.192031021678297
Chhattisgarh_21.4333_80.9708,6.333333333333333,3.5,8.2,2.494660965609021
Chhattisgarh_21.4428_81.7175,3.7000000000000006,2.5,5.9,1.9078784028338915
Chhattisgarh_21.4589_81.2881,10.9,10.0,11.8,1.272792206135786
Chhattisgarh_21.45_82.075,4.866666666666666,4.4,5.6,0.6429100507328633
Chhattisgarh_21.4628_81.6525,7.45,5.1,9.8,3.3234018715767744
Chhattisgarh_21.4633_81.6633,5.433333333333334,5.1,6.0,0.4932882862316245
Chhattisgarh_21.4658_81.865,3.375,2.3,5.2,1.3022416570411706
Chhattisgarh_21.465_81.3347,8.233333333333333,2.0,14.5,6.250066666311115
Chhattisgarh_21.4667_82.075,4.566666666666666,4.3,4.9,0.3055050463303898
Chhattisgarh_21.4667_82.2833,4.1,3.5,4.7,0.8485281374238575
Chhattisgarh_21.4744_82.0833,3.0999999999999996,1.2,4.8,1.8083141320025125
Chhattisgarh_21.4786_81.4444,5.45,5.0,5.9,0.636396103067893
Chhattisgarh_21.4906_81.6892,3.966666666666667,3.2,4.8,0.8020806277010641
Chhattisgarh_21.4917_81.3944,3.5,2.7,4.3,1.1313708498984758
Chhattisgarh_21.5031_81.4533,5.0,2.0,8.0,4.242640687119285
Chhattisgarh_21.5222_82.0672,2.45,1.9,3.6,0.8020806277010645
Chhattisgarh_21.525_83.2625,4.066666666666666,1.6,7.1,2.7934447074057744
Chhattisgarh_21.5292_82.1625,3.8666666666666667,2.9,5.5,1.422439219556791
Chhattisgarh_21.5417_83.125,2.8,2.7,2.9,0.14142135623730917
Chhattisgarh_21.5569_81.0133,6.633333333333333,5.9,8.1,1.2701705922171762
Chhattisgarh_21.5589_83.1956,8.45,6.9,10.0,2.192031021678298
Chhattisgarh_21.5625_82.1308,2.72,2.1,4.4,0.9523654760647302
Chhattisgarh_21.5694_81.2139,7.25,7.2,7.3,0.0707106781186545
Chhattisgarh_21.56_82.9169,3.8499999999999996,3.4,4.3,0.6363961030678928
Chhattisgarh_21.575_81.2917,2.95,2.6,3.3,0.49497474683058323
Chhattisgarh_21.5881_81.4014,4.1,3.2,5.0,1.272792206135785
Chhattisgarh_21.5889_81.2106,10.85,10.2,11.5,0.9192388155425123
Chhattisgarh_21.5997_81.26,8.75,8.7,8.8,0.07071067811865576
Chhattisgarh_21.6092_81.85,3.0,2.4,4.0,0.6976149845485451
Chhattisgarh_21.6158_81.9739,3.466666666666667,2.6,4.8,1.171893055416463
Chhattisgarh_21.6167_82.4333,2.6,1.8,3.1,0.7
Chhattisgarh_21.6192_82.0425,3.3,1.8,4.7,1.2027745701779144
Chhattisgarh_21.6208_82.4264,5.35,4.1,6.6,1.7677669529663689
Chhattisgarh_21.6214_81.0722,5.7,5.0,6.4,0.9899494936611668
Chhattisgarh_21.6228_82.1011,4.4,3.2,5.6,1.6970562748477134
Chhattisgarh_21.625_81.7042,10.319999999999999,2.7,21.7,10.298155174593166
Chhattisgarh_21.625_82.9167,6.8,4.6,9.0,3.111269837220809
Chhattisgarh_21.6269_82.1303,5.8999999999999995,4.5,7.1,1.3114877048603997
Chhattisgarh_21.6294_81.8417,5.075,2.0,9.0,3.1319589184193757
Chhattisgarh_21.6375_82.725,2.966666666666667,1.9,4.7,1.5143755588800734
Chhattisgarh_21.6378_81.22,5.45,3.9,7.0,2.1920310216782974
Chhattisgarh_21.6389_82.3417,2.1,1.3,3.5,0.9933109617167559
Chhattisgarh_21.6431_82.4583,4.133333333333334,2.9,5.5,1.305118130030126
Chhattisgarh_21.6522_82.4914,3.1,2.7,3.5,0.5656854249492379
Chhattisgarh_21.6536_82.8122,3.266666666666667,2.3,4.5,1.1239810200058244
Chhattisgarh_21.6542_82.2583,3.25,2.0,4.4,0.9949874371066201
Chhattisgarh_21.6556_82.1667,10.35,5.3,15.4,7.14177848998413
Chhattisgarh_21.6589_81.5539,7.5,6.0,9.0,2.1213203435596424
Chhattisgarh_21.6628_82.2311,2.4,1.4,4.2,1.562049935181331
Chhattisgarh_21.6639_81.1089,8.1,7.8,8.4,0.42426406871192857
Chhattisgarh_21.6683_81.3053,7.550000000000001,7.4,7.7,0.2121320343559638
Chhattisgarh_21.6719_81.4731,6.05,4.5,7.6,2.192031021678297
Chhattisgarh_21.67_81.3986,10.850000000000001,9.9,11.8,1.3435028842544412
Chhattisgarh_21.6875_82.5611,3.0,2.2,3.8,1.1313708498984758
Chhattisgarh_21.6892_81.4839,9.3,6.2,12.4,4.384062043356595
Chhattisgarh_21.6908_81.7814,3.05,2.3,3.7,0.5802298395176405
Chhattisgarh_21.6917_82.0653,5.5,4.0,7.6,1.5187714333192688
Chhattisgarh_21.6917_83.3858,5.9,4.4,7.4,2.1213203435596424
Chhattisgarh_21.6919_81.2231,6.9,5.2,8.6,2.4041630560342613
Chhattisgarh_21.7017_81.5375,9.85,8.2,11.5,2.333452377915607
Chhattisgarh_21.7153_81.5892,3.6,2.9,5.0,1.2124355652982142
Chhattisgarh_21.715_81.7906,3.6666666666666665,2.1,5.4,1.432014897501652
Chhattisgarh_21.7181_82.5944,6.1,5.8,6.4,0.4242640687119292
Chhattisgarh_21.7194_83.3042,4.05,4.0,4.1,0.0707106781186545
Chhattisgarh_21.7333_82.5944,8.833333333333334,7.4,9.7,1.250333288900737
Chhattisgarh_21.7414_81.1664,6.550000000000001,6.2,6.9,0.49497474683058373
Chhattisgarh_21.7458_82.7111,4.7,2.8,5.8,1.652271164185831
Chhattisgarh_21.7619_81.5142,3.6333333333333333,3.0,4.8,1.011599393699568
Chhattisgarh_21.7628_81.4828,3.233333333333333,3.0,3.5,0.2516611478423583
Chhattisgarh_21.7672_81.1306,7.75,7.6,7.9,0.21213203435596475
Chhattisgarh_21.7708_82.5567,2.566666666666667,2.2,2.8,0.3214550253664317
Chhattisgarh_21.7714_83.3956,2.2,2.1,2.3,0.14142135623730948
Chhattisgarh_21.7758_82.3844,5.14,4.1,5.7,0.6188699378706323
Chhattisgarh_21.7794_82.3136,3.9333333333333336,1.5,5.3,2.1126602503321097
Chhattisgarh_21.7833_83.0097,7.55,6.6,8.5,1.3435028842544405
Chhattisgarh_21.7833_83.0833,3.1333333333333333,2.3,3.7,0.7371114795831996
Chhattisgarh_21.7972_82.525,3.266666666666667,2.9,3.6,0.3511884584284247
Chhattisgarh_21.8083_83.3997,3.8499999999999996,2.6,5.3,1.40118997046558
Chhattisgarh_21.8122_81.4647,3.75,3.0,4.5,1.0606601717798212
Chhattisgarh_21.8153_82.6508,4.1,2.8,5.4,1.8384776310850242
Chhattisgarh_21.8281_82.27,9.3,8.2,10.4,1.555634918610406
Chhattisgarh_21.8328_82.4958,3.866666666666667,3.2,4.2,0.5773502691896257
Chhattisgarh_21.8333_81.125,5.033333333333333,4.6,5.8,0.6658328118479393
Chhattisgarh_21.8333_82.8208,6.366666666666667,5.3,8.4,1.7616280348965088
Chhattisgarh_21.8383_81.5975,9.8,7.2,12.0,2.3223551264467144
Chhattisgarh_21.8467_82.4581,2.0333333333333337,1.6,2.7,0.5859465277082317
Chhattisgarh_21.8503_83.23,2.8,1.4,4.2,1.9798989873223332
Chhattisgarh_21.8528_82.3828,4.433333333333334,3.0,5.4,1.2662279942148387
Chhattisgarh_21.8611_82.6333,5.3,3.0,6.8,2.0223748416156684
Chhattisgarh_21.8625_82.465,6.0,5.9,6.1,0.141421356237309
Chhattisgarh_21.8694_83.0944,1.5499999999999998,0.7,2.4,1.2020815280171306
Chhattisgarh_21.8708_82.4528,2.4,2.3,2.6,0.173205080756888
Chhattisgarh_21.8769_81.4644,6.5,6.1,6.9,0.5656854249492386
Chhattisgarh_21.8797_82.1475,5.2,2.6,9.5,3.3075670817082456
Chhattisgarh_21.8831_82.3394,6.15,5.9,6.4,0.3535533905932738
Chhattisgarh_21.8914_82.2858,3.8000000000000003,2.7,5.0,1.1532562594670792
Chhattisgarh_21.8939_82.0706,4.533333333333333,4.1,4.8,0.37859388972001823
Chhattisgarh_21.8939_82.3436,3.0500000000000003,1.2,4.4,1.347837774610382
Chhattisgarh_21.8961_82.7461,5.5,5.2,5.9,0.36055512754639857
Chhattisgarh_21.8969_82.6231,2.6999999999999997,2.0,3.1,0.6082762530298219
Chhattisgarh_21.8_82.6667,5.066666666666666,3.8,5.8,1.1015141094572203
Chhattisgarh_21.9083_81.6083,7.833333333333333,7.4,8.5,0.5859465277082315
Chhattisgarh_21.9111_81.7436,12.450000000000001,3.3,21.6,12.94005409571382
Chhattisgarh_21.9192_82.2692,6.3,6.1,6.4,0.1732050807568882
Chhattisgarh_21.9208_82.5394,5.7,4.4,6.4,1.1269427669584646
Chhattisgarh_21.925_82.3417,3.5,1.7,6.4,2.535744466621194
Chhattisgarh_21.9303_82.3567,4.333333333333333,3.0,5.4,1.2220201853215575
Chhattisgarh_21.9319_82.825,2.433333333333333,2.3,2.7,0.2309401076758505
Chhattisgarh_21.9444_82.1336,6.266666666666667,5.3,8.0,1.504437879519568
Chhattisgarh_21.9447_82.5947,3.266666666666667,2.9,3.9,0.5507570547286104
Chhattisgarh_21.9478_82.405,4.85,4.5,5.2,0.49497474683058373
Chhattisgarh_21.9614_82.7006,7.099999999999999,4.5,8.7,2.2715633383201084
Chhattisgarh_21.9639_81.2042,6.0,3.9,8.1,2.9698484809834995
Chhattisgarh_21.9694_82.0472,4.6,4.0,5.2,0.8485281374238568
Chhattisgarh_21.9694_82.3692,3.0999999999999996,2.3,3.9,1.1313708498984762
Chhattisgarh_21.9819_82.2383,6.55,5.8,7.3,1.0606601717798212
Chhattisgarh_21.9833_82.7542,3.1,3.0,3.2,0.14142135623730964
Chhattisgarh_21.9903_82.2667,5.833333333333333,2.1,12.0,5.379900866496829
Chhattisgarh_21.9908_82.2428,5.666666666666667,4.3,8.0,2.0305992547357374
Chhattisgarh_21.9914_82.2678,1.0333333333333332,0.7,1.2,0.28867513459481287
Chhattisgarh_21.9_82.7167,5.45,5.4,5.5,0.0707106781186545
Chhattisgarh_22.0042_82.5792,7.599999999999999,6.0,9.6,1.8330302779823358
Chhattisgarh_22.0064_81.7161,1.25,1.0,1.5,0.3535533905932738
Chhattisgarh_22.0072_81.2383,6.525,2.3,17.2,7.136467380060436
Chhattisgarh_22.0167_81.8389,3.0999999999999996,2.9,3.3,0.2828427124746188
Chhattisgarh_22.0175_83.1064,5.5,4.4,6.6,1.5556349186104041
Chhattisgarh_22.0189_81.7678,4.666666666666667,2.1,8.4,3.3080709383768263
Chhattisgarh_22.0208_82.9625,4.066666666666666,2.5,5.7,1.601041327803044
Chhattisgarh_22.0264_82.4222,1.6800000000000002,1.4,2.5,0.46583258795408466
Chhattisgarh_22.0333_82.3394,4.75,4.0,5.5,1.0606601717798212
Chhattisgarh_22.0336_81.8483,3.5,2.4,4.8,1.212435565298214
Chhattisgarh_22.0353_82.6611,9.7,8.1,11.3,2.2627416997969525
Chhattisgarh_22.0517_81.22,7.2,6.0,8.4,1.6970562748477143
Chhattisgarh_22.05_82.62,3.55,2.8,4.3,1.0606601717798212
Chhattisgarh_22.0756_83.1269,5.5,5.3,5.7,0.2828427124746193
Chhattisgarh_22.0825_82.46,9.55,8.5,10.6,1.4849242404917502
Chhattisgarh_22.09_81.8253,4.333333333333333,3.6,4.9,0.6658328118479395
Chhattisgarh_22.1125_83.3325,6.35,6.2,6.5,0.21213203435596445
Chhattisgarh_22.1192_83.3444,3.4000000000000004,3.2,3.6,0.2828427124746188
Chhattisgarh_22.1222_81.9875,5.566666666666666,3.7,7.8,2.074447717666881
Chhattisgarh_22.1258_82.2583,3.55,3.2,3.9,0.4949747468305829
Chhattisgarh_22.125_83.1694,4.65,3.5,5.8,1.6263455967290594
Chhattisgarh_22.1333_81.8694,3.1333333333333333,2.9,3.3,0.20816659994661327
Chhattisgarh_22.1356_82.8594,5.25,5.0,5.5,0.20816659994661307
Chhattisgarh_22.1453_82.4158,4.666666666666667,4.1,5.7,0.8962886439832504
Chhattisgarh_22.1458_82.2792,3.1333333333333333,2.3,3.6,0.7234178138070235
Chhattisgarh_22.1522_81.6114,5.966666666666666,3.4,8.8,2.709858544893688
Chhattisgarh_22.155_83.2797,5.95,5.4,6.5,0.7778174593052021
Chhattisgarh_22.1611_81.2208,12.466666666666667,9.0,14.5,3.0171730698343
Chhattisgarh_22.1667_81.0583,6.833333333333333,5.9,8.0,1.0692676621563624
Chhattisgarh_22.175_81.3167,7.8999999999999995,4.5,12.0,3.7986839826445156
Chhattisgarh_22.1861_82.0417,2.98,1.8,4.7,1.056882207249228
Chhattisgarh_22.1944_82.1389,2.533333333333333,2.4,2.8,0.23094010767585013
Chhattisgarh_22.1967_82.7853,4.566666666666666,3.4,5.2,1.011599393699568
Chhattisgarh_22.1997_82.7731,5.25,4.6,5.9,0.9192388155425123
Chhattisgarh_22.2042_83.1042,6.8,4.6,9.0,3.111269837220809
Chhattisgarh_22.2058_83.0003,6.4,4.9,7.5,1.1916375287812981
Chhattisgarh_22.2278_81.6653,7.3999999999999995,6.2,8.7,1.2529964086141665
Chhattisgarh_22.2333_82.7633,5.45,4.4,6.5,1.4849242404917495
Chhattisgarh_22.2375_81.5458,9.75,9.5,10.0,0.3535533905932738
Chhattisgarh_22.24_83.0203,5.133333333333333,4.1,6.5,1.2342339054382414
Chhattisgarh_22.2542_81.8833,5.5,5.0,6.0,0.7071067811865476
Chhattisgarh_22.2575_81.8353,5.800000000000001,5.7,5.9,0.14142135623730995
Chhattisgarh_22.2597_81.9456,9.366666666666667,6.8,12.0,2.6006409466386042
Chhattisgarh_22.2675_81.9586,7.775,6.4,9.6,1.501943185787443
Chhattisgarh_22.2725_81.7544,6.05,4.3,7.8,2.4748737341529163
Chhattisgarh_22.275_82.7278,4.225,4.0,4.5,0.2629955639676582
Chhattisgarh_22.2764_82.8667,5.7,5.2,6.2,0.7071067811865476
Chhattisgarh_22.2764_82.8858,6.275,6.0,6.5,0.20615528128088306
Chhattisgarh_22.2769_82.7667,5.933333333333334,4.1,7.0,1.5947831618540913
Chhattisgarh_22.2806_82.1778,5.7,5.5,5.9,0.2828427124746193
Chhattisgarh_22.2889_82.0222,16.6,12.2,21.0,6.22253967444162
Chhattisgarh_22.2889_82.025,2.1,1.9,2.5,0.3464101615137757
Chhattisgarh_22.2947_83.2786,4.699999999999999,4.1,5.3,0.8485281374238568
Chhattisgarh_22.2958_82.075,5.133333333333333,4.6,5.6,0.5033222956847162
Chhattisgarh_22.3028_82.9625,8.366666666666667,5.7,10.5,2.444040370643114
Chhattisgarh_22.3058_82.5469,3.9,1.2,6.6,3.8183766184073566
Chhattisgarh_22.3094_81.9497,2.35,1.7,3.0,0.9192388155425119
Chhattisgarh_22.3194_82.9847,2.95,2.6,3.3,0.49497474683058323
Chhattisgarh_22.3264_81.3972,6.6,6.4,6.8,0.28284271247461895
Chhattisgarh_22.32_83.0775,7.266666666666667,4.2,13.4,5.311622476544557
Chhattisgarh_22.3333_83.1739,8.033333333333333,7.3,8.7,0.7023769168568491
Chhattisgarh_22.3375_83.4708,7.25,6.5,8.0,1.0606601717798212
Chhattisgarh_22.3389_82.3086,4.550000000000001,4.4,4.7,0.2121320343559638
Chhattisgarh_22.3403_82.4683,3.75,2.4,5.1,1.9091883092036779
Chhattisgarh_22.3414_83.0119,4.5,4.1,4.9,0.5656854249492386
Chhattisgarh_22.3417_81.9361,7.75,7.5,8.0,0.3535533905932738
Chhattisgarh_22.345_82.7739,5.166666666666667,4.9,5.4,0.2516611478423584
Chhattisgarh_22.3486_83.2367,4.449999999999999,4.1,4.8,0.49497474683058373
Chhattisgarh_22.3489_81.9342,5.6,4.9,6.3,0.9899494936611658
Chhattisgarh_22.3503_83.4981,6.25,4.4,8.1,1.919201222731304
Chhattisgarh_22.3514_82.4333,3.733333333333333,3.4,4.3,0.49328828623162446
Chhattisgarh_22.3528_82.8403,6.449999999999999,4.7,8.2,2.4748737341529154
Chhattisgarh_22.3564_82.4281,7.933333333333334,6.4,9.6,1.6041612554021278
Chhattisgarh_22.35_82.0161,5.033333333333333,4.4,5.6,0.6027713773341704
Chhattisgarh_22.3622_82.1406,3.6999999999999997,1.7,5.1,1.7776388834631174
Chhattisgarh_22.3639_81.3528,5.1,4.7,5.5,0.5656854249492382
Chhattisgarh_22.3667_81.9972,4.366666666666666,3.8,5.4,0.8962886439832501
Chhattisgarh_22.3697_82.9597,4.5,4.4,4.7,0.17320508075688776
Chhattisgarh_22.3706_83.2342,5.5,5.4,5.6,0.141421356237309
Chhattisgarh_22.3719_82.7842,4.7,4.0,5.4,0.9899494936611668
Chhattisgarh_22.3722_82.3222,2.15,2.0,2.3,0.21213203435596414
Chhattisgarh_22.3736_82.2683,4.166666666666667,3.8,4.7,0.472581562625261
Chhattisgarh_22.3756_82.8761,5.85,5.5,6.2,0.49497474683058373
Chhattisgarh_22.3814_81.8997,8.25,7.7,8.8,0.777817459305203
Chhattisgarh_22.3833_82.1167,2.8200000000000003,1.8,3.7,0.8105553651663778
Chhattisgarh_22.3833_83.5833,6.3,5.5,7.1,1.1313708498984758
Chhattisgarh_22.3917_82.3806,1.975,1.5,2.4,0.37749172176353746
Chhattisgarh_22.3939_81.9978,5.1000000000000005,2.7,7.8,2.563201123595259
Chhattisgarh_22.3969_82.9914,3.6666666666666665,3.4,4.1,0.37859388972001806
Chhattisgarh_22.4078_83.1339,7.05,6.3,7.8,1.0606601717798212
Chhattisgarh_22.4256_82.6186,3.3,2.7,3.9,0.8485281374238567
Chhattisgarh_22.4264_82.0431,6.25,5.6,6.9,0.9192388155425123
Chhattisgarh_22.4267_81.795,5.550000000000001,4.7,6.4,1.202081528017131
Chhattisgarh_22.4292_83.0442,5.0,4.4,5.6,0.8485281374238566
Chhattisgarh_22.4294_82.125,2.9333333333333336,0.5,5.6,2.5579940057266226
Chhattisgarh_22.4333_82.0333,5.225,4.6,6.5,0.8958236433584458
Chhattisgarh_22.4333_82.4333,4.550000000000001,4.4,4.7,0.21213203435596445
Chhattisgarh_22.4342_83.1672,4.8,3.3,6.3,2.1213203435596424
Chhattisgarh_22.4347_82.65,4.6,4.3,4.9,0.42426406871192857
Chhattisgarh_22.4419_82.5725,8.700000000000001,7.1,9.5,1.385640646055102
Chhattisgarh_22.4475_82.4783,3.5,2.9,4.1,0.848528137423857
Chhattisgarh_22.4575_82.5314,5.699999999999999,5.6,5.8,0.1414213562373093
Chhattisgarh_22.4694_82.1044,4.45,3.1,5.9,1.2151817422372124
Chhattisgarh_22.47_82.5219,5.166666666666667,4.4,5.6,0.665832811847939
Chhattisgarh_22.4831_82.5353,4.7,3.7,5.3,0.8717797887081344
Chhattisgarh_22.4839_83.1597,6.15,5.1,7.2,1.4849242404917498
Chhattisgarh_22.4925_83.2242,3.1999999999999997,2.3,4.1,1.2727922061357855
Chhattisgarh_22.5083_82.5208,2.6333333333333333,2.3,2.9,0.3055050463303893
Chhattisgarh_22.5125_83.4361,7.266666666666667,6.7,8.2,0.8144527815247069
Chhattisgarh_22.5319_82.0806,8.433333333333334,6.8,10.8,2.0984120980716194
Chhattisgarh_22.5633_83.1119,7.375,5.7,8.3,1.1644025649805714
Chhattisgarh_22.575_82.4208,6.333333333333333,4.5,8.3,1.9035055380358983
Chhattisgarh_22.5778_83.5414,3.5666666666666664,3.2,3.9,0.3511884584284246
Chhattisgarh_22.5794_83.8439,6.25,5.8,6.7,0.636396103067893
Chhattisgarh_22.5797_83.2517,6.4,5.6,7.2,1.1313708498984767
Chhattisgarh_22.57_81.7569,4.05,3.5,4.6,0.7778174593052021
Chhattisgarh_22.5972_82.3961,2.4,1.7,3.1,0.9899494936611667
Chhattisgarh_22.6094_83.7322,5.25,4.7,5.8,0.7778174593052021
Chhattisgarh_22.6175_83.3797,4.05,3.9,4.2,0.2121320343559646
Chhattisgarh_22.6208_81.7708,5.675,4.2,8.9,2.1929812280698315
Chhattisgarh_22.6228_82.4653,8.133333333333333,4.7,10.5,3.0435724623102587
Chhattisgarh_22.6306_83.4042,7.050000000000001,6.9,7.2,0.21213203435596445
Chhattisgarh_22.6336_83.6919,5.533333333333334,5.0,6.2,0.6110100926607789
Chhattisgarh_22.6403_83.7431,8.7,8.1,9.3,0.8485281374238571
Chhattisgarh_22.6442_83.2869,2.0,1.9,2.2,0.1732050807568877
Chhattisgarh_22.6531_83.7814,4.875,3.8,6.3,1.0404326023342407
Chhattisgarh_22.6639_81.8833,5.75,5.5,6.0,0.3535533905932738
Chhattisgarh_22.6653_83.9583,5.933333333333334,5.0,6.7,0.8621678104251708
Chhattisgarh_22.6667_82.3806,8.65,7.4,9.9,1.040832999733066
Chhattisgarh_22.6853_82.3767,6.35,4.2,8.5,3.040559159102154
Chhattisgarh_22.6861_83.8583,6.757142857142857,4.8,10.0,1.8265241515486392
Chhattisgarh_22.6867_83.7253,3.8000000000000003,3.7,3.9,0.09999999999999992
Chhattisgarh_22.6975_81.8933,3.75,2.7,4.8,1.4849242404917495
Chhattisgarh_22.6_83.9583,2.8000000000000003,1.0,3.8,1.562049935181331
Chhattisgarh_22.7042_83.9292,7.133333333333333,7.0,7.3,0.15275252316519472
Chhattisgarh_22.7167_82.5292,5.8,4.5,6.8,1.1789826122551594
Chhattisgarh_22.7333_83.7333,6.8,6.3,7.1,0.43588989435406733
Chhattisgarh_22.7419_83.9542,12.166666666666666,4.0,16.8,7.093894088110798
Chhattisgarh_22.7514_84.1561,5.800000000000001,4.7,6.9,1.555634918610405
Chhattisgarh_22.7542_81.9111,4.166666666666667,3.5,4.5,0.5773502691896257
Chhattisgarh_22.7586_83.9681,4.550000000000001,4.2,4.9,0.49497474683058307
Chhattisgarh_22.765_82.2636,6.65,6.5,6.8,0.21213203435596445
Chhattisgarh_22.7667_84.0333,4.3,3.3,4.9,0.6442049363362565
Chhattisgarh_22.7694_82.4903,3.0,2.4,3.6,0.8485281374238571
Chhattisgarh_22.7694_83.4917,6.975,6.6,7.8,0.5560275772537425
Chhattisgarh_22.7708_84.025,5.433333333333334,5.3,5.5,0.11547005383792532
Chhattisgarh_22.775_84.075,6.425000000000001,5.7,7.4,0.7135591542869216
Chhattisgarh_22.7778_83.9556,4.74,4.3,5.0,0.2966479394838267
Chhattisgarh_22.7881_83.9331,6.55,5.6,7.5,0.8020806277010645
Chhattisgarh_22.7944_83.6694,6.75,6.7,6.8,0.0707106781186545
Chhattisgarh_22.8094_83.9217,4.15,1.6,6.5,2.004162335407655
Chhattisgarh_22.8111_82.0875,3.3499999999999996,3.3,3.4,0.07071067811865465
Chhattisgarh_22.8214_82.3869,6.050000000000001,5.4,6.7,0.919238815542512
Chhattisgarh_22.8292_83.2881,9.75,7.5,12.0,3.181980515339464
Chhattisgarh_22.8417_82.2,8.9,5.7,11.5,2.946183972531247
Chhattisgarh_22.8417_82.7417,13.350000000000001,11.3,15.4,2.8991378028648453
Chhattisgarh_22.8439_82.0858,5.35,4.0,6.7,1.9091883092036788
Chhattisgarh_22.8472_83.4139,5.666666666666667,1.8,7.8,3.3545988334424326
Chhattisgarh_22.8494_84.1478,7.3,4.2,9.3,2.261268080819551
Chhattisgarh_22.8506_82.4403,6.8500000000000005,4.9,8.8,2.7577164466275357
Chhattisgarh_22.8517_81.9806,6.825,6.1,8.1,0.921502396451939
Chhattisgarh_22.8625_83.675,4.633333333333333,4.3,4.8,0.2886751345948129
Chhattisgarh_22.8808_82.7875,8.3,8.1,8.5,0.2828427124746199
Chhattisgarh_22.8833_81.9861,5.066666666666666,4.1,6.1,1.0016652800877812
Chhattisgarh_22.8833_84.1389,5.3,4.5,6.2,0.8544003745317531
Chhattisgarh_22.8994_83.2903,13.333333333333334,11.7,15.9,2.2501851775650237
Chhattisgarh_22.9028_83.6306,2.475,2.2,2.8,0.2499999999999999
Chhattisgarh_22.9081_83.7475,6.05,5.1,7.0,1.3435028842544405
Chhattisgarh_22.9089_81.9781,4.300000000000001,4.2,4.4,0.14142135623730995
Chhattisgarh_22.9089_84.2069,7.7,3.4,9.5,2.8786570943178806
Chhattisgarh_22.9092_82.7328,4.0,3.5,4.4,0.4582575694955841
Chhattisgarh_22.9347_83.6542,6.25,5.5,7.0,1.0606601717798212
Chhattisgarh_22.9364_83.2967,7.533333333333334,7.0,8.1,0.55075705472861
Chhattisgarh_22.9469_81.945,2.1,1.2,3.0,1.2727922061357857
Chhattisgarh_22.9522_83.2639,6.033333333333334,5.9,6.2,0.15275252316519472
Chhattisgarh_22.9594_83.5983,6.675,6.3,7.1,0.4349329450233296
Chhattisgarh_22.95_84.2819,4.75,4.1,5.4,0.9192388155425123
Chhattisgarh_22.9667_82.6958,13.200000000000001,10.0,16.4,2.8948229652260267
Chhattisgarh_22.9719_83.4122,3.3499999999999996,2.4,4.3,1.34350288425444
Chhattisgarh_22.9764_83.6542,3.525,3.0,4.5,0.6652067347825036
Chhattisgarh_22.9806_83.0472,7.35,3.2,11.5,5.868986283848344
Chhattisgarh_22.9806_83.5403,3.75,1.5,6.0,3.181980515339464
Chhattisgarh_22.9822_83.2203,4.6000000000000005,3.3,5.3,1.1269427669584644
Chhattisgarh_22.9881_83.4031,7.8,6.1,11.2,2.3021728866442674
Chhattisgarh_22.9922_81.9956,1.7333333333333334,0.8,3.5,1.530795000427338
Chhattisgarh_23.0014_82.9647,6.35,4.1,8.6,3.181980515339464
Chhattisgarh_23.0031_83.2303,5.933333333333334,4.9,6.8,0.9609023536933043
Chhattisgarh_23.0067_83.6614,4.6000000000000005,3.7,5.5,0.8999999999999997
Chhattisgarh_23.0192_82.0358,5.0,2.7,7.4,2.351595203260969
Chhattisgarh_23.025_82.665,2.6,2.2,2.9,0.31622776601683783
Chhattisgarh_23.0333_83.4675,6.15,4.4,7.9,2.4748737341529163
Chhattisgarh_23.0386_82.4994,5.1,4.6,5.6,0.7071067811865476
Chhattisgarh_23.0567_82.0122,4.866666666666666,4.5,5.3,0.40414518843273767
Chhattisgarh_23.0711_83.2119,6.766666666666667,5.6,7.9,1.1503622617824936
Chhattisgarh_23.0806_82.6353,5.733333333333333,3.0,8.0,2.5324559884296773
Chhattisgarh_23.0844_82.0694,8.533333333333333,6.2,12.0,3.0615900008546757
Chhattisgarh_23.0861_83.8111,9.850000000000001,8.8,10.9,1.4849242404917502
Chhattisgarh_23.0964_82.6589,7.366666666666667,6.8,8.0,0.6027713773341711
Chhattisgarh_23.1083_83.2,10.983333333333334,3.2,15.0,4.912195707284744
Chhattisgarh_23.1167_83.4083,6.5,5.1,7.4,1.228820572744451
Chhattisgarh_23.1428_83.7494,3.35,3.2,3.5,0.21213203435596414
Chhattisgarh_23.1567_83.1086,3.1333333333333333,2.3,4.5,1.1930353445448854
Chhattisgarh_23.15_82.725,8.299999999999999,5.9,10.0,2.137755832643195
Chhattisgarh_23.1689_83.2058,4.3999999999999995,4.0,4.8,0.40000000000000013
Chhattisgarh_23.1878_83.2675,6.85,5.9,7.8,1.3435028842544396
Chhattisgarh_23.195_83.4383,5.566666666666666,5.2,5.9,0.3511884584284243
Chhattisgarh_23.1_83.3542,4.9,4.1,5.4,0.5597618541248892
Chhattisgarh_23.2039_82.2478,3.5999999999999996,2.9,4.3,0.9899494936611662
Chhattisgarh_23.2211_82.5731,4.633333333333334,2.2,6.2,2.136195996001615
Chhattisgarh_23.2244_82.2156,5.1,3.1,7.1,2.82842712474619
Chhattisgarh_23.225_82.4917,7.6000000000000005,6.3,8.5,1.1532562594670794
Chhattisgarh_23.2272_83.4097,6.15,5.2,7.1,1.3435028842544403
Chhattisgarh_23.2417_83.3139,3.0999999999999996,2.8,3.4,0.42426406871192873
Chhattisgarh_23.2583_82.55,4.233333333333333,2.9,5.1,1.1718930554164628
Chhattisgarh_23.2667_82.55,19.3,17.3,21.3,2.0
Chhattisgarh_23.2806_82.7028,10.133333333333333,7.5,11.9,2.3245071162148183
Chhattisgarh_23.2839_83.1864,4.033333333333333,3.5,5.0,0.8386497083606081
Chhattisgarh_23.2911_82.265,6.666666666666667,5.8,7.2,0.7571877794400362
Chhattisgarh_23.3008_83.5756,5.433333333333334,3.4,6.9,1.8175074506954114
Chhattisgarh_23.3019_82.6211,4.0,2.3,6.5,2.211334438749598
Chhattisgarh_23.305_83.1664,5.5,3.9,6.6,1.4177446878757822
Chhattisgarh_23.3061_82.6347,4.766666666666667,3.7,5.4,0.9291573243177573
Chhattisgarh_23.3089_82.4436,6.2,5.2,7.2,1.0
Chhattisgarh_23.3117_83.5603,4.266666666666667,2.3,5.8,1.78978583448784
Chhattisgarh_23.3164_82.7392,4.733333333333333,3.8,6.3,1.3650396819628847
Chhattisgarh_23.3325_83.5089,5.2,4.4,5.9,0.7549834435270749
Chhattisgarh_23.3375_83.4042,8.45,6.9,10.5,1.78978583448784
Chhattisgarh_23.3503_83.0767,9.933333333333334,9.0,10.8,0.9018499505645792
Chhattisgarh_23.3519_82.4764,3.85,3.2,4.5,0.9192388155425116
Chhattisgarh_23.3522_82.3619,6.233333333333333,4.6,9.2,2.5735837529276817
Chhattisgarh_23.3542_82.3147,2.566666666666667,2.0,3.0,0.5131601439446883
Chhattisgarh_23.3708_82.5264,3.9,2.7,5.5,1.4422205101855958
Chhattisgarh_23.3786_83.195,5.166666666666667,4.2,6.2,1.0016652800877812
Chhattisgarh_23.3811_83.2356,6.3999999999999995,5.3,8.3,1.6522711641858316
Chhattisgarh_23.3844_83.4669,3.5799999999999996,2.6,5.3,1.2049896265113655
Chhattisgarh_23.3856_82.9519,3.466666666666667,2.0,4.7,1.3650396819628847
Chhattisgarh_23.3931_82.8492,4.6,4.5,4.7,0.14142135623730995
Chhattisgarh_23.3956_83.6236,4.366666666666667,4.2,4.5,0.15275252316519472
Chhattisgarh_23.3_83.0792,8.333333333333334,6.0,9.5,2.0207259421636903
Chhattisgarh_23.4028_82.6858,4.316666666666666,2.0,6.4,1.6797817318528818
Chhattisgarh_23.4044_82.2381,10.833333333333334,9.6,12.2,1.3051181300301258
Chhattisgarh_23.4069_82.5228,6.3999999999999995,3.8,8.3,2.330236039546209
Chhattisgarh_23.4069_82.9131,5.3,4.9,6.0,0.4966554808583783
Chhattisgarh_23.4103_82.4828,6.85,6.5,7.2,0.49497474683058307
Chhattisgarh_23.4292_83.0583,6.333333333333333,6.1,6.6,0.25166114784235855
Chhattisgarh_23.4422_82.8347,6.733333333333333,5.2,8.0,1.4189197769195172
Chhattisgarh_23.4481_83.5356,4.85,4.5,5.2,0.49497474683058307
Chhattisgarh_23.4553_82.4881,4.833333333333333,3.1,6.1,1.5534906930308057
Chhattisgarh_23.4581_82.0511,5.733333333333333,5.5,5.9,0.20816659994661338
Chhattisgarh_23.45_83.525,5.3,3.0,7.0,1.7644640357154728
Chhattisgarh_23.4739_82.8089,5.85,5.4,6.3,0.6363961030678927
Chhattisgarh_23.4819_82.5189,3.1333333333333333,2.2,4.0,0.9018499505645787
Chhattisgarh_23.4833_83.2028,8.75,8.4,9.1,0.49497474683058273
Chhattisgarh_23.4917_82.2697,3.6666666666666665,2.5,4.3,1.0115993936995678
Chhattisgarh_23.5028_82.8208,3.95,3.4,4.5,0.7778174593052025
Chhattisgarh_23.5111_83.1569,5.7,5.3,6.0,0.36055512754639896
Chhattisgarh_23.5131_83.1031,7.0,6.0,7.8,0.9165151389911679
Chhattisgarh_23.5194_82.5081,6.599999999999999,4.5,10.2,3.1320919526731648
Chhattisgarh_23.5736_81.95,5.033333333333334,4.4,5.7,0.650640709864771
Chhattisgarh_23.5844_83.1558,6.766666666666667,5.8,7.5,0.8736894948054102
Chhattisgarh_23.6125_81.8542,4.1000000000000005,3.9,4.2,0.17320508075688767
Chhattisgarh_23.6422_83.1753,7.6,6.1,9.1,2.1213203435596424
Chhattisgarh_23.6478_83.1764,9.0,5.6,11.2,2.986636904613616
Chhattisgarh_23.7044_81.7044,4.466666666666667,3.8,5.4,0.8326663997864536
Chhattisgarh_23.7167_81.7958,4.866666666666667,3.2,5.9,1.4571661996262932
Chhattisgarh_23.7667_83.1958,9.3,8.9,9.7,0.5656854249492379
Delhi_28.42_77.2078,20.657142857142855,18.1,22.2,1.4638501094227994
Delhi_28.5061_77.1822,21.428571428571427,12.5,28.7,7.193449401067216
Delhi_28.5089_77.3406,7.983333333333333,7.0,9.0,0.8109665015687558
Delhi_28.5181_76.9042,2.0,1.4,2.6,0.46188021535170076
Delhi_28.5244_76.9533,8.975,6.2,11.1,1.9775525999867318
Delhi_28.5247_76.9533,8.8,6.1,10.8,1.9316905993011861
Delhi_28.5342_76.9086,3.275,1.0,5.1,1.5359966517820651
Delhi_28.5361_76.9047,1.9625,1.5,2.7,0.36228441865473604
Delhi_28.5431_76.9653,13.5125,10.6,16.2,2.3240589493384194
Delhi_28.5453_77.2022,30.585714285714285,23.2,35.4,4.762152374514615
Delhi_28.5464_77.0094,11.45,8.2,14.0,2.5230367190578664
Delhi_28.5767_76.9142,15.379999999999999,14.1,16.2,0.8497058314499198
Delhi_28.5856_77.0261,19.4625,13.2,22.7,3.510774232884494
Delhi_28.5872_77.3014,9.622222222222222,8.4,10.7,0.8771798244627181
Delhi_28.5903_77.2164,5.914285714285714,3.4,8.3,2.061686069834457
Delhi_28.5917_77.2206,9.757142857142856,6.5,14.0,2.843036605965028
Delhi_28.5944_77.2733,3.5833333333333335,2.9,4.0,0.4070217029430576
Delhi_28.595_77.2508,6.2,3.9,7.9,1.685229954635272
Delhi_28.6003_77.2986,9.711111111111112,8.1,11.6,1.1373702612215209
Delhi_28.6042_77.175,24.683333333333334,21.9,27.4,2.678370151167809
Delhi_28.6047_77.2661,4.066666666666667,3.2,5.4,0.7659416862050706
Delhi_28.6147_77.0006,20.1875,15.9,23.3,2.612299206227561
Delhi_28.6164_77.3044,8.2125,6.6,9.3,0.8475805903528333
Delhi_28.6186_77.1111,37.1625,35.7,39.7,1.3479481761975445
Delhi_28.6281_77.3181,23.428571428571427,19.0,26.1,2.8865863840150294
Delhi_28.6319_77.1986,10.34,6.5,13.1,2.5754611237601703
Delhi_28.6322_77.0742,12.675,7.1,17.6,3.8544037893594605
Delhi_28.6392_77.1622,28.228571428571428,21.2,31.9,3.882316441556634
Delhi_28.63_77.0914,10.5,6.3,13.4,2.5634797778466227
Delhi_28.6556_77.2358,6.933333333333334,4.2,9.0,1.875810935746635
Delhi_28.65_77.0167,3.175,0.9,4.5,1.088577052853862
Delhi_28.6611_77.3031,11.557142857142859,6.7,14.4,2.70422949152936
Delhi_28.6644_77.2344,2.5875,1.8,3.9,0.7790791267350741
Delhi_28.6722_77.2306,3.0833333333333335,2.5,4.2,0.649358657959272
Delhi_28.6756_77.0933,7.359999999999999,5.2,9.0,1.6318700928689145
Delhi_28.6781_77.0947,4.557142857142857,2.8,6.1,1.1311603818750946
Delhi_28.6822_76.9942,2.2125,0.6,3.4,1.0315556906232173
Delhi_28.6847_77.2492,3.8125,2.7,4.9,0.9448166866797872
Delhi_28.6903_77.0792,2.85,2.2,3.4,0.45981362684088795
Delhi_28.6911_77.1239,2.783333333333333,1.7,3.9,0.7467708260682568
Delhi_28.6958_77.2278,7.966666666666667,7.0,8.7,0.6595452979136458
Delhi_28.7194_76.9667,6.257142857142857,4.7,7.8,1.2895181824453437
Delhi_28.7322_77.1044,5.5625,4.1,6.4,0.7366672053434792
Delhi_28.7433_77.2214,2.1,1.7,2.4,0.3240370349203928
Delhi_28.74_77.2225,1.6125,1.4,1.9,0.16420805617960926
Delhi_28.7528_76.9667,11.383333333333333,9.6,12.4,0.9847165412780824
Delhi_28.7556_77.0058,2.75,0.8,3.5,0.9853933224860011
Delhi_28.7689_77.2075,4.777777777777778,3.0,9.5,2.251542681017716
Delhi_28.8347_77.0225,2.0999999999999996,1.7,2.6,0.3674234614174768
Delhi_nan_76.9972,2.6166666666666667,1.7,3.8,0.757407860182786
Delhi_nan_77.0083,3.34,2.0,4.3,0.9262828941527527
Delhi_nan_77.0625,6.016666666666667,5.6,6.5,0.38686776379877763
Delhi_nan_77.0736,21.866666666666664,19.2,23.7,1.855442444988975
Delhi_nan_77.095,6.4,5.4,7.0,0.6633249580710799
Delhi_nan_77.1469,11.6,10.5,12.8,1.0559356040971433
Delhi_nan_77.1517,10.911111111111111,9.4,12.5,1.1450376024878444
Delhi_nan_77.1569,25.455555555555556,17.0,37.6,6.252621672368941
Delhi_nan_77.1628,1.8333333333333333,0.7,3.1,0.8066391179868893
Delhi_nan_77.1964,9.18,7.8,11.5,1.4652644812456217
Delhi_nan_77.1972,9.033333333333333,8.0,10.3,0.7916228058025281
Delhi_nan_77.1975,7.6499999999999995,6.9,8.5,0.6503845016603639
Delhi_nan_77.1994,11.3625,7.3,20.6,5.72361960900368
Delhi_nan_77.2036,7.68,6.2,8.6,1.042592921518269
Goa_14.9129_74.0845,5.885714285714285,1.4,24.4,8.25296483522307
Goa_14.9499_74.0553,14.822222222222223,13.1,16.0,1.0280780342194085
Goa_14.9629_74.0546,3.966666666666667,3.7,4.4,0.22912878474779208
Goa_14.9841_74.1087,8.33,6.5,16.3,3.058340145314848
Goa_14.9924_74.1056,11.129999999999999,10.3,11.7,0.4831608887776872
Goa_14.998_74.1907,2.9444444444444446,1.6,4.0,0.8530989261379819
Goa_15.0072_74.0523,3.9200000000000004,3.5,4.6,0.37947331922020566
Goa_15.0373_74.1185,5.8,3.7,11.2,2.902489353028611
Goa_15.0392_74.0294,2.911111111111111,0.6,3.8,1.015436414115188
Goa_15.0415_73.9912,3.91,3.4,4.8,0.462961481479111
Goa_15.0929_74.0306,9.02,4.4,11.0,2.1311447106608643
Goa_15.1869_74.1255,7.6499999999999995,4.5,10.4,2.323175167124265
Goa_15.2175_74.0807,3.05,2.6,3.5,0.36893239368631087
Goa_15.2389_74.113,2.21,1.8,2.7,0.2923088169119167
Goa_15.2734_74.1006,4.92,4.1,6.2,0.7969385867876587
Goa_15.3055_74.0483,3.87,3.2,4.8,0.4922736366426027
Goa_15.3207_74.035,6.88,6.1,8.1,0.700476028616731
Goa_15.335_74.2438,7.99,3.2,9.1,1.7259136066958212
Goa_15.3542_74.0016,3.46,1.1,6.5,2.2081666603768837
Goa_15.3638_74.1753,4.488888888888889,3.9,5.2,0.4884783629917617
Goa_15.3701_73.8383,3.1399999999999997,2.9,3.7,0.3238655413730968
Goa_15.377_74.2297,10.17,4.4,11.9,2.11347528440192
Goa_15.3982_73.8368,1.8333333333333333,1.2,2.6,0.43301270189221935
Goa_15.4296_74.1924,6.33,5.9,7.0,0.4738729318662917
Goa_15.4529_73.9526,1.98,1.5,3.0,0.47093288033198294
Goa_15.459_73.8028,2.81,1.5,4.0,0.6505553183413553
Goa_15.4828_74.1369,6.388888888888889,5.8,7.1,0.45946829173634074
Goa_15.4894_73.8742,4.2,1.4,5.9,1.920648038785058
Goa_15.4961_74.0975,6.288888888888889,3.9,7.9,1.1941989411781904
Goa_15.4976_73.919,1.5,1.2,1.9,0.24494897427831785
Goa_15.5025_74.1396,7.959999999999999,7.3,8.6,0.4273952113286566
Goa_15.516_73.8386,2.2399999999999998,1.9,3.2,0.4427188724235732
Goa_15.526_73.8298,9.71,5.5,13.5,2.8001785657346927
Goa_15.533_74.1372,5.65,5.2,6.2,0.4062019202317977
Goa_15.5376_73.8687,3.09,2.3,3.8,0.5065131346328106
Goa_15.5394_74.0882,3.3299999999999996,2.9,4.2,0.41379007023153913
Goa_15.5461_73.7586,6.63,6.0,7.7,0.4945255863507528
Goa_15.5472_74.0508,3.6100000000000003,2.6,4.6,0.5546770832355225
Goa_15.552_73.9241,15.055555555555555,13.5,15.8,0.6948221195225278
Goa_15.5593_73.8676,3.41,3.0,3.9,0.3314949304120486
Goa_15.5616_74.1632,5.62,3.1,6.8,0.9942054337230534
Goa_15.5696_73.8635,4.7,1.5,7.3,2.3295206946208196
Goa_15.5728_73.7928,1.73,1.3,2.4,0.34976182372199144
Goa_15.5804_73.926,2.7333333333333334,2.3,3.4,0.3427827300200522
Goa_15.5842_73.7383,11.49,9.9,13.7,1.176104681659852
Goa_15.5878_74.1912,4.544444444444444,3.0,5.8,0.8574833979604376
Goa_15.594_74.0463,4.66,2.9,14.7,3.5625209551040613
Goa_15.6101_73.8243,3.6100000000000003,0.7,4.8,1.098938882134337
Goa_15.6113_74.067,2.05,1.7,2.5,0.2877112750272012
Goa_15.6171_73.9207,3.35,2.5,4.0,0.4403281604540969
Goa_15.6236_73.7668,2.5999999999999996,2.0,5.1,0.9552486587271398
Goa_15.6269_73.8759,3.6,3.0,4.3,0.39157800414902433
Goa_15.6278_74.1308,3.6999999999999997,1.5,5.8,1.2796483892069725
Goa_15.636_73.7396,1.17,0.4,1.9,0.45716517802649836
Goa_15.6399_73.896,6.18,3.8,13.5,2.655727563002065
Goa_15.644_73.8373,13.86,11.7,15.7,0.995768826362603
Goa_15.6688_73.8818,3.02,2.0,3.8,0.5473166867139677
Goa_15.6808_73.7511,3.53,1.7,5.2,0.8920014947670585
Goa_15.6877_73.9268,2.9699999999999998,2.5,3.8,0.4547282460742653
Goa_15.7084_73.8529,7.779999999999999,7.2,8.4,0.48944412914607044
Goa_15.7094_73.7518,4.27,2.3,5.5,0.9141480551128828
Goa_15.7176_73.7981,3.19,2.2,4.8,0.8006247560499238
Goa_15.7325_73.8996,3.15,2.0,6.2,1.2894874089256467
Goa_15.737_73.9036,4.54,3.0,5.4,0.7676804890925217
Goa_15.7404_73.8245,7.18,5.1,8.1,0.8753412033157255
Goa_15.7546_73.8353,3.466666666666667,2.9,4.3,0.5172040216394299
Haryana_27.9167_76.9833,6.8999999999999995,4.2,8.5,2.0966640169564603
Haryana_28.0083_77.0042,3.8428571428571425,2.2,5.1,1.1103410029613163
Haryana_28.0083_77.3417,7.949999999999999,5.4,11.1,1.8267848415023744
Haryana_28.0225_77.1767,9.075,6.5,14.8,3.4453902951210464
Haryana_28.0417_77.0111,4.2375,3.0,4.9,0.7443837336059558
Haryana_28.0444_77.4722,9.957142857142857,8.1,12.7,1.4175767384955953
Haryana_28.05_76.1125,7.588888888888889,3.5,13.9,3.048542456832627
Haryana_28.0708_76.5792,24.200000000000003,16.3,33.0,5.767148342118488
Haryana_28.0778_77.4389,13.814285714285715,12.6,16.5,1.4016996485559616
Haryana_28.1042_77.0042,2.8285714285714287,2.4,3.3,0.3401680257083045
Haryana_28.1292_76.6042,12.557142857142859,9.4,15.0,2.224752527703656
Haryana_28.1556_77.4264,23.05,21.3,24.8,1.4570518178843206
Haryana_28.15_77.325,8.61111111111111,7.1,11.1,1.3327081867802528
Haryana_28.1861_77.0986,2.566666666666667,1.0,4.8,1.2519984025548914
Haryana_28.1944_77.3778,8.316666666666666,6.7,9.3,0.9042492281814051
Haryana_28.2056_76.6667,23.11428571428571,19.7,25.2,1.9920078408719255
Haryana_28.2208_77.3083,1.8875000000000002,0.5,4.2,1.0999188281738925
Haryana_28.2278_76.8708,20.2125,14.4,31.5,7.150911530307567
Haryana_28.2417_76.5083,12.799999999999999,11.9,15.1,1.0816653826391966
Haryana_28.2967_76.6903,40.614285714285714,31.0,46.9,6.770876007191527
Haryana_28.3458_77.3208,29.255555555555556,28.0,30.3,0.6672913739722525
Haryana_28.3944_77.4389,20.0,18.8,21.0,0.9486832980505143
Haryana_28.425_76.8833,20.9,18.1,23.2,1.5198684153570663
Haryana_28.4361_76.3167,17.583333333333332,12.7,21.0,3.8049529125426336
Haryana_28.4694_76.5722,3.56,0.9,10.2,3.120256399721023
Haryana_28.5458_76.4792,1.6285714285714286,1.1,3.8,0.9707630773679806
Haryana_28.5708_76.8417,1.4000000000000001,0.1,2.1,0.6782329983125268
Haryana_28.6167_76.6556,1.4749999999999999,0.2,4.1,1.1671087597747078
Haryana_28.65_76.7833,3.4222222222222225,2.0,5.4,1.007196328649209
Haryana_28.6722_76.4306,1.9428571428571428,1.4,2.5,0.4197504927816954
Haryana_28.675_76.8417,2.814285714285714,1.3,4.1,1.0899978156378285
Haryana_28.6_76.5083,3.45,1.4,5.1,1.23850268021062
Haryana_28.7028_76.2167,5.5,3.5,6.6,0.9350324669687755
Haryana_28.7033_75.9033,11.299999999999999,7.9,12.3,1.693517050401324
Haryana_28.7333_76.1667,3.09,0.7,4.6,1.310173864628491
Haryana_28.7417_75.925,12.700000000000001,8.3,17.3,2.8537694370779154
Haryana_28.7569_76.2542,2.642857142857143,1.8,3.7,0.6704653678780206
Haryana_28.7653_75.9831,12.42,4.1,13.9,2.9750070027928794
Haryana_28.7667_75.5292,26.9875,26.3,28.1,0.5591766907056946
Haryana_28.7667_75.5333,27.29,25.5,28.3,0.9170605214488309
Haryana_28.7667_75.7083,19.385714285714283,18.8,20.0,0.4947341758580108
Haryana_28.7722_76.9125,0.6888888888888889,0.1,1.0,0.30184617127124724
Haryana_28.7806_76.3667,2.033333333333333,1.5,2.4,0.3669695718539435
Haryana_28.7833_76.7625,1.8125,0.9,3.8,0.97897541191945
Haryana_28.7972_75.8083,13.442857142857141,11.3,15.2,1.2025765988869377
Haryana_28.7_76.0458,12.3375,8.8,18.4,3.613046794999636
Haryana_28.7_76.4944,3.65,2.6,4.7,0.7131419413913535
Haryana_28.7_76.7167,4.033333333333333,1.3,5.5,1.4688430821568381
Haryana_28.8083_76.2444,6.983333333333333,6.5,7.5,0.3600925806881706
Haryana_28.8267_75.8769,10.333333333333334,9.9,10.6,0.26583202716502474
Haryana_28.8417_76.85,4.91,1.3,6.9,1.9996944210998282
Haryana_28.8486_75.7417,4.1,1.8,5.7,1.3114877048604001
Haryana_28.8569_76.0667,1.95,1.4,3.2,0.6718843437888482
Haryana_28.8667_77.0472,5.016666666666667,1.9,6.5,1.6388003742575443
Haryana_28.8722_75.9583,2.322222222222222,0.2,4.8,1.492295025939725
Haryana_28.875_75.9167,5.252941176470588,4.3,7.1,0.9063095822198557
Haryana_28.8806_76.5125,1.9777777777777779,1.0,2.5,0.4146618434874911
Haryana_28.8958_75.6042,12.411111111111111,10.8,13.7,1.0240171439537091
Haryana_28.8_76.5833,1.6714285714285715,0.7,2.2,0.6473388749701496
Haryana_28.9028_77.1139,19.033333333333335,17.2,20.7,1.1910779431534557
Haryana_28.9194_75.5158,15.925,15.4,16.5,0.3845219666769926
Haryana_28.9319_77.1639,20.67142857142857,12.4,23.7,3.925860536542397
Haryana_28.9361_76.0417,4.39,2.5,6.6,1.1836384583140238
Haryana_28.9375_76.1681,1.1333333333333333,0.5,2.1,0.5937171043518958
Haryana_28.9417_77.0958,27.7625,24.1,31.2,2.7249836172508846
Haryana_28.945_76.0333,4.775,3.9,6.6,0.9467991188359712
Haryana_28.9583_75.8222,11.8,8.0,13.9,1.8094987466936014
Haryana_28.9611_75.9214,4.025,2.0,5.8,1.423024947075771
Haryana_28.9633_76.3,12.930000000000001,9.4,15.8,2.1208226915253636
Haryana_28.9792_76.5167,1.9888888888888892,1.3,2.5,0.3689323936863109
Haryana_28.9847_76.8125,7.144444444444444,4.3,8.9,1.5411936211189619
Haryana_29.0333_76.7917,3.1666666666666665,2.7,3.8,0.48442405665559873
Haryana_29.0431_76.4764,1.8555555555555554,0.9,3.0,0.7828012377211586
Haryana_29.075_75.7583,1.75,0.2,3.0,1.3141537200799607
Haryana_29.075_76.5583,1.3166666666666667,1.1,1.6,0.2316606713852541
Haryana_29.075_76.7792,1.1333333333333333,0.6,2.3,0.552268050859363
Haryana_29.1194_76.6458,1.788888888888889,1.1,3.7,0.8115485882626569
Haryana_29.125_76.4083,5.388888888888889,3.0,6.4,1.0529060314724725
Haryana_29.1333_76.4083,4.5285714285714285,1.0,7.8,3.1752765158928997
Haryana_29.1389_76.3389,3.3,1.8,4.8,1.1173949295443524
Haryana_29.1394_76.7153,18.166666666666668,15.1,20.8,1.899341991322257
Haryana_29.1597_76.8278,2.185714285714286,1.5,3.1,0.6962484504556579
Haryana_29.1833_76.5389,1.5999999999999999,0.9,2.3,0.5549774770204642
Haryana_29.1875_76.625,3.3625,2.1,4.9,0.9379879682444913
Haryana_29.1_76.6153,1.7571428571428573,0.7,3.4,0.8810167286666447
Haryana_29.2083_75.9208,3.2555555555555555,2.2,5.4,1.0725100362130782
Haryana_29.2125_76.7708,5.633333333333334,3.1,7.5,1.5321553446044565
Haryana_29.2167_75.525,17.419999999999998,16.6,18.7,0.6408327915038886
Haryana_29.2167_75.7958,3.9444444444444446,2.5,6.4,1.505914266410202
Haryana_29.2333_76.8778,10.575,6.1,13.4,2.076225971736768
Haryana_29.2528_75.0833,13.714285714285714,12.1,14.8,1.051076545624488
Haryana_29.25_76.6611,1.0555555555555556,0.5,1.4,0.2743679605525721
Haryana_29.2667_76.4583,2.825,1.2,4.4,1.0347532487092206
Haryana_29.2783_75.4919,3.4875,1.0,4.5,1.3141401316885069
Haryana_29.2889_75.9069,2.6555555555555554,1.8,3.8,0.6691619966628243
Haryana_29.2944_76.7744,5.485714285714286,4.3,7.0,1.1451762185046335
Haryana_29.3042_75.4167,5.4750000000000005,3.5,7.0,1.258967831201417
Haryana_29.3186_76.6403,6.183333333333334,5.8,6.5,0.27868739954771304
Haryana_29.3306_74.9806,4.55,2.9,6.0,1.116115713407121
Haryana_29.3361_76.4875,6.1000000000000005,5.6,7.1,0.5597618541248889
Haryana_29.3403_74.63,7.98888888888889,7.0,8.5,0.47287536530370333
Haryana_29.3417_76.6792,16.11111111111111,12.6,18.0,2.113908964717051
Haryana_29.3583_76.4222,17.43,12.2,20.5,2.2529240259419905
Haryana_29.3583_76.8389,2.6333333333333333,2.4,3.1,0.3614784456460257
Haryana_29.3644_76.6069,11.733333333333334,10.5,12.6,0.847742099147298
Haryana_29.3708_75.9208,12.299999999999999,6.2,14.2,2.4071862110242854
Haryana_29.3819_77.0911,13.5,10.6,15.5,1.6235762994081924
Haryana_29.3867_75.9167,6.4875,3.3,9.1,1.8863702863284442
Haryana_29.3917_76.85,4.17,3.0,5.5,0.7334090869963971
Haryana_29.3_75.8,14.65,13.7,16.3,0.7382411530116705
Haryana_29.4083_75.6833,3.9200000000000004,2.5,5.2,0.9402127418834529
Haryana_29.4133_75.3278,3.8444444444444446,3.0,5.7,0.815645620216144
Haryana_29.4214_76.7342,19.744444444444444,14.4,23.1,2.736380415398741
Haryana_29.4222_74.6125,9.028571428571428,4.0,11.1,2.408813183370797
Haryana_29.4458_75.55,2.5,0.3,4.8,1.3883443376914821
Haryana_29.4542_75.2042,15.11,14.7,15.9,0.4148627617792549
Haryana_29.4625_75.2639,17.144444444444446,14.1,18.5,1.302988019046138
Haryana_29.4806_76.45,38.55,33.2,42.2,3.1468805415613006
Haryana_29.4_76.65,17.766666666666666,15.3,20.0,1.7918333255821155
Haryana_29.5042_75.6458,6.044444444444444,4.8,7.7,1.0369560153534854
Haryana_29.5181_76.5472,28.53333333333333,27.2,29.7,1.0308572484426095
Haryana_29.5186_76.4819,29.855555555555554,27.1,34.0,1.9768100004243638
Haryana_29.55_76.9333,24.785714285714285,23.3,25.7,0.8355209381548964
Haryana_29.5861_77.0222,24.785714285714285,24.1,26.3,0.8091735937126862
Haryana_29.5_76.7347,22.785714285714285,15.2,25.8,3.589535054120786
Haryana_29.6083_76.2583,7.6,5.9,9.9,1.3887301496588271
Haryana_29.6172_75.8914,8.133333333333333,7.4,8.8,0.4844240566555993
Haryana_29.6194_75.9375,3.7625,1.5,6.5,1.5729294780304497
Haryana_29.6322_76.6311,29.042857142857144,27.4,33.1,1.9016283748909715
Haryana_29.6486_76.9136,13.433333333333332,12.3,14.6,0.9244818368506041
Haryana_29.6569_76.3569,7.266666666666667,6.4,8.4,0.706163342766153
Haryana_29.6583_76.4292,13.91,11.4,16.0,1.3211526953552515
Haryana_29.6792_76.2528,4.545454545454546,1.5,20.0,5.288546801601293
Haryana_29.7125_74.6347,11.785714285714286,10.5,12.9,0.8414839499926534
Haryana_29.7417_75.1958,11.3875,8.4,12.5,1.7016273723367625
Haryana_29.7542_74.85,16.071428571428573,15.1,16.9,0.6019808571549033
Haryana_29.775_76.2667,28.475,26.7,29.6,1.0208539842420459
Haryana_29.775_76.5056,20.95,17.4,23.0,2.3381616710569872
Haryana_29.7833_74.8417,18.4125,17.2,19.0,0.6151364540838534
Haryana_29.7847_74.9125,10.828571428571427,10.3,11.3,0.3817254061682108
Haryana_29.7875_76.7292,29.5,25.7,33.3,3.096449579760664
Haryana_29.7917_74.7083,15.566666666666668,7.9,17.6,3.77977071615021
Haryana_29.7_76.3667,9.142857142857142,7.8,11.7,1.369741025227205
Haryana_29.825_75.0083,13.014285714285716,9.0,30.5,7.731629533164094
Haryana_29.8389_74.9889,9.788888888888888,7.5,11.6,1.13627070327062
Haryana_29.8444_74.5556,7.171428571428571,6.0,8.2,0.8731442906993967
Haryana_29.8583_74.7694,16.977777777777778,15.0,18.0,1.179806952193641
Haryana_29.85_74.9833,19.77777777777778,16.8,26.9,2.962168875071851
Haryana_29.8694_77.0917,7.257142857142857,6.3,9.0,1.026088272448888
Haryana_29.8722_76.8444,34.36666666666667,32.8,35.7,1.2060956291549478
Haryana_29.875_77.1125,7.216666666666666,6.3,9.3,1.0833589740555376
Haryana_29.8861_74.72,15.9375,15.1,17.0,0.7170126518110703
Haryana_29.8917_74.6361,4.57,2.9,7.3,1.1441153787970864
Haryana_29.905_76.6067,34.733333333333334,33.2,36.8,1.444529912001362
Haryana_29.9264_74.6764,7.614285714285714,6.2,8.6,0.8474050024015896
Haryana_29.9472_77.1333,4.533333333333333,3.7,5.4,0.5819507424745387
Haryana_29.9542_74.7375,9.854545454545455,8.8,10.7,0.7646746188590754
Haryana_29.9861_76.7942,35.6375,33.2,38.2,1.8761187138801803
Haryana_30.0006_76.7536,35.300000000000004,33.6,36.2,0.8812869377601524
Haryana_30.0167_76.4917,38.971428571428575,35.0,41.4,2.3113591136776996
Haryana_30.025_77.15,14.85,13.4,16.7,0.9812528434899647
Haryana_30.0694_77.2808,4.133333333333334,3.1,5.2,0.8869423130433381
Haryana_30.0933_76.6103,41.93333333333333,39.5,43.9,1.8959606184377007
Haryana_30.1_77.2792,4.642857142857143,2.9,6.3,1.188636674033383
Haryana_30.2417_77.125,2.988888888888889,1.1,3.8,0.8283182426526118
Haryana_30.25_77.3333,11.9125,5.9,16.4,3.55585533210466
Haryana_30.2625_76.6139,4.644444444444444,2.1,5.5,1.002635416179669
Haryana_30.2792_77.3417,1.0625,0.5,1.4,0.31594529363709234
Haryana_30.2833_77.0458,1.7857142857142858,0.9,2.6,0.5047394424471945
Haryana_30.2958_77.1167,3.6333333333333337,2.5,5.0,0.8093207028119321
Haryana_30.3208_76.7292,1.2857142857142858,0.8,2.3,0.5398412465054623
Haryana_30.3583_77.2458,6.071428571428571,3.3,8.9,1.8953577373100183
Haryana_30.3831_77.1592,20.150000000000002,14.8,22.9,2.8360183356247886
Haryana_30.3833_76.7625,1.8875,1.0,4.6,1.1293961724238815
Haryana_30.3833_77.2167,4.633333333333334,3.5,7.3,1.4555640372950505
Haryana_30.3_77.3,4.155555555555555,3.0,5.9,0.9166666666666667
Haryana_30.4083_76.7875,1.73,0.8,3.5,0.8138386408455507
Haryana_30.4083_76.8458,5.855555555555556,3.6,7.7,1.7154526451574752
Haryana_30.4472_77.2167,7.975,6.6,9.2,0.8154753215150045
Haryana_30.4708_77.125,14.733333333333334,13.3,16.0,0.9791152468768257
Haryana_30.4_77.2208,5.575,4.0,6.8,0.9866972324737859
Haryana_30.505_76.9861,3.6571428571428575,1.2,4.5,1.1645559137244017
Haryana_30.5328_77.0311,5.385714285714286,3.2,7.2,1.412360401866997
Haryana_30.5875_77.0222,7.128571428571428,2.6,11.0,3.212327445801193
Haryana_30.6417_77.0083,17.67142857142857,15.6,19.9,1.3123951205261908
Haryana_30.6833_76.9,3.1571428571428575,2.5,4.0,0.4995235825502231
Haryana_30.6967_76.8733,9.022222222222222,8.7,9.4,0.23333333333333325
Haryana_30.7322_76.975,1.6714285714285713,0.8,2.1,0.44614753058558887
Haryana_30.7392_76.9986,6.642857142857143,5.8,7.2,0.5061526214398938
Haryana_30.7497_76.9031,7.014285714285714,5.9,11.4,1.94715910275164
Haryana_30.7789_76.9381,4.057142857142858,2.5,5.6,1.251475319848728
Haryana_30.7947_76.9164,4.728571428571429,4.3,5.4,0.36839419880650376
Haryana_30.8111_76.9194,10.328571428571427,8.9,12.4,1.185628224071225
Haryana_30.825_76.8778,28.357142857142858,27.6,29.0,0.5061526214398941
Jammu and Kashmir_32.372_75.306,5.8,5.4,6.1,0.2260776661041755
Jammu and Kashmir_32.3953_75.4415,6.6125,2.1,8.1,1.884096979608913
Jammu and Kashmir_32.4182_75.2598,3.8833333333333333,2.5,7.7,1.902016473815794
Jammu and Kashmir_32.4227_75.2585,4.93,4.3,5.4,0.38020462326956983
Jammu and Kashmir_32.4238_75.2118,5.37,4.7,6.2,0.4522781838156196
Jammu and Kashmir_32.4323_75.1832,3.177777777777778,2.3,3.8,0.4684489774185065
Jammu and Kashmir_32.4447_75.3607,19.85,17.3,21.5,1.3834337312964742
Jammu and Kashmir_32.4546_75.196,2.23,1.6,3.1,0.46200048100023067
Jammu and Kashmir_32.4606_75.2429,3.988888888888889,2.8,4.8,0.6990072325170255
Jammu and Kashmir_32.4686_75.2741,3.9799999999999995,2.4,5.9,1.2461496254017368
Jammu and Kashmir_32.4717_75.1619,2.19,1.8,2.6,0.31073389830457115
Jammu and Kashmir_32.4779_75.1434,2.06,1.6,2.7,0.3306559138036599
Jammu and Kashmir_32.486_75.2043,2.34,1.4,3.0,0.5699902533279747
Jammu and Kashmir_32.4872_75.2361,7.5,5.6,9.8,1.2373807462180388
Jammu and Kashmir_32.4878_75.1779,0.85,0.6,0.9,0.09718253158075502
Jammu and Kashmir_32.5035_75.1564,6.15,4.8,9.4,1.3583077707206126
Jammu and Kashmir_32.504_75.203,10.2,8.3,13.1,1.4749764593225059
Jammu and Kashmir_32.5127_75.2461,25.18,23.8,26.7,1.0716550025285396
Jammu and Kashmir_32.5175_74.8367,3.31,2.9,3.7,0.28848262031225075
Jammu and Kashmir_32.51_74.82,2.988888888888889,2.5,3.5,0.33706247360261143
Jammu and Kashmir_32.5203_74.7986,9.222222222222221,7.7,9.7,0.630035272381193
Jammu and Kashmir_32.5427_75.2899,2.4857142857142853,0.5,3.8,1.0040394604273468
Jammu and Kashmir_32.5442_75.2732,4.555555555555555,3.1,5.8,0.8001735922771868
Jammu and Kashmir_32.5473_75.2652,3.0625,1.9,6.6,1.4851046139197448
Jammu and Kashmir_32.5544_75.2939,1.7,1.1,2.6,0.5696002496878353
Jammu and Kashmir_32.5558_74.9154,3.2600000000000002,2.4,4.4,0.7426678635537933
Jammu and Kashmir_32.5565_75.6038,1.1,0.5,1.5,0.3299831645537222
Jammu and Kashmir_32.5603_74.8181,3.31,2.2,4.4,0.6607235091591304
Jammu and Kashmir_32.5609_74.8762,4.779999999999999,3.6,5.5,0.5006662228138289
Jammu and Kashmir_32.56_75.254,9.65,7.4,11.5,1.6514303564553432
Jammu and Kashmir_32.5762_75.1031,3.5375,2.7,4.2,0.5578978401105349
Jammu and Kashmir_32.577_74.882,4.13,3.6,4.5,0.26267851073127396
Jammu and Kashmir_32.5822_75.5439,5.7700000000000005,1.9,6.7,1.44379900109245
Jammu and Kashmir_32.5854_74.9065,3.18,2.2,4.7,0.9003702941938204
Jammu and Kashmir_32.585_74.8369,2.55,1.5,8.5,2.1114765765533208
Jammu and Kashmir_32.609_75.0654,4.8999999999999995,4.6,5.2,0.1825741858350556
Jammu and Kashmir_32.6125_75.1406,3.225,1.9,4.5,0.9067209367511357
Jammu and Kashmir_32.6128_74.8639,2.4,1.6,2.8,0.34960294939005054
Jammu and Kashmir_32.6156_74.8342,3.2399999999999998,2.6,4.3,0.5037636129950016
Jammu and Kashmir_32.6237_75.065,6.866666666666667,5.2,11.1,2.1219487898313343
Jammu and Kashmir_32.6272_74.8888,7.57,6.7,8.9,0.7986794656737386
Jammu and Kashmir_32.627_74.889,1.94,1.7,2.4,0.2270584848790187
Jammu and Kashmir_32.6285_75.1502,2.7199999999999998,2.0,3.4,0.3910100879630714
Jammu and Kashmir_32.633_74.883,3.22,1.9,4.0,0.6729701991090608
Jammu and Kashmir_32.6374_74.9015,4.14,3.3,4.8,0.49035134795822116
Jammu and Kashmir_32.648_75.0636,2.085714285714286,1.6,4.0,0.8493695140682714
Jammu and Kashmir_32.6556_74.9517,8.83,7.2,9.5,0.8246884933786275
Jammu and Kashmir_32.6557_74.952,15.719999999999999,11.6,21.6,3.9717894092097974
Jammu and Kashmir_32.6564_75.0739,6.5,4.2,10.3,2.3409399821439254
Jammu and Kashmir_32.6794_75.2425,2.1666666666666665,1.0,3.4,0.8573214099741123
Jammu and Kashmir_32.6972_75.1644,1.5444444444444443,0.1,4.1,1.2669955713331351
Jammu and Kashmir_32.725_75.1636,1.56,1.3,1.8,0.15776212754932314
Jammu and Kashmir_32.7505_74.7996,1.72,1.2,2.8,0.5138093031466052
Jammu and Kashmir_32.7556_75.15,6.133333333333334,3.7,7.6,1.3028814220795384
Jammu and Kashmir_32.7907_74.7656,7.05,2.9,7.9,1.6936857526033064
Jammu and Kashmir_32.8027_74.7776,16.455555555555556,7.4,19.0,3.4896672875473063
Jammu and Kashmir_32.8076_74.8575,5.9399999999999995,3.9,9.1,1.6873384696352747
Jammu and Kashmir_32.8206_74.7166,3.78,3.1,4.4,0.39944405810520667
Jammu and Kashmir_32.8331_74.577,3.9799999999999995,3.5,4.5,0.30110906108363233
Jammu and Kashmir_32.8331_75.1731,0.7444444444444445,0.2,1.5,0.4390646624106497
Jammu and Kashmir_32.8401_74.846,13.14,7.1,18.9,3.8320867538312453
Jammu and Kashmir_32.8485_74.7464,9.15,8.1,10.5,0.6835365551469961
Jammu and Kashmir_32.8488_75.1779,2.0555555555555554,0.6,3.5,1.2669955713331351
Jammu and Kashmir_32.84_74.7716,21.25,20.0,22.1,0.7905694150420944
Jammu and Kashmir_32.8556_74.6506,7.409999999999999,6.8,7.9,0.3695342413844156
Jammu and Kashmir_32.8558_74.7467,14.52,13.6,15.5,0.5473166867139675
Jammu and Kashmir_32.8595_75.1988,1.2888888888888888,0.6,2.3,0.5840471822645078
Jammu and Kashmir_32.8599_74.7633,23.740000000000002,19.9,25.0,1.5564917817536554
Jammu and Kashmir_32.8693_74.6885,8.85,4.9,9.8,1.4462595433277752
Jammu and Kashmir_32.8695_74.6134,34.0,31.4,36.4,1.3589211407092998
Jammu and Kashmir_32.8752_74.7526,21.977777777777774,20.9,22.5,0.5309844107358013
Jammu and Kashmir_32.8813_74.708,12.833333333333334,11.4,14.0,0.7778174593052026
Jammu and Kashmir_32.9573_74.6702,3.2700000000000005,3.1,3.5,0.11595018087284045
Jammu and Kashmir_32.9722_74.6988,2.7625,1.6,3.8,0.9679691553527341
Jammu and Kashmir_33.0519_74.5771,3.5200000000000005,1.5,5.0,1.2308984974851136
Jammu and Kashmir_33.0709_74.6489,2.69,1.8,3.5,0.472463990397387
Jammu and Kashmir_33.0716_74.6397,1.94,0.7,3.5,0.8971560003081342
Jammu and Kashmir_33.0817_74.8313,25.65,25.0,29.5,1.5620499351813308
Jammu and Kashmir_33.0922_74.7939,5.011111111111111,4.7,5.5,0.27588242262078067
Jammu and Kashmir_33.0974_74.265,4.766666666666667,2.4,6.8,1.5787653403846942
Jammu and Kashmir_33.1226_74.2179,3.314285714285714,1.5,4.8,1.3183683999911548
Jammu and Kashmir_33.1281_74.6311,2.39,1.6,3.9,0.6045200116161948
Jammu and Kashmir_33.1426_74.3033,5.16,3.7,7.8,1.2084884957848976
Jammu and Kashmir_33.1554_74.2251,3.6555555555555554,1.4,5.5,1.416960753788819
Jammu and Kashmir_33.165_74.553,1.92,1.4,2.5,0.3489667287547308
Jammu and Kashmir_33.1662_74.4165,1.2100000000000002,0.3,3.2,0.957369080112553
Jammu and Kashmir_33.1731_74.1699,2.65,1.2,4.5,1.1881357947081077
Jammu and Kashmir_33.1732_74.2069,2.157142857142857,0.3,3.8,1.5893994073833286
Jammu and Kashmir_33.1801_74.4157,1.3599999999999999,1.0,1.8,0.27568097504180444
Jammu and Kashmir_33.1844_74.1391,1.4700000000000002,0.1,2.5,0.8882567196480982
Jammu and Kashmir_33.2364_74.3688,2.65,2.1,3.1,0.3464101615137755
Jammu and Kashmir_33.2404_74.0472,5.022222222222222,4.5,5.6,0.3993049516903645
Jammu and Kashmir_33.2812_74.3181,2.1125,1.4,3.0,0.6937218462755804
Jammu and Kashmir_33.2867_74.2834,2.21,0.4,3.9,1.4082692293102987
Jharkhand_22.0892_85.5944,6.3999999999999995,4.7,10.0,1.9738287666360523
Jharkhand_22.2556_86.6742,4.316666666666666,1.9,7.9,2.61106619346708
Jharkhand_22.2617_85.7358,7.344444444444444,4.6,11.6,2.0712985728228017
Jharkhand_22.275_86.7125,6.08,4.0,10.3,1.883731521327932
Jharkhand_22.2833_86.7167,12.483333333333334,10.2,14.3,1.6509593170840602
Jharkhand_22.43_84.3472,3.8125,3.2,4.6,0.49407200169321763
Jharkhand_22.4833_86.7181,15.84,11.9,18.9,2.063546031040311
Jharkhand_22.5083_86.5528,8.209999999999999,2.5,11.1,2.635842686251717
Jharkhand_22.5272_84.8728,2.05,1.5,3.3,0.6164414002968976
Jharkhand_22.535_84.6667,4.585714285714286,4.1,5.1,0.36709931185158157
Jharkhand_22.5458_85.8042,10.27,6.6,13.2,2.4290144320508085
Jharkhand_22.5722_84.8189,3.78,2.9,5.1,0.7757433710820725
Jharkhand_22.6606_84.9219,5.29,2.9,6.7,1.0365005225919248
Jharkhand_22.6625_85.6375,5.266666666666667,3.1,6.7,1.1947803145348521
Jharkhand_22.66_84.8367,5.840000000000001,4.4,7.0,0.732120208708925
Jharkhand_22.6808_84.5619,4.529999999999999,2.8,6.8,1.220245876862528
Jharkhand_22.705_84.6836,7.290000000000001,6.4,8.8,0.6624030327359454
Jharkhand_22.7133_84.7706,1.9333333333333333,1.1,2.6,0.496655480858378
Jharkhand_22.7536_85.8508,5.242857142857142,1.9,6.6,1.6840993071046841
Jharkhand_22.7861_85.8333,5.2444444444444445,3.8,6.7,0.8202303199576191
Jharkhand_22.8417_85.3292,6.125,2.5,10.0,2.4022311058085744
Jharkhand_22.8503_86.0628,6.16,4.6,7.6,0.929994026265163
Jharkhand_22.8583_86.0583,5.822222222222223,2.9,17.1,4.347636650462461
Jharkhand_22.9542_86.025,6.050000000000001,2.2,8.3,2.124012375535645
Jharkhand_23.1439_84.1989,3.688888888888889,1.1,5.5,1.4785503410811252
Jharkhand_23.2694_84.5533,5.044444444444444,3.4,6.9,1.0955718953029865
Jharkhand_23.2694_84.5542,5.91,2.6,7.4,1.4760683513231283
Jharkhand_23.3583_84.7792,7.2,6.3,8.3,0.7688375063113865
Jharkhand_23.3783_85.34,7.485714285714286,6.4,8.6,0.8375133261199921
Jharkhand_23.4211_84.7808,5.577777777777778,4.0,7.8,1.2745369529536774
Jharkhand_23.4289_84.6819,3.4714285714285715,1.8,5.6,1.154288071661902
Jharkhand_23.4667_84.7,5.2700000000000005,4.2,6.7,0.8920014947670584
Jharkhand_23.4794_84.7119,3.966666666666667,2.6,6.3,1.399106857963322
Jharkhand_23.4847_86.2306,5.0375,3.4,6.6,0.9379879682444914
Jharkhand_23.5142_84.6711,8.783333333333333,6.8,11.2,1.6916461410905845
Jharkhand_23.5225_84.7167,6.9,5.9,7.9,0.6383572667401851
Jharkhand_23.525_85.7333,7.6375,5.5,9.0,1.2011155529042878
Jharkhand_23.5339_84.8478,5.58,4.6,7.4,0.9772978620211503
Jharkhand_23.5364_84.8156,5.716666666666666,4.8,6.9,0.8658329323066124
Jharkhand_23.5458_86.175,4.866666666666666,3.5,8.7,1.6955824957813168
Jharkhand_23.5583_84.8167,6.7,5.0,8.7,1.133333333333333
Jharkhand_23.5744_85.655,6.022222222222222,0.8,8.5,2.332261658657631
Jharkhand_23.575_86.3569,4.7875,2.9,7.2,1.2552034553353155
Jharkhand_23.6125_85.4917,2.966666666666667,0.4,4.2,1.2227019260637484
Jharkhand_23.6417_86.525,3.3666666666666667,2.3,6.2,1.217579566188592
Jharkhand_23.6431_85.4403,7.625,4.8,8.7,1.2498571346929441
Jharkhand_23.6797_85.4614,5.114285714285714,3.2,9.2,2.3779743280283543
Jharkhand_23.6861_85.45,3.6714285714285717,0.2,5.0,1.6337220140059379
Jharkhand_23.6869_85.3222,4.525,2.3,6.5,1.4068708946757391
Jharkhand_23.7153_85.5083,5.2749999999999995,4.3,5.9,0.5230405611149374
Jharkhand_23.7275_85.4864,5.057142857142857,0.1,9.0,3.727759444517642
Jharkhand_23.7417_86.4333,1.9555555555555557,0.8,2.8,0.6166666666666665
Jharkhand_23.7458_84.4083,4.728571428571429,2.5,7.8,2.087833235449522
Jharkhand_23.7503_86.1336,2.822222222222222,2.3,3.7,0.5607534613753575
Jharkhand_23.7833_85.8333,3.5,2.9,4.0,0.43204937989385744
Jharkhand_23.7864_86.4614,2.1444444444444444,1.7,2.9,0.4304390523381651
Jharkhand_23.7911_86.4858,3.9124999999999996,3.3,5.8,0.8526220063511647
Jharkhand_23.7936_86.4606,5.242857142857143,3.5,7.1,1.0982670331893227
Jharkhand_23.7936_86.4892,6.383333333333333,4.4,7.8,1.3257702163899545
Jharkhand_23.7958_86.4208,3.257142857142857,1.6,5.8,1.3389761547007262
Jharkhand_23.7958_86.4667,10.4375,6.9,14.2,2.0465563410624346
Jharkhand_23.7_85.3053,4.557142857142857,0.5,6.9,2.827164152089005
Jharkhand_23.8083_85.4667,6.35,5.0,8.3,0.9870591240071259
Jharkhand_23.825_86.5278,3.6833333333333336,3.1,5.1,0.7521081482517432
Jharkhand_23.8333_84.7958,9.99,8.8,11.1,0.7475143997126594
Jharkhand_23.8458_84.1917,7.56,6.0,8.5,0.7805980613179445
Jharkhand_23.8583_84.1167,5.029999999999999,3.5,7.0,1.2092697520955915
Jharkhand_23.8583_85.2125,9.68888888888889,6.6,11.5,1.864433187623282
Jharkhand_23.8667_86.875,6.0125,2.1,8.1,2.3901210369829755
Jharkhand_23.8736_86.3375,4.588888888888889,3.1,6.5,0.8992280640144139
Jharkhand_23.8917_84.8083,6.277777777777778,4.8,7.8,0.9549578233851193
Jharkhand_23.9167_87.1667,4.4875,3.3,5.7,0.6916594950861712
Jharkhand_23.9194_87.1678,5.285714285714286,3.8,5.9,0.7492853738253347
Jharkhand_23.9583_86.7986,6.277777777777778,4.1,8.1,1.2862520921049825
Jharkhand_23.9_84.1917,9.214285714285714,7.4,13.0,1.7761649430055484
Jharkhand_24.0194_86.6625,6.6499999999999995,4.9,8.1,1.3722244714331542
Jharkhand_24.0225_85.6172,3.7142857142857144,3.1,4.7,0.6962484504556579
Jharkhand_24.0458_84.225,5.355555555555556,2.4,8.1,1.8682285132653815
Jharkhand_24.0458_87.1528,4.025,2.8,6.2,1.1119480974526517
Jharkhand_24.0544_86.8831,5.316666666666666,3.7,6.8,1.0943795807061945
Jharkhand_24.0619_86.7011,6.383333333333333,4.6,8.9,1.608000829187183
Jharkhand_24.0703_84.0414,4.96,3.5,7.7,1.5269432063949058
Jharkhand_24.075_86.3861,5.6375,3.2,9.2,2.18039151137064
Jharkhand_24.0792_85.8319,5.311111111111111,3.9,7.7,1.1417579038969299
Jharkhand_24.0794_86.6117,3.0833333333333335,2.8,3.3,0.18348478592697182
Jharkhand_24.0964_86.9961,7.383333333333333,5.1,8.7,1.2781497043252277
Jharkhand_24.1083_87.3194,2.9222222222222225,1.9,4.7,1.0592187896957097
Jharkhand_24.125_85.8708,6.111111111111111,3.7,9.1,1.6714099171391532
Jharkhand_24.1578_85.9889,4.7625,2.2,9.9,2.3760336096708974
Jharkhand_24.1583_87.1861,4.622222222222223,4.2,5.2,0.31534813214040847
Jharkhand_24.1667_85.6111,4.955555555555556,2.7,7.8,1.7103443447966196
Jharkhand_24.1778_86.4458,6.816666666666666,4.1,10.6,2.73380077303864
Jharkhand_24.1792_84.025,5.825,3.6,8.3,1.4109267471113747
Jharkhand_24.2006_84.8756,5.271428571428571,4.7,6.6,0.6369570517030839
Jharkhand_24.2056_85.3169,8.833333333333334,3.5,10.5,2.5179356624028344
Jharkhand_24.2086_85.5353,5.275,3.4,6.9,1.2769942387161681
Jharkhand_24.2111_86.4108,4.8,4.0,6.1,0.8485281374238571
Jharkhand_24.2639_87.1167,6.9125,5.7,8.0,0.8475805903528331
Jharkhand_24.2667_87.0667,5.844444444444445,5.0,6.9,0.7401201103724839
Jharkhand_24.2667_87.25,4.175,2.5,5.2,0.894027803977994
Jharkhand_24.2669_85.1089,6.659999999999999,4.1,7.9,1.3672356539138868
Jharkhand_24.2792_86.65,5.622222222222223,4.2,7.0,0.8941165720667773
Jharkhand_24.2794_86.6378,4.8625,3.9,6.3,0.9650129532809392
Jharkhand_24.2958_86.3556,4.788888888888889,2.4,7.5,1.4632536045098645
Jharkhand_24.3097_85.1683,7.2625,5.8,8.1,0.7744813933022724
Jharkhand_24.3472_87.1528,7.7666666666666675,5.8,9.7,1.5346009253222805
Jharkhand_24.3728_85.6444,3.9555555555555557,1.8,5.7,1.1181582078479673
Jharkhand_24.3833_87.1833,6.266666666666667,5.3,7.1,0.8016649341630622
Jharkhand_24.3847_87.0708,6.475,5.8,7.2,0.4432026302139593
Jharkhand_24.3917_85.4792,4.275,2.7,6.6,1.3750324671491525
Jharkhand_24.3_85.4167,8.1,5.9,10.4,1.627443218232645
Jharkhand_24.3_87.2875,5.183333333333334,2.6,6.7,1.3905634349668003
Jharkhand_24.4125_85.625,3.5875,2.3,4.7,0.719995039665453
Jharkhand_24.4408_85.5222,5.344444444444445,4.4,6.7,0.7650344945019002
Jharkhand_24.4542_85.5958,5.111111111111111,2.8,6.1,0.9980536614386579
Jharkhand_24.4667_84.0417,5.328571428571428,4.6,6.6,0.7111359122659225
Jharkhand_24.4694_85.6,7.066666666666666,3.2,11.7,2.525371259834878
Jharkhand_24.4694_87.125,1.7444444444444445,1.1,2.5,0.47987266829626557
Jharkhand_24.4769_86.1956,7.344444444444444,4.1,9.5,1.6808562632711275
Jharkhand_24.4917_87.4917,8.0375,6.4,8.9,1.0336309095334069
Jharkhand_24.4931_83.9356,5.416666666666667,3.0,7.3,1.6166838487059445
Jharkhand_24.5139_86.1875,4.800000000000001,3.1,6.6,1.0665364503850772
Jharkhand_24.5319_87.5681,3.2,1.8,5.4,1.3501322686526471
Jharkhand_24.5453_87.6122,1.95,1.1,2.6,0.6058052492344383
Jharkhand_24.6339_87.8778,9.055555555555555,5.0,12.1,2.0809319493385114
Jharkhand_24.6833_87.8244,4.2,2.6,7.0,1.5046594299043223
Jharkhand_24.7014_87.6756,5.016666666666667,3.3,6.5,1.1178849076119899
Jharkhand_24.7069_87.63,7.966666666666667,4.3,9.3,1.5049916943292414
Jharkhand_24.71_87.6142,4.914285714285714,3.2,8.6,1.8479074394465498
Jharkhand_24.7219_87.7189,6.655555555555556,5.7,8.4,0.9125665881335878
Jharkhand_24.7883_87.2069,3.4,2.8,4.5,0.7000000000000002
Jharkhand_24.8369_87.2392,4.8500000000000005,3.8,6.2,0.7791020472312984
Jharkhand_24.8403_87.2372,5.825,5.4,7.2,0.5700877125495691
Jharkhand_24.8417_87.8,4.366666666666666,3.0,5.3,0.8262364471909156
Jharkhand_24.8442_87.5978,6.416666666666667,5.9,7.3,0.5269408568963566
Jharkhand_24.8444_87.7136,5.344444444444445,4.2,7.2,0.9422196016735045
Jharkhand_24.8889_87.625,6.711111111111111,4.7,7.6,0.8146232939899959
Jharkhand_25.0139_87.2778,3.9000000000000004,3.1,5.5,0.7123903424387503
Jharkhand_25.0294_87.6161,4.9799999999999995,3.9,6.4,0.836394378003317
Jharkhand_25.0361_87.5972,3.744444444444445,2.2,4.7,0.9593110954105442
Jharkhand_25.05_87.3667,7.06,6.2,8.4,0.7426678635537933
Jharkhand_25.1081_87.3619,3.1666666666666665,2.2,5.6,1.2176480060619597
Jharkhand_25.1458_87.5069,3.988888888888889,3.2,5.5,0.8328331832432657
Jharkhand_25.15_87.3861,4.175,2.9,6.6,1.3046619704516786
Karnataka_11.6333_76.6417,4.675,3.4,6.2,1.304798835069989
Karnataka_11.76_76.6219,4.575,2.1,10.5,3.966001344763598
Karnataka_11.7778_76.55,3.45,2.6,4.5,0.7852812659593164
Karnataka_11.8417_76.8167,3.65,3.3,4.0,0.4949747468305834
Karnataka_11.925_76.5681,6.959999999999999,5.6,8.9,1.2300406497347967
Karnataka_11.9319_76.6094,2.95,2.1,4.2,0.8888194417315588
Karnataka_11.9336_76.5258,6.525,2.7,8.7,2.65377090194312
Karnataka_11.9375_76.6708,7.975,2.4,13.1,5.929235476293156
Karnataka_11.9833_77.5667,2.2,0.7,3.4,1.151810169544733
Karnataka_11.9919_76.0044,7.659999999999999,6.6,9.4,1.1326958991715301
Karnataka_12.0028_77.4028,2.92,0.9,7.7,2.7499090894064118
Karnataka_12.0056_77.4083,7.728571428571429,4.7,11.0,2.5708068031354707
Karnataka_12.0181_75.9889,22.4,19.2,25.6,4.525483399593907
Karnataka_12.0306_77.5875,4.074999999999999,3.0,5.1,0.9500000000000001
Karnataka_12.0342_75.9722,9.5,8.1,10.6,0.9772410142846032
Karnataka_12.0375_77.3542,3.16,1.4,5.5,1.605615146914104
Karnataka_12.0722_76.6833,2.56,1.9,3.3,0.5770615218501403
Karnataka_12.0778_77.0667,4.92,2.7,8.1,2.3112767034693182
Karnataka_12.0833_75.9458,8.5,8.1,9.2,0.5147815070493507
Karnataka_12.0906_76.3297,5.75,5.1,6.4,0.9192388155425123
Karnataka_12.0917_77.3056,9.05,7.8,11.4,1.7000000000000006
Karnataka_12.0944_76.4778,1.92,1.5,2.5,0.43817804600413285
Karnataka_12.095_76.6689,5.640000000000001,2.2,9.3,2.4536593986216677
Karnataka_12.0972_76.5139,8.18,6.2,8.9,1.130044246921332
Karnataka_12.1056_76.7083,3.08,2.1,4.7,1.1584472366059664
Karnataka_12.1111_76.7056,2.02,0.5,4.0,1.4149204924659193
Karnataka_12.1128_76.4469,4.18,3.5,5.1,0.7190271204899019
Karnataka_12.1153_76.6017,4.766666666666667,3.8,5.3,0.8386497083606084
Karnataka_12.1167_77.075,4.55,2.5,6.6,2.899137802864845
Karnataka_12.1194_76.9917,4.16,1.0,11.0,4.029019731895092
Karnataka_12.1203_75.9386,12.440000000000001,11.0,13.1,0.9044335243676006
Karnataka_12.1208_76.4667,5.566666666666666,2.5,11.0,2.5597851472340407
Karnataka_12.125_77.0356,4.779999999999999,1.4,12.0,4.252293498807438
Karnataka_12.1308_76.74,6.05,4.0,8.1,2.899137802864845
Karnataka_12.1417_76.2917,1.475,1.1,1.9,0.38622100754188227
Karnataka_12.1472_77.075,6.4,4.7,7.8,1.4944341180973262
Karnataka_12.1511_75.8897,8.7,5.5,12.0,2.7577164466275352
Karnataka_12.1547_75.9403,9.75,9.7,9.8,0.07071067811865576
Karnataka_12.1636_76.8411,10.239999999999998,9.6,11.6,0.8173126696681026
Karnataka_12.1672_75.8433,5.62,5.3,6.1,0.3633180424916985
Karnataka_12.1708_75.9292,9.82,9.2,10.5,0.6379655163094641
Karnataka_12.1717_75.8811,6.93,1.6,12.2,4.989778440861767
Karnataka_12.1792_75.9292,3.6,2.8,4.3,0.552268050859363
Karnataka_12.1_76.3333,5.533333333333334,2.9,9.8,3.728717384481336
Karnataka_12.2083_75.6792,11.95,11.7,12.2,0.3535533905932738
Karnataka_12.2083_75.7625,5.42,4.8,6.3,0.6685805860178712
Karnataka_12.2114_75.8989,3.5,2.0,5.6,1.4696938456699067
Karnataka_12.2147_75.6789,5.640000000000001,3.4,7.2,1.4707141122597556
Karnataka_12.2167_75.9417,4.38,3.8,5.2,0.5630275304103701
Karnataka_12.2214_75.8811,6.36,3.7,9.3,2.082786594925174
Karnataka_12.2242_75.7411,16.119999999999997,15.1,17.3,0.9705668446840758
Karnataka_12.2278_75.6917,12.68,12.0,13.8,0.6978538528947164
Karnataka_12.2389_76.3417,2.725,1.8,3.5,0.7719024117939607
Karnataka_12.2417_75.8028,8.48,7.9,9.4,0.6457553716385178
Karnataka_12.2417_75.8667,8.680000000000001,3.9,12.0,2.9659737018389087
Karnataka_12.2486_76.0597,0.96,0.4,1.8,0.6228964600958975
Karnataka_12.2503_76.3314,4.96,3.3,8.9,2.32335963638865
Karnataka_12.2547_75.6431,5.783333333333334,4.5,8.9,1.5980196077228424
Karnataka_12.2558_75.7603,10.7,6.6,13.4,2.5238858928247923
Karnataka_12.2583_75.9292,3.62,3.2,4.2,0.3768288736283355
Karnataka_12.25_75.85,6.622222222222223,2.1,12.3,4.265201571373203
Karnataka_12.25_77.0997,1.38,0.3,4.3,1.6754103974847474
Karnataka_12.2628_75.8314,9.3,7.5,11.3,2.0314198646923463
Karnataka_12.2672_76.7453,4.25,2.5,6.0,1.9087517736293877
Karnataka_12.2728_75.8658,10.966666666666667,10.1,12.1,1.0263202878893778
Karnataka_12.2978_75.6344,9.64,9.0,10.2,0.5941380311005181
Karnataka_12.2_75.8,11.375,9.5,12.6,1.3817259737975058
Karnataka_12.3042_75.6917,8.925,7.3,10.3,1.265898890117217
Karnataka_12.3056_76.275,3.2,2.7,3.5,0.374165738677394
Karnataka_12.3139_76.4528,4.9,4.1,5.8,0.8755950357709134
Karnataka_12.3161_75.7397,6.779999999999999,4.8,10.8,2.319913791501745
Karnataka_12.325_76.2833,3.96,3.0,4.5,0.6730527468185538
Karnataka_12.3306_75.8561,2.7399999999999998,1.8,3.3,0.6308724118235001
Karnataka_12.3328_77.0875,4.94,3.4,7.4,1.5678010077812812
Karnataka_12.3333_77.45,2.325,1.8,3.2,0.6184658438426491
Karnataka_12.34_75.8711,4.966666666666666,3.6,6.3,1.3503086067019396
Karnataka_12.3522_75.6867,7.44,6.5,8.3,0.8173126696681028
Karnataka_12.3525_75.5775,5.0,4.6,5.7,0.4795831523312719
Karnataka_12.3525_75.6547,11.82,7.7,13.5,2.3594490882407273
Karnataka_12.3583_76.5375,12.35,9.8,15.2,2.45288945259803
Karnataka_12.3583_76.6611,2.4,1.4,3.4,0.7968688725254613
Karnataka_12.35_77.4333,9.95,9.2,10.7,1.0606601717798212
Karnataka_12.3653_75.8361,10.6,9.5,12.4,1.2020815280171315
Karnataka_12.3664_77.4106,1.4,0.3,2.2,0.804155872120988
Karnataka_12.3736_75.7564,3.2600000000000002,1.8,5.4,1.3107249902248754
Karnataka_12.3736_75.8972,3.16,2.4,4.6,0.960728889958036
Karnataka_12.3792_75.7083,6.640000000000001,3.8,7.9,1.6652327164693832
Karnataka_12.3797_76.3736,11.1,1.6,14.1,5.332447843157961
Karnataka_12.3814_75.9039,9.9,3.6,14.7,4.283689998120779
Karnataka_12.3822_76.3942,13.15,11.5,14.0,1.1269427669584646
Karnataka_12.3833_75.5333,5.4399999999999995,2.3,9.4,3.0745731411043065
Karnataka_12.3878_77.3889,6.875,4.1,9.5,2.923895802977026
Karnataka_12.3953_77.0772,2.45,2.1,3.1,0.45092497528228936
Karnataka_12.4058_75.76,10.620000000000001,9.9,11.8,0.8700574693662492
Karnataka_12.4167_75.75,5.6,1.8,17.4,6.6659582956991255
Karnataka_12.4189_75.7028,11.32,10.7,12.4,0.7529940238806687
Karnataka_12.4375_75.8069,9.7,4.6,12.6,3.0903074280724887
Karnataka_12.4375_75.9181,9.42,8.1,10.2,0.8408329203831163
Karnataka_12.4394_75.8619,7.1,3.9,9.0,2.003746490951388
Karnataka_12.4486_75.8236,5.24,4.5,5.9,0.5727128425310543
Karnataka_12.4494_75.6394,1.3199999999999998,1.0,1.8,0.4381780460041329
Karnataka_12.4547_77.0931,5.779999999999999,3.4,7.7,1.8886503117305755
Karnataka_12.4581_75.9581,7.06,3.9,14.0,4.230011820314454
Karnataka_12.45_77.3333,11.9,11.8,12.0,0.141421356237309
Karnataka_12.5006_76.2422,7.540000000000001,3.5,10.1,2.441925469788134
Karnataka_12.5042_75.9417,5.220000000000001,2.8,6.4,1.5073154945133422
Karnataka_12.5042_76.2917,4.6,3.2,7.1,1.276154939092988
Karnataka_12.5083_77.1667,3.275,1.4,5.0,1.517399090549352
Karnataka_12.5114_76.3897,6.38,5.5,7.1,0.7563068160475616
Karnataka_12.5125_75.7542,16.619999999999997,15.7,18.0,1.0377861051295691
Karnataka_12.5142_75.8614,3.55,2.2,4.6,1.1090536506409412
Karnataka_12.5175_77.0339,5.36,3.6,7.9,2.1870070873227645
Karnataka_12.5206_77.0325,2.58,0.9,3.9,1.1606032913963322
Karnataka_12.5219_77.4286,2.2,1.0,3.1,0.9486832980505138
Karnataka_12.5228_75.4375,7.333333333333333,6.8,7.7,0.472581562625261
Karnataka_12.5308_76.8975,2.68,2.0,3.4,0.49699094559156703
Karnataka_12.5314_77.0531,2.12,1.6,2.6,0.4207136793592527
Karnataka_12.5361_75.8456,4.0,3.2,4.8,0.6204836822995426
Karnataka_12.5528_76.8881,4.833333333333333,3.0,6.3,1.6802777548171413
Karnataka_12.5667_77.4333,5.3,4.0,6.7,1.3527749258468684
Karnataka_12.5667_77.4667,1.725,0.8,2.5,0.7719024117939607
Karnataka_12.5719_75.9286,7.220000000000001,6.4,8.2,0.7726577508832743
Karnataka_12.5817_76.1744,9.625,8.8,11.9,1.5195942440884231
Karnataka_12.5861_77.0431,2.4799999999999995,1.6,4.6,1.2235195135346226
Karnataka_12.5_76.2697,2.8600000000000003,2.0,3.9,0.8354639429682169
Karnataka_12.5_76.8667,2.85,2.2,3.3,0.4654746681256312
Karnataka_12.6008_76.1844,7.133333333333334,5.7,8.3,1.3203534880225576
Karnataka_12.6094_76.1006,8.05,5.8,11.2,2.278157149978903
Karnataka_12.6106_76.0881,3.466666666666667,1.7,4.5,1.5373136743466944
Karnataka_12.6111_77.3889,3.675,2.6,5.1,1.2737739202856997
Karnataka_12.6128_76.1097,2.6,1.0,4.8,1.7511900715418263
Karnataka_12.6189_75.8681,13.540000000000001,12.2,15.4,1.422322045107929
Karnataka_12.6222_77.0203,7.5200000000000005,5.2,9.5,1.875366630821824
Karnataka_12.625_76.8667,6.15,5.2,7.1,1.3435028842544396
Karnataka_12.6333_76.9833,5.9,3.5,8.3,3.3941125496954285
Karnataka_12.6597_75.8833,7.159999999999999,6.3,8.9,1.0089598604503551
Karnataka_12.6653_75.5422,5.840000000000001,4.9,7.7,1.12605506082074
Karnataka_12.6667_75.6194,7.220000000000001,6.3,7.6,0.5263078946776306
Karnataka_12.6667_76.4833,10.4,8.2,12.2,1.4849242404917502
Karnataka_12.6667_77.2,1.65,1.3,2.0,0.3109126351029606
Karnataka_12.6667_77.45,3.0833333333333335,1.8,3.9,0.8588752334691383
Karnataka_12.6706_75.5692,3.6799999999999997,3.1,4.2,0.506951674225463
Karnataka_12.6717_75.5586,6.42,4.2,7.6,1.3700364958642526
Karnataka_12.675_75.5333,8.16,6.5,9.7,1.438054240979805
Karnataka_12.6786_76.5469,6.1,1.4,10.0,3.6166282640050254
Karnataka_12.6819_77.475,2.8666666666666667,2.2,3.6,0.7023769168568492
Karnataka_12.6847_75.3125,9.459999999999999,8.6,10.2,0.7197221686178632
Karnataka_12.6867_77.235,1.7000000000000002,1.3,2.1,0.565685424949238
Karnataka_12.6983_76.0431,1.825,1.4,2.3,0.4425306015783918
Karnataka_12.6997_76.0644,9.625,8.7,10.6,0.8421203397773186
Karnataka_12.6_75.8333,14.12,12.9,14.7,0.7362064927722383
Karnataka_12.7056_75.8981,4.16,3.0,5.2,0.8619744775803979
Karnataka_12.7153_75.5625,6.04,5.2,6.9,0.779743547584717
Karnataka_12.7167_75.1111,9.059999999999999,8.1,9.8,0.8473488065725951
Karnataka_12.7167_76.7833,2.88,1.6,5.3,1.4289856542317
Karnataka_12.7167_76.9667,2.7399999999999998,1.9,4.2,0.8876936408468858
Karnataka_12.7197_77.2756,8.066666666666666,7.3,9.4,1.1590225767142477
Karnataka_12.725_75.8958,6.26,5.4,7.2,0.7266360849833977
Karnataka_12.7342_77.2986,3.8,1.7,6.2,1.9442222095223585
Karnataka_12.7347_75.5389,7.76,6.7,8.7,0.8294576541331083
Karnataka_12.7417_75.1056,6.3,5.4,7.7,0.9300537618869135
Karnataka_12.7417_75.4667,5.5,4.7,6.5,0.8485281374238567
Karnataka_12.7425_75.5081,4.86,3.8,5.6,0.8111719916269299
Karnataka_12.7444_75.5008,10.66,9.3,12.1,1.180254209905646
Karnataka_12.7486_76.6372,3.033333333333333,2.0,3.7,0.9073771725877467
Karnataka_12.7558_75.9692,6.425,1.2,9.6,3.8160843806184372
Karnataka_12.7578_75.9003,10.48,8.7,12.2,1.2794530081249562
Karnataka_12.7625_74.875,8.16,7.3,8.9,0.7127411872482186
Karnataka_12.7625_75.0981,7.9,7.2,8.5,0.5656854249492378
Karnataka_12.7667_76.9333,5.04,3.7,6.7,1.2218837915284742
Karnataka_12.7681_76.0389,3.5,2.8,4.2,0.7000000000000002
Karnataka_12.7714_75.4231,5.54,4.6,6.2,0.6985699678629194
Karnataka_12.7719_76.1456,10.700000000000001,10.6,10.9,0.173205080756888
Karnataka_12.7758_75.0483,5.26,4.7,5.9,0.5549774770204642
Karnataka_12.775_76.0583,7.8500000000000005,3.8,11.6,3.361051422794163
Karnataka_12.7817_75.9464,6.225,5.1,8.7,1.6760568804985903
Karnataka_12.7847_74.8597,8.1,4.3,11.8,3.797367509209506
Karnataka_12.7858_75.1536,7.239999999999999,6.1,8.2,0.8961026726887938
Karnataka_12.7894_75.9217,5.866666666666667,5.3,6.7,0.7371114795831999
Karnataka_12.7917_75.325,8.58,7.4,10.0,1.0497618777608568
Karnataka_12.8056_76.0611,3.625,1.5,5.4,1.9704060495238036
Karnataka_12.8153_76.8694,6.05,2.4,15.0,5.994163828258284
Karnataka_12.8172_75.0819,5.779999999999999,4.9,6.5,0.6534523701081818
Karnataka_12.8175_77.2228,3.525,1.3,6.3,2.154646142641524
Karnataka_12.8181_74.8394,4.55,3.6,5.2,0.7505553499465131
Karnataka_12.825_76.7583,2.5,1.6,3.2,0.6782329983125269
Karnataka_12.82_77.2203,3.0,0.6,7.6,3.136877428271624
Karnataka_12.8347_76.7322,1.925,1.0,3.1,0.8413424646700908
Karnataka_12.8361_75.4056,4.0200000000000005,2.3,5.5,1.3700364958642526
Karnataka_12.8408_75.8558,9.9,6.1,14.0,4.078398378448743
Karnataka_12.8417_75.0667,7.4799999999999995,4.4,10.8,2.9852973051272467
Karnataka_12.8417_78.1694,3.6399999999999997,1.4,7.0,2.0839865642561133
Karnataka_12.8472_76.3542,10.05,8.0,11.9,2.037154878746336
Karnataka_12.8486_75.2631,8.7,7.6,9.8,0.7874007874011815
Karnataka_12.8508_74.8494,8.58,7.8,9.8,0.7823042886243184
Karnataka_12.8542_74.8431,3.84,2.3,5.2,1.1970797801316337
Karnataka_12.8556_76.4875,3.6,2.9,4.4,0.7164728420068227
Karnataka_12.8558_75.0203,5.575,5.0,6.1,0.5560275772537429
Karnataka_12.8581_75.0567,5.12,4.0,6.4,1.0232301793829188
Karnataka_12.8583_75.8583,9.9,8.4,11.6,1.5448840301675277
Karnataka_12.8603_75.4122,6.32,5.4,7.2,0.7791020472312983
Karnataka_12.8614_74.8472,8.633333333333333,6.0,12.6,2.5219040425836985
Karnataka_12.8631_74.8322,1.675,1.0,2.1,0.47169905660283024
Karnataka_12.8694_74.8847,10.940000000000001,8.5,12.3,1.4536161804272818
Karnataka_12.8753_76.5161,11.033333333333333,8.1,14.1,3.002221399786054
Karnataka_12.8756_76.4369,6.125,1.0,10.4,4.355360681581569
Karnataka_12.8781_75.2436,9.58,8.6,10.4,0.8258329128825034
Karnataka_12.8781_76.6361,9.84,8.0,10.7,1.1545561917897285
Karnataka_12.8833_75.0333,4.24,3.9,4.5,0.260768096208106
Karnataka_12.8944_76.5158,10.766666666666666,10.0,12.3,1.3279056191361398
Karnataka_12.8958_75.5125,8.52,7.6,9.6,0.8757853618324527
Karnataka_12.8_75.1417,4.85,3.1,6.1,1.4177446878757824
Karnataka_12.8_75.8833,8.540000000000001,7.8,9.2,0.5983310120660636
Karnataka_12.9053_78.1317,2.35,1.3,3.9,1.1269427669584644
Karnataka_12.9058_78.1297,2.65,0.4,3.7,1.5154757228892408
Karnataka_12.9156_75.2281,6.279999999999999,3.5,10.0,3.188573348693738
Karnataka_12.9167_75.1208,10.04,9.2,10.7,0.7700649323271385
Karnataka_12.9194_75.0931,5.3,3.9,6.7,1.0295630140987002
Karnataka_12.9208_78.1514,2.1399999999999997,1.5,2.9,0.6348228099241552
Karnataka_12.9292_75.5125,4.54,4.0,5.1,0.5319774431308153
Karnataka_12.9297_77.2558,4.675000000000001,1.1,6.4,2.425386567126981
Karnataka_12.9328_75.1361,7.68,5.8,8.9,1.2194260945215172
Karnataka_12.9333_75.95,6.95,3.1,10.8,5.444722215136416
Karnataka_12.9367_75.33,7.94,6.5,9.4,1.3794926603646729
Karnataka_12.9389_74.8072,3.6799999999999997,2.2,5.6,1.6146206984923732
Karnataka_12.9439_76.3886,3.533333333333333,2.6,4.8,1.137248140615465
Karnataka_12.9508_74.8675,6.44,5.9,7.2,0.5504543577809151
Karnataka_12.9517_75.2622,7.779999999999999,7.0,8.5,0.6833739825307955
Karnataka_12.9542_75.3833,10.040000000000001,7.6,12.9,2.0007498594277107
Karnataka_12.9564_77.2236,2.466666666666667,2.2,2.6,0.23094010767585013
Karnataka_12.9597_77.29,4.95,3.3,6.4,1.3228756555322954
Karnataka_12.95_75.1625,10.139999999999999,8.7,12.2,1.3538833036861042
Karnataka_12.95_76.8,4.540000000000001,2.4,6.7,1.6349311912126454
Karnataka_12.9608_75.3244,9.120000000000001,8.4,10.0,0.7328028384224508
Karnataka_12.9644_78.3094,5.82,3.3,7.2,1.5385057685949703
Karnataka_12.9647_76.5953,4.875,2.3,7.1,2.0402205763103165
Karnataka_12.9667_75.9833,6.3,2.7,8.5,2.750757471437034
Karnataka_12.9681_74.9278,11.459999999999999,10.7,12.6,0.8049844718999248
Karnataka_12.9708_75.1506,7.55,6.8,7.9,0.5066228051190224
Karnataka_12.9722_77.1903,2.575,1.6,4.0,1.0210288928331068
Karnataka_12.9806_74.8333,3.35,2.6,4.5,0.8346656017032611
Karnataka_12.9808_74.9161,12.120000000000001,10.8,13.2,1.0733126291998991
Karnataka_12.9814_74.8244,7.88,6.0,9.4,1.2397580409095965
Karnataka_12.9825_74.8861,8.25,6.5,10.4,1.8627936010197164
Karnataka_12.9886_78.1003,0.96,0.0,1.7,0.8384509526501834
Karnataka_12.9944_74.8,10.075,8.9,12.2,1.475070619778365
Karnataka_12.9997_75.17,6.62,6.0,7.1,0.5263078946776307
Karnataka_13.0014_75.425,4.0,3.1,4.7,0.674536878161602
Karnataka_13.0031_74.9575,9.620000000000001,8.2,10.5,1.0183319694480777
Karnataka_13.0036_74.8811,12.620000000000001,11.9,13.5,0.6760177512462228
Karnataka_13.0111_75.1444,8.7,8.0,9.5,0.6855654600401041
Karnataka_13.0114_76.4758,3.425,2.1,5.3,1.3744695946679453
Karnataka_13.0167_75.9333,6.050000000000001,2.9,11.3,3.6819378955472173
Karnataka_13.0208_76.4797,11.4,9.9,14.3,2.5119713374160946
Karnataka_13.0211_76.7381,3.8600000000000003,2.1,5.4,1.2054044964243331
Karnataka_13.025_76.375,2.8,1.7,4.6,1.3589211407093003
Karnataka_13.025_77.0167,10.52,9.4,12.2,1.094074951728628
Karnataka_13.0269_75.8614,8.966666666666667,8.0,9.7,0.8736894948054099
Karnataka_13.0278_75.8958,7.966666666666666,5.1,10.3,2.640706976045115
Karnataka_13.0294_74.7853,3.94,3.2,4.7,0.642650760522385
Karnataka_13.0306_75.3803,5.3,4.6,6.0,0.5830951894845302
Karnataka_13.0347_76.3356,9.5,7.2,12.5,2.2196095752781986
Karnataka_13.0386_77.2589,4.566666666666667,2.6,6.7,2.055075018906447
Karnataka_13.0417_74.7958,5.58,4.4,6.7,0.9884331034521252
Karnataka_13.0417_75.2167,5.825,4.6,6.5,0.8995369179009092
Karnataka_13.0444_74.8703,5.46,1.6,14.4,5.252428009977862
Karnataka_13.0475_78.0964,2.62,1.5,3.8,0.9038805230781334
Karnataka_13.0494_76.3475,8.166666666666666,4.3,10.3,3.354598833442434
Karnataka_13.0506_74.8258,7.4,6.1,8.4,0.9695359714832661
Karnataka_13.0536_75.8114,12.725,11.5,14.7,1.3913422775626896
Karnataka_13.0644_74.8542,12.34,6.2,14.6,3.501142670614838
Karnataka_13.0667_78.4333,2.5749999999999997,1.4,4.1,1.3400870618483463
Karnataka_13.06_78.37,2.16,1.3,2.8,0.7436396977031282
Karnataka_13.0722_74.8125,5.85,4.7,7.0,1.0785793124908958
Karnataka_13.0778_75.8636,6.375,4.9,8.6,1.5713582235335983
Karnataka_13.07_78.36,4.38,1.1,9.0,2.9431275881279766
Karnataka_13.0853_74.7931,11.14,9.4,15.1,2.3125743231299616
Karnataka_13.0908_75.0828,9.1,8.5,10.3,0.8164965809277264
Karnataka_13.0958_74.8147,8.775,7.8,9.9,1.081280105553906
Karnataka_13.0_75.2833,7.18,6.3,7.8,0.6833739825307957
Karnataka_13.1067_78.3169,2.6,0.5,4.8,2.151743479135001
Karnataka_13.1119_74.9964,2.0,1.4,2.5,0.552268050859363
Karnataka_13.1167_77.2583,3.3000000000000003,1.9,4.4,1.0551461194229612
Karnataka_13.1211_78.0425,1.2,0.5,2.0,0.6041522986797286
Karnataka_13.1228_74.7744,7.24,6.5,7.9,0.614817045957576
Karnataka_13.1236_78.3,2.18,1.0,3.1,1.089495295997188
Karnataka_13.12_78.29,3.38,1.4,6.0,2.163792966066763
Karnataka_13.1306_75.0939,10.3,9.6,10.9,0.5147815070493504
Karnataka_13.135_78.1361,3.04,1.3,5.1,1.6349311912126452
Karnataka_13.1364_75.9694,5.0,3.7,6.2,1.3341664064126333
Karnataka_13.1408_78.1067,3.9,1.9,8.0,2.487971060924946
Karnataka_13.1667_75.8833,5.175,4.7,5.8,0.485626742811115
Karnataka_13.1667_76.8183,8.3,4.9,11.1,2.6258332011001766
Karnataka_13.1678_77.2014,5.875,4.1,10.0,2.7753378172755836
Karnataka_13.1681_76.9431,8.233333333333333,6.1,11.0,2.5106440076867402
Karnataka_13.1781_74.7589,6.1,5.3,6.9,0.6733003292241386
Karnataka_13.1783_78.3522,3.125,2.1,5.5,1.596610994158147
Karnataka_13.1889_75.7875,10.025,8.5,12.1,1.50858653491715
Karnataka_13.1919_75.7767,7.640000000000001,5.6,11.2,2.393324048264254
Karnataka_13.1922_76.1878,4.4,3.1,6.6,1.6391054470858992
Karnataka_13.2042_78.5,4.8,2.0,8.5,3.3421549934136805
Karnataka_13.2075_75.4192,2.1,1.3,3.1,0.7615773105863911
Karnataka_13.2114_75.3439,5.449999999999999,2.8,11.2,3.9102429592034302
Karnataka_13.2167_75.9833,6.9,4.7,9.1,3.1112698372208083
Karnataka_13.21_78.33,3.75,1.0,7.5,2.8478061731796283
Karnataka_13.2236_78.4111,1.8199999999999998,0.6,3.4,1.1189280584559491
Karnataka_13.2333_75.3542,4.775,1.8,13.0,5.485966946066421
Karnataka_13.2369_78.4892,2.92,1.0,6.0,2.119433886678233
Karnataka_13.2375_74.7469,5.459999999999999,3.3,7.1,1.4010710188994704
Karnataka_13.2417_78.4917,3.65,3.5,3.8,0.21213203435596414
Karnataka_13.2472_74.7472,8.275,7.3,9.1,0.8655441448399189
Karnataka_13.2519_74.7956,9.120000000000001,8.3,9.7,0.630079360080934
Karnataka_13.2583_75.2958,7.2,5.8,8.5,1.3038404810405297
Karnataka_13.25_75.7083,6.625,3.1,8.7,2.6399179280172076
Karnataka_13.2636_75.6847,8.975000000000001,7.7,10.3,1.0626225419530058
Karnataka_13.2667_75.4125,9.0,8.2,9.5,0.7000000000000005
Karnataka_13.26_75.6336,3.1,2.4,3.9,0.812403840463596
Karnataka_13.2711_74.7878,10.440000000000001,7.7,12.0,1.6456001944579368
Karnataka_13.2725_74.7669,9.6,8.3,10.0,0.7382411530116703
Karnataka_13.2731_75.7233,4.95,4.2,6.2,0.8812869377601525
Karnataka_13.2769_75.3447,3.9000000000000004,2.2,6.7,2.0639767440550294
Karnataka_13.2825_74.7483,9.0,7.2,10.5,1.531339283111356
Karnataka_13.2833_76.2833,2.75,2.7,2.8,0.0707106781186545
Karnataka_13.2911_75.8086,6.766666666666666,4.3,11.2,3.8475100173142285
Karnataka_13.2_75.6833,6.325,4.2,9.0,2.3991317874042126
Karnataka_13.3042_76.9417,4.72,0.3,9.6,3.337214407256447
Karnataka_13.3083_75.5833,1.9666666666666668,1.2,2.4,0.6658328118479393
Karnataka_13.3133_78.48,5.160000000000001,1.2,17.1,6.717737714439289
Karnataka_13.3153_78.0667,1.7600000000000002,0.9,2.8,0.68044103344816
Karnataka_13.3222_76.9639,1.56,0.7,2.9,0.8473488065725944
Karnataka_13.3247_75.7267,8.966666666666667,8.1,9.6,0.7767453465154028
Karnataka_13.3256_75.78,3.8,3.5,4.1,0.4242640687119283
Karnataka_13.3308_75.5569,4.933333333333334,3.8,5.7,1.0016652800877812
Karnataka_13.3356_76.0292,7.9,3.5,12.3,3.7237973450050514
Karnataka_13.3578_75.5347,6.633333333333333,5.7,7.8,1.0692676621563624
Karnataka_13.3658_75.5181,8.45,8.4,8.5,0.07071067811865513
Karnataka_13.3667_75.3,4.433333333333334,3.0,5.9,1.4502873278538064
Karnataka_13.3767_75.3997,5.1,1.7,8.9,3.8331884030573473
Karnataka_13.3869_76.0767,3.2,1.9,4.4,1.3341664064126335
Karnataka_13.3881_75.3331,8.525,7.7,9.4,0.8995369179009085
Karnataka_13.3917_76.5314,7.840000000000001,2.4,13.2,5.020258957464247
Karnataka_13.3958_75.375,8.525,8.0,9.1,0.6075908711186058
Karnataka_13.3_75.6333,5.25,4.8,5.8,0.4434711565216688
Karnataka_13.3_75.7667,5.92,1.6,12.7,4.312423912372251
Karnataka_13.4056_78.0553,2.7199999999999998,1.1,5.3,1.8281137820168634
Karnataka_13.4139_76.9444,4.3,1.5,8.2,3.016620625799671
Karnataka_13.4164_76.3506,3.375,2.3,4.4,0.8616843969807044
Karnataka_13.4192_74.8203,8.620000000000001,7.2,11.5,1.6724233913695417
Karnataka_13.4269_74.8758,7.075,6.1,8.2,0.8958236433584454
Karnataka_13.4275_77.2531,2.22,1.2,3.7,0.9093954035511725
Karnataka_13.4278_76.5694,8.799999999999999,6.0,11.2,2.6229754097208002
Karnataka_13.4333_76.0,14.25,13.7,14.8,0.7778174593052033
Karnataka_13.4333_77.2333,2.9,1.7,4.1,1.697056274847714
Karnataka_13.4333_78.1264,1.6,0.8,2.6,0.8031189202104505
Karnataka_13.4444_76.5028,2.6333333333333333,1.5,4.6,1.7097758137642878
Karnataka_13.4503_76.4622,3.233333333333333,2.4,4.2,0.9073771725877467
Karnataka_13.4558_74.7111,3.44,2.3,4.1,0.9099450532861859
Karnataka_13.4594_74.8392,6.8,5.3,9.9,1.846618531261939
Karnataka_13.4667_76.4833,3.733333333333333,3.4,4.3,0.4932882862316245
Karnataka_13.475_77.2417,2.64,1.7,3.2,0.6580273550544841
Karnataka_13.4772_74.7444,3.84,2.0,6.6,1.84200977196105
Karnataka_13.4814_74.7522,6.4,4.8,8.6,1.5620499351813308
Karnataka_13.4833_75.3333,6.075,5.3,6.8,0.7847504911329032
Karnataka_13.4833_76.2833,4.65,0.3,11.0,4.533210782657255
Karnataka_13.4917_77.4708,7.62,4.7,13.0,3.425930530527436
Karnataka_13.4922_76.3447,4.175000000000001,2.1,8.3,2.8182441342083906
Karnataka_13.495_74.8319,9.440000000000001,8.5,10.6,0.920869154657707
Karnataka_13.4978_74.8111,8.98,7.9,9.6,0.6833739825307958
Karnataka_13.4_77.9917,3.66,2.8,4.4,0.7924645102463582
Karnataka_13.5006_74.7089,4.340000000000001,3.2,5.1,0.8734987120768981
Karnataka_13.5042_75.2083,11.325,10.4,12.5,0.9979144919948473
Karnataka_13.5108_75.2375,4.26,3.4,5.4,0.8173126696681022
Karnataka_13.5122_74.7756,9.559999999999999,8.4,10.6,1.0014988766843427
Karnataka_13.5125_74.84,4.35,3.3,5.2,0.9949874371066203
Karnataka_13.5131_77.1786,3.4200000000000004,1.3,6.3,1.8619881847100963
Karnataka_13.5153_75.0194,5.220000000000001,4.6,5.7,0.4868264577855235
Karnataka_13.5175_74.9347,7.7,7.2,8.2,0.476095228569523
Karnataka_13.5181_74.9744,8.620000000000001,7.7,9.4,0.8467585252006614
Karnataka_13.5181_75.2714,9.625,8.9,10.6,0.7804912982645396
Karnataka_13.525_75.3,8.325,7.6,9.1,0.6601767440112788
Karnataka_13.5278_76.5028,7.533333333333332,3.3,10.6,3.787259343289463
Karnataka_13.5333_77.225,3.22,2.2,4.7,1.143241006962224
Karnataka_13.5358_74.7033,3.88,2.5,5.3,1.1584472366059664
Karnataka_13.5389_77.6056,3.1399999999999997,1.1,6.6,2.076776348093362
Karnataka_13.5403_74.9917,7.9,2.5,10.6,3.215587038162705
Karnataka_13.5417_74.6917,2.06,1.4,2.7,0.5224940191045254
Karnataka_13.5492_76.0706,3.75,2.3,4.4,0.9746794344808966
Karnataka_13.55_75.425,9.9,9.8,10.0,0.141421356237309
Karnataka_13.5667_77.2417,1.55,1.0,2.1,0.4932882862316248
Karnataka_13.575_77.4417,2.6399999999999997,0.5,7.1,2.6735743864721626
Karnataka_13.5833_77.6083,4.4,1.0,10.4,4.160128203152719
Karnataka_13.63_76.3511,3.5,2.3,5.3,1.5874507866387546
Karnataka_13.6667_77.0667,3.1599999999999997,1.8,5.6,1.497664849023305
Karnataka_13.6667_77.2,2.6399999999999997,1.3,4.5,1.3277801022759754
Karnataka_13.6725_76.0411,2.175,1.6,2.7,0.6075908711186063
Karnataka_13.6761_77.6842,1.6600000000000001,1.3,1.9,0.23021728866442673
Karnataka_13.6972_77.2008,3.08,0.5,5.9,2.1358838919754044
Karnataka_13.725_74.6444,7.959999999999999,6.8,9.0,0.9607288899580358
Karnataka_13.7322_77.1908,4.46,2.9,5.4,1.0358571330062847
Karnataka_13.7431_77.7514,3.54,1.2,8.0,2.7180875629751147
Karnataka_13.7472_76.0083,2.8499999999999996,2.8,2.9,0.07071067811865465
Karnataka_13.7667_75.575,4.16,3.4,4.9,0.6580273550544842
Karnataka_13.7761_75.6206,11.625,8.2,15.5,3.2643273937111967
Karnataka_13.7833_74.7167,5.279999999999999,4.3,6.1,0.831865373723417
Karnataka_13.7833_76.2833,6.050000000000001,3.2,8.9,4.030508652763321
Karnataka_13.7903_75.7347,2.025,1.2,2.5,0.5909032633745278
Karnataka_13.8047_74.6758,1.16,0.3,1.8,0.705691150575094
Karnataka_13.8111_75.7278,6.22,3.7,11.0,3.24530430006186
Karnataka_13.8172_75.6675,2.65,2.3,2.8,0.23804761428476162
Karnataka_13.8197_74.6344,3.84,3.2,4.3,0.41593268686170826
Karnataka_13.8264_74.8019,8.2,4.1,10.1,2.420743687382041
Karnataka_13.8292_77.2042,2.8600000000000003,1.4,4.7,1.3277801022759756
Karnataka_13.8319_74.7442,7.38,4.7,8.6,1.5801898620102588
Karnataka_13.8342_74.7361,7.12,6.2,8.7,1.11669154201149
Karnataka_13.8483_74.6733,5.9399999999999995,5.0,6.6,0.7197221686178629
Karnataka_13.8533_76.2278,9.6,7.6,11.6,2.8284271247461903
Karnataka_13.8583_75.2083,5.775,5.3,6.0,0.3304037933599836
Karnataka_13.85_75.55,3.25,2.0,5.3,1.5842979517754858
Karnataka_13.8625_76.1361,7.533333333333334,5.6,8.9,1.7214335111567145
Karnataka_13.8625_76.3014,8.299999999999999,6.4,10.3,1.9519221295943134
Karnataka_13.8667_74.8,11.1,10.2,12.1,0.8944271909999157
Karnataka_13.8667_75.725,4.3,0.9,12.7,5.616048432839588
Karnataka_13.8667_75.7333,1.3,0.5,1.8,0.5715476066494083
Karnataka_13.8728_77.2272,3.38,2.6,3.9,0.626099033699941
Karnataka_13.9167_75.6333,2.4,2.2,2.6,0.1870828693386971
Karnataka_13.9167_75.7667,2.2800000000000002,1.7,3.1,0.593295878967653
Karnataka_13.9222_75.1208,5.925,5.1,6.4,0.5737304826019506
Karnataka_13.9278_75.5889,4.4399999999999995,2.9,6.7,1.6949926253526888
Karnataka_13.9333_76.1333,2.9,1.9,3.9,1.098483803552272
Karnataka_13.9361_75.2694,7.066666666666666,6.2,7.9,0.8504900548115378
Karnataka_13.9403_75.7528,1.1,0.7,1.4,0.36742346141747667
Karnataka_13.9528_76.1236,2.6833333333333336,1.0,4.7,1.228684933848652
Karnataka_13.9572_75.0903,8.4,8.2,8.7,0.2645751311064585
Karnataka_13.9583_75.6417,1.8399999999999999,0.7,2.8,0.8792041856133306
Karnataka_13.95_75.6167,4.159999999999999,3.1,5.6,1.0310189135025603
Karnataka_13.9817_76.2958,3.875,0.9,7.0,2.5979158313283874
Karnataka_13.9825_75.1103,9.35,8.2,10.5,0.9398581453247793
Karnataka_13.9833_74.55,5.18,3.4,6.2,1.070980858839223
Karnataka_13.9833_75.6889,3.0374999999999996,1.4,9.6,2.682183279132346
Karnataka_13.985_76.65,4.166666666666667,3.7,4.7,0.5033222956847165
Karnataka_13.9917_75.2542,8.54,6.3,10.1,1.6577092628081675
Karnataka_13.9972_76.0847,4.533333333333334,0.7,8.9,4.125934237640409
Karnataka_13.9_75.1,10.625,10.3,10.8,0.2217355782608342
Karnataka_13.9_76.3125,9.866666666666667,3.5,20.2,9.029027263960018
Karnataka_14.0083_75.5583,3.6750000000000003,2.7,4.9,0.9535023160258536
Karnataka_14.0083_75.6611,2.2199999999999998,1.6,2.7,0.4658325879540846
Karnataka_14.0203_75.1542,9.4,8.0,10.2,1.0165300454651272
Karnataka_14.025_76.125,3.2399999999999998,1.7,5.3,1.462190138114739
Karnataka_14.0278_74.5297,4.42,3.6,5.0,0.5403702434442521
Karnataka_14.0317_75.175,9.666666666666666,8.4,10.8,1.2055427546683417
Karnataka_14.0319_76.0736,5.0,1.4,9.6,3.0878795313289022
Karnataka_14.0333_76.1167,7.540000000000001,3.3,12.1,4.010361579708244
Karnataka_14.0344_75.4125,4.575,3.0,5.6,1.14418821295566
Karnataka_14.05_76.0833,1.92,0.9,2.9,0.7758865896508328
Karnataka_14.05_76.55,4.766666666666667,3.9,5.5,0.8082903768654762
Karnataka_14.0667_75.2167,7.220000000000001,6.2,8.1,0.8136338242723197
Karnataka_14.0917_74.4917,5.66,5.2,6.6,0.554977477020464
Karnataka_14.0917_75.875,3.725,1.9,4.9,1.312440474840669
Karnataka_14.1064_75.0764,9.766666666666667,9.7,9.8,0.05773502691896327
Karnataka_14.1125_75.8806,4.0,1.9,6.6,1.8013883534651822
Karnataka_14.1167_75.4917,5.033333333333334,1.0,7.7,3.552933060632206
Karnataka_14.1167_76.6,8.233333333333334,4.0,12.8,4.409459528483432
Karnataka_14.1225_75.1272,7.833333333333333,5.5,12.4,3.9551653989856526
Karnataka_14.1367_75.0575,9.25,8.7,9.9,0.5196152422706636
Karnataka_14.1575_75.0667,6.925,5.9,8.0,0.8920949127381758
Karnataka_14.1667_75.0333,6.4,6.0,6.8,0.374165738677394
Karnataka_14.1667_76.0,3.44,2.4,5.5,1.2054044964243333
Karnataka_14.1769_76.1525,4.98,2.0,8.8,2.545977219065403
Karnataka_14.1792_75.8458,3.1333333333333333,2.2,4.5,1.2096831541082702
Karnataka_14.1833_75.4167,5.96,4.8,8.8,1.6471186963907614
Karnataka_14.1969_75.8075,0.86,0.2,1.4,0.5366563145999496
Karnataka_14.1972_75.8869,6.419999999999999,3.3,10.1,2.8891175123210195
Karnataka_14.1972_75.9569,1.81,0.7,4.2,1.0148344145174073
Karnataka_14.1_74.4917,9.14,7.5,10.2,1.0064790112068902
Karnataka_14.2089_75.0831,8.440000000000001,7.4,10.2,1.217784874269671
Karnataka_14.2122_75.9444,3.62,1.9,5.5,1.4923136399564267
Karnataka_14.2167_74.9167,6.9799999999999995,6.0,7.8,0.8105553651663778
Karnataka_14.2167_76.4,1.5666666666666667,1.3,1.8,0.2516611478423584
Karnataka_14.2192_76.2617,1.92,1.4,2.4,0.44384682042344303
Karnataka_14.2194_76.1167,9.8,5.6,12.9,2.8008927148321834
Karnataka_14.2239_75.7064,7.62,5.5,9.4,1.5738487856207788
Karnataka_14.2278_74.4944,7.040000000000001,6.6,7.3,0.3209361307176244
Karnataka_14.235_75.9956,1.7,1.1,2.2,0.4743416490252569
Karnataka_14.2414_75.3181,2.45,2.4,2.5,0.07071067811865497
Karnataka_14.2458_74.5583,4.26,2.9,7.1,1.6682325976913412
Karnataka_14.2458_75.8833,2.6399999999999997,1.6,3.3,0.7893034904268444
Karnataka_14.2472_74.6556,4.0200000000000005,2.7,4.8,0.8105553651663776
Karnataka_14.2486_75.6736,3.033333333333333,2.1,4.6,1.3650396819628845
Karnataka_14.2583_75.4167,9.2,8.1,10.3,1.555634918610406
Karnataka_14.2597_74.6764,2.46,1.9,3.1,0.5319774431308155
Karnataka_14.25_75.3667,2.42,1.9,3.0,0.44384682042344303
Karnataka_14.2633_74.4353,3.625,3.0,4.2,0.6652067347825036
Karnataka_14.2639_74.5306,8.22,6.7,8.9,0.8757853618324524
Karnataka_14.2653_76.1944,16.220000000000002,11.3,18.8,3.160221511223542
Karnataka_14.2775_75.6928,8.933333333333334,4.6,11.9,3.8370995990895698
Karnataka_14.2781_76.0031,1.56,0.9,2.0,0.48270073544588676
Karnataka_14.3044_75.9264,3.9,1.3,9.0,3.465063731977619
Karnataka_14.3114_75.9942,3.5,2.4,4.8,1.0246950765959597
Karnataka_14.3167_74.4944,10.16,9.3,10.7,0.6228964600958969
Karnataka_14.3219_75.9931,5.18,2.7,7.3,1.7767948671695333
Karnataka_14.3303_75.9675,7.025,3.4,10.1,2.9511297271835857
Karnataka_14.3325_75.8844,3.8200000000000003,2.2,5.2,1.231665539016173
Karnataka_14.3333_75.5125,9.65,7.9,11.4,2.4748737341529163
Karnataka_14.3425_75.9825,2.2600000000000002,1.5,3.0,0.5770615218501405
Karnataka_14.3514_76.1639,6.58,1.8,13.6,4.701276422419767
Karnataka_14.3542_74.425,3.7600000000000002,3.2,4.2,0.433589667773576
Karnataka_14.3558_75.9269,4.1,2.5,4.9,0.9772410142846033
Karnataka_14.3583_76.3167,2.3333333333333335,2.2,2.6,0.23094010767585038
Karnataka_14.3639_75.8917,2.175,1.2,3.1,1.0144785195688804
Karnataka_14.3733_75.7189,6.550000000000001,3.4,12.3,4.041864256338487
Karnataka_14.3744_75.9733,1.98,1.0,3.7,1.0425929215182694
Karnataka_14.378_75.4586,9.8,8.5,14.1,2.414539293529927
Karnataka_14.3839_75.7003,2.04,0.0,2.9,1.1781341180018514
Karnataka_14.3869_75.6658,9.440000000000001,5.5,13.3,3.53949148890063
Karnataka_14.3897_75.9239,4.18,2.6,5.4,1.1366617790706257
Karnataka_14.4083_75.6625,3.96,1.4,6.1,1.8447222013083704
Karnataka_14.4089_75.7833,2.94,1.6,4.5,1.3612494260788506
Karnataka_14.4097_75.9625,5.66,3.5,7.5,1.7952715672009065
Karnataka_14.4106_75.9622,2.84,1.2,4.3,1.2660963628413122
Karnataka_14.4167_75.6083,6.12,2.0,11.3,3.573793502708292
Karnataka_14.4194_75.9167,3.5200000000000005,1.9,5.0,1.1945710527214362
Karnataka_14.4292_75.775,2.98,2.1,4.6,0.9471008394041258
Karnataka_14.42_75.6933,2.8600000000000003,1.4,5.2,1.554991961394013
Karnataka_14.4361_75.7819,1.26,0.7,1.6,0.3911521443121589
Karnataka_14.45_75.4167,7.622222222222222,2.4,14.1,3.611709352155077
Karnataka_14.4656_75.9156,12.933333333333332,11.6,13.7,1.1590225767142472
Karnataka_14.4833_75.8667,6.459999999999999,4.4,8.0,1.4223220451079281
Karnataka_14.4833_76.75,2.55,1.6,3.5,1.3435028842544403
Karnataka_14.4939_75.93,6.9,4.5,9.1,2.2449944320643644
Karnataka_14.4_74.4792,6.779999999999999,6.2,7.1,0.35637059362410906
Karnataka_14.4_75.7667,4.5600000000000005,2.5,6.6,1.5915401345866211
Karnataka_14.5022_75.6256,3.88,3.2,5.2,0.7726577508832743
Karnataka_14.5164_75.7472,8.225,3.6,13.2,2.845422388930784
Karnataka_14.5675_75.4997,4.5200000000000005,2.0,8.1,2.2443261795024356
Karnataka_14.5731_75.3142,2.2800000000000002,1.4,3.1,0.6300793600809346
Karnataka_14.6333_75.2208,5.15,2.3,8.9,2.7489391893358914
Karnataka_14.6499_76.4615,3.25,3.0,3.4,0.19148542155126763
Karnataka_14.6667_74.3,5.4,4.0,7.1,1.2942179105544787
Karnataka_14.6667_76.075,5.025,1.2,14.0,6.04338481316555
Karnataka_14.6694_74.2889,3.62,2.7,4.3,0.8043631020876082
Karnataka_14.675_75.1894,6.575,5.2,8.1,1.2311918344975057
Karnataka_14.6_75.2758,5.533333333333333,1.9,9.0,2.155612828563299
Karnataka_14.725_74.2667,7.12,6.4,8.1,0.6610597552415363
Karnataka_14.7286_75.1611,10.825,2.6,15.8,5.70752427356497
Karnataka_14.7286_75.1614,6.56,4.9,8.9,1.5836666315863326
Karnataka_14.7306_75.8556,7.92,6.0,10.2,1.578606980853689
Karnataka_14.74_75.1333,5.0200000000000005,3.1,7.6,1.657407614318216
Karnataka_14.7558_76.6044,7.3,3.9,10.7,4.808326112068523
Karnataka_14.75_75.9,5.0600000000000005,3.8,7.2,1.3164345787011218
Karnataka_14.7639_75.95,4.58,1.7,7.6,2.4671846303023206
Karnataka_14.7667_75.1333,2.5,2.0,3.7,0.7106335201775947
Karnataka_14.7739_76.5939,13.833333333333334,9.6,16.5,3.707200201409864
Karnataka_14.7772_75.9983,5.25,3.7,6.8,2.192031021678297
Karnataka_14.7833_75.9972,3.525,1.5,6.9,2.551306854666186
Karnataka_14.7833_76.0583,9.8,6.4,13.1,3.699549522126534
Karnataka_14.7_75.1,9.6,8.3,11.6,1.2449899597988732
Karnataka_14.7_75.5,7.859999999999999,1.8,13.3,4.931328421429666
Karnataka_14.8444_76.5222,8.966666666666667,8.0,9.8,0.907377172587747
Karnataka_14.8472_75.8444,4.9,2.6,7.2,3.2526911934581184
Karnataka_14.85_75.9667,9.1,7.0,11.8,1.82208671582886
Karnataka_14.8661_76.4469,7.779999999999999,6.2,9.4,1.1840608092492548
Karnataka_14.9417_75.8583,7.06,5.5,9.3,1.839293342563932
Karnataka_14.9728_75.9653,3.45,1.4,5.2,1.636052158907737
Karnataka_14.9728_76.4458,6.2,6.0,6.4,0.2828427124746193
Karnataka_14.9833_75.8,2.1399999999999997,1.4,2.6,0.5504543577809154
Karnataka_14.9867_76.205,3.8333333333333335,3.2,4.6,0.7094598884597584
Karnataka_15.0333_76.4833,7.7,5.8,10.1,2.19317121994613
Karnataka_15.0875_76.55,5.066666666666666,3.8,6.9,1.6258331197676268
Karnataka_15.0878_74.7469,8.940000000000001,8.0,10.4,0.9154233993076651
Karnataka_15.1014_76.1669,1.6,1.1,2.1,0.7071067811865476
Karnataka_15.1039_74.9056,4.4799999999999995,2.8,6.1,1.4889593681494466
Karnataka_15.1167_75.3667,10.14,7.8,12.4,1.8582249594707316
Karnataka_15.1167_77.1375,6.8,3.9,9.7,4.1012193308819755
Karnataka_15.1333_74.9333,3.5400000000000005,2.4,4.9,1.078424777163433
Karnataka_15.1394_75.4342,6.959999999999999,3.0,12.5,3.9664845896587066
Karnataka_15.1433_75.83,5.1,4.5,6.5,0.8276472678623426
Karnataka_15.1611_74.7564,4.5600000000000005,1.8,7.7,2.4704250646396866
Karnataka_15.1636_76.8592,3.0999999999999996,2.8,3.4,0.42426406871192873
Karnataka_15.1653_75.835,2.68,1.6,3.2,0.7429670248402683
Karnataka_15.1664_74.6392,3.8499999999999996,3.4,4.3,0.6363961030678928
Karnataka_15.1667_76.3667,6.675000000000001,1.1,13.0,5.6529490828534215
Karnataka_15.1756_76.3711,3.1399999999999997,2.1,4.3,0.960728889958036
Karnataka_15.175_76.6167,10.9,9.7,11.7,1.0583005244258363
Karnataka_15.1808_74.9256,4.1,0.7,10.9,4.639504283864818
Karnataka_15.1833_74.9792,2.2,1.2,4.1,1.1113055385446433
Karnataka_15.1908_75.4994,5.1,3.5,6.6,1.2509996003196802
Karnataka_15.1958_75.8336,6.74,4.9,7.7,1.1371015785759861
Karnataka_15.1958_76.675,4.233333333333333,3.7,5.1,0.7571877794400365
Karnataka_15.2083_75.8833,3.4,2.6,4.5,0.7106335201775947
Karnataka_15.2419_74.6258,1.3800000000000001,1.3,1.5,0.08366600265340748
Karnataka_15.2542_75.1708,2.82,0.4,4.1,1.4822280526288794
Karnataka_15.2542_75.25,4.42,2.3,7.1,1.7626684316683043
Karnataka_15.2833_76.3667,2.1,1.6,2.6,0.7071067811865476
Karnataka_15.2842_75.1547,4.25,2.2,8.1,2.713546265191241
Karnataka_15.3125_76.3167,2.9400000000000004,1.3,7.9,2.788010043023518
Karnataka_15.3286_75.1475,8.28,2.0,12.3,4.024549664248163
Karnataka_15.3361_76.4611,3.1999999999999997,3.1,3.3,0.09999999999999981
Karnataka_15.3417_76.8417,8.7,7.3,10.1,1.9798989873223325
Karnataka_15.3444_76.325,1.8800000000000001,1.4,2.3,0.40249223594996214
Karnataka_15.3475_75.856,6.066666666666666,4.5,7.5,1.504437879519568
Karnataka_15.3583_76.9125,6.366666666666667,4.6,7.3,1.530795000427338
Karnataka_15.35_76.9139,4.233333333333333,2.8,6.1,1.2754084313139327
Karnataka_15.3667_76.25,4.85,4.1,5.4,0.5567764362830024
Karnataka_15.375_76.3708,1.7333333333333334,1.2,2.5,0.6806859285554046
Karnataka_15.375_76.8403,3.1399999999999997,2.3,4.2,0.7956129712366434
Karnataka_15.3775_76.0186,12.059999999999999,6.7,20.0,5.258611984164642
Karnataka_15.3_75.1667,7.5200000000000005,5.7,9.5,1.4973309587395833
Karnataka_15.3_76.475,3.1666666666666665,2.8,3.7,0.47258156262526096
Karnataka_15.425_75.5875,0.525,0.1,0.8,0.30956959368344517
Karnataka_15.4292_75.55,2.58,1.9,3.8,0.7791020472312981
Karnataka_15.4311_75.9506,4.7,3.9,5.3,0.5147815070493499
Karnataka_15.4333_75.3,4.68,3.7,5.7,0.867179335547152
Karnataka_15.4333_75.4333,3.4,2.3,5.9,1.4882876066137218
Karnataka_15.4417_74.9,2.2800000000000002,1.3,3.1,0.8378544026261364
Karnataka_15.4417_76.8417,12.25,4.0,20.5,11.667261889578034
Karnataka_15.4436_75.9686,4.4799999999999995,3.2,6.4,1.198749348279281
Karnataka_15.4514_75.1772,16.06,13.5,20.3,2.7682124195949984
Karnataka_15.4539_74.8667,7.525,4.4,9.3,2.1484490529992404
Karnataka_15.45_76.5222,1.9,1.4,2.4,0.7071067811865476
Karnataka_15.4722_76.575,7.3,4.9,9.0,2.1377558326431947
Karnataka_15.475_75.6583,7.88,6.3,8.9,1.0353743284435823
Karnataka_15.47_75.0211,6.34,3.0,10.2,3.3328666339954256
Karnataka_15.4882_75.3808,14.12,12.2,15.0,1.121160113453917
Karnataka_15.4939_76.5072,2.1399999999999997,1.7,2.7,0.40373258476372703
Karnataka_15.4_76.7,4.266666666666667,3.8,5.0,0.6429100507328637
Karnataka_15.5083_76.4958,4.0,3.4,4.5,0.5567764362830023
Karnataka_15.5125_76.875,3.12,1.8,7.0,2.2072607458114235
Karnataka_15.5292_76.6333,4.35,3.1,5.6,1.7677669529663682
Karnataka_15.5417_75.0542,4.824999999999999,1.1,10.7,4.502869455506492
Karnataka_15.5894_76.6525,2.7399999999999998,1.2,8.5,3.220714206507619
Karnataka_15.5917_75.8042,16.8,12.3,23.1,5.62049819855856
Karnataka_15.6083_76.6583,1.9000000000000001,1.7,2.2,0.2645751311064591
Karnataka_15.6228_75.0722,3.625,3.4,4.0,0.28722813232690153
Karnataka_15.7292_75.3833,12.58,9.1,15.2,2.3435016535091244
Karnataka_15.7583_75.9167,16.85,2.1,22.7,9.882813364624468
Karnataka_15.7667_76.4167,3.533333333333333,2.2,4.3,1.159022576714247
Karnataka_15.7689_74.5583,4.54,2.7,7.0,1.7896927110540513
Karnataka_15.775_74.4833,5.14,3.7,8.1,1.806377590649308
Karnataka_15.7833_76.4167,6.175,4.6,7.6,1.2606215398233787
Karnataka_15.7917_74.4681,5.9399999999999995,3.9,9.8,2.2645087767549064
Karnataka_15.8083_76.2583,6.2,3.8,10.0,3.3286633954186478
Karnataka_15.8278_76.2833,5.2,4.1,6.9,1.4933184523068084
Karnataka_15.8375_74.6458,3.8400000000000007,1.9,6.4,1.9449935732541639
Karnataka_15.8389_76.4583,7.6,3.6,11.6,5.65685424949238
Karnataka_15.8644_75.6203,26.380000000000003,19.3,32.1,5.581845572926574
Karnataka_15.8667_74.5,5.9399999999999995,5.0,7.1,0.9235799911215054
Karnataka_15.8667_74.5667,4.0,2.8,5.1,0.9219544457292888
Karnataka_15.875_74.7083,7.239999999999999,5.3,8.2,1.1738824472663347
Karnataka_15.8861_76.45,5.633333333333333,3.1,7.3,2.2300971578236974
Karnataka_15.8947_74.6597,2.1599999999999997,1.8,2.4,0.2509980079602226
Karnataka_15.9083_74.775,5.8,3.3,10.2,2.6655205870523675
Karnataka_15.9167_74.65,3.3600000000000003,2.5,5.0,1.0237187113655781
Karnataka_15.9167_75.6778,6.3,3.9,7.4,1.3910427743243554
Karnataka_15.9519_76.4417,5.840000000000001,4.4,7.0,1.0691117808723276
Karnataka_15.95_75.8,7.3,6.6,8.5,0.7314369419163897
Karnataka_15.9625_76.9528,2.6333333333333333,1.5,3.6,1.0598742063723097
Karnataka_15.9764_77.4119,2.46,1.4,4.4,1.331540461270329
Karnataka_15.9994_76.8931,3.966666666666667,2.3,5.9,1.8147543451754933
Karnataka_15.9_76.1833,5.5600000000000005,3.2,8.8,2.0452383724153043
Karnataka_16.0083_76.0083,5.56,3.3,10.0,2.6782456944798776
Karnataka_16.0108_75.545,2.6999999999999997,2.1,3.3,0.5999999999999998
Karnataka_16.0153_76.9539,6.05,5.3,6.9,0.6757711644237767
Karnataka_16.0167_77.2833,3.9333333333333336,2.0,5.3,1.721433511156714
Karnataka_16.0222_74.8278,3.4799999999999995,2.6,4.9,0.9203260291874833
Karnataka_16.0272_74.5325,0.62,0.3,1.0,0.2774887385102322
Karnataka_16.0344_76.6122,4.575,2.4,7.4,2.123479848424907
Karnataka_16.0403_77.4086,1.16,0.7,1.9,0.4560701700396551
Karnataka_16.0467_75.7528,6.94,5.6,8.3,1.1653325705565776
Karnataka_16.0511_77.2078,7.18,5.2,8.3,1.3663820841916805
Karnataka_16.0542_75.9417,1.7200000000000002,0.9,2.7,0.7949842765740717
Karnataka_16.0564_76.3883,3.65,2.8,5.8,1.4387494569938157
Karnataka_16.05_75.7875,7.449999999999999,4.7,10.4,3.018277654557314
Karnataka_16.0639_76.1083,4.65,4.0,5.3,0.9192388155425113
Karnataka_16.0722_76.3444,1.16,0.8,1.5,0.30495901363953803
Karnataka_16.0803_74.6844,6.720000000000001,5.0,8.0,1.2214745187681975
Karnataka_16.0833_74.95,10.559999999999999,7.3,12.7,2.8421822601655937
Karnataka_16.0878_74.9261,5.380000000000001,3.2,8.3,2.016680440724311
Karnataka_16.1047_76.7567,8.379999999999999,7.1,9.6,0.9364827814754523
Karnataka_16.1108_76.6372,7.459999999999999,6.9,8.6,0.6618156843109716
Karnataka_16.1167_76.5167,6.540000000000001,3.6,8.7,2.0791825316695984
Karnataka_16.1289_76.5739,6.5200000000000005,4.5,8.5,1.444645285182491
Karnataka_16.15_75.0667,3.04,1.9,4.8,1.176010204037363
Karnataka_16.1792_76.4456,1.95,0.6,3.9,1.4888474289418194
Karnataka_16.2083_74.85,1.7,0.8,2.6,0.6855654600401044
Karnataka_16.2083_77.35,4.5,3.0,6.0,2.1213203435596424
Karnataka_16.2142_74.7931,6.24,4.9,8.1,1.2739701723352863
Karnataka_16.2167_74.8833,4.36,3.8,5.4,0.7127411872482186
Karnataka_16.2178_75.6094,10.68,8.3,13.6,2.0945166506857853
Karnataka_16.2461_76.5844,5.32,1.7,8.2,2.5133642792082487
Karnataka_16.2672_76.8414,4.36,2.7,6.2,1.5662056059151366
Karnataka_16.2708_77.2708,3.922222222222222,0.9,12.5,2.7628960840469245
Karnataka_16.3125_77.0167,1.22,0.1,2.3,0.9418067742376882
Karnataka_16.3444_74.7278,8.08,4.7,12.5,3.1720655730927128
Karnataka_16.35_75.6417,3.7,2.5,5.4,1.2308533625091171
Karnataka_16.35_77.0667,8.84,7.1,10.9,1.6876018487783195
Karnataka_16.3611_74.6536,4.5200000000000005,3.5,7.0,1.4855975228843108
Karnataka_16.3667_76.5833,4.64,2.8,6.7,1.6118312566767032
Karnataka_16.3681_76.7803,1.64,0.6,3.5,1.101362792180669
Karnataka_16.3836_76.6392,2.98,2.4,4.0,0.6648308055437867
Karnataka_16.3906_76.5072,4.659999999999999,3.4,6.6,1.3183322798141597
Karnataka_16.3_77.1583,2.16,1.2,3.3,0.896102672688794
Karnataka_16.4006_76.9828,1.3666666666666665,1.1,1.5,0.23094010767585024
Karnataka_16.4083_76.7167,5.82,4.6,7.2,0.9654014708917736
Karnataka_16.4339_76.7264,7.466666666666666,7.0,8.2,0.6429100507328636
Karnataka_16.475_74.6333,1.9600000000000002,1.2,2.8,0.7127411872482184
Karnataka_16.4767_76.5472,6.26,4.4,10.0,2.181284025522582
Karnataka_16.5167_74.5167,6.525,4.5,8.4,1.5966109941581474
Karnataka_16.525_75.8917,3.4,1.8,8.6,2.9146183283579346
Karnataka_16.5333_74.6042,6.040000000000001,5.8,6.4,0.2509980079602228
Karnataka_16.565_75.9558,5.08,1.7,10.7,3.8042081961953658
Karnataka_16.5667_76.6833,3.125,2.7,3.5,0.3499999999999999
Karnataka_16.5667_76.8167,7.1,4.6,10.2,2.348048835380843
Karnataka_16.5875_77.1,3.3000000000000003,3.0,3.8,0.43588989435406733
Karnataka_16.5917_74.9833,5.82,3.4,10.6,2.94057817444121
Karnataka_16.6233_76.2553,9.02,7.5,10.8,1.3881642554107207
Karnataka_16.6333_75.0083,2.5,2.3,2.9,0.2549509756796392
Karnataka_16.6333_76.2583,5.38,2.8,7.5,1.8846750383023596
Karnataka_16.6417_75.075,4.84,2.2,7.8,2.157081361469706
Karnataka_16.6458_76.5333,3.3499999999999996,1.8,4.3,1.1676186592091327
Karnataka_16.6472_75.8139,5.5,1.1,10.2,3.9937451095431715
Karnataka_16.6597_76.0486,4.12,1.6,9.4,3.2706268512320387
Karnataka_16.65_76.0167,2.96,2.1,4.2,0.8142481194328914
Karnataka_16.6806_75.125,4.15,3.3,4.9,0.7000000000000003
Karnataka_16.6814_75.7336,8.0,3.8,12.7,3.49857113690718
Karnataka_16.6833_76.2333,7.88,5.6,10.6,2.162637278879655
Karnataka_16.7072_76.8311,9.0,4.6,16.5,5.190375708944392
Karnataka_16.7103_76.1456,5.525,4.5,6.1,0.7135591542869216
Karnataka_16.7169_77.0372,5.84,5.0,7.3,0.9762171889492626
Karnataka_16.718_75.6364,5.1,4.3,5.4,0.4527692569068707
Karnataka_16.725_75.0667,4.6,3.6,5.7,0.9617692030835672
Karnataka_16.725_77.0167,9.18,5.6,14.2,3.190141062711804
Karnataka_16.7333_77.05,2.8,1.8,4.2,0.9513148795220225
Karnataka_16.7375_75.1458,2.7800000000000002,1.9,3.8,0.8288546314040838
Karnataka_16.7417_76.55,2.72,2.2,3.2,0.4764451699828639
Karnataka_16.7417_76.85,2.44,1.6,3.8,0.861974477580398
Karnataka_16.7542_76.7875,2.125,1.6,2.6,0.41129875597510224
Karnataka_16.7583_75.2333,7.459999999999999,5.3,9.4,1.8063775906493087
Karnataka_16.75_74.9917,3.8600000000000003,2.5,5.0,1.0188228501560022
Karnataka_16.7792_76.0958,4.5600000000000005,3.4,5.6,0.9071934744033381
Karnataka_16.7833_76.7667,2.32,1.3,2.9,0.7014271166700073
Karnataka_16.7_76.0667,5.36,4.5,6.2,0.7829431652425354
Karnataka_16.8694_75.275,3.38,2.7,4.5,0.7259476565152614
Karnataka_16.875_77.4,6.4,4.4,8.6,1.724818831066034
Karnataka_16.8861_76.7611,2.7800000000000002,1.4,3.5,0.8642916174532761
Karnataka_16.8_76.7933,2.8,1.3,4.6,1.4300349646075092
Karnataka_16.9028_75.1194,12.440000000000001,11.3,14.0,1.197079780131634
Karnataka_16.9769_76.3003,3.12,2.1,4.2,0.8757853618324527
Karnataka_16.9917_76.6333,3.4,1.7,4.5,1.1916375287812986
Karnataka_16.9917_76.725,2.025,1.5,2.4,0.4112987559751021
Karnataka_17.0008_76.5417,4.475,3.7,4.9,0.5439056290693575
Karnataka_17.0167_76.4333,4.4,3.6,4.9,0.7000000000000001
Karnataka_17.0167_76.45,2.3666666666666667,1.4,3.9,0.8710147338975767
Karnataka_17.0251_76.2185,4.7,2.7,6.8,1.841195263952197
Karnataka_17.0436_76.9858,2.24,1.8,3.0,0.4505552130427523
Karnataka_17.075_77.0083,7.779999999999999,1.5,10.0,3.5520416664222845
Karnataka_17.0933_76.4092,4.2,2.6,8.0,2.545584412271571
Karnataka_17.1089_75.6892,3.3,2.5,4.5,0.744983221287567
Karnataka_17.1167_77.0697,5.075,3.1,8.0,2.0886598574205424
Karnataka_17.1333_76.3,7.76,3.7,11.5,3.273071951546437
Karnataka_17.1_76.1833,3.9199999999999995,3.3,4.6,0.5932958789676529
Karnataka_17.2158_76.5731,4.720000000000001,2.9,6.3,1.48054044186574
Karnataka_17.225_76.9667,3.62,2.5,5.5,1.1691877522451217
Karnataka_17.2333_76.4167,11.8,6.2,15.5,4.1340053217188775
Karnataka_17.2417_76.5417,5.7,3.6,7.2,1.7073371078963875
Karnataka_17.2542_76.5906,5.4399999999999995,1.5,9.5,3.093218388668993
Karnataka_17.2583_76.6361,5.24,2.3,10.4,3.3634803403617513
Karnataka_17.2667_76.2167,5.525,4.3,8.6,2.061350689879494
Karnataka_17.2796_75.723,6.459999999999999,5.2,8.4,1.3258959235173777
Karnataka_17.2917_76.2417,9.6,2.3,18.1,6.614378277661477
Karnataka_17.2_75.7,6.9799999999999995,4.5,9.6,1.8673510650116114
Karnataka_17.2_76.3583,4.44,2.4,9.9,3.194213518223226
Karnataka_17.3111_75.6611,5.8,4.8,7.1,0.9137833441248534
Karnataka_17.3194_75.8347,6.6,4.8,9.8,2.110687091920544
Karnataka_17.3208_75.8347,5.92,5.0,7.7,1.061602562167217
Karnataka_17.3417_76.5889,13.66,11.5,15.2,1.578923684032892
Karnataka_17.3833_76.5625,5.4,2.1,7.0,2.03100960115899
Karnataka_17.3833_76.5792,7.340000000000001,5.4,9.0,1.4707141122597551
Karnataka_17.3833_77.4667,5.720000000000001,4.3,7.5,1.2008330441822463
Karnataka_17.3889_75.8444,5.02,2.0,8.7,3.0898220013457083
Karnataka_17.4167_77.4208,8.2,7.2,9.2,0.7905694150420943
Karnataka_17.4667_76.3833,8.02,5.1,12.2,3.1140006422606916
Karnataka_17.5167_76.4667,5.4799999999999995,3.0,7.8,1.7922053453775881
Karnataka_17.5167_77.2928,4.14,3.3,5.5,0.8561541917201595
Karnataka_17.5361_77.4347,1.6749999999999998,1.2,2.3,0.5188127472091126
Karnataka_17.5478_77.4111,6.425,4.1,9.0,2.2321514285549715
Karnataka_17.575_76.7583,9.48,5.3,12.4,3.0061603416983598
Karnataka_17.5833_76.5833,4.3,2.3,6.1,1.557776192739723
Karnataka_17.6083_76.7833,5.0,3.1,6.4,1.3982131454109563
Karnataka_17.6083_77.225,5.08,4.2,6.1,0.7529940238806679
Karnataka_17.6408_76.7447,7.7299999999999995,2.1,11.1,3.0557959501394873
Karnataka_17.7239_77.3747,3.425,2.2,5.8,1.613226580490168
Karnataka_17.7_77.3167,4.05,3.1,5.2,0.9746794344808964
Karnataka_17.8333_77.3333,9.1,6.5,11.7,3.6769552621700465
Karnataka_17.8667_77.4167,5.800000000000001,1.3,10.3,6.3639610306789285
Karnataka_17.8681_77.3708,12.55,5.6,15.4,4.660114447807765
Karnataka_17.9069_77.4194,7.033333333333334,6.3,7.8,0.7505553499465135
Karnataka_17.9133_77.5236,5.733333333333333,4.5,6.6,1.0969655114602888
Karnataka_17.935_77.5142,1.5666666666666667,0.5,2.2,0.929157324317757
Karnataka_17.9917_77.325,9.4,6.2,14.9,4.784349485562275
Karnataka_18.0667_77.1667,3.3333333333333335,2.5,4.2,0.8504900548115383
Karnataka_18.0853_77.0933,3.1333333333333333,1.6,4.5,1.4571661996262926
Karnataka_18.0_77.4797,8.866666666666667,8.2,9.8,0.832666399786454
Karnataka_nan_75.4667,5.38,4.0,6.9,1.1300442469213319
Karnataka_nan_77.2119,3.4,2.7,5.2,1.2027745701779144
Karnataka_nan_77.2278,3.54,1.9,6.3,1.7756688880531752
Karnataka_nan_77.3167,3.983333333333333,2.4,5.4,1.2384129628951188
Karnataka_nan_77.3686,3.8,3.1,4.3,0.5099019513592783
Karnataka_nan_77.3722,1.7,1.4,2.1,0.35590260840104376
Karnataka_nan_77.4194,5.411111111111111,3.6,8.0,1.5600035612494965
Karnataka_nan_77.425,3.55,2.5,4.8,1.173314393786536
Karnataka_nan_77.45,3.7249999999999996,1.8,4.5,1.286791876463841
Karnataka_nan_77.4858,4.233333333333333,3.3,5.5,1.1372481406154655
Karnataka_nan_77.5181,6.233333333333333,5.2,7.2,1.0016652800877812
Karnataka_nan_77.5211,4.6499999999999995,0.8,13.1,5.680668974689513
Karnataka_nan_77.5383,2.92,1.9,3.8,0.8228000972289686
Karnataka_nan_77.5531,5.32,4.2,6.2,0.9444575162494075
Karnataka_nan_77.5556,2.7,1.8,3.5,0.7549834435270749
Karnataka_nan_77.5564,5.24,1.4,15.2,5.6504867047007545
Karnataka_nan_77.5583,2.9,1.8,3.5,0.7615773105863908
Karnataka_nan_77.5678,3.22,1.9,4.3,1.089495295997188
Karnataka_nan_77.5689,8.22,4.2,14.4,4.065956222095855
Karnataka_nan_77.5719,4.9,3.0,7.9,2.077257807784099
Karnataka_nan_77.5725,3.78,2.7,4.3,0.6220932405998315
Karnataka_nan_77.5769,4.459999999999999,3.7,5.1,0.6348228099241553
Karnataka_nan_77.5792,4.825,3.7,5.6,0.899536917900909
Karnataka_nan_77.5847,3.375,2.5,3.8,0.5965176722724426
Karnataka_nan_77.5917,1.06,0.4,1.8,0.5941380311005179
Karnataka_nan_77.5961,1.3,0.7,2.1,0.5958187643906492
Karnataka_nan_77.6069,1.4666666666666668,0.9,2.4,0.8144527815247077
Karnataka_nan_77.6214,10.85,8.0,13.1,2.6438608132804573
Karnataka_nan_77.65,4.76,3.5,6.3,1.1171392035015153
Karnataka_nan_77.6528,2.7600000000000002,2.0,3.7,0.6693280212272605
Karnataka_nan_77.6594,4.14,3.1,5.3,1.0310189135025603
Karnataka_nan_77.7,13.98,9.2,23.0,5.376988004450076
Karnataka_nan_77.7003,3.7600000000000002,2.7,5.0,0.8792041856133305
Karnataka_nan_77.775,8.7,4.7,11.8,2.8609439001839934
Kerala_10.0003_76.7411,6.033333333333334,5.5,6.8,0.5501514942874071
Kerala_10.0053_76.7101,5.8625,5.2,8.1,0.9664921845815116
Kerala_10.0057_77.1162,9.844444444444443,9.3,11.6,0.6984108946585652
Kerala_10.0067_76.6812,4.366666666666666,1.7,5.2,1.3291601358251257
Kerala_10.0133_76.9546,5.720000000000001,3.5,6.5,0.9283198682446572
Kerala_10.0188_77.0156,4.11,2.7,5.0,0.7400450436741446
Kerala_10.0192_76.2246,1.1333333333333333,0.4,5.7,1.7255433926737398
Kerala_10.019_76.2251,0.96,0.7,1.7,0.2756809750418044
Kerala_10.0224_76.3055,2.2333333333333334,1.6,6.3,1.5305227865013966
Kerala_10.0227_76.9105,7.69,2.0,8.8,2.0343986280416573
Kerala_10.0316_76.868,8.8,6.5,9.4,0.8419553960210052
Kerala_10.0502_76.7533,3.875,2.5,4.7,0.6181770435262516
Kerala_10.0516_76.7168,6.2,4.7,7.2,0.7406560798180412
Kerala_10.0565_76.7785,7.285714285714286,4.3,8.4,1.4229412864773812
Kerala_10.0586_76.6563,4.3,3.1,5.4,0.8164965809277261
Kerala_10.0638_76.52,6.62,1.7,8.8,1.8819611520373576
Kerala_10.0648_77.1078,2.9444444444444446,1.5,3.4,0.5703312877422891
Kerala_10.0662_76.4942,7.7,6.8,8.8,0.6782329983125268
Kerala_10.0672_76.6281,3.857142857142857,1.1,5.0,1.2985339719046536
Kerala_10.0766_76.2692,2.1444444444444444,1.3,6.5,1.662912438397698
Kerala_10.0822_76.5029,5.23,2.1,6.4,1.163376312482098
Kerala_10.0849_76.5195,6.0625,3.1,7.0,1.224671967741333
Kerala_10.0874_77.0672,1.7399999999999998,0.9,4.9,1.1374435272916972
Kerala_10.0946_76.2926,2.483333333333333,1.7,5.3,1.4105554461511487
Kerala_10.1012_76.6509,2.675,1.1,4.5,1.2991755627539885
Kerala_10.1058_76.6247,2.942857142857143,2.0,4.1,0.704407890494191
Kerala_10.1082_76.475,6.757142857142857,5.3,14.0,3.199925594373064
Kerala_10.1153_76.3283,3.3428571428571425,1.6,11.1,3.4384381836608813
Kerala_10.1153_76.525,5.977777777777778,5.5,6.9,0.47638686426521504
Kerala_10.1169_76.5874,3.8857142857142857,3.0,5.5,0.8552359741197582
Kerala_10.1203_76.5348,3.0599999999999996,1.9,3.9,0.5358275012642699
Kerala_10.1211_76.5692,3.942857142857143,1.0,6.7,1.6511179473891249
Kerala_10.128_76.3008,2.5,1.7,4.7,1.0936178491593853
Kerala_10.1368_76.4075,9.025,6.1,9.7,1.2162589010098608
Kerala_10.1452_76.426,6.366666666666666,1.2,7.4,1.9665960439297137
Kerala_10.1483_76.4548,3.5999999999999996,2.6,4.4,0.5937171043518958
Kerala_10.1506_76.4828,6.51,6.3,7.1,0.24244128727957562
Kerala_10.1528_76.7247,9.88125,4.1,15.7,2.800766264197472
Kerala_10.168_76.441,5.057142857142857,2.9,6.4,1.217726218350062
Kerala_10.1831_76.5197,4.2700000000000005,3.2,5.9,0.9626929820964613
Kerala_10.1847_76.504,7.366666666666666,6.9,8.1,0.3605551275463987
Kerala_10.1999_76.3679,5.7124999999999995,1.4,6.8,1.7931914884600904
Kerala_10.2019_76.5267,5.85,4.6,7.8,1.1856282240712244
Kerala_10.2421_76.4225,6.028571428571429,3.9,9.5,1.8865438290820646
Kerala_10.255_76.457,4.6,3.8,5.1,0.44721359549995787
Kerala_10.2602_76.4281,6.511111111111111,5.0,8.7,1.2200865178794127
Kerala_10.2691_76.3491,8.377777777777778,7.4,10.1,0.7790663928346828
Kerala_10.2871_76.3385,6.455555555555556,2.4,8.2,1.6094339929856636
Kerala_10.3001_76.421,4.42,2.7,6.2,1.121308759144123
Kerala_10.3073_76.3329,8.73,8.5,9.0,0.18287822299126946
Kerala_10.3202_76.3706,8.02,2.0,13.2,3.7510887308442418
Kerala_10.3258_76.3246,3.5200000000000005,1.3,7.7,1.7060676031935742
Kerala_10.3425_76.4172,5.366666666666666,3.6,7.1,1.0793516572461452
Kerala_10.3429_76.394,4.016666666666667,1.3,8.0,2.896492131297212
Kerala_10.4118_76.1616,9.33,7.3,10.0,0.9238205693988659
Kerala_10.4376_76.2101,8.07,7.5,9.0,0.5207899981971833
Kerala_10.4729_76.2128,8.879999999999999,1.2,10.0,2.7030024458409616
Kerala_10.4739_76.1064,3.0,2.6,3.5,0.36878177829171543
Kerala_10.492_76.1031,2.84,1.8,8.0,1.8536450577173615
Kerala_10.5418_76.0457,3.0100000000000002,1.8,9.0,2.120508324802229
Kerala_10.5736_76.8311,7.12,4.2,10.4,2.2349745213561416
Kerala_10.5808_76.8042,8.644444444444444,7.2,10.5,1.0357498625526234
Kerala_10.5909_76.0263,4.82,1.8,25.8,7.3805751055652085
Kerala_10.5922_76.4836,4.36,2.0,5.2,0.9057838839615353
Kerala_10.5984_76.0369,2.44,1.8,3.3,0.4526465385804787
Kerala_10.6039_76.7614,5.2555555555555555,3.0,8.3,1.537132973355844
Kerala_10.6111_76.6833,2.7222222222222223,2.0,3.4,0.523874454850057
Kerala_10.6139_76.8072,5.34,2.9,10.0,2.0156057815621256
Kerala_10.6183_76.401,7.177777777777777,4.1,7.9,1.2080746849613417
Kerala_10.6195_76.0473,2.35,0.5,8.8,2.3476939039548297
Kerala_10.6244_76.6958,2.3777777777777778,1.5,3.2,0.6666666666666667
Kerala_10.6275_76.0941,8.120000000000001,0.9,10.2,2.581472448042009
Kerala_10.6336_76.8658,5.470000000000001,0.6,7.9,1.9379542478259562
Kerala_10.6346_75.9896,4.18,3.5,8.8,1.628086811772231
Kerala_10.6433_76.5936,3.3299999999999996,2.0,4.9,0.7888810641239485
Kerala_10.6439_76.6797,5.24,1.7,7.1,1.6952220437977372
Kerala_10.6456_76.5544,4.711111111111111,2.2,11.1,3.0604102847675687
Kerala_10.6467_76.8106,4.3,3.4,5.9,0.7180219742846007
Kerala_10.6497_76.7386,2.6399999999999997,1.7,3.8,0.729078566106257
Kerala_10.6497_76.7631,3.17,2.5,4.3,0.527151675411251
Kerala_10.64_76.1576,9.09,6.9,20.4,4.534423888433898
Kerala_10.6544_76.0794,7.01,5.0,7.7,0.7607744592044201
Kerala_10.6544_76.1171,8.666666666666666,7.0,9.3,0.719374728496908
Kerala_10.6578_76.4739,5.14,2.7,9.3,1.9822546086043875
Kerala_10.6578_76.5186,3.3000000000000003,1.9,8.3,1.9111514853616394
Kerala_10.6602_75.9932,4.83,4.1,7.8,1.0832564075252191
Kerala_10.6616_76.0877,14.38888888888889,9.3,26.1,6.896637667089023
Kerala_10.6675_76.4814,2.88,2.3,3.4,0.35839146815241635
Kerala_10.6731_76.6464,5.5600000000000005,4.5,6.8,0.8329332372872255
Kerala_10.6736_76.0139,3.35,2.2,3.7,0.4743416490252569
Kerala_10.6807_76.1658,7.090000000000001,1.2,8.6,2.119460098966506
Kerala_10.6817_76.6833,5.42,3.9,7.7,1.1849050594878898
Kerala_10.6894_76.0333,9.925,2.1,12.9,3.4594590824082814
Kerala_10.6933_76.87,9.57,3.1,17.4,4.098793860529108
Kerala_10.6981_76.092,9.855555555555556,9.5,10.3,0.2962731472438534
Kerala_10.6983_76.7542,4.215,1.3,5.9,1.065376138173497
Kerala_10.7031_76.8467,5.619999999999999,2.4,9.1,1.9147381602251055
Kerala_10.7078_76.5939,2.35,1.4,2.9,0.43011626335213143
Kerala_10.7081_76.7964,6.55,5.7,9.8,1.251887463880928
Kerala_10.7122_76.9017,4.7,1.5,6.7,1.632312606226039
Kerala_10.7147_76.7353,18.733333333333334,2.6,35.3,10.481769888716313
Kerala_10.7167_76.5076,3.3299999999999996,2.2,8.9,1.9821705274773913
Kerala_10.7186_76.7736,2.7600000000000002,1.8,3.8,0.6292853089020909
Kerala_10.7191_76.0756,8.41,7.9,9.3,0.39285281382896203
Kerala_10.7244_76.8875,6.625,5.7,8.2,0.8908262617207848
Kerala_10.7283_76.7797,3.925,2.0,10.3,2.619569212130662
Kerala_10.7336_76.6342,3.3549999999999995,1.0,5.8,1.298369422735585
Kerala_10.7392_76.5756,4.0,3.6,4.6,0.3122498999199198
Kerala_10.7392_76.8653,5.144444444444444,3.4,9.2,2.100661271547076
Kerala_10.7444_76.8411,6.07,2.6,9.3,1.8720458209017092
Kerala_10.7547_76.7928,1.7625,0.8,3.0,0.6300510183423924
Kerala_10.7558_76.5047,4.844444444444445,3.5,5.9,0.7923242882669809
Kerala_10.7561_76.5044,10.040000000000001,2.1,11.9,2.9326514358928586
Kerala_10.7583_76.8144,5.722222222222222,4.3,8.1,1.2959338117529164
Kerala_10.7606_76.7828,3.5,2.2,6.3,1.3320231658217188
Kerala_10.7658_76.5433,7.844444444444444,2.6,10.3,2.227168107210989
Kerala_10.78_76.5456,4.970000000000001,2.8,8.8,1.828812608102743
Kerala_10.7967_76.836,3.6666666666666665,1.7,5.7,1.2874393189583733
Kerala_10.8147_76.8578,6.76,2.8,12.0,3.088041450499005
Kerala_10.8411_76.0321,2.6399999999999997,1.1,3.8,0.7366591251499344
Kerala_10.8489_76.0833,7.033333333333333,5.5,15.4,3.1551545128567002
Kerala_10.8816_76.0889,7.67,6.6,9.3,0.7902882737049538
Kerala_10.8953_76.0748,12.0125,4.6,18.4,4.899914965248547
Kerala_10.903_76.0952,8.25,5.1,9.4,1.3705230145215852
Kerala_10.9204_76.0973,7.711111111111112,7.1,10.2,0.9518986874195756
Kerala_10.9237_76.0324,9.43,3.5,12.3,2.253417158204155
Kerala_10.9441_76.0017,12.744444444444445,9.5,14.2,1.387543793102682
Kerala_10.9443_76.0429,10.233333333333333,4.2,11.8,2.3065125189341593
Kerala_10.9676_76.2751,5.642857142857143,3.8,11.5,2.68070708511588
Kerala_11.0269_76.03,19.81578947368421,7.1,36.0,9.311597497380156
Kerala_11.0348_76.0676,7.85,6.8,11.2,1.2447668233225222
Kerala_11.0397_76.0889,7.811111111111111,6.5,11.0,1.3109580889986958
Kerala_11.0419_76.0294,7.76,1.2,9.5,2.4042554865164485
Kerala_11.0751_76.2803,2.9699999999999998,1.2,3.7,0.70087247215326
Kerala_11.0848_76.1665,7.909999999999999,7.0,11.4,1.2679379585242594
Kerala_11.0872_76.1824,5.01,2.1,6.6,1.1259070417519672
Kerala_11.0895_76.119,7.95,7.1,11.2,1.176860229593982
Kerala_11.1069_76.056,2.888888888888889,1.1,11.2,3.159289652930087
Kerala_11.107_76.1818,6.470000000000001,4.9,8.7,0.9322016949137134
Kerala_11.112_76.2841,9.261111111111111,2.4,10.8,1.9641309675060727
Kerala_11.1183_76.1526,8.01,6.6,9.1,0.6314885412877873
Kerala_11.1201_76.1201,5.16,3.3,8.3,1.3451146171733221
Kerala_11.1247_76.3381,4.71,2.9,12.0,3.3534227953606512
Kerala_11.1272_76.8089,5.18,1.1,8.4,2.2753754268984565
Kerala_11.1321_75.989,3.22,2.1,4.8,0.902835040918944
Kerala_11.1348_76.1138,5.39,2.0,6.1,1.2196994165230495
Kerala_11.1366_76.0928,6.0,3.5,7.3,1.019803902718557
Kerala_11.1397_75.8342,12.966666666666667,3.1,15.5,3.821648858804273
Kerala_11.1497_75.9602,3.45,2.4,7.3,1.8100030693651077
Kerala_11.1512_75.8144,2.9299999999999997,2.6,3.5,0.2907843798341918
Kerala_11.162_76.046,9.471428571428572,4.5,10.7,2.218643944480717
Kerala_11.1654_75.934,7.970000000000001,5.1,9.8,1.2719626130075088
Kerala_11.1708_76.3201,4.855555555555556,4.5,5.4,0.2743679605525724
Kerala_11.1734_75.8062,2.75,2.0,3.8,0.4813176359397883
Kerala_11.1774_75.8594,2.966666666666667,2.2,8.2,1.6740442773189248
Kerala_11.1824_75.8414,11.75,6.8,13.1,1.7727881367432994
Kerala_11.1889_75.8703,5.677777777777778,0.9,38.2,12.203460347149266
Kerala_11.1958_75.8033,5.91,1.0,7.9,2.1157872188751767
Kerala_11.1963_76.064,10.379999999999999,6.4,13.0,1.8474005761850592
Kerala_11.2036_75.9499,8.24,2.0,10.4,2.4272526764957036
Kerala_11.2057_75.813,2.62,1.6,4.0,0.6390965845976996
Kerala_11.2163_76.142,9.957142857142857,7.9,11.4,1.10883894661209
Kerala_11.2258_76.33,4.89,2.4,14.4,3.3952417685146767
Kerala_11.2336_75.7894,5.422222222222222,4.1,14.1,3.2618161267067833
Kerala_11.2345_76.0504,7.85,3.5,10.0,1.7834112132527247
Kerala_11.23_75.8284,3.8666666666666663,2.9,8.8,1.8621224449536073
Kerala_11.2437_76.2992,3.9444444444444446,2.8,7.3,1.3352070168246488
Kerala_11.2465_75.9516,4.357142857142857,3.6,6.5,1.0146545271784924
Kerala_11.2487_75.7737,2.6833333333333336,1.5,3.1,0.5879342366852492
Kerala_11.2514_75.9408,8.82,1.3,10.1,2.6690822392725178
Kerala_11.2533_75.7913,12.16,8.0,15.2,2.029340341643614
Kerala_11.2625_75.9034,6.725,6.6,6.9,0.1281739888923317
Kerala_11.2719_75.8246,11.3,4.4,13.6,2.5451478891761434
Kerala_11.27_75.9697,6.17,1.8,7.6,1.7569228149744591
Kerala_11.2868_75.7806,3.72,2.1,11.9,2.8893674817240615
Kerala_11.2942_75.9607,5.8,2.5,6.8,1.4779866184930244
Kerala_11.297_75.8469,7.9799999999999995,1.2,9.6,2.483635328393531
Kerala_11.29_75.818,12.5,9.3,14.1,1.4988884770611406
Kerala_11.3009_75.9389,5.09,3.7,6.7,1.0038260141412287
Kerala_11.3047_75.8787,10.877777777777778,9.5,13.4,1.442894467535462
Kerala_11.3118_75.7583,2.94,2.2,5.7,1.054303350822502
Kerala_11.3204_75.9657,3.2600000000000002,1.5,3.9,0.6586180818788517
Kerala_11.3296_75.9415,5.1625,4.6,6.0,0.560452623204801
Kerala_11.3345_75.7409,2.677777777777778,2.3,3.3,0.2905932629027116
Kerala_11.334_75.8927,7.409999999999999,3.7,9.0,1.8699079002869514
Kerala_11.3602_76.0078,4.333333333333333,3.8,7.1,1.044030650891055
Kerala_11.3629_75.8613,3.0444444444444447,1.7,4.4,0.9315459074988084
Kerala_11.3667_75.9106,5.029999999999999,3.6,7.8,1.1460560389633851
Kerala_11.3669_75.7969,1.4875,0.9,2.2,0.43568501072613064
Kerala_11.3798_75.8512,6.911111111111111,4.0,7.8,1.1340683890802667
Kerala_11.4061_76.0114,5.87,3.5,6.5,0.8944893018427393
Kerala_11.4237_75.9378,1.088888888888889,0.9,1.3,0.11666666666666674
Kerala_11.4294_75.8335,5.92,4.1,6.6,0.6988880056521535
Kerala_11.4312_76.0067,1.24,0.7,3.1,0.6785605679999719
Kerala_11.4431_75.8808,3.625,2.3,7.2,1.6799234676445403
Kerala_11.4441_75.9554,4.12,3.1,8.5,1.5554920621962545
Kerala_11.4455_75.7376,4.84,3.7,6.9,0.800277729569207
Kerala_11.4466_75.7395,3.9000000000000004,2.8,9.2,1.998124120268808
Kerala_11.4468_75.8298,6.45,1.1,7.5,1.9086062395836858
Kerala_11.4473_75.7906,7.122222222222222,5.6,9.3,0.9679589063821074
Kerala_11.4481_75.8592,3.5888888888888886,2.5,4.4,0.573246117397328
Kerala_11.4491_75.9608,2.53,2.3,3.5,0.38600518131237577
Kerala_11.4812_75.9813,3.3699999999999997,0.7,4.6,1.206510118758507
Kerala_11.4829_75.7749,7.24,6.6,8.3,0.6095535707019979
Kerala_11.5023_75.7734,1.8555555555555554,0.3,9.2,2.7699779381391787
Kerala_11.5043_75.7735,3.38,2.8,4.0,0.2936362072739367
Kerala_11.5231_76.0215,1.94,1.0,7.7,2.112502465481796
Kerala_11.5352_76.0289,3.2,2.3,9.3,2.1504521488385753
Kerala_11.5354_76.0293,2.62,1.9,5.8,1.1311744142949642
Kerala_11.5361_76.2439,8.02,7.3,11.0,1.1360751148875092
Kerala_11.5386_75.8968,2.9699999999999998,2.5,3.8,0.32335051500740736
Kerala_11.5451_76.1799,8.95,7.4,17.4,3.010075672729102
Kerala_11.5499_75.897,3.1399999999999997,2.1,3.5,0.38643671323171846
Kerala_11.54_75.8425,5.05,2.3,5.7,1.1047875612784366
Kerala_11.5535_76.1379,15.357142857142858,1.9,17.7,5.934323084917983
Kerala_11.5559_76.2238,8.059999999999999,2.9,9.7,1.8739145005990945
Kerala_11.5565_76.039,7.044444444444444,4.8,7.8,0.8861590025372298
Kerala_11.5755_76.0956,3.9799999999999995,1.8,4.7,0.8080154013933701
Kerala_11.5867_76.018,6.0200000000000005,2.1,7.3,1.4116971661404183
Kerala_11.5873_76.1415,7.75,6.9,8.9,0.6745368781616022
Kerala_11.6012_76.2566,12.7,8.9,14.4,1.4854853303438125
Kerala_11.6031_76.3449,2.888888888888889,2.6,3.5,0.31797973380564865
Kerala_11.6037_76.21,6.71578947368421,2.1,8.8,1.7101862010042248
Kerala_11.6071_76.0835,3.12,1.2,8.2,1.937237437406393
Kerala_11.6097_76.0481,13.033333333333333,4.5,14.6,3.2295510523910287
Kerala_11.6184_76.2131,7.82,1.8,9.5,2.2054478003344355
Kerala_11.6244_76.3164,1.64,0.9,3.0,0.6769211344183473
Kerala_11.6357_76.2769,2.7199999999999998,1.4,8.1,1.9809088823063015
Kerala_11.6365_76.0142,6.7,5.0,15.4,3.071011415008273
Kerala_11.6406_76.1871,7.325,6.1,9.9,1.203269355903799
Kerala_11.6418_76.1106,2.83,2.0,3.6,0.5478239782184704
Kerala_11.6439_76.2973,13.0,4.1,17.2,3.5699361961307443
Kerala_11.6442_76.3306,2.1666666666666665,1.7,2.8,0.3570714214271424
Kerala_11.6604_76.1626,5.37,1.2,6.9,1.5993401417112274
Kerala_11.6626_76.1905,5.544444444444444,4.2,8.8,1.561338457150716
Kerala_11.663_76.2574,5.844444444444445,4.4,7.5,1.1843892002959913
Kerala_11.6684_76.3145,4.933333333333334,4.1,6.3,0.7984359711335656
Kerala_11.673_76.2844,6.711111111111111,6.0,8.3,0.7928499928177533
Kerala_11.677_76.373,5.55,3.5,13.7,3.348347140221361
Kerala_11.6784_76.0743,14.76,2.2,18.1,5.044072428768909
Kerala_11.6791_76.0234,5.38,3.8,13.8,2.9917664793005936
Kerala_11.6793_76.0526,8.33,4.2,9.7,1.5055822055861898
Kerala_11.6795_75.9748,7.785714285714286,7.5,8.3,0.31847852585154296
Kerala_11.6795_76.0234,4.28421052631579,1.4,5.2,0.8281593767001462
Kerala_11.6824_76.206,10.24,7.6,11.7,1.1442610424782156
Kerala_11.6844_76.1125,7.1,6.2,8.1,0.7483314773547882
Kerala_11.6902_76.2574,15.430000000000001,7.9,19.8,3.2362701439225456
Kerala_11.6904_76.1281,7.42,2.4,9.0,1.8425827284306966
Kerala_11.7109_76.0796,7.4,2.2,9.5,1.9955506062794355
Kerala_11.7169_75.5776,5.1,1.4,6.9,1.5698549119088823
Kerala_11.7322_75.9386,6.311111111111112,4.8,10.8,1.8697890552442307
Kerala_11.7349_76.0734,4.0600000000000005,2.9,8.9,1.7544863129196029
Kerala_11.7351_76.2441,14.299999999999999,10.1,17.1,2.242766149200581
Kerala_11.7383_75.9782,8.809999999999999,2.2,10.5,2.392790096194074
Kerala_11.7394_75.9082,3.15,1.4,13.8,3.755070645880788
Kerala_11.7413_76.1188,5.1,2.8,7.5,1.3425721582097554
Kerala_11.7442_75.8795,4.26,2.7,8.0,1.737942589513372
Kerala_11.7478_75.5706,7.609999999999999,1.9,8.5,2.0135375172400765
Kerala_11.7495_76.0178,9.67,6.4,15.1,3.0994802431662274
Kerala_11.7507_76.0914,8.36,3.4,10.5,1.8655949304295516
Kerala_11.7517_75.5798,10.65,3.1,13.8,3.151454690562228
Kerala_11.7518_75.5797,4.221052631578948,1.2,5.8,0.9812571003952141
Kerala_11.7547_76.0268,2.2800000000000002,1.3,6.1,1.3926792723220789
Kerala_11.7646_76.1981,5.044444444444444,3.2,14.9,3.734672378907925
Kerala_11.7715_76.0007,5.6899999999999995,4.9,6.6,0.5237683966538389
Kerala_11.7744_76.0808,13.84,2.7,17.2,4.152696580402774
Kerala_11.7772_75.5791,9.82,7.4,11.3,1.2839176159101662
Kerala_11.7846_76.1664,3.17,0.4,9.5,2.4689403935021734
Kerala_11.7952_75.9066,10.309999999999999,9.7,10.7,0.3348299734359382
Kerala_11.7969_76.0787,4.3100000000000005,2.4,5.2,0.804777401935881
Kerala_11.799_75.5625,3.46,1.7,7.1,1.9155503995805834
Kerala_11.8008_76.0704,13.580000000000002,2.9,15.3,3.7920384433119283
Kerala_11.8018_76.2013,10.922222222222222,8.0,13.4,2.0296414571161194
Kerala_11.8022_76.0032,6.75,4.3,8.1,1.1843892002959913
Kerala_11.802_76.1037,5.12,3.2,6.8,1.0496560283148848
Kerala_11.8032_76.0299,2.31,1.1,7.1,1.9885505609195189
Kerala_11.8033_76.0303,2.65,1.6,5.2,1.4121918121437025
Kerala_11.8079_75.9243,3.16,2.3,6.9,1.3467656729282116
Kerala_11.8089_75.5493,9.058823529411764,7.1,12.1,1.910516560883931
Kerala_11.8168_76.1635,4.66,2.6,8.8,1.6480291259562134
Kerala_11.8237_76.022,9.83,6.9,11.4,1.199120047738711
Kerala_11.8334_75.8559,4.41,1.9,6.0,1.6555965692160637
Kerala_11.835_76.1569,8.58,6.9,12.2,1.5554920621962536
Kerala_11.8403_75.9551,1.8800000000000001,1.2,6.0,1.460441333600528
Kerala_11.8408_75.8846,8.03,7.7,10.0,0.7024560089033649
Kerala_11.8428_75.6149,7.4,6.8,7.9,0.32317865716108857
Kerala_11.845_75.6597,5.32,4.0,6.4,0.5865151319446072
Kerala_11.8496_76.0663,8.379999999999999,6.4,17.4,3.2577429132589466
Kerala_11.84_75.9066,4.43,4.0,6.2,0.6650814486462043
Kerala_11.8561_76.1158,7.109999999999999,4.6,15.3,3.069002733426248
Kerala_11.8574_75.5447,12.733333333333333,4.3,14.2,3.174507835869995
Kerala_11.8611_76.1501,10.879999999999999,1.5,13.4,3.6465508817694197
Kerala_11.8631_75.4083,1.6875,0.9,5.0,1.3484779779969924
Kerala_11.8717_75.3931,7.81,7.1,9.6,0.763689873065122
Kerala_11.8717_75.5724,5.46,3.2,7.7,1.1325487480310357
Kerala_11.8744_75.3835,9.333333333333334,4.7,13.7,2.3280893453645626
Kerala_11.875_75.3542,10.542857142857143,6.6,12.3,1.9406675336570343
Kerala_11.8764_75.3725,8.98,8.5,10.4,0.6494442068244034
Kerala_11.8814_76.0779,9.22,7.1,11.7,1.3587576024524104
Kerala_11.8831_75.3531,5.9799999999999995,5.1,6.9,0.6511528238439884
Kerala_11.9015_75.3473,6.55,5.9,8.8,0.8669871202426639
Kerala_11.9026_76.0668,10.6,8.6,12.8,1.2220201853215575
Kerala_11.9032_75.5816,3.87,3.2,4.4,0.3301514803843836
Kerala_11.9073_76.0321,6.209999999999999,3.4,17.4,4.072523105452495
Kerala_11.9076_75.992,4.111111111111111,1.8,5.3,1.0902344294284194
Kerala_11.9108_75.3641,7.611111111111111,7.3,7.9,0.2147349787787523
Kerala_11.9121_75.4549,7.06,4.5,8.7,1.3866025626208351
Kerala_11.9272_75.3534,7.5,4.8,10.0,2.4098755154571783
Kerala_11.9283_75.5093,4.811111111111112,4.2,5.5,0.3443996386628637
Kerala_11.9305_75.5724,8.09,3.6,12.3,2.1262643297577095
Kerala_11.93_75.5395,4.344444444444445,4.0,4.7,0.2006932429798718
Kerala_11.9405_75.3945,7.279999999999999,4.2,8.3,1.138029486046434
Kerala_11.9441_75.3427,2.6,1.5,8.8,2.197473296513268
Kerala_11.9442_76.0649,6.01,2.9,10.7,2.405295084692197
Kerala_11.9495_75.6106,4.74,3.9,11.4,2.3424583477857426
Kerala_11.9593_75.5166,10.722222222222221,9.1,12.4,1.2656794398442457
Kerala_11.9772_75.7741,6.1375,5.7,6.6,0.38521793460696635
Kerala_11.9794_75.3169,2.32,2.0,2.7,0.18135294011647266
Kerala_11.9966_75.7243,4.166666666666667,4.0,4.4,0.1500000000000007
Kerala_11.9983_75.6855,5.89,4.1,9.8,1.8513958697876223
Kerala_12.0087_75.7528,7.55,6.3,10.7,1.6071269840485976
Kerala_12.0238_75.2665,2.07,0.9,5.9,1.3920807767112113
Kerala_12.0255_75.7083,6.17,5.2,7.0,0.6532823109328596
Kerala_12.039_75.2824,14.9,12.5,16.1,1.1916375287812988
Kerala_12.0712_75.2598,8.82,7.7,9.4,0.47795862210493123
Kerala_12.1236_75.1821,4.64,3.4,10.6,2.128745065891065
Kerala_12.143_75.1777,4.09,2.3,10.8,2.7513431063553107
Kerala_12.1609_75.1696,3.5888888888888886,2.8,7.0,1.3166666666666667
Kerala_12.1925_75.1672,5.5600000000000005,2.3,11.6,2.325319571824722
Kerala_12.2125_75.1708,10.488888888888889,5.5,11.7,1.904891364648155
Kerala_12.2281_75.1563,8.011111111111111,6.8,11.4,1.4321700705960556
Kerala_12.2353_75.228,7.92,7.0,11.1,1.2541486709672376
Kerala_12.2471_75.1342,6.17,4.2,16.7,3.8305932235679165
Kerala_12.2523_75.2696,12.11111111111111,11.9,12.4,0.20883273476902722
Kerala_12.2644_75.1542,11.85,8.3,21.9,3.6524725263245377
Kerala_12.2653_75.1889,8.1,6.4,14.0,2.6274195198584738
Kerala_12.2931_75.135,9.216666666666667,9.0,9.4,0.14719601443879743
Kerala_12.3115_75.0762,3.822222222222222,2.0,13.8,3.749592570459415
Kerala_12.3133_75.0922,9.370000000000001,8.3,11.3,0.8165646194746488
Kerala_12.3153_75.1069,8.86,1.9,10.6,3.044922914550639
Kerala_12.3241_75.0942,10.822222222222221,1.9,13.1,3.6306947605719273
Kerala_12.3277_75.0712,3.1533333333333333,1.7,11.5,3.2146687602450177
Kerala_12.3392_75.1082,7.83,5.8,22.8,5.292352973867106
Kerala_12.3399_75.0892,9.477777777777778,2.8,11.7,3.2976422553764753
Kerala_12.3552_75.0952,8.77,7.6,12.4,1.896810187891475
Kerala_12.3625_75.0633,10.326666666666666,8.2,11.2,0.6953587631746718
Kerala_12.3827_75.1005,9.331578947368422,5.7,13.8,1.818745792382746
Kerala_12.3885_75.0431,7.822222222222223,6.5,10.4,1.5376750126227725
Kerala_12.4004_75.0311,8.61,3.9,10.0,1.6881613930216772
Kerala_12.4036_75.1029,8.879999999999999,5.1,10.5,1.4482172949296435
Kerala_12.404_75.1024,8.74,6.9,9.8,1.014560660253162
Kerala_12.4145_75.0514,9.76,7.5,11.2,0.9686187187031965
Kerala_12.4195_75.1658,5.455555555555555,4.8,10.1,1.7450724276596021
Kerala_12.4211_75.0815,7.977777777777778,5.1,12.2,2.3842072989663556
Kerala_12.429_75.0724,8.97,6.5,10.5,1.1185804495977123
Kerala_12.4505_75.0593,6.35,2.9,11.7,2.3819926298981042
Kerala_12.4565_75.1408,9.200000000000001,7.4,10.3,0.9746794344808962
Kerala_12.4566_75.1397,7.7555555555555555,5.3,10.4,2.143076708327954
Kerala_12.4567_75.0353,11.59,10.4,15.3,1.4571280733766072
Kerala_12.4578_75.0964,6.588888888888889,4.9,8.6,0.9492687243932092
Kerala_12.4613_75.166,12.81111111111111,12.1,13.7,0.44001262608146885
Kerala_12.4645_75.0587,12.566666666666666,7.6,14.2,2.6832815729997477
Kerala_12.4658_75.0084,11.516666666666666,5.8,14.1,3.338980065646975
Kerala_12.4669_75.19,11.01,9.4,17.4,2.331165659779101
Kerala_12.4767_75.2095,13.511111111111111,7.9,15.2,2.736532680439083
Kerala_12.4793_75.0365,11.214285714285714,9.3,12.9,1.2811824895105968
Kerala_12.4803_75.0576,14.366666666666667,11.4,22.2,2.3534705286898676
Kerala_12.4961_75.1315,9.989999999999998,9.1,12.0,0.8385834616913346
Kerala_12.4983_75.1919,8.18,2.4,12.9,3.4921499267802223
Kerala_12.4997_75.2695,10.0,6.5,11.2,1.3638181696985854
Kerala_12.501_74.9874,9.166666666666666,7.2,9.8,0.7842193570679059
Kerala_12.5061_75.0911,13.41,9.1,15.7,2.3553485233966263
Kerala_12.5098_75.08,12.59,11.4,13.4,0.510881590977792
Kerala_12.5102_75.0504,9.89,9.1,10.6,0.47480990348185037
Kerala_12.5131_75.005,10.522222222222222,8.4,15.5,2.297160082459306
Kerala_12.5134_75.1135,7.1,5.9,12.3,2.1134489978863145
Kerala_12.5154_75.0229,8.61111111111111,7.5,9.1,0.5182770601822074
Kerala_12.5202_75.0168,10.35,5.7,20.0,3.686386366680037
Kerala_12.5258_74.9953,10.7625,5.6,12.7,2.4070951669714153
Kerala_12.5403_75.1093,13.169999999999998,1.9,15.2,4.000013888864776
Kerala_12.5405_75.0005,8.005555555555555,3.8,13.7,2.888205675872788
Kerala_12.5408_75.1267,18.922222222222224,9.8,22.1,4.713750570877127
Kerala_12.5444_74.9618,8.41,2.9,14.1,2.8152165892599537
Kerala_12.545_75.0723,8.22,4.9,13.7,2.2039358732352747
Kerala_12.5487_75.1646,15.780000000000001,6.0,18.8,4.156601175640181
Kerala_12.5516_75.1833,7.888888888888889,4.9,9.2,1.257422407590668
Kerala_12.5585_75.0991,21.177777777777777,4.0,23.7,6.447243166225735
Kerala_12.5592_74.9742,11.5,9.0,13.0,1.1737877907772678
Kerala_12.55_75.2465,11.99,11.2,13.1,0.5526702854726718
Kerala_12.5619_75.1998,7.970000000000001,7.1,10.4,0.9534149149242424
Kerala_12.5638_75.132,14.5,12.1,17.7,1.6096928623532845
Kerala_12.563_75.1653,14.55,8.0,16.2,2.4171838527049982
Kerala_12.5833_75.0366,10.585714285714285,10.4,10.8,0.17728105208558412
Kerala_12.5836_75.0753,12.23,4.8,14.5,2.7231721698538767
Kerala_12.5881_75.0005,9.7,6.9,22.0,4.457951697061481
Kerala_12.5896_74.945,10.677777777777779,9.4,12.0,1.0449614559611482
Kerala_12.5905_74.9486,10.870000000000001,8.4,13.4,1.929334945864335
Kerala_12.5922_75.1183,9.025,7.6,9.7,0.6204836822995432
Kerala_12.6026_75.1245,6.25,4.5,13.1,2.4833892611151844
Kerala_12.6074_75.1655,5.977777777777778,4.4,7.5,0.8913161304747294
Kerala_12.6088_75.008,10.42,7.8,15.4,2.1420654622220217
Kerala_12.6204_74.9613,13.13,10.1,15.2,1.9131416861045896
Kerala_12.6213_74.9882,7.609999999999999,6.2,11.0,1.6305759037155485
Kerala_12.6233_75.0461,8.45,7.0,10.0,0.9228578799938087
Kerala_12.6263_75.0957,5.51,2.0,10.8,2.2659067353563636
Kerala_12.6291_75.0767,7.83,5.7,9.1,0.8641630504585213
Kerala_12.6364_75.14,7.2700000000000005,6.5,7.6,0.3368151487751766
Kerala_12.6392_75.014,11.129999999999999,9.7,14.3,1.4507086390986843
Kerala_12.6451_75.1088,7.640000000000001,7.1,9.2,0.6719788356455546
Kerala_12.6457_75.0793,7.43,3.9,14.5,3.1686134366803262
Kerala_12.6525_74.99,7.55,6.4,10.6,1.3522468075656264
Kerala_12.653_74.9216,11.211111111111112,10.5,11.9,0.5011098792790967
Kerala_12.6556_74.9531,8.379999999999999,5.9,9.3,0.9840957496323434
Kerala_12.6633_75.0318,9.7,9.0,10.8,0.5656854249492383
Kerala_12.6739_75.1194,11.07,10.4,12.1,0.498998997994986
Kerala_12.6749_74.9625,9.4,7.8,13.5,1.53839743456191
Kerala_12.6784_75.037,5.655555555555556,4.6,10.8,1.9449364456911638
Kerala_12.6863_74.9843,8.97,7.4,9.8,0.788881064123949
Kerala_12.7008_75.0136,10.39,7.1,17.6,2.823099163842618
Kerala_12.7116_75.0191,9.35,8.0,11.6,0.9252627254521341
Kerala_12.7131_74.9524,11.55,10.3,13.4,0.7905694150420949
Kerala_12.7162_74.9169,12.05,8.7,13.3,1.4477952586989342
Kerala_12.7248_74.8855,9.190000000000001,4.3,11.3,1.9524628321970976
Kerala_12.725_74.8855,7.13,2.8,10.3,2.992230680352778
Kerala_12.7415_74.9539,10.166666666666666,9.1,13.2,1.2409673645990855
Kerala_12.7471_74.9376,12.1,7.0,13.1,1.8178130939247974
Kerala_8.3308_77.0627,14.655555555555557,10.9,17.1,2.0451840449646035
Kerala_8.3614_77.0519,22.169999999999998,4.1,46.8,11.536420588726816
Kerala_8.3664_77.0094,18.65,5.8,27.2,6.681525108669261
Kerala_8.3828_76.9911,1.81,0.1,10.0,2.896914066918643
Kerala_8.3848_77.0723,17.12222222222222,11.7,20.4,2.5786516717937
Kerala_8.389_77.0738,5.08,4.2,7.7,1.221838323547305
Kerala_8.3961_77.0061,19.666666666666668,6.2,26.7,5.8223706512038556
Kerala_8.4072_77.0828,11.67,8.0,15.3,1.8366938896954073
Kerala_8.4147_77.0614,13.0,8.7,16.5,2.168973131332992
Kerala_8.4226_76.9769,14.11111111111111,5.0,18.8,4.634771958911368
Kerala_8.4232_77.0469,8.51,6.4,11.5,1.365812741353823
Kerala_8.4444_76.9438,3.6142857142857143,2.5,7.1,1.6118607998506689
Kerala_8.4469_76.9942,9.74,3.9,12.3,2.2465776441314267
Kerala_8.4834_77.0722,11.34,8.4,17.4,2.6688324538394435
Kerala_8.5043_76.9618,12.78,1.5,16.8,4.691079004048239
Kerala_8.5157_76.8962,4.514285714285714,1.9,17.9,5.9142282030790145
Kerala_8.5201_76.9398,8.575,6.5,11.5,1.6316074457855532
Kerala_8.5528_76.8542,4.82,3.0,17.3,4.390596011173578
Kerala_8.5579_76.9438,6.7299999999999995,3.1,7.9,1.4252095362515025
Kerala_8.5642_76.895,2.77,0.7,4.1,0.9798525966241612
Kerala_8.5642_76.9856,3.7222222222222223,1.2,9.7,2.4009257473825474
Kerala_8.5682_77.0326,5.86,3.6,6.7,0.8382521498133282
Kerala_8.5686_77.0149,7.24,2.2,46.5,13.802753348517099
Kerala_8.5917_76.9531,7.7333333333333325,4.6,10.8,1.6963195453687379
Kerala_8.6094_77.0008,8.03,6.9,10.5,1.0812030336620408
Kerala_8.6102_76.8251,3.542857142857143,2.5,6.2,1.217726218350062
Kerala_8.611_76.8069,4.3428571428571425,2.9,11.6,3.205649774412432
Kerala_8.6194_76.9389,5.057142857142857,3.6,11.7,2.939873661036668
Kerala_8.6228_77.0355,2.4,2.0,3.0,0.30550504633038933
Kerala_8.6308_76.9569,4.04,3.4,6.0,0.7105553383719587
Kerala_8.6429_77.0206,6.39,6.0,6.8,0.237814119756493
Kerala_8.6442_76.7983,10.83,6.7,12.6,1.5542415084750076
Kerala_8.6488_76.9628,7.444444444444445,6.2,9.9,1.0932876006695482
Kerala_8.6547_77.0517,6.5200000000000005,2.4,8.1,1.5411395495253217
Kerala_8.6605_76.7863,8.922222222222222,6.9,10.5,1.1020183503211023
Kerala_8.6722_76.7572,1.7285714285714284,0.9,4.6,1.2789504625724506
Kerala_8.6722_76.9875,3.3000000000000003,1.9,3.7,0.6298147875897061
Kerala_8.6728_76.767,4.15,2.9,10.5,2.2643370381244536
Kerala_8.6825_76.8756,9.24,6.3,11.8,1.5579188397060715
Kerala_8.6892_76.7639,4.24,3.2,6.9,1.1197221877670271
Kerala_8.6983_76.815,8.8,5.6,11.7,1.683250823060346
Kerala_8.7654_76.8734,7.0,4.4,9.2,1.4429907214608906
Kerala_8.7822_76.8444,5.3100000000000005,3.0,7.5,1.1732670435819612
Kerala_8.7956_76.8003,10.629999999999999,7.1,13.4,1.52319109474521
Kerala_8.8008_76.6678,9.55,3.9,13.2,2.4199403114769407
Kerala_8.801_76.6672,7.909999999999999,2.0,13.9,2.833313725422349
Kerala_8.8097_76.7611,9.7,8.1,10.9,0.931971796017148
Kerala_8.8119_76.6569,5.55,5.0,6.3,0.3836954811073779
Kerala_8.8158_76.6936,10.488888888888887,6.8,11.3,1.4234152981864117
Kerala_8.8163_76.8992,12.76,3.8,16.9,3.7360704252224988
Kerala_8.8169_76.9642,7.788888888888888,7.1,8.3,0.3179797338056488
Kerala_8.821_76.7469,7.51,3.4,10.5,1.7463931083490019
Kerala_8.8222_76.8199,10.809999999999999,9.7,13.2,1.0712920547948943
Kerala_8.8233_76.94,6.1899999999999995,5.2,6.9,0.6607235091591305
Kerala_8.8261_76.9175,7.2333333333333325,2.2,8.3,1.915724406066802
Kerala_8.8294_76.8672,1.6428571428571428,1.1,3.5,0.8521681032463465
Kerala_8.8319_77.0083,5.8,5.2,6.6,0.6298147875897059
Kerala_8.8338_76.6821,9.42,1.3,12.4,3.154115477347721
Kerala_8.8419_76.8792,5.220000000000001,3.3,15.3,3.561148379073494
Kerala_8.8477_76.7288,10.733333333333334,9.9,12.3,0.7053367989832946
Kerala_8.8508_76.6983,4.970000000000001,2.4,6.6,1.0708771067577163
Kerala_8.8625_76.8236,9.08,8.6,9.8,0.332665998663324
Kerala_8.8643_76.6902,14.700000000000001,4.8,17.1,3.747999466382032
Kerala_8.8661_76.8714,9.942857142857141,7.5,11.1,1.2447987024108795
Kerala_8.8744_76.7761,7.93,2.5,10.2,2.1618150810012504
Kerala_8.8775_76.8108,7.040000000000001,5.2,8.7,0.8971560003081339
Kerala_8.8872_76.9606,10.47,4.9,12.4,2.1229172800129965
Kerala_8.8918_76.9532,8.379999999999999,7.9,10.3,0.692499498595888
Kerala_8.9019_76.8639,8.51,3.6,10.5,2.0845729645288134
Kerala_8.9036_76.9325,7.279999999999999,6.8,8.2,0.3881580434135901
Kerala_8.9111_77.0539,5.14,1.0,7.6,1.7095808453146246
Kerala_8.9136_76.9078,7.188888888888889,6.2,10.3,1.325183425458948
Kerala_8.9153_76.8664,6.21,5.4,9.0,1.0027185270276222
Kerala_8.9169_76.9183,8.1,6.0,9.1,1.0113640011673062
Kerala_8.9275_77.01,6.67,2.3,8.6,1.7204973441162619
Kerala_8.9278_76.6917,1.9142857142857141,0.6,8.2,2.7805446537375675
Kerala_8.9344_76.955,2.4899999999999998,1.9,3.8,0.6314885412877876
Kerala_8.9358_76.9167,8.366666666666667,5.2,12.7,1.9529766120101966
Kerala_8.9361_76.9461,5.45,3.8,5.8,0.5948856099191584
Kerala_8.93_76.9853,9.280000000000001,8.8,9.8,0.3293090409394254
Kerala_8.9403_77.0447,5.742857142857143,3.8,11.0,2.36773952878911
Kerala_8.9414_76.8583,10.75,5.7,12.7,2.0194883840550637
Kerala_8.9467_76.9658,2.322222222222222,2.1,2.6,0.18559214542766736
Kerala_8.9472_76.6375,7.529999999999999,5.5,9.6,1.2543701385334571
Kerala_8.9533_76.8831,7.199999999999999,4.8,8.1,0.972111104761179
Kerala_8.9544_76.9881,9.16,7.8,10.8,0.8461678320522472
Kerala_8.9658_77.0697,6.811111111111111,6.4,7.5,0.3295619988880867
Kerala_8.9678_77.1464,6.33,3.1,12.5,2.5219260716981995
Kerala_8.9797_76.5361,2.25,1.1,8.6,2.254501669499887
Kerala_8.97_77.0472,6.985714285714286,6.5,7.6,0.4375255094603872
Kerala_8.9858_76.6781,10.65,9.9,11.1,0.34721111093332735
Kerala_8.9899_76.6608,19.288888888888888,7.0,27.0,5.17673749683245
Kerala_9.0022_76.9853,8.870000000000001,7.2,11.3,1.1557104597028909
Kerala_9.0117_76.5514,3.3777777777777778,2.1,8.5,1.9620001132631069
Kerala_9.135_76.5539,2.59,1.5,8.8,2.2027508054955085
Kerala_9.1444_76.7328,4.2625,3.7,5.3,0.5208166663999916
Kerala_9.1452_76.6146,3.3333333333333335,1.4,4.1,0.8046738469715539
Kerala_9.1555_76.8544,6.855555555555556,6.2,7.1,0.265099562009781
Kerala_9.1635_76.8698,7.566666666666666,5.3,8.4,0.9192388155425116
Kerala_9.1666_76.6658,4.6,0.9,5.6,1.3630032200173916
Kerala_9.1728_76.6074,12.299999999999999,2.0,20.9,5.933239699635716
Kerala_9.1766_76.6365,8.75,1.1,10.2,2.7220294716340683
Kerala_9.1775_76.5653,10.73,1.7,12.5,3.2024469810859735
Kerala_9.1835_76.6187,11.16,1.1,13.7,3.6194536113126863
Kerala_9.1858_76.9125,6.15,5.4,6.6,0.4070801956792857
Kerala_9.1925_76.6707,5.6625,4.8,6.1,0.4438065859293727
Kerala_9.2012_76.848,2.6333333333333333,2.3,3.0,0.3386246693120079
Kerala_9.2064_76.6316,10.040000000000001,1.8,12.9,4.373201217516624
Kerala_9.2087_76.873,3.688888888888889,2.7,4.4,0.5510091751605515
Kerala_9.2141_76.8075,9.616666666666667,9.3,9.9,0.2136976056643283
Kerala_9.2244_76.7734,3.5749999999999997,2.8,4.1,0.4559135256352272
Kerala_9.2244_76.7735,5.362500000000001,3.6,8.9,1.5855936247529325
Kerala_9.2294_76.7541,6.766666666666667,5.8,7.1,0.4
Kerala_9.2317_76.8441,5.7555555555555555,4.7,7.6,0.8141116494546536
Kerala_9.2439_76.7522,8.266666666666667,7.1,9.1,0.5522680508593629
Kerala_9.2598_76.5865,4.077777777777778,1.1,5.3,1.2018504251546631
Kerala_9.2609_76.878,3.8375,3.0,4.2,0.3889087296526011
Kerala_9.2651_76.7876,3.3857142857142857,2.8,4.3,0.48107023544236394
Kerala_9.2699_76.9285,6.866666666666666,5.0,7.4,0.717635004720366
Kerala_9.2874_76.8222,6.433333333333334,5.8,6.8,0.3162277660168379
Kerala_9.2907_76.7222,3.066666666666667,1.5,3.8,0.7937253933193771
Kerala_9.3006_76.6345,4.800000000000001,2.2,7.0,1.3656500283747661
Kerala_9.3009_76.7299,2.3125,1.3,3.9,0.73375258578274
Kerala_9.3078_76.548,4.922222222222222,2.7,5.7,0.910738406154283
Kerala_9.3146_76.7742,6.2125,5.3,6.9,0.6334429729659966
Kerala_9.3192_76.6187,6.65,1.9,8.5,2.009007494040555
Kerala_9.3201_76.8112,2.325,2.1,2.5,0.13887301496588259
Kerala_9.3223_76.736,2.5555555555555554,1.5,3.0,0.5833333333333333
Kerala_9.325_76.5824,4.6,2.4,15.0,3.7389838191679834
Kerala_9.3275_76.8808,5.222222222222222,4.7,5.8,0.37675515184857694
Kerala_9.329_76.6074,3.8333333333333335,3.0,4.5,0.4636809247747853
Kerala_9.331_76.9271,9.366666666666667,8.5,10.4,0.6020797289396149
Kerala_9.3364_76.7086,2.0777777777777775,0.7,3.1,0.6887992773257275
Kerala_9.3427_76.8353,4.4,2.8,8.3,1.533786165017797
Kerala_9.3451_76.6564,7.344444444444444,6.7,8.5,0.6002314368456366
Kerala_9.3522_76.7274,5.711111111111111,4.4,6.8,0.7270564703729079
Kerala_9.3532_76.3727,2.5555555555555554,2.3,3.1,0.22973414586817031
Kerala_9.3535_76.6793,6.155555555555555,5.5,7.3,0.5833333333333331
Kerala_9.3541_76.8023,5.366666666666666,3.0,6.3,1.0851267207105353
Kerala_9.3605_76.9876,5.525,4.2,5.8,0.5444525428617002
Kerala_9.3627_76.4508,1.7142857142857142,0.8,4.2,1.2116498001053102
Kerala_9.3633_76.8906,8.933333333333334,2.4,9.9,2.4540782383616055
Kerala_9.3663_76.8566,6.433333333333334,6.2,6.9,0.24221202832779962
Kerala_9.3675_76.9035,3.477777777777778,2.5,9.5,2.263723579513286
Kerala_9.367_76.4794,2.38,0.7,10.4,2.9031783349364613
Kerala_9.3683_76.5087,3.0555555555555554,1.4,14.7,4.37238810923479
Kerala_9.368_76.6572,6.844444444444445,6.2,7.2,0.3678012748452319
Kerala_9.3727_76.4124,1.1666666666666667,0.7,2.4,0.507444578254611
Kerala_9.3823_76.7082,7.588888888888889,6.2,7.9,0.5348935511960403
Kerala_9.3832_76.6404,3.2555555555555555,2.4,6.1,1.133700920780158
Kerala_9.3835_76.3707,1.89,1.3,4.7,1.0104454463255303
Kerala_9.3841_76.6212,4.8625,4.2,5.4,0.3925648263117099
Kerala_9.3896_77.0123,5.142857142857143,5.0,5.3,0.1272418020560702
Kerala_9.3923_76.9659,2.4222222222222225,1.8,2.8,0.30731814857642953
Kerala_9.3963_76.8542,8.033333333333333,6.3,9.9,1.2020815280171309
Kerala_9.3964_76.8542,16.333333333333332,15.1,18.3,1.157007634662221
Kerala_9.3966_76.6827,7.788888888888888,7.1,8.9,0.5967504596656052
Kerala_9.39_76.7884,3.788888888888889,1.5,4.9,1.0337364804973805
Kerala_9.4024_76.7426,3.7333333333333334,1.9,4.5,0.776208734813001
Kerala_9.4026_76.6103,8.4,6.9,9.4,0.8815570640309431
Kerala_9.403_76.6685,3.4125,3.0,3.7,0.24748737341529167
Kerala_9.4065_76.4136,1.8199999999999998,0.1,10.0,2.898965332666122
Kerala_9.4069_76.6765,9.333333333333334,8.8,11.3,0.7632168761236874
Kerala_9.4077_76.3508,2.2714285714285714,1.1,3.7,0.805634916725696
Kerala_9.4137_76.3494,3.0285714285714285,1.0,8.5,2.468274894006126
Kerala_9.4137_76.8233,3.05,2.5,3.5,0.3422613871631697
Kerala_9.417_76.7306,2.0,1.6,2.2,0.18516401995451037
Kerala_9.4199_76.8151,2.4555555555555553,1.1,3.0,0.563717817509592
Kerala_9.4237_76.7042,4.544444444444444,4.2,4.7,0.15092308563562348
Kerala_9.4253_76.9124,9.511111111111111,9.0,12.0,0.9413347497628626
Kerala_9.4326_76.3454,1.5999999999999999,1.4,1.8,0.1527525231651947
Kerala_9.4339_76.428,2.54,0.4,11.8,3.49132257652216
Kerala_9.4355_76.6077,2.9444444444444446,0.3,3.5,1.00388135642504
Kerala_9.4358_76.6116,11.5375,6.9,13.7,2.4336553929076667
Kerala_9.4363_76.8535,4.588888888888889,4.5,4.7,0.09279607271383378
Kerala_9.4429_76.6738,2.7333333333333334,1.6,3.2,0.5024937810560445
Kerala_9.4457_76.3992,1.7333333333333334,0.2,12.3,3.96642156105475
Kerala_9.4468_76.8766,3.2666666666666666,2.0,3.9,0.5809475019311126
Kerala_9.4483_76.6967,3.1375,1.3,7.4,1.952973922728397
Kerala_9.4526_76.7458,2.2555555555555555,1.1,4.1,0.64097556365482
Kerala_9.4538_76.6484,3.783333333333333,2.9,4.4,0.5528712930390459
Kerala_9.4633_76.8071,7.0,4.4,9.9,1.6626618551119903
Kerala_9.4642_76.7812,4.7299999999999995,1.7,6.1,1.1747813035246648
Kerala_9.473_76.3436,0.9400000000000001,0.5,1.7,0.3502380143083652
Kerala_9.4801_76.8435,4.022222222222222,1.8,7.8,1.9051100872244744
Kerala_9.4918_76.7513,4.95,2.9,5.8,0.7891627067834478
Kerala_9.4941_76.3209,1.8800000000000001,1.4,2.1,0.2699794230842212
Kerala_9.4952_76.3341,3.7777777777777777,3.6,4.1,0.15634719199411418
Kerala_9.5264_77.1114,3.6,2.4,4.8,0.7408703590297623
Kerala_9.5333_76.8167,6.01,3.0,7.2,1.1130039432894108
Kerala_9.5385_76.9129,2.8600000000000003,2.0,5.3,0.8934328302800512
Kerala_9.5414_76.886,6.166666666666667,4.3,10.2,2.25
Kerala_9.5561_76.7811,8.66,4.6,10.6,1.9351715399129057
Kerala_9.55_76.32,1.788888888888889,0.9,2.7,0.5946520924970424
Kerala_9.566_76.8471,5.7700000000000005,5.3,6.8,0.4522781838156199
Kerala_9.5677_76.3272,1.7,0.9,6.4,1.6653327995729066
Kerala_9.5719_76.3471,2.0571428571428574,1.0,2.7,0.5223572942509207
Kerala_9.5725_77.0903,6.5,2.5,7.4,1.4506703431325962
Kerala_9.5741_76.9917,3.09,2.7,4.2,0.46055522047970665
Kerala_9.575_77.0605,1.8399999999999999,0.3,2.7,0.6415259585983684
Kerala_9.5788_76.472,1.6666666666666667,1.3,2.0,0.25819888974716104
Kerala_9.578_77.0149,1.58,1.1,2.2,0.3994440581052065
Kerala_9.5801_76.9704,6.355555555555556,1.4,8.4,1.9780742599249854
Kerala_9.581_76.8826,3.56,2.5,4.4,0.5059644256269408
Kerala_9.5869_76.4374,1.31,0.5,3.6,0.8736259051918174
Kerala_9.5896_76.3278,1.65,0.8,3.3,0.8053393251117372
Kerala_9.5931_76.5018,2.31,1.7,3.5,0.4954235000930461
Kerala_9.5953_76.4751,1.5899999999999999,0.5,6.1,1.6072405614039929
Kerala_9.6121_77.1571,3.16,1.7,8.6,2.0012218489934814
Kerala_9.6129_76.969,4.7875,4.0,6.1,0.7586407017064891
Kerala_9.6178_77.1377,3.6500000000000004,1.8,7.2,2.016361645567155
Kerala_9.617_76.7773,5.7299999999999995,4.3,8.4,1.2454807193297788
Kerala_9.6249_76.3671,2.522222222222222,1.4,7.8,1.9967334435132909
Kerala_9.6271_76.4855,1.31,0.6,2.9,0.71094616142465
Kerala_9.6324_76.9793,2.09,1.4,5.2,1.242264956529895
Kerala_9.6361_77.1686,2.7444444444444445,2.3,3.3,0.2788866755113586
Kerala_9.6474_76.52,6.65,2.2,9.2,1.8834070782022194
Kerala_9.6576_76.7766,5.588888888888889,0.9,7.5,2.13743096054846
Kerala_9.6645_76.5428,8.629999999999999,7.6,9.7,0.6498717822257967
Kerala_9.6688_76.5565,1.2666666666666666,0.3,4.9,1.4230249470757708
Kerala_9.671_76.781,6.071428571428571,4.6,8.0,1.3792682670100669
Kerala_9.6735_76.7958,5.057142857142857,2.4,6.7,1.4661254412647677
Kerala_9.6747_76.8078,1.5666666666666667,0.4,2.3,0.6576473218982952
Kerala_9.6867_76.505,3.17,1.8,4.6,0.8485936077482029
Kerala_9.6929_76.6567,6.13,4.4,6.8,0.7616502551113015
Kerala_9.6997_76.809,4.7299999999999995,1.9,5.7,1.1106054404893055
Kerala_9.6999_76.7582,5.155555555555555,4.8,5.7,0.3004626062886659
Kerala_9.7089_76.678,5.683333333333334,4.4,7.2,0.988770280028009
Kerala_9.727_76.7391,4.99,4.0,5.7,0.5384133067531752
Kerala_9.7286_76.4768,3.3444444444444446,2.3,5.7,0.9448691855372245
Kerala_9.7372_76.67,7.359999999999999,5.2,8.6,0.9868017925489281
Kerala_9.7402_76.7637,4.24,3.4,4.8,0.4903513479582212
Kerala_9.7461_76.7014,5.2555555555555555,2.0,9.2,1.88222681358485
Kerala_9.7528_76.4731,9.09,7.4,11.5,1.3303717107969817
Kerala_9.7616_76.4919,5.869999999999999,5.1,7.3,0.6717307661721491
Kerala_9.7646_76.6997,3.21,0.7,3.9,0.9146341102077682
Kerala_9.7833_77.0733,1.7600000000000002,0.8,4.7,1.2240188814810915
Kerala_9.7854_76.7616,5.925,5.2,7.0,0.6649382355849731
Kerala_9.7859_76.4423,3.1399999999999997,2.4,4.2,0.4647580015448901
Kerala_9.7934_76.8926,6.16,0.0,7.4,2.199090721184554
Kerala_9.7985_76.8453,5.2700000000000005,0.6,6.3,1.6760071598892414
Kerala_9.8008_76.4981,5.699999999999999,3.3,6.3,0.912414379544733
Kerala_9.8228_76.8385,4.04,3.4,4.5,0.4033195589934447
Kerala_9.8286_76.7763,4.36,3.7,4.9,0.3339993346633425
Kerala_9.8301_76.4521,3.3777777777777778,2.5,6.3,1.1808659722612231
Kerala_9.8401_77.0373,2.611111111111111,2.3,2.9,0.2758824226207809
Kerala_9.8438_76.4637,3.322222222222222,2.4,7.9,1.7340543372237343
Kerala_9.8471_76.981,3.37,1.4,4.0,0.8628763269180326
Kerala_9.8482_76.8285,3.81,3.3,5.3,0.5877452206904318
Kerala_9.84_77.0371,2.07,1.2,5.2,1.1690927156465298
Kerala_9.8594_76.4731,6.188888888888889,4.5,7.9,0.8838049055708571
Kerala_9.8711_76.7929,5.4799999999999995,2.0,6.7,1.4405245958022068
Kerala_9.8824_76.765,4.811111111111111,3.8,9.6,1.816896009988219
Kerala_9.8825_76.7648,4.13,2.5,4.8,0.6254775952999613
Kerala_9.8862_76.9672,2.41,1.4,8.6,2.202750805495508
Kerala_9.9071_76.8206,5.95,3.9,7.0,0.9021579068482908
Kerala_9.9119_77.0093,9.922222222222222,4.5,11.9,2.16782020574688
Kerala_9.9153_76.8833,2.37,1.7,3.7,0.5186520991955975
Kerala_9.9198_76.9548,2.7600000000000002,2.0,6.9,1.4706007842601836
Kerala_9.9205_76.7781,4.16,3.8,4.5,0.23190036174568116
Kerala_9.9207_76.7782,3.7299999999999995,1.3,4.5,0.903142661303665
Kerala_9.9484_76.7649,4.74,3.5,5.7,0.6186005711819756
Kerala_9.949_77.2155,3.2700000000000005,2.1,8.8,1.9838514729350754
Kerala_9.9673_76.2462,3.05,1.9,9.9,2.772312083030027
Kerala_9.9678_76.288,1.3833333333333335,0.5,4.2,1.3891244244727203
Kerala_9.967_76.319,1.8666666666666665,0.5,2.6,0.7146094504459528
Kerala_9.9751_76.7818,5.59,4.4,8.7,1.1425604773684603
Kerala_9.9769_77.1989,1.6300000000000001,0.8,4.9,1.3872835166452298
Madhya Pradesh_21.1517_76.1617,9.62857142857143,6.8,12.1,1.9989282842849274
Madhya Pradesh_21.2317_76.15,27.03333333333333,23.7,31.9,3.1544677311183054
Madhya Pradesh_21.2881_76.1794,12.225000000000001,10.8,13.3,1.2737739202856995
Madhya Pradesh_21.2989_76.2231,29.0,18.8,32.4,6.799999999999998
Madhya Pradesh_21.3017_76.3725,16.183333333333334,13.4,18.5,2.550620839455889
Madhya Pradesh_21.3311_76.2336,15.26,12.6,18.2,2.0342074623793907
Madhya Pradesh_21.3369_76.4867,8.957142857142857,7.8,10.0,0.7742892285985963
Madhya Pradesh_21.3653_76.5667,4.38,2.2,8.5,2.5508822003377576
Madhya Pradesh_21.4131_76.6275,13.62,12.4,15.3,1.223519513534623
Madhya Pradesh_21.4264_76.3506,4.683333333333334,3.0,6.8,1.27501633976458
Madhya Pradesh_21.4289_76.6533,12.950000000000001,12.1,14.2,0.734166193719106
Madhya Pradesh_21.43_76.6792,10.233333333333334,8.3,11.8,1.587030770548154
Madhya Pradesh_21.4533_76.3936,5.483333333333333,4.0,6.7,1.1923366415013281
Madhya Pradesh_21.4631_77.6583,7.0200000000000005,5.9,8.2,0.8408329203831159
Madhya Pradesh_21.5092_76.7583,10.342857142857143,5.9,13.0,2.351493952687059
Madhya Pradesh_21.5136_77.6994,2.7399999999999998,1.8,3.7,0.7956129712366433
Madhya Pradesh_21.5292_76.3106,7.085714285714286,5.9,10.1,1.4450243036347996
Madhya Pradesh_21.5403_78.6389,7.05,4.3,9.8,1.8619881847100967
Madhya Pradesh_21.5475_76.2664,6.0,3.9,8.2,1.3914021704740867
Madhya Pradesh_21.5483_75.4814,4.633333333333334,3.0,8.0,1.8107088851239084
Madhya Pradesh_21.5517_76.7342,5.425,3.2,7.4,1.7327723451163455
Madhya Pradesh_21.5594_78.8161,5.4,3.0,8.3,2.5485289874749317
Madhya Pradesh_21.5694_75.3244,4.914285714285714,2.3,9.9,2.6378201678839366
Madhya Pradesh_21.5725_78.4472,5.5,3.4,10.7,2.666833328125325
Madhya Pradesh_21.5878_78.7314,11.049999999999999,7.3,18.0,4.289871792956055
Madhya Pradesh_21.5894_78.5183,7.2,5.3,8.6,1.0844353369380768
Madhya Pradesh_21.5917_77.7103,4.34,3.5,5.9,1.035857133006285
Madhya Pradesh_21.5_78.6931,4.32,1.9,6.4,1.8806913622388977
Madhya Pradesh_21.6011_79.9792,3.5833333333333335,2.3,6.3,1.4579666205598352
Madhya Pradesh_21.6056_79.7625,2.8000000000000003,1.9,3.8,0.9539392014169454
Madhya Pradesh_21.6097_75.5528,7.528571428571429,5.5,11.6,1.9439772681406593
Madhya Pradesh_21.6211_77.9208,7.1,1.4,11.2,4.119061381755152
Madhya Pradesh_21.6303_77.9464,6.866666666666667,4.5,10.5,3.1942656954820356
Madhya Pradesh_21.6306_79.8389,3.9666666666666663,3.3,4.8,0.7637626158259733
Madhya Pradesh_21.6361_79.7861,5.683333333333334,4.0,8.1,1.5210741818421176
Madhya Pradesh_21.6403_78.4794,9.7,9.0,10.2,0.5567764362830021
Madhya Pradesh_21.6444_77.6367,10.02,7.8,12.2,2.0067386476569387
Madhya Pradesh_21.6519_78.8028,9.608333333333333,8.3,11.7,1.14133759911409
Madhya Pradesh_21.6553_78.8056,12.950000000000001,10.9,18.5,2.860594343838357
Madhya Pradesh_21.6581_78.4408,4.9399999999999995,3.2,7.5,1.6562004709575469
Madhya Pradesh_21.6644_80.0172,6.116666666666667,5.5,7.5,0.7277820186475255
Madhya Pradesh_21.6825_74.9233,9.842857142857143,6.4,15.3,3.4908724520083054
Madhya Pradesh_21.6886_76.1978,8.299999999999999,5.0,13.2,3.0119760955226718
Madhya Pradesh_21.6936_75.1028,4.542857142857143,4.0,5.4,0.5826867164470199
Madhya Pradesh_21.6989_76.2269,4.883333333333334,3.6,5.7,0.7467708260682571
Madhya Pradesh_21.7019_78.8425,8.3,5.2,12.4,3.0133038346638727
Madhya Pradesh_21.705_80.225,12.35,11.4,13.5,0.8916277250063502
Madhya Pradesh_21.7139_79.7972,4.1000000000000005,2.1,7.2,2.389979079406345
Madhya Pradesh_21.7228_75.6672,8.985714285714286,7.4,11.3,1.3171036044145903
Madhya Pradesh_21.7256_77.7425,1.0,0.3,1.7,0.9899494936611665
Madhya Pradesh_21.7686_77.8939,5.16,3.9,6.3,0.8590692637965811
Madhya Pradesh_21.7708_79.8033,3.96,1.9,5.2,0.939503414930817
Madhya Pradesh_21.7806_80.81,5.271428571428571,3.0,11.3,2.7299049346783035
Madhya Pradesh_21.7881_78.8306,3.4333333333333336,2.4,4.5,0.7366591251499344
Madhya Pradesh_21.7944_76.4275,7.866666666666667,5.5,9.4,1.4528133626404556
Madhya Pradesh_21.7_76.2264,4.8,3.3,5.8,0.8944271909999162
Madhya Pradesh_21.8053_76.7456,8.933333333333334,7.5,10.4,1.214358541233464
Madhya Pradesh_21.8089_75.1753,7.033333333333334,6.1,9.4,1.3033290707517682
Madhya Pradesh_21.8128_80.1836,4.985714285714286,4.6,5.7,0.3976119189552019
Madhya Pradesh_21.8172_76.3617,4.166666666666667,3.6,5.6,0.7659416862050702
Madhya Pradesh_21.8228_74.9653,7.828571428571428,5.5,12.4,2.1669596871456296
Madhya Pradesh_21.8253_75.8531,10.9,7.9,15.1,2.500666577801473
Madhya Pradesh_21.8292_75.7428,5.671428571428572,3.6,8.6,1.7499659860640011
Madhya Pradesh_21.8319_76.2178,9.040000000000001,7.7,9.6,0.7635443667528427
Madhya Pradesh_21.8328_76.4669,5.1000000000000005,4.3,5.8,0.5513619500836087
Madhya Pradesh_21.8553_78.0047,5.6000000000000005,2.8,8.6,2.9051678092667896
Madhya Pradesh_21.8567_77.8028,17.48,12.2,19.1,2.9701851794122205
Madhya Pradesh_21.8603_77.9269,3.9199999999999995,1.9,6.3,1.758408371226661
Madhya Pradesh_21.8619_75.9558,6.25,5.7,7.4,0.6220932405998318
Madhya Pradesh_21.8628_76.7086,3.6666666666666665,1.8,6.3,1.7851237118661178
Madhya Pradesh_21.8678_76.5661,5.166666666666667,1.6,6.8,1.8640457791231058
Madhya Pradesh_21.8714_75.1847,4.7,2.2,7.0,1.9131126469708992
Madhya Pradesh_21.875_79.7617,8.075,5.8,9.9,1.8463928798245157
Madhya Pradesh_21.8964_80.7953,5.371428571428572,3.4,7.8,1.5239360066554475
Madhya Pradesh_21.9017_76.1794,4.366666666666666,2.6,5.8,1.0708252269472673
Madhya Pradesh_21.9147_77.7481,11.425,5.4,15.3,4.235071821508265
Madhya Pradesh_21.9181_75.7444,9.08,7.2,10.1,1.1691877522451213
Madhya Pradesh_21.9297_76.4475,9.066666666666666,5.7,14.9,3.2610836644690164
Madhya Pradesh_21.9364_75.1361,6.214285714285714,4.6,9.5,1.7752263437174909
Madhya Pradesh_21.93_80.3519,6.228571428571429,4.0,9.0,1.8535679878856035
Madhya Pradesh_21.9472_79.7119,5.75,5.1,6.5,0.5802298395176407
Madhya Pradesh_21.9561_76.1561,6.0600000000000005,4.6,9.5,2.0007498594277098
Madhya Pradesh_21.9617_76.6981,5.8500000000000005,3.2,11.8,3.022416251941483
Madhya Pradesh_21.9647_78.7703,5.75,2.4,9.3,2.8946502379389467
Madhya Pradesh_21.9656_80.125,6.057142857142857,3.0,7.2,1.4581462465028932
Madhya Pradesh_21.9694_80.4903,6.5,5.6,7.7,1.081665382639197
Madhya Pradesh_21.9703_76.7439,8.325,7.5,8.7,0.5560275772537425
Madhya Pradesh_21.9753_77.7014,10.725,7.4,13.5,2.666302058407236
Madhya Pradesh_21.9828_76.4639,4.566666666666666,4.1,5.3,0.42739521132865615
Madhya Pradesh_22.0056_76.8167,9.966666666666667,6.1,11.9,3.34863156129983
Madhya Pradesh_22.0108_77.6703,12.9,11.5,14.5,1.317193987231949
Madhya Pradesh_22.0111_80.7397,5.785714285714286,4.7,6.8,0.6718843437888483
Madhya Pradesh_22.0117_80.5464,2.685714285714286,1.7,4.0,0.8668497975016037
Madhya Pradesh_22.0172_79.8431,4.475,3.8,5.0,0.5377421934967227
Madhya Pradesh_22.0206_76.1369,7.6000000000000005,5.5,12.6,2.7655017627909766
Madhya Pradesh_22.0306_75.6289,5.628571428571428,2.8,10.2,2.4329092911671855
Madhya Pradesh_22.0328_79.7472,4.575,3.3,5.7,1.304798835069989
Madhya Pradesh_22.0344_76.9397,2.3,1.7,3.1,0.5338539126015656
Madhya Pradesh_22.0428_75.9458,3.5,2.7,4.7,0.7382411530116698
Madhya Pradesh_22.0453_79.1644,11.15,7.0,12.8,2.7730849247724096
Madhya Pradesh_22.0519_80.6806,6.814285714285715,6.4,7.4,0.42983939414844796
Madhya Pradesh_22.0531_78.9494,10.0,7.4,12.0,1.8234582528810468
Madhya Pradesh_22.0536_79.2508,10.45,8.6,12.0,1.5110702608857516
Madhya Pradesh_22.0678_77.5336,9.66,7.6,11.6,1.448447444679992
Madhya Pradesh_22.0717_77.875,3.9599999999999995,2.3,5.1,1.0945318634009702
Madhya Pradesh_22.0775_76.9156,5.683333333333334,1.7,8.8,2.4301577452228624
Madhya Pradesh_22.0822_76.8328,8.316666666666666,7.4,10.6,1.222156563892968
Madhya Pradesh_22.0875_76.1183,4.75,4.2,5.7,0.5540758070878027
Madhya Pradesh_22.1042_80.5514,5.18,3.5,6.6,1.2235195135346228
Madhya Pradesh_22.1061_77.5,7.133333333333333,5.2,10.0,2.532455988429677
Madhya Pradesh_22.1236_75.6083,3.1571428571428575,1.5,3.9,0.7913219801006895
Madhya Pradesh_22.1239_75.6083,6.7,5.3,8.3,1.1210114480533493
Madhya Pradesh_22.1264_80.0022,7.1,4.9,8.9,2.0066555924389875
Madhya Pradesh_22.1369_79.0233,11.375,5.4,14.2,4.061506288722613
Madhya Pradesh_22.1417_80.125,6.0,4.3,7.2,0.9295160030897803
Madhya Pradesh_22.1525_75.3472,14.540000000000001,9.4,16.1,2.8858274376684405
Madhya Pradesh_22.1542_75.3333,6.1,5.7,6.6,0.3807886552931954
Madhya Pradesh_22.1542_80.6722,4.2,2.8,5.0,0.7659416862050706
Madhya Pradesh_22.155_76.8767,2.82,2.3,3.4,0.39623225512317894
Madhya Pradesh_22.1625_76.8594,0.6833333333333332,0.5,1.0,0.18348478592697182
Madhya Pradesh_22.1733_76.0711,3.414285714285714,1.2,6.3,1.5475018270625418
Madhya Pradesh_22.1747_79.2717,8.2,4.4,10.7,3.2085822414268885
Madhya Pradesh_22.1761_79.2669,12.15,7.6,15.1,3.219213154380016
Madhya Pradesh_22.1833_80.7139,2.2,1.6,2.7,0.4434711565216689
Madhya Pradesh_22.1889_80.9369,3.4000000000000004,1.6,4.9,1.3281566172707195
Madhya Pradesh_22.2011_79.0617,6.8,5.5,8.9,1.2328828005937953
Madhya Pradesh_22.2078_77.4189,6.175,5.6,6.8,0.5057996968497839
Madhya Pradesh_22.2144_75.4728,5.24,4.2,6.8,1.1414902540100813
Madhya Pradesh_22.2186_76.9469,7.75,6.0,8.9,1.1674759098157017
Madhya Pradesh_22.2236_74.3422,4.54,2.7,5.8,1.2461942063739504
Madhya Pradesh_22.2358_80.8708,1.3857142857142857,0.9,1.8,0.31320159337914955
Madhya Pradesh_22.2539_76.035,7.642857142857143,6.5,9.2,1.0533393610436326
Madhya Pradesh_22.2547_77.23,10.733333333333334,9.9,11.3,0.5006662228138292
Madhya Pradesh_22.2575_80.0631,2.9749999999999996,1.6,4.1,1.0340051579497398
Madhya Pradesh_22.2594_74.5981,4.26,2.3,5.6,1.5773395322504282
Madhya Pradesh_22.2597_79.1319,5.5200000000000005,4.7,6.7,0.807465169527454
Madhya Pradesh_22.2711_74.5317,9.725,8.2,12.0,1.6111590031195973
Madhya Pradesh_22.2881_80.9986,3.38,1.9,5.8,1.4515508947329405
Madhya Pradesh_22.2914_77.0031,6.083333333333333,3.3,7.8,1.5715173135115843
Madhya Pradesh_22.2983_77.3206,17.833333333333332,11.8,25.4,4.955266558588615
Madhya Pradesh_22.2986_74.3536,5.625,4.4,7.5,1.4728091073410248
Madhya Pradesh_22.3014_79.1708,9.66,8.0,11.5,1.5533834040570926
Madhya Pradesh_22.3061_79.9986,8.425,8.3,8.7,0.18929694486000825
Madhya Pradesh_22.3094_74.3525,4.4,3.8,5.7,0.8755950357709136
Madhya Pradesh_22.3208_75.5,7.9,6.5,8.8,1.0033277962194949
Madhya Pradesh_22.3208_79.8614,6.34,2.2,7.7,2.340512764331782
Madhya Pradesh_22.3453_80.9033,9.28,3.1,12.1,3.7385826191218507
Madhya Pradesh_22.3458_77.0875,5.833333333333333,4.9,7.6,1.0856641592438547
Madhya Pradesh_22.3475_74.5178,6.58,4.0,8.5,1.9253571097331528
Madhya Pradesh_22.3569_74.2425,7.5,6.4,8.6,0.7999999999999997
Madhya Pradesh_22.3619_74.7975,8.733333333333334,4.9,16.1,6.381483631047982
Madhya Pradesh_22.3625_74.7961,4.766666666666667,4.7,4.9,0.11547005383792565
Madhya Pradesh_22.3714_79.9108,6.08,1.0,22.5,9.221008621620523
Madhya Pradesh_22.3739_77.2228,7.0,5.5,8.1,1.0488088481701514
Madhya Pradesh_22.3939_79.5458,7.449999999999999,7.1,7.8,0.3109126351029604
Madhya Pradesh_22.3942_75.975,4.485714285714286,0.9,8.5,3.450327796711771
Madhya Pradesh_22.3944_77.2975,3.22,2.9,3.9,0.39623225512317883
Madhya Pradesh_22.3986_76.2781,3.1999999999999997,1.8,5.3,1.8520259177452134
Madhya Pradesh_22.4075_77.8428,2.8333333333333335,2.2,3.8,0.850490054811538
Madhya Pradesh_22.4133_74.57,8.95,6.8,11.1,2.0728402414722336
Madhya Pradesh_22.4261_80.7772,4.08,3.4,4.6,0.4868264577855233
Madhya Pradesh_22.4297_74.5172,4.64,3.3,6.9,1.465605676844901
Madhya Pradesh_22.4333_79.1722,5.266666666666667,1.8,6.9,2.1049148834731217
Madhya Pradesh_22.43_74.4372,11.3,9.5,15.0,2.2438805672316873
Madhya Pradesh_22.4411_79.5653,3.1500000000000004,1.0,5.4,1.7972200755611432
Madhya Pradesh_22.4483_77.4656,4.96,4.5,5.4,0.33615472627943227
Madhya Pradesh_22.4517_80.7,5.0,4.4,5.6,0.46368092477478495
Madhya Pradesh_22.4772_78.4392,1.28,0.9,1.6,0.3492849839314596
Madhya Pradesh_22.4775_77.8397,2.6333333333333333,0.5,3.8,1.8502252115170557
Madhya Pradesh_22.4808_74.1503,3.62,1.5,6.1,1.7922053453775884
Madhya Pradesh_22.4839_76.9861,6.316666666666666,2.4,11.7,3.154309221789561
Madhya Pradesh_22.4844_76.9811,8.36,7.5,9.6,0.8173126696681018
Madhya Pradesh_22.4908_77.5283,5.15,4.2,6.0,0.7286974680894672
Madhya Pradesh_22.5053_74.855,11.65,8.2,14.4,2.876919648976431
Madhya Pradesh_22.5139_75.9183,9.133333333333333,5.8,11.1,2.0225396576252015
Madhya Pradesh_22.5183_74.21,9.36,8.3,10.9,0.9989994994993745
Madhya Pradesh_22.5294_79.8378,2.925,2.5,3.8,0.6130524719249839
Madhya Pradesh_22.5342_76.6822,8.875,5.0,13.6,3.556566696501932
Madhya Pradesh_22.5381_76.2044,9.3,8.1,11.3,1.444529912001364
Madhya Pradesh_22.5386_76.3389,4.275,3.0,6.4,1.4773286702694162
Madhya Pradesh_22.5414_75.7386,4.4399999999999995,3.8,5.3,0.6348228099241553
Madhya Pradesh_22.5458_76.8003,2.9,0.8,6.3,2.578113005022601
Madhya Pradesh_22.5464_76.37,2.6999999999999997,2.6,2.8,0.09999999999999992
Madhya Pradesh_22.5486_74.3194,8.26,7.0,11.0,1.7672011770027773
Madhya Pradesh_22.5486_75.7619,5.26,3.4,5.9,1.05023806824929
Madhya Pradesh_22.55_80.4103,4.32,3.0,5.1,0.8927485648266257
Madhya Pradesh_22.5644_75.2917,8.6,5.2,11.6,2.747119703738202
Madhya Pradesh_22.5753_80.355,3.44,0.6,10.0,3.861087929586686
Madhya Pradesh_22.5764_76.5664,2.725,2.1,3.6,0.708872343937891
Madhya Pradesh_22.5764_77.7958,11.0,8.3,13.5,2.605762844159076
Madhya Pradesh_22.5861_77.0014,8.95,6.2,12.2,3.0038863715748856
Madhya Pradesh_22.5903_79.1792,7.75,7.3,8.8,0.5357238094391553
Madhya Pradesh_22.5914_75.3178,9.86,6.9,11.6,2.129084310214136
Madhya Pradesh_22.5922_76.9092,10.575,2.7,15.2,5.486574523325094
Madhya Pradesh_22.5922_78.4578,6.56,5.5,7.4,0.7893034904268443
Madhya Pradesh_22.5986_79.7911,6.025,5.5,6.6,0.45000000000000007
Madhya Pradesh_22.6083_80.4706,4.5200000000000005,4.3,4.9,0.22803508501982786
Madhya Pradesh_22.6125_79.2208,4.9,4.0,6.7,1.1224972160321827
Madhya Pradesh_22.6139_80.5208,5.0600000000000005,3.8,6.0,0.9343446901438462
Madhya Pradesh_22.6167_77.8342,2.75,2.5,3.0,0.3535533905932738
Madhya Pradesh_22.6242_75.4319,15.48,6.8,22.0,6.15361682264991
Madhya Pradesh_22.6264_77.6389,5.9399999999999995,4.8,8.4,1.4926486525636233
Madhya Pradesh_22.6292_77.9931,12.7,9.8,15.6,4.101219330881975
Madhya Pradesh_22.6306_79.8661,8.233333333333334,8.1,8.3,0.11547005383792654
Madhya Pradesh_22.6311_75.7922,14.614285714285714,8.6,27.8,7.204495950776981
Madhya Pradesh_22.6375_80.1439,6.75,5.1,8.4,2.333452377915607
Madhya Pradesh_22.6381_80.0353,3.925,2.3,7.2,2.2396056200441485
Madhya Pradesh_22.6392_76.3472,7.675,6.4,9.0,1.364734406395618
Madhya Pradesh_22.6394_74.5225,2.9,2.6,3.3,0.36055512754639885
Madhya Pradesh_22.63_77.9181,10.799999999999999,10.2,11.4,0.6000000000000003
Madhya Pradesh_22.6542_79.9525,5.225,4.6,5.7,0.5188127472091129
Madhya Pradesh_22.6564_75.8856,8.12,3.5,11.2,3.276736181019155
Madhya Pradesh_22.65_77.6767,6.4,5.7,7.1,0.9899494936611665
Madhya Pradesh_22.6644_76.7514,7.0249999999999995,4.3,9.1,2.1124630174277605
Madhya Pradesh_22.6658_75.8342,2.05,1.0,2.9,0.7937253933193771
Madhya Pradesh_22.6692_77.7578,7.8,6.7,9.2,1.27671453348037
Madhya Pradesh_22.6744_81.7611,12.7,11.3,13.9,1.0271319292087064
Madhya Pradesh_22.6756_75.9456,7.816666666666666,4.4,10.1,2.046867525431645
Madhya Pradesh_22.6778_80.69,11.200000000000001,9.6,13.7,2.193171219946131
Madhya Pradesh_22.6781_75.9244,6.966666666666668,1.2,18.1,9.643823584726826
Madhya Pradesh_22.6833_75.8725,10.825,8.4,13.4,2.1853680086734433
Madhya Pradesh_22.6847_80.4769,3.6799999999999997,1.9,7.5,2.2993477335975085
Madhya Pradesh_22.6872_76.03,18.471428571428568,5.6,33.4,8.924071246860796
Madhya Pradesh_22.6903_77.3144,5.666666666666667,5.1,6.0,0.49328828623162496
Madhya Pradesh_22.6922_75.8264,4.75,3.7,6.3,1.1474609652039003
Madhya Pradesh_22.6944_74.5422,3.0666666666666664,2.1,4.7,1.4224392195567912
Madhya Pradesh_22.6956_75.8342,9.68,6.6,12.0,2.132369573971641
Madhya Pradesh_22.6956_75.8942,8.32,6.9,9.2,0.9038805230781333
Madhya Pradesh_22.695_75.8819,5.66,4.4,6.5,0.779743547584717
Madhya Pradesh_22.6975_75.8794,4.76,3.7,5.8,0.9555103348473001
Madhya Pradesh_22.6989_76.5722,3.575,2.2,5.0,1.1786291472158097
Madhya Pradesh_22.6_80.3689,11.32,6.8,17.5,4.002124435846541
Madhya Pradesh_22.7003_75.8356,3.62,3.0,5.5,1.0545141061171253
Madhya Pradesh_22.7033_75.8894,7.333333333333333,4.4,9.8,1.8800709206481192
Madhya Pradesh_22.705_75.8411,7.875,6.4,9.6,1.3200378782444084
Madhya Pradesh_22.7089_76.2753,7.475,6.2,8.5,0.9535023160258534
Madhya Pradesh_22.7111_81.6211,9.58,8.9,10.2,0.48166378315169117
Madhya Pradesh_22.7125_80.3417,5.62,5.1,6.4,0.48166378315169206
Madhya Pradesh_22.7131_75.8361,11.22,9.8,14.5,2.00549245822566
Madhya Pradesh_22.7172_76.3789,5.15,3.6,5.8,1.0408329997330665
Madhya Pradesh_22.7217_75.8931,7.0,4.6,10.6,2.5508168626278658
Madhya Pradesh_22.7219_75.8597,9.98,8.2,12.5,1.9511535049810917
Madhya Pradesh_22.7222_77.5014,1.8800000000000001,1.1,2.5,0.6870225614927067
Madhya Pradesh_22.7233_75.9036,7.6,6.3,9.1,1.151810169544733
Madhya Pradesh_22.72_75.8661,8.059999999999999,6.0,10.8,2.069541011915444
Madhya Pradesh_22.7344_77.5558,10.200000000000001,7.2,12.1,2.6286878856189824
Madhya Pradesh_22.7375_75.8833,8.283333333333333,5.5,10.4,1.8882972929776365
Madhya Pradesh_22.7378_75.8497,4.840000000000001,3.2,6.2,1.312630945848832
Madhya Pradesh_22.7392_75.8536,9.940000000000001,7.8,12.4,1.9743353311937666
Madhya Pradesh_22.7392_80.525,5.4,5.3,5.5,0.14142135623730995
Madhya Pradesh_22.73_76.2292,7.8,3.9,12.7,4.022437072223753
Madhya Pradesh_22.7425_79.9136,2.8666666666666667,1.5,4.7,1.6502525059315418
Madhya Pradesh_22.7439_75.5697,8.316666666666666,6.1,13.2,2.619478319564158
Madhya Pradesh_22.7478_81.4494,3.0,1.9,4.3,1.2124355652982142
Madhya Pradesh_22.7494_80.5772,4.680000000000001,2.1,7.0,2.355206997272214
Madhya Pradesh_22.7514_77.4536,4.35,3.4,5.3,1.3435028842544403
Madhya Pradesh_22.7625_74.5881,3.3333333333333335,2.7,4.2,0.776745346515403
Madhya Pradesh_22.7681_76.7597,7.2,5.5,8.1,1.169045194450012
Madhya Pradesh_22.7711_74.59,8.0,5.7,11.5,3.080584360149872
Madhya Pradesh_22.7761_79.2272,8.55,7.1,10.0,1.461734129952047
Madhya Pradesh_22.7839_81.7292,4.5,3.6,5.6,1.014889156509222
Madhya Pradesh_22.785_74.4656,4.925,4.7,5.5,0.38622100754188227
Madhya Pradesh_22.7906_77.6833,10.3,8.3,13.6,2.393045479439675
Madhya Pradesh_22.7928_80.4111,3.54,2.1,8.5,2.777228834647948
Madhya Pradesh_22.7964_75.7431,6.471428571428572,3.1,8.3,2.0677800380394156
Madhya Pradesh_22.7967_75.7425,11.9,8.7,14.8,2.3547823678633235
Madhya Pradesh_22.7967_77.6889,8.125,6.7,9.5,1.1615363389350615
Madhya Pradesh_22.7978_75.7408,13.75,8.1,16.7,4.007908847932216
Madhya Pradesh_22.7_77.9389,4.550000000000001,4.4,4.7,0.2121320343559638
Madhya Pradesh_22.8094_75.6742,6.833333333333333,4.3,9.8,1.9936566070080042
Madhya Pradesh_22.8167_77.2092,7.425,4.8,9.3,2.02546291005291
Madhya Pradesh_22.8197_81.3306,4.7615384615384615,2.1,6.7,1.9237716693769653
Madhya Pradesh_22.8233_81.6978,3.0799999999999996,2.2,4.3,0.9884331034521252
Madhya Pradesh_22.8283_81.2919,8.34,7.2,8.9,0.6913754406977443
Madhya Pradesh_22.8383_79.2344,11.15,7.5,14.5,2.9194748386196676
Madhya Pradesh_22.8433_75.5394,13.816666666666668,10.3,18.1,2.7043791647375683
Madhya Pradesh_22.8475_79.2239,7.25,6.2,8.3,1.4849242404917504
Madhya Pradesh_22.8567_81.2292,1.86,1.2,2.4,0.5272570530585627
Madhya Pradesh_22.8581_76.25,8.525,7.8,8.8,0.4856267428111158
Madhya Pradesh_22.8583_81.6458,2.96,2.1,3.5,0.5458937625582471
Madhya Pradesh_22.8722_76.7175,4.575,3.9,6.4,1.2203141671990319
Madhya Pradesh_22.87_75.2581,7.720000000000001,4.5,11.6,3.1379929891572416
Madhya Pradesh_22.8806_75.2492,7.975,4.9,10.2,2.291105992019283
Madhya Pradesh_22.8928_75.9786,11.319999999999999,2.6,16.3,5.223696009531949
Madhya Pradesh_22.8972_77.1222,3.5799999999999996,3.4,3.8,0.17888543819998326
Madhya Pradesh_22.905_74.5422,1.8,1.5,2.1,0.2943920288775949
Madhya Pradesh_22.9097_80.9472,2.7,2.2,3.1,0.3535533905932738
Madhya Pradesh_22.9103_79.2742,5.7,5.5,5.9,0.2828427124746193
Madhya Pradesh_22.9108_79.0678,6.533333333333334,6.0,7.6,0.923760430703401
Madhya Pradesh_22.9125_78.3553,16.3,14.5,19.8,3.0315012782448236
Madhya Pradesh_22.9167_77.6511,10.26,8.4,11.7,1.3049904214207853
Madhya Pradesh_22.9167_78.6819,2.9000000000000004,2.7,3.1,0.2828427124746188
Madhya Pradesh_22.9189_80.1972,6.659999999999999,5.7,7.2,0.6767569726275451
Madhya Pradesh_22.9228_81.8728,15.6,14.4,15.9,0.6708203932499369
Madhya Pradesh_22.9306_81.6083,6.325,5.6,6.9,0.5619905100029124
Madhya Pradesh_22.9333_81.0917,4.88,3.2,6.3,1.4618481453283716
Madhya Pradesh_22.9333_81.6083,8.04,5.2,11.0,2.7618834153526466
Madhya Pradesh_22.9458_78.8164,2.8333333333333335,2.8,2.9,0.05773502691896266
Madhya Pradesh_22.9478_79.5583,6.65,5.6,7.7,1.4849242404917504
Madhya Pradesh_22.9506_76.0517,6.125,4.1,9.4,2.4824383174612823
Madhya Pradesh_22.9589_79.1758,8.649999999999999,8.6,8.7,0.07071067811865388
Madhya Pradesh_22.9711_75.8278,6.333333333333333,3.6,13.4,3.5257150574977936
Madhya Pradesh_22.9731_76.3522,14.133333333333335,10.8,17.1,3.1659648345067475
Madhya Pradesh_22.9733_77.0861,6.199999999999999,1.7,10.7,6.363961030678928
Madhya Pradesh_22.9736_76.0681,5.425000000000001,4.9,6.0,0.6075908711186062
Madhya Pradesh_22.9778_75.8333,6.416666666666667,4.7,10.0,1.841104740819128
Madhya Pradesh_22.9819_80.1506,2.8600000000000003,1.8,6.0,1.77426040929735
Madhya Pradesh_22.9836_81.8894,4.4399999999999995,3.4,5.6,0.8734987120768982
Madhya Pradesh_22.9864_79.3994,6.050000000000001,5.9,6.2,0.21213203435596445
Madhya Pradesh_22.9869_79.3336,8.35,7.5,9.2,1.2020815280171302
Madhya Pradesh_22.9878_76.2069,9.225,5.3,13.2,3.24178448800451
Madhya Pradesh_22.9892_79.8739,4.066666666666666,2.4,5.8,1.2925427136720342
Madhya Pradesh_22.9914_79.3375,7.4,6.7,8.1,0.9899494936611658
Madhya Pradesh_23.0036_74.7989,4.233333333333333,4.0,4.7,0.4041451884327379
Madhya Pradesh_23.0053_74.7989,3.2249999999999996,2.5,3.8,0.6751543033509697
Madhya Pradesh_23.0056_78.2342,20.666666666666668,19.7,22.3,1.422439219556791
Madhya Pradesh_23.0067_76.5058,13.8,10.7,16.8,3.408812109811863
Madhya Pradesh_23.0067_77.6392,3.5,1.9,4.9,1.1895377253370323
Madhya Pradesh_23.0097_81.6103,5.58,4.9,6.6,0.7694153624668536
Madhya Pradesh_23.0125_75.2519,9.675,4.5,16.4,5.109712973021739
Madhya Pradesh_23.0189_75.2458,5.959999999999999,4.3,7.0,1.1282730166054669
Madhya Pradesh_23.0214_81.0064,3.0,2.1,4.0,0.8366600265340755
Madhya Pradesh_23.0225_76.7158,4.75,3.9,5.6,1.2020815280171306
Madhya Pradesh_23.0247_75.1367,6.94,6.6,7.3,0.3286335345031002
Madhya Pradesh_23.0261_77.6786,5.3,4.0,6.8,1.4106735979665885
Madhya Pradesh_23.0306_78.0833,3.825,3.2,4.8,0.7135591542869215
Madhya Pradesh_23.0306_81.8389,7.24,4.2,9.0,2.4265201420964964
Madhya Pradesh_23.0319_77.0189,5.925,5.5,6.4,0.44253060157839197
Madhya Pradesh_23.0394_79.4806,9.9,9.5,10.3,0.5656854249492386
Madhya Pradesh_23.0447_75.3789,11.399999999999999,3.1,26.5,9.392337302290628
Madhya Pradesh_23.0517_74.9083,1.725,1.2,2.1,0.3862210075418824
Madhya Pradesh_23.0561_81.7933,4.1000000000000005,2.9,4.7,1.0392304845413263
Madhya Pradesh_23.0664_81.6328,7.24,4.2,9.6,1.975601174326437
Madhya Pradesh_23.0764_77.7533,6.0600000000000005,4.8,6.8,0.7861297602813418
Madhya Pradesh_23.0767_80.9069,0.8400000000000001,0.5,1.8,0.5458937625582473
Madhya Pradesh_23.0783_79.9125,3.742857142857143,2.5,8.0,1.9251468713296855
Madhya Pradesh_23.0833_79.03,5.3,1.4,9.5,4.058324777540605
Madhya Pradesh_23.0886_74.7614,5.575,5.4,5.7,0.1499999999999996
Madhya Pradesh_23.0961_80.0547,2.85,1.9,3.4,0.5540758070878028
Madhya Pradesh_23.0994_77.8381,3.06,2.5,3.5,0.43358966777357605
Madhya Pradesh_23.1011_74.8703,8.0,7.3,9.4,0.9695359714832661
Madhya Pradesh_23.1011_77.0356,7.419999999999999,2.3,11.5,4.634328430312206
Madhya Pradesh_23.1014_79.1625,17.733333333333334,16.4,18.7,1.1930353445448856
Madhya Pradesh_23.1056_77.7228,6.0,5.5,6.4,0.41833001326703784
Madhya Pradesh_23.1069_79.9906,6.95,5.4,7.6,0.8502940667792525
Madhya Pradesh_23.1083_75.4528,11.5,4.7,21.2,6.023703179938401
Madhya Pradesh_23.1147_78.925,19.0,17.6,20.4,1.979898987322331
Madhya Pradesh_23.1183_76.9033,9.225,6.8,11.2,2.0822663934601002
Madhya Pradesh_23.1194_81.7006,5.39,2.5,7.9,2.0173965621287473
Madhya Pradesh_23.1219_77.5464,5.475,5.1,6.3,0.5560275772537425
Madhya Pradesh_23.1242_77.2608,9.633333333333333,8.8,10.5,0.8504900548115384
Madhya Pradesh_23.1261_80.6261,3.5,3.0,4.3,0.5385164807134503
Madhya Pradesh_23.1356_77.9319,2.9200000000000004,1.8,4.4,0.9418067742376887
Madhya Pradesh_23.1383_79.6653,6.628571428571428,3.6,15.5,4.077055426699636
Madhya Pradesh_23.1394_75.2161,16.466666666666665,12.2,23.9,6.460908088909275
Madhya Pradesh_23.1431_77.1731,10.35,7.6,12.0,1.9891371663780923
Madhya Pradesh_23.1431_81.5972,7.45,6.6,8.3,1.2020815280171315
Madhya Pradesh_23.1442_75.5542,11.92,6.5,20.0,6.275906309052103
Madhya Pradesh_23.1442_79.8028,10.299999999999999,5.7,15.5,4.299224736313901
Madhya Pradesh_23.1528_79.8856,2.733333333333333,1.1,4.7,1.2044362443345296
Madhya Pradesh_23.1528_79.9275,5.816666666666666,3.7,7.1,1.4386336109887974
Madhya Pradesh_23.1533_76.9625,5.933333333333334,5.3,6.4,0.568624070307733
Madhya Pradesh_23.1547_79.9039,3.85,3.1,4.5,0.45934736311423374
Madhya Pradesh_23.1553_79.9486,4.066666666666666,3.4,4.6,0.5573747990954261
Madhya Pradesh_23.1558_79.8967,1.8399999999999999,1.6,2.3,0.27018512172212583
Madhya Pradesh_23.1564_77.3003,13.533333333333333,10.6,17.3,3.426854728950928
Madhya Pradesh_23.1572_75.6239,5.46,4.2,8.1,1.6226521500309299
Madhya Pradesh_23.1583_79.8922,2.6999999999999997,1.6,3.0,0.5477225575051662
Madhya Pradesh_23.1583_79.9158,2.483333333333333,0.8,8.2,2.8287217372280833
Madhya Pradesh_23.1586_79.9486,1.95,1.6,2.1,0.2073644135332772
Madhya Pradesh_23.1611_77.4689,6.8999999999999995,5.3,9.2,1.6431676725154982
Madhya Pradesh_23.1617_77.0564,10.18,9.8,10.5,0.2863564212655269
Madhya Pradesh_23.1619_79.9536,11.333333333333334,9.7,13.8,1.474675105461087
Madhya Pradesh_23.1639_75.2639,7.74,2.8,14.4,4.200357127673789
Madhya Pradesh_23.1658_79.9328,2.316666666666667,1.9,3.1,0.42622372841814743
Madhya Pradesh_23.1661_79.9472,3.75,2.4,9.8,2.96968011745373
Madhya Pradesh_23.1714_79.9306,1.9833333333333332,0.9,2.4,0.5913261931173578
Madhya Pradesh_23.175_78.8711,11.350000000000001,10.4,12.3,1.3435028842544399
Madhya Pradesh_23.1761_79.96,6.116666666666667,4.0,8.9,1.7781076082922167
Madhya Pradesh_23.1772_79.0319,5.8999999999999995,4.7,8.1,1.9078784028338913
Madhya Pradesh_23.1806_79.9417,2.466666666666667,1.9,3.1,0.4457203906785807
Madhya Pradesh_23.1808_79.9256,2.12,1.8,2.5,0.28635642126552696
Madhya Pradesh_23.1833_80.6953,2.42,1.3,3.4,0.828854631404084
Madhya Pradesh_23.1833_80.7006,3.5,2.6,4.3,0.8426149773176357
Madhya Pradesh_23.1847_77.0625,13.775,6.6,18.7,5.813418386227963
Madhya Pradesh_23.1875_79.9217,3.516666666666667,2.4,4.4,0.7413950813612583
Madhya Pradesh_23.1903_79.9853,3.4666666666666663,2.3,4.3,0.6860515043833567
Madhya Pradesh_23.1958_79.9986,5.08,4.4,5.5,0.4438468204234429
Madhya Pradesh_23.1958_81.9786,5.977777777777778,4.2,7.3,1.0473511562243314
Madhya Pradesh_23.1978_79.9631,7.671428571428572,4.6,9.8,2.015534904778618
Madhya Pradesh_23.1981_81.8889,5.366666666666667,4.7,6.2,0.7637626158259734
Madhya Pradesh_23.2014_75.0206,14.850000000000001,14.4,15.3,0.6363961030678936
Madhya Pradesh_23.2025_80.0725,5.24,4.5,5.7,0.5272570530585629
Madhya Pradesh_23.2031_79.9875,8.1,4.1,9.3,2.0278066969018522
Madhya Pradesh_23.2067_77.4233,0.8800000000000001,0.6,1.0,0.1643167672515498
Madhya Pradesh_23.2072_80.1583,6.383333333333333,3.6,11.0,2.6693944381950505
Madhya Pradesh_23.2078_76.7394,9.940000000000001,8.2,11.8,1.3939153489362262
Madhya Pradesh_23.2089_77.3756,2.1166666666666667,0.0,5.4,2.0419761670173013
Madhya Pradesh_23.2094_81.985,3.3,2.2,5.2,1.3976170195491087
Madhya Pradesh_23.2103_81.4181,5.25,3.7,6.8,2.192031021678297
Madhya Pradesh_23.2139_77.475,2.966666666666667,2.5,3.6,0.34641016151377546
Madhya Pradesh_23.2144_82.1042,4.75,3.2,7.3,1.7710637105046974
Madhya Pradesh_23.2189_80.3464,6.9,6.4,7.5,0.496655480858378
Madhya Pradesh_23.2258_74.8389,12.366666666666667,10.4,13.4,1.703917055884274
Madhya Pradesh_23.225_81.5244,13.333333333333334,12.6,14.5,1.0214368964029708
Madhya Pradesh_23.2269_74.8422,7.433333333333334,3.9,11.0,3.5501173689518115
Madhya Pradesh_23.2292_80.2494,4.05,2.9,5.7,1.2045746137122433
Madhya Pradesh_23.22_77.4367,5.88,5.2,7.0,0.7014271166700072
Madhya Pradesh_23.2306_77.4067,3.1666666666666665,2.9,3.8,0.417931413830866
Madhya Pradesh_23.2306_77.4681,3.75,3.3,4.3,0.44347115652166896
Madhya Pradesh_23.2331_76.0183,8.483333333333333,6.2,10.1,1.5778677595624626
Madhya Pradesh_23.2333_75.9931,8.266666666666667,7.2,10.3,1.7616280348965085
Madhya Pradesh_23.2336_76.0181,9.133333333333333,8.0,10.1,0.7865536642001395
Madhya Pradesh_23.2486_77.4833,7.3,6.3,9.1,1.5620499351813306
Madhya Pradesh_23.2517_81.8844,3.1,2.3,4.2,0.7516648189186456
Madhya Pradesh_23.2533_76.1475,12.125,9.7,14.3,1.8945096111307191
Madhya Pradesh_23.2544_77.5806,4.3999999999999995,4.2,4.5,0.17320508075688762
Madhya Pradesh_23.2572_81.6964,2.5,1.3,4.2,1.5132745950421556
Madhya Pradesh_23.25_75.1075,13.0,11.5,14.8,1.670329308849007
Madhya Pradesh_23.25_75.1125,15.566666666666668,11.6,19.2,3.810949138119444
Madhya Pradesh_23.2608_81.4619,5.9,3.3,7.7,1.7705931209625778
Madhya Pradesh_23.2661_77.3983,1.8800000000000001,1.6,2.0,0.1788854381999831
Madhya Pradesh_23.2667_76.0617,11.540000000000001,7.6,13.4,2.5005999280172753
Madhya Pradesh_23.2667_77.4333,1.25,1.0,1.6,0.2645751311064591
Madhya Pradesh_23.2669_77.6633,9.040000000000001,7.7,10.1,1.1928956366757324
Madhya Pradesh_23.2708_81.5872,6.8,3.6,11.1,2.8363709207365666
Madhya Pradesh_23.2733_77.3517,7.24,5.4,8.7,1.4741099009232659
Madhya Pradesh_23.2767_77.3764,2.38,2.0,2.9,0.32710854467592243
Madhya Pradesh_23.2783_77.4044,2.18,1.4,2.8,0.511859355682789
Madhya Pradesh_23.2822_80.3692,3.957142857142857,1.5,6.2,1.5186146569128314
Madhya Pradesh_23.2861_75.6519,14.180000000000001,7.0,16.4,4.0313769359860165
Madhya Pradesh_23.2944_77.3467,3.08,1.9,6.3,1.8512158166999326
Madhya Pradesh_23.2986_81.3597,4.8,3.0,7.1,1.5280706789936125
Madhya Pradesh_23.3039_77.9456,8.040000000000001,3.6,11.5,2.8307242889409063
Madhya Pradesh_23.3083_77.4042,6.3,5.2,7.0,0.7874007874011812
Madhya Pradesh_23.3094_74.6378,8.25,3.9,12.6,6.151828996322963
Madhya Pradesh_23.3103_76.3333,10.02,8.0,13.6,2.175316068988596
Madhya Pradesh_23.3106_75.7922,8.025,6.0,12.7,3.135150182473986
Madhya Pradesh_23.3125_74.6361,15.1,13.7,16.1,1.2489995996796808
Madhya Pradesh_23.3175_77.0472,10.1,9.0,11.2,1.5556349186104041
Madhya Pradesh_23.3181_76.9375,8.825,4.8,10.8,2.8075790282732913
Madhya Pradesh_23.3192_78.0906,7.0,6.3,8.9,1.072380529476361
Madhya Pradesh_23.3219_81.2978,7.24,6.2,8.3,0.9914635646356355
Madhya Pradesh_23.3244_76.7508,3.4125,1.4,5.5,1.6269493801941985
Madhya Pradesh_23.3311_75.0453,10.933333333333332,5.6,15.6,5.033222956847166
Madhya Pradesh_23.3342_76.8333,7.4,6.3,7.9,0.7438637868140466
Madhya Pradesh_23.3356_75.5494,7.659999999999999,4.1,12.6,3.697701989073755
Madhya Pradesh_23.3361_77.7828,2.7,1.0,5.0,1.5459624833740306
Madhya Pradesh_23.3406_76.0403,9.219999999999999,7.2,10.7,1.6769019053003669
Madhya Pradesh_23.3408_74.73,5.833333333333333,4.8,6.5,0.9073771725877469
Madhya Pradesh_23.3408_76.0389,8.9,7.1,11.8,2.228601953392904
Madhya Pradesh_23.3447_75.8492,7.58,6.1,8.8,1.2537942414925984
Madhya Pradesh_23.3458_80.3778,5.15,4.0,6.4,1.0630145812734648
Madhya Pradesh_23.3492_81.1925,11.940000000000001,10.4,13.2,1.1036303729057109
Madhya Pradesh_23.3547_81.6667,5.066666666666666,1.8,8.2,3.202082655606087
Madhya Pradesh_23.3561_77.4178,13.419999999999998,12.0,15.5,1.4515508947329403
Madhya Pradesh_23.3606_77.0725,9.5,7.4,11.2,1.9313207915827961
Madhya Pradesh_23.3694_81.7317,3.5,2.6,5.2,1.4730919862656235
Madhya Pradesh_23.3722_77.1839,7.175,3.5,10.4,3.3079449814046176
Madhya Pradesh_23.3769_75.0603,8.0,4.9,11.3,3.2046840717924137
Madhya Pradesh_23.3819_76.5994,3.1666666666666665,1.9,4.8,1.484362938547488
Madhya Pradesh_23.3856_79.0156,6.066666666666666,4.6,7.1,1.3051181300301262
Madhya Pradesh_23.3892_81.3733,7.449999999999999,6.5,8.2,0.8346656017032605
Madhya Pradesh_23.3928_80.9828,7.8,6.6,9.5,1.1113055385446435
Madhya Pradesh_23.3944_78.1422,7.88,7.1,8.2,0.4438468204234426
Madhya Pradesh_23.3972_77.5417,4.3,2.1,9.6,3.047129797038518
Madhya Pradesh_23.3986_76.0133,5.8,4.3,7.6,1.1811011811017715
Madhya Pradesh_23.4056_75.02,13.233333333333334,5.6,25.2,10.49396652049802
Madhya Pradesh_23.4056_76.7094,4.35,3.9,4.6,0.3109126351029604
Madhya Pradesh_23.4083_78.2261,7.0200000000000005,4.0,9.4,2.428373941550189
Madhya Pradesh_23.4097_78.2194,3.075,2.8,3.5,0.3095695936834453
Madhya Pradesh_23.41_77.3989,4.666666666666667,4.4,5.0,0.30550504633038933
Madhya Pradesh_23.4206_78.8056,2.966666666666667,2.7,3.2,0.2516611478423583
Madhya Pradesh_23.4211_76.2764,5.0,3.7,5.8,0.8803408430829502
Madhya Pradesh_23.4256_75.2833,4.659999999999999,1.7,10.0,3.7420582571627605
Madhya Pradesh_23.4261_75.2825,10.419999999999998,8.6,11.7,1.2814054783713076
Madhya Pradesh_23.4319_81.6894,2.1999999999999997,1.5,3.5,1.1269427669584644
Madhya Pradesh_23.4392_75.8761,4.16,2.9,5.8,1.4188023118109157
Madhya Pradesh_23.4478_75.4103,3.88,3.2,5.0,0.7726577508832747
Madhya Pradesh_23.4481_76.3214,8.22,4.9,9.5,1.9097120201747693
Madhya Pradesh_23.4489_77.36,11.86,9.5,17.8,3.3827503602837745
Madhya Pradesh_23.4525_77.6975,5.1,3.3,8.1,1.6876018487783186
Madhya Pradesh_23.4547_75.0661,14.133333333333335,11.0,17.1,3.0534133905079637
Madhya Pradesh_23.4589_81.7111,4.8,4.1,5.3,0.62449979983984
Madhya Pradesh_23.4617_75.7961,4.58,3.4,5.6,0.9859006035092988
Madhya Pradesh_23.4644_76.5381,11.22,3.7,17.2,4.860246907308311
Madhya Pradesh_23.4644_80.9064,9.2,8.5,10.0,0.5873670062235362
Madhya Pradesh_23.4656_80.7467,5.26,3.5,7.5,1.527416118809802
Madhya Pradesh_23.4731_75.9714,11.379999999999999,9.5,13.5,1.8019433953373782
Madhya Pradesh_23.4783_76.2564,4.58,2.5,7.8,2.308029462550251
Madhya Pradesh_23.4828_77.7389,7.875,3.2,13.9,4.511743934814268
Madhya Pradesh_23.4839_78.8958,13.033333333333333,10.5,14.4,2.196208854670551
Madhya Pradesh_23.4867_77.7411,5.325,3.3,6.5,1.466003638012767
Madhya Pradesh_23.4894_75.6653,2.9,1.2,5.7,1.9782146833277054
Madhya Pradesh_23.4908_81.4094,7.12,3.4,8.6,2.130023474049054
Madhya Pradesh_23.4911_75.6667,2.575,1.3,4.9,1.631716887208072
Madhya Pradesh_23.4911_77.0603,4.575,3.0,5.8,1.3124404748406684
Madhya Pradesh_23.4928_75.895,8.82,5.7,11.0,2.048658097389606
Madhya Pradesh_23.4972_75.0672,8.566666666666666,6.8,11.0,2.177919496522618
Madhya Pradesh_23.4986_79.9267,15.080000000000002,12.8,17.7,2.10879112289482
Madhya Pradesh_23.5022_76.0722,3.8,1.9,5.3,1.5033296378372911
Madhya Pradesh_23.5025_78.555,6.459999999999999,5.6,7.6,0.920869154657707
Madhya Pradesh_23.5042_76.155,3.72,2.6,5.0,0.8983317872590282
Madhya Pradesh_23.5044_76.4039,12.540000000000001,10.5,18.2,3.1848076865016512
Madhya Pradesh_23.5217_80.2917,5.833333333333333,4.7,6.5,0.9865765724632494
Madhya Pradesh_23.525_80.8394,9.120000000000001,6.6,10.4,1.528724958911838
Madhya Pradesh_23.5319_78.2958,9.18,7.4,10.2,1.134460224071342
Madhya Pradesh_23.5325_75.5708,8.875,4.9,12.4,3.179491573611521
Madhya Pradesh_23.5367_75.255,11.35,9.0,13.7,3.323401871576773
Madhya Pradesh_23.5375_79.7014,10.25,6.3,13.4,3.264455033641399
Madhya Pradesh_23.5389_74.8783,14.633333333333333,12.2,19.5,4.214656965084268
Madhya Pradesh_23.5489_75.9025,2.7,2.1,4.0,0.7905694150420947
Madhya Pradesh_23.5567_75.5161,5.575,4.8,7.1,1.0626225419530049
Madhya Pradesh_23.5628_74.93,15.066666666666668,13.8,16.9,1.6258331197676255
Madhya Pradesh_23.5667_75.5083,4.7,3.4,6.7,1.4537308324904352
Madhya Pradesh_23.5667_76.4611,8.059999999999999,6.2,9.3,1.314534138012399
Madhya Pradesh_23.5694_76.4722,5.24,3.6,7.1,1.487615541731129
Madhya Pradesh_23.5733_78.4039,9.48,6.9,12.6,2.187921387984495
Madhya Pradesh_23.575_79.5464,7.5,6.5,8.3,0.7438637868140469
Madhya Pradesh_23.5761_76.7347,8.6,6.8,10.0,1.3266499161421605
Madhya Pradesh_23.5803_75.08,14.166666666666666,11.4,19.4,4.5346811721810525
Madhya Pradesh_23.5811_81.4008,5.32,4.2,6.3,0.9093954035511725
Madhya Pradesh_23.5847_75.1803,11.433333333333332,4.1,20.7,8.46719158477788
Madhya Pradesh_23.5847_75.2528,12.233333333333334,11.1,13.2,1.05987420637231
Madhya Pradesh_23.5894_75.9411,12.45,11.4,13.5,1.4849242404917489
Madhya Pradesh_23.5958_80.7536,2.9000000000000004,2.1,3.7,1.1313708498984762
Madhya Pradesh_23.6028_75.7589,6.875,5.8,8.5,1.217579566188592
Madhya Pradesh_23.6058_76.3411,5.714285714285714,3.4,8.6,2.4299715851758235
Madhya Pradesh_23.6067_78.3486,8.12,4.8,11.7,3.0152943471575044
Madhya Pradesh_23.6125_80.2867,10.325,7.3,13.1,2.5223996511258875
Madhya Pradesh_23.6128_74.9642,5.4,5.2,5.6,0.28284271247461895
Madhya Pradesh_23.6153_75.4781,16.8,15.4,18.5,1.5716233645501705
Madhya Pradesh_23.6153_78.0283,9.6,8.0,11.1,1.2675435561221027
Madhya Pradesh_23.6228_77.4306,10.55,10.2,11.0,0.3415650255319867
Madhya Pradesh_23.625_75.0306,11.5,5.7,19.9,7.4484897798144285
Madhya Pradesh_23.625_75.1097,12.966666666666667,11.4,15.6,2.2941955743426345
Madhya Pradesh_23.6261_78.575,8.2,7.9,8.5,0.4242640687119289
Madhya Pradesh_23.6297_78.8333,8.05,6.4,9.7,2.3334523779156053
Madhya Pradesh_23.6333_75.1222,10.1,7.8,12.6,2.4062418831031924
Madhya Pradesh_23.63_80.9222,7.82,6.1,9.8,1.5801898620102588
Madhya Pradesh_23.6494_76.225,8.45,6.9,9.5,1.2041594578792292
Madhya Pradesh_23.6542_77.3469,6.7,3.8,8.7,1.823458252881047
Madhya Pradesh_23.65_79.5592,1.8333333333333333,0.9,3.7,0.9667816023625329
Madhya Pradesh_23.6644_76.6286,4.766666666666667,3.9,5.3,0.7571877794400365
Madhya Pradesh_23.6644_80.9436,5.9799999999999995,4.8,7.3,1.0158740079360233
Madhya Pradesh_23.6661_75.2353,11.733333333333333,7.6,17.9,5.442732157045149
Madhya Pradesh_23.6667_78.1139,10.875,8.8,14.1,2.406068716114871
Madhya Pradesh_23.6667_78.1144,11.733333333333334,9.9,13.7,1.9035055380358976
Madhya Pradesh_23.6667_81.5458,5.64,4.1,7.2,1.308816259067712
Madhya Pradesh_23.6675_76.1742,5.8,4.0,6.9,1.571623364550171
Madhya Pradesh_23.6742_77.0694,9.9,8.8,10.6,0.7874007874011808
Madhya Pradesh_23.6783_79.5736,2.8833333333333333,2.5,3.4,0.31885210782848306
Madhya Pradesh_23.6783_81.3967,10.309999999999999,5.4,15.2,3.178556625612044
Madhya Pradesh_23.6789_81.5242,9.3,8.3,9.8,0.8660254037844386
Madhya Pradesh_23.685_79.7189,2.75,2.1,5.2,1.204574613712243
Madhya Pradesh_23.6903_75.2917,7.933333333333334,5.3,10.5,2.6006409466386042
Madhya Pradesh_23.6906_77.0083,8.1,6.5,9.7,1.7907168024751055
Madhya Pradesh_23.6917_81.6653,9.7,8.4,11.0,1.1597413504743201
Madhya Pradesh_23.6972_75.4486,8.0,6.1,11.6,3.119294792096444
Madhya Pradesh_23.6975_81.4689,7.1000000000000005,5.3,8.2,1.5716233645501707
Madhya Pradesh_23.7028_76.8825,10.225,4.0,15.4,4.771006183186101
Madhya Pradesh_23.705_79.5367,3.1833333333333336,3.0,3.5,0.1834847859269718
Madhya Pradesh_23.7075_77.0758,12.525,9.9,14.4,2.1654483754332876
Madhya Pradesh_23.7083_80.3172,8.200000000000001,3.6,12.8,6.505382386916237
Madhya Pradesh_23.7144_81.3756,3.6,3.3,4.2,0.5196152422706635
Madhya Pradesh_23.7175_76.7383,4.725,3.2,6.8,1.8172781845386248
Madhya Pradesh_23.7181_76.0083,4.866666666666667,3.2,6.5,1.6502525059315418
Madhya Pradesh_23.7214_81.0208,7.58,6.6,8.7,0.9679876032264048
Madhya Pradesh_23.7217_75.3833,10.433333333333334,8.5,13.3,2.532455988429678
Madhya Pradesh_23.7306_75.9972,4.279999999999999,2.0,6.0,1.7991664736760742
Madhya Pradesh_23.7328_75.9461,10.1,9.8,10.3,0.26457513110645886
Madhya Pradesh_23.7328_78.1764,13.766666666666666,12.6,16.0,1.9347695814575276
Madhya Pradesh_23.7389_75.8533,9.166666666666666,6.8,13.3,3.5921210076128194
Madhya Pradesh_23.7444_77.5097,14.4,12.8,15.5,1.4177446878757816
Madhya Pradesh_23.7486_75.4747,18.799999999999997,12.2,25.4,9.333809511662425
Madhya Pradesh_23.7486_80.5769,9.425,8.0,11.7,1.6070158679988198
Madhya Pradesh_23.7528_75.5472,23.799999999999997,11.2,39.4,13.005639802280648
Madhya Pradesh_23.7561_81.3611,9.6,5.6,11.6,3.4641016151377544
Madhya Pradesh_23.7578_75.5297,20.633333333333333,19.5,22.7,1.7925772879664996
Madhya Pradesh_23.7597_81.1172,3.8333333333333335,2.3,5.2,1.4571661996262932
Madhya Pradesh_23.7617_77.775,5.133333333333333,4.1,5.8,0.9073771725877466
Madhya Pradesh_23.7717_77.6092,10.8,10.6,11.0,0.23094010767585085
Madhya Pradesh_23.7728_76.0444,11.633333333333333,10.5,13.6,1.7097758137642876
Madhya Pradesh_23.7739_81.0356,6.8999999999999995,6.1,7.5,0.7211102550927981
Madhya Pradesh_23.7747_75.1089,3.1,2.7,3.5,0.5656854249492379
Madhya Pradesh_23.775_75.1083,4.066666666666667,2.2,6.9,2.4946609656090217
Madhya Pradesh_23.775_76.6319,4.5,3.9,5.3,0.632455532033676
Madhya Pradesh_23.7772_78.1856,8.833333333333334,8.3,9.4,0.55075705472861
Madhya Pradesh_23.7867_81.6161,7.959999999999999,6.9,9.3,1.2280065146407004
Madhya Pradesh_23.7878_75.8061,7.366666666666667,6.0,8.2,1.1930353445448858
Madhya Pradesh_23.7944_77.2564,6.533333333333334,6.4,6.6,0.11547005383792475
Madhya Pradesh_23.7958_77.5306,8.9,8.2,9.5,0.6976149845485452
Madhya Pradesh_23.7972_80.83,9.9,8.3,10.7,1.385640646055101
Madhya Pradesh_23.7975_78.5608,7.3,7.1,7.5,0.2828427124746193
Madhya Pradesh_23.7992_76.9847,10.299999999999999,9.2,11.6,1.2124355652982146
Madhya Pradesh_23.8061_78.6381,3.8666666666666667,3.1,4.8,0.8621678104251707
Madhya Pradesh_23.8067_78.1236,8.233333333333333,7.1,10.2,1.7097758137642878
Madhya Pradesh_23.8083_81.3881,8.459999999999999,7.8,9.1,0.6107372593840985
Madhya Pradesh_23.8111_77.5422,9.875,7.3,11.3,1.8409689477736082
Madhya Pradesh_23.8194_75.8003,17.733333333333334,15.6,19.8,2.100793500878498
Madhya Pradesh_23.8217_80.4986,7.966666666666666,7.1,9.6,1.415391583037476
Madhya Pradesh_23.8228_79.4367,1.7833333333333332,1.2,2.4,0.5192943930629973
Madhya Pradesh_23.8269_80.6217,13.95,12.5,15.1,1.0878112581387143
Madhya Pradesh_23.8283_79.4361,1.8,1.3,2.2,0.3286335345030997
Madhya Pradesh_23.8306_80.3986,4.166666666666667,3.5,5.0,0.7637626158259734
Madhya Pradesh_23.8306_80.4228,14.9,10.5,17.6,3.060501048303475
Madhya Pradesh_23.8336_76.5256,9.25,7.1,11.5,2.374166520416516
Madhya Pradesh_23.8361_76.2444,5.533333333333334,0.9,8.9,4.147690120215508
Madhya Pradesh_23.8361_76.9497,11.466666666666667,10.2,13.0,1.4189197769195179
Madhya Pradesh_23.8506_80.5567,12.55,10.1,15.4,2.239791656977645
Madhya Pradesh_23.8525_76.1042,10.133333333333333,8.9,11.9,1.569500982265807
Madhya Pradesh_23.8556_81.4939,11.5,9.1,13.4,1.6462077633154328
Madhya Pradesh_23.8619_80.6986,7.85,5.7,10.9,2.1870832936432336
Madhya Pradesh_23.8631_77.9244,6.725,6.4,7.1,0.37749172176353707
Madhya Pradesh_23.8639_75.1033,5.35,2.4,8.7,2.673948391424187
Madhya Pradesh_23.8694_81.0047,12.66,10.0,14.3,1.7271363582531636
Madhya Pradesh_23.8703_77.2483,7.5,6.9,8.1,0.8485281374238566
Madhya Pradesh_23.8828_76.6186,7.4,3.3,12.9,4.054626986542659
Madhya Pradesh_23.8842_75.0264,13.100000000000001,11.9,14.3,1.697056274847715
Madhya Pradesh_23.8917_80.4681,6.966666666666666,6.4,7.8,0.7371114795831991
Madhya Pradesh_23.8947_79.1958,9.475,3.2,13.2,4.341562698691183
Madhya Pradesh_23.8972_79.5667,7.35,6.3,8.0,0.8185352771872452
Madhya Pradesh_23.8972_82.5028,8.299999999999999,7.1,9.2,1.0816653826391964
Madhya Pradesh_23.9008_78.055,10.325,9.5,11.6,0.8995369179009093
Madhya Pradesh_23.9014_79.9228,6.5,5.9,7.1,0.8485281374238566
Madhya Pradesh_23.9017_80.8106,11.25,7.6,15.4,3.75011110946507
Madhya Pradesh_23.9028_80.2514,5.925,4.5,7.7,1.4930394055974097
Madhya Pradesh_23.9036_79.9519,4.733333333333333,3.7,6.0,1.1676186592091327
Madhya Pradesh_23.9094_80.1419,5.366666666666667,3.9,6.2,1.2741009902410927
Madhya Pradesh_23.9106_76.9083,6.025,3.9,8.1,1.9551214796017151
Madhya Pradesh_23.9108_77.2639,5.88,4.4,6.5,0.8408329203831162
Madhya Pradesh_23.9133_76.9167,12.275,11.3,12.9,0.7410578025138581
Madhya Pradesh_23.9133_77.9997,6.15,5.0,7.2,1.0246950765959602
Madhya Pradesh_23.9256_79.815,3.175,1.8,3.8,0.9251126057585279
Madhya Pradesh_23.925_75.0989,6.95,3.5,12.5,3.9238586450924386
Madhya Pradesh_23.9283_81.3667,7.18,3.9,8.9,1.9214577799160717
Madhya Pradesh_23.9292_79.4694,6.425,2.4,9.3,2.8952547383606855
Madhya Pradesh_23.9361_80.8144,11.700000000000001,11.1,12.8,0.9539392014169462
Madhya Pradesh_23.9372_79.0214,9.65,7.7,11.8,1.6822603841260728
Madhya Pradesh_23.9419_76.955,16.7,12.1,19.6,3.6249137920783725
Madhya Pradesh_23.9456_82.485,5.8500000000000005,3.2,9.5,2.525668228410058
Madhya Pradesh_23.9553_80.9264,4.76,2.9,7.3,1.8649396773086253
Madhya Pradesh_23.955_75.1,28.875,22.3,38.1,6.674516212180976
Madhya Pradesh_23.955_79.4044,2.65,2.5,2.8,0.21213203435596414
Madhya Pradesh_23.9789_77.8508,0.85,0.3,1.4,0.4509249752822895
Madhya Pradesh_23.9792_80.3147,5.766666666666667,5.3,6.7,0.8082903768654762
Madhya Pradesh_23.9817_75.1033,5.9,3.6,10.4,3.062678566222711
Madhya Pradesh_23.9864_76.8161,8.575,7.2,11.2,1.8409689477736078
Madhya Pradesh_23.9867_81.7086,4.016666666666667,3.7,4.3,0.21369760566432802
Madhya Pradesh_23.9878_79.9506,5.366666666666667,4.8,5.9,0.5507570547286106
Madhya Pradesh_23.9956_77.1378,7.125,5.3,9.7,1.9737865470545015
Madhya Pradesh_24.0011_82.1058,4.266666666666667,3.4,5.0,0.6742897497861488
Madhya Pradesh_24.0042_80.4258,9.200000000000001,6.7,13.3,3.579106033634656
Madhya Pradesh_24.0061_76.9433,7.6,5.2,10.0,3.3941125496954285
Madhya Pradesh_24.0067_79.5169,3.2999999999999994,2.3,4.1,0.9165151389911679
Madhya Pradesh_24.0086_76.7414,12.65,10.9,17.1,2.9771350881902117
Madhya Pradesh_24.0111_82.4717,7.483333333333333,3.9,10.8,2.664144640718042
Madhya Pradesh_24.0125_75.3494,3.033333333333333,1.9,4.3,1.2055427546683415
Madhya Pradesh_24.0133_75.3478,4.3,2.5,6.9,2.3065125189341593
Madhya Pradesh_24.0144_75.0833,9.166666666666666,5.7,12.8,3.5529330606322063
Madhya Pradesh_24.0183_79.0494,8.05,5.1,10.0,2.092048437935094
Madhya Pradesh_24.0222_75.2569,14.466666666666667,13.5,16.4,1.674315780649914
Madhya Pradesh_24.0253_75.445,9.666666666666666,5.9,11.6,3.2624121954978853
Madhya Pradesh_24.0317_75.1981,15.299999999999999,9.1,19.6,5.501817881391569
Madhya Pradesh_24.035_80.4558,4.833333333333333,4.1,5.9,0.9451631252505219
Madhya Pradesh_24.0397_82.2039,5.1000000000000005,4.0,6.6,1.1224972160321824
Madhya Pradesh_24.0397_82.3178,6.116666666666667,5.5,7.1,0.6968978882638882
Madhya Pradesh_24.0403_79.1542,10.525,7.9,12.7,2.1546461426415235
Madhya Pradesh_24.0417_75.1833,19.433333333333334,15.4,23.4,4.000416644967538
Madhya Pradesh_24.0417_82.2056,5.3500000000000005,3.5,7.0,1.554027026792005
Madhya Pradesh_24.0425_76.5792,1.6,0.9,2.1,0.5033222956847166
Madhya Pradesh_24.0456_78.9672,2.45,2.3,2.6,0.1290994448735806
Madhya Pradesh_24.045_81.9222,8.185714285714285,6.3,9.3,1.004039460427347
Madhya Pradesh_24.0469_81.9467,7.371428571428572,4.7,10.8,2.0155349047786184
Madhya Pradesh_24.0472_82.2558,6.2,5.9,6.6,0.2529822128134702
Madhya Pradesh_24.0497_78.7458,5.65,5.2,6.1,0.6363961030678927
Madhya Pradesh_24.04_82.0414,5.783333333333334,4.1,9.0,1.7151287609583912
Madhya Pradesh_24.0528_75.0842,9.799999999999999,6.2,15.7,5.150728103870364
Madhya Pradesh_24.0575_75.0994,3.9000000000000004,2.6,5.9,1.7578395831246951
Madhya Pradesh_24.0575_77.4072,9.125,7.8,10.6,1.147097787171318
Madhya Pradesh_24.05_75.4897,6.8,4.6,9.5,2.487971060924946
Madhya Pradesh_24.0611_77.2575,9.225,8.2,10.0,0.8341662504161471
Madhya Pradesh_24.0619_77.2931,6.675,6.1,7.2,0.4500000000000004
Madhya Pradesh_24.0656_79.6397,5.675,3.0,7.1,1.86793111935817
Madhya Pradesh_24.0769_75.6425,9.700000000000001,9.5,10.0,0.26457513110645847
Madhya Pradesh_24.0775_81.9628,8.35,7.8,8.9,0.4654746681256319
Madhya Pradesh_24.07_77.5172,19.5,19.2,19.8,0.4242640687119295
Madhya Pradesh_24.0806_79.9653,3.9,2.8,5.2,1.016530045465127
Madhya Pradesh_24.0878_81.9303,3.825,3.2,5.0,0.8015609770940697
Madhya Pradesh_24.0892_82.5575,5.7,4.8,8.0,1.319090595827292
Madhya Pradesh_24.08_76.155,7.633333333333333,6.8,8.7,0.9712534856222307
Madhya Pradesh_24.0981_81.4314,4.08,1.5,6.7,2.2320394261750844
Madhya Pradesh_24.1014_81.8192,5.728571428571429,3.6,8.5,1.827306109836997
Madhya Pradesh_24.1017_81.8478,3.2285714285714286,2.0,6.7,1.6610381148690176
Madhya Pradesh_24.1039_80.5764,8.466666666666667,8.3,8.7,0.20816659994661305
Madhya Pradesh_24.1156_81.75,12.35,11.8,12.9,0.4932882862316246
Madhya Pradesh_24.1203_81.9342,8.183333333333334,6.9,11.6,1.7486185023230956
Madhya Pradesh_24.1219_80.2611,3.733333333333333,3.0,4.7,0.8736894948054105
Madhya Pradesh_24.125_78.0433,8.5,7.3,9.4,0.9831920802501752
Madhya Pradesh_24.1261_78.0389,13.425,10.2,19.9,4.388906469725687
Madhya Pradesh_24.1264_80.8681,7.433333333333334,6.1,9.8,2.0550750189064475
Madhya Pradesh_24.12_81.63,6.9,5.5,8.7,1.058300524425836
Madhya Pradesh_24.1328_81.5522,3.057142857142857,2.4,4.2,0.7114706432386906
Madhya Pradesh_24.1342_79.0167,6.38,5.6,8.1,1.0568822072492279
Madhya Pradesh_24.1356_77.01,9.375,7.0,12.1,2.510478042126638
Madhya Pradesh_24.1467_81.4883,13.5375,12.8,14.9,0.6610327417868844
Madhya Pradesh_24.1472_76.1603,8.566666666666668,6.9,9.5,1.4468356276140466
Madhya Pradesh_24.1472_80.6317,6.7,6.0,7.5,0.7549834435270751
Madhya Pradesh_24.1483_75.0292,11.4,5.9,17.9,6.0621778264910695
Madhya Pradesh_24.1556_82.4856,3.8333333333333335,3.5,4.1,0.30550504633038916
Madhya Pradesh_24.1572_80.9383,5.066666666666666,4.4,5.8,0.7023769168568488
Madhya Pradesh_24.1619_81.8625,4.642857142857143,4.2,5.4,0.4577377082170635
Madhya Pradesh_24.1653_78.1911,16.85,14.2,19.5,3.747665940288701
Madhya Pradesh_24.1658_80.8208,7.6,7.4,7.8,0.28284271247461834
Madhya Pradesh_24.1667_77.4425,6.525,6.1,7.0,0.4425306015783916
Madhya Pradesh_24.175_79.6708,7.675,6.8,8.0,0.5852349955359812
Madhya Pradesh_24.1858_81.6558,9.0875,7.1,11.7,1.4884675724669696
Madhya Pradesh_24.1878_77.0322,5.82,4.0,7.0,1.17983049630021
Madhya Pradesh_24.1883_76.1744,9.666666666666666,6.6,11.6,2.6857649437978246
Madhya Pradesh_24.1906_79.9661,6.55,3.2,9.9,3.04904356588532
Madhya Pradesh_24.1914_75.64,4.666666666666667,3.3,6.4,1.5821925715074425
Madhya Pradesh_24.1925_75.5,9.299999999999999,8.9,10.0,0.6082762530298211
Madhya Pradesh_24.1944_80.9969,7.3999999999999995,6.6,8.5,0.9848857801796106
Madhya Pradesh_24.1964_75.0083,6.8,3.3,10.8,3.7749172176353754
Madhya Pradesh_24.1964_82.4558,9.540000000000001,7.0,11.8,1.443144714388224
Madhya Pradesh_24.1994_79.3261,9.35,8.2,9.7,0.5822370651203858
Madhya Pradesh_24.19_75.63,3.966666666666667,2.4,5.7,1.656301099840646
Madhya Pradesh_24.19_81.4833,13.3375,12.3,14.6,0.6906260100186531
Madhya Pradesh_24.2006_75.0106,6.833333333333333,5.3,9.4,2.2368132093076825
Madhya Pradesh_24.2117_77.1967,11.94,10.9,12.2,0.581377674149945
Madhya Pradesh_24.2194_75.5219,8.466666666666667,7.8,8.9,0.5859465277082313
Madhya Pradesh_24.2303_81.1828,6.166666666666667,4.7,7.9,1.6165807537309524
Madhya Pradesh_24.2356_79.8269,3.55,2.5,4.2,0.7593857166596344
Madhya Pradesh_24.2375_81.035,10.4,9.7,11.7,1.1269427669584644
Madhya Pradesh_24.2375_81.7383,5.971428571428571,3.7,8.5,1.7094972806006306
Madhya Pradesh_24.2386_82.3772,4.279999999999999,3.2,5.1,0.8043631020876082
Madhya Pradesh_24.2458_80.0689,6.95,6.1,7.9,0.9848857801796109
Madhya Pradesh_24.2486_79.2872,11.266666666666666,4.8,13.7,3.3422547279743156
Madhya Pradesh_24.2597_80.7644,5.114285714285714,3.1,7.4,1.485966095876766
Madhya Pradesh_24.2642_81.2028,8.1,6.9,9.1,1.1135528725660042
Madhya Pradesh_24.2647_80.1653,16.675,15.6,17.5,0.7889866919029744
Madhya Pradesh_24.2658_79.9,14.9,13.1,17.9,2.2330845632592293
Madhya Pradesh_24.2667_75.0539,6.433333333333334,2.7,10.7,4.026578365477732
Madhya Pradesh_24.2678_82.3425,9.139999999999999,8.2,9.7,0.6268971207462992
Madhya Pradesh_24.2686_79.9,8.4,7.9,8.6,0.33665016461206987
Madhya Pradesh_24.26_80.7611,3.025,2.4,3.5,0.4645786621588785
Madhya Pradesh_24.2717_75.0533,5.8999999999999995,2.7,9.0,3.151190251317746
Madhya Pradesh_24.275_81.9019,4.0285714285714285,3.4,4.6,0.4423960733486291
Madhya Pradesh_24.2772_80.8411,6.0,5.2,6.8,1.1313708498984758
Madhya Pradesh_24.2781_74.9911,7.033333333333334,4.5,8.9,2.274496281230931
Madhya Pradesh_24.285_74.9867,3.1,1.3,4.9,2.5455844122715714
Madhya Pradesh_24.2886_81.7875,7.8374999999999995,7.0,8.7,0.5705573715987851
Madhya Pradesh_24.2947_79.2272,2.733333333333333,1.0,4.4,1.2127104628338403
Madhya Pradesh_24.3075_77.4483,10.5,9.7,11.2,0.7549834435270745
Madhya Pradesh_24.3094_77.1589,10.14,8.6,12.4,1.6149303390549083
Madhya Pradesh_24.3144_80.9756,12.466666666666667,7.7,19.9,5.0034654657213995
Madhya Pradesh_24.3189_82.3042,15.030000000000001,13.4,17.1,0.9569047322835577
Madhya Pradesh_24.3247_77.1033,16.7,15.5,19.2,1.6990193249832877
Madhya Pradesh_24.3297_77.1033,6.966666666666666,6.9,7.1,0.11547005383792475
Madhya Pradesh_24.3311_81.3792,6.279999999999999,5.2,6.9,0.7529940238806679
Madhya Pradesh_24.3333_75.6547,4.433333333333334,3.7,5.5,0.9451631252505213
Madhya Pradesh_24.3417_77.9692,12.84,11.6,14.0,0.9423375191511801
Madhya Pradesh_24.3431_81.4808,11.05,7.4,14.8,2.93986016296316
Madhya Pradesh_24.3503_80.6158,6.9,5.9,7.8,0.8602325267042625
Madhya Pradesh_24.3528_81.0389,6.633333333333333,3.0,9.2,3.234707611722168
Madhya Pradesh_24.3533_81.8258,7.9,6.8,8.8,0.6117889458675388
Madhya Pradesh_24.3617_77.1211,9.76,6.8,13.1,2.520515820224106
Madhya Pradesh_24.3617_80.7811,8.666666666666666,7.3,9.9,1.3051181300301269
Madhya Pradesh_24.3625_74.9414,7.6000000000000005,1.4,13.8,8.76812408671319
Madhya Pradesh_24.3656_77.8747,1.625,1.4,1.9,0.20615528128088298
Madhya Pradesh_24.3708_81.3069,5.0,4.4,6.2,0.8485281374238569
Madhya Pradesh_24.3722_75.3572,6.1000000000000005,4.0,7.8,1.9313207915827966
Madhya Pradesh_24.3833_82.2597,5.98,4.4,8.4,1.5658863304850708
Madhya Pradesh_24.385_77.4144,15.52,13.7,17.1,1.5073154945133425
Madhya Pradesh_24.3883_80.9167,4.575,3.0,6.3,1.768945071692919
Madhya Pradesh_24.3917_80.5472,9.7,9.0,10.5,0.6271629240742262
Madhya Pradesh_24.3947_82.2439,15.3,14.4,16.0,0.5916079783099615
Madhya Pradesh_24.3964_81.7547,8.171428571428573,3.9,11.7,3.08583553553668
Madhya Pradesh_24.4028_81.8875,8.116666666666667,7.9,8.4,0.19407902170679522
Madhya Pradesh_24.4031_78.1094,4.275,3.1,5.0,0.8180260794538684
Madhya Pradesh_24.4061_81.9769,6.333333333333333,5.0,8.4,1.1826523862347156
Madhya Pradesh_24.4086_76.9997,11.933333333333332,7.6,14.9,3.8370995990895698
Madhya Pradesh_24.4133_80.4025,1.7000000000000002,1.3,2.2,0.4582575694955841
Madhya Pradesh_24.4153_81.8875,8.82,8.3,9.7,0.580517010947999
Madhya Pradesh_24.4194_77.2781,8.22,5.6,10.4,1.779606698121807
Madhya Pradesh_24.4194_82.0375,4.6000000000000005,2.6,7.6,2.172556098240043
Madhya Pradesh_24.4214_80.0339,8.45,8.4,8.5,0.07071067811865388
Madhya Pradesh_24.4233_81.2472,8.775,8.4,9.1,0.2872281323269008
Madhya Pradesh_24.4242_75.32,7.7,4.6,11.4,3.439476704383968
Madhya Pradesh_24.425_81.3083,8.85,7.3,10.4,1.4433756729740645
Madhya Pradesh_24.425_81.6733,4.4,4.1,4.7,0.42426406871192857
Madhya Pradesh_24.4297_77.8164,8.08,6.1,9.1,1.2255610959882823
Madhya Pradesh_24.4314_75.6847,5.5,4.0,7.3,1.6703293088490068
Madhya Pradesh_24.4322_82.0986,8.6,6.7,11.6,2.0260799589354805
Madhya Pradesh_24.4383_77.3783,4.96,4.8,5.3,0.1949358868961791
Madhya Pradesh_24.4439_81.1181,4.066666666666666,3.2,4.9,0.8504900548115385
Madhya Pradesh_24.4444_80.7792,2.8333333333333335,2.4,3.1,0.3785938897200183
Madhya Pradesh_24.4467_82.1708,13.180000000000001,11.3,17.2,2.3080294625502504
Madhya Pradesh_24.4506_80.4608,4.425,2.3,6.4,1.864358692240668
Madhya Pradesh_24.4522_75.0631,1.65,0.8,2.5,1.2020815280171309
Madhya Pradesh_24.4531_78.1,2.5,2.2,2.7,0.264575131106459
Madhya Pradesh_24.4536_74.8739,3.766666666666667,2.5,5.1,1.3012814197295421
Madhya Pradesh_24.4583_81.7917,16.733333333333334,14.6,18.4,1.942506971244461
Madhya Pradesh_24.4619_75.4411,3.9,3.1,4.7,0.8000000000000002
Madhya Pradesh_24.4622_74.9322,7.400000000000001,2.6,9.8,4.156921938165306
Madhya Pradesh_24.4628_80.2514,2.925,2.0,4.1,0.9032349269892818
Madhya Pradesh_24.4667_75.3308,2.8000000000000003,0.9,4.7,1.9
Madhya Pradesh_24.4667_75.4333,3.0,2.0,3.5,0.8660254037844386
Madhya Pradesh_24.4706_75.1439,6.5,3.2,10.7,3.8301436004411107
Madhya Pradesh_24.4717_80.7592,4.35,3.3,6.6,1.5154757228892406
Madhya Pradesh_24.4717_81.3781,4.166666666666667,3.3,5.8,0.9709102258533825
Madhya Pradesh_24.4742_75.6881,4.1,3.2,5.0,1.2727922061357857
Madhya Pradesh_24.4767_75.145,5.8,2.6,8.2,2.884441020371191
Madhya Pradesh_24.4775_79.275,4.583333333333333,3.6,5.7,0.8565434412022935
Madhya Pradesh_24.4814_79.7231,4.8,3.0,8.8,2.353720459187964
Madhya Pradesh_24.4817_75.2617,6.7,2.6,12.8,5.386093203798093
Madhya Pradesh_24.485_81.8903,7.540000000000001,5.3,8.5,1.2973048986263795
Madhya Pradesh_24.4867_74.8567,9.766666666666667,3.6,20.5,9.32970167440167
Madhya Pradesh_24.4867_75.4642,6.65,5.3,8.0,1.909188309203678
Madhya Pradesh_24.4869_81.195,5.175000000000001,2.8,8.4,2.3386249521175193
Madhya Pradesh_24.48_75.2233,13.466666666666667,4.1,21.5,8.776293826743343
Madhya Pradesh_24.48_75.2681,4.3,4.1,4.5,0.2828427124746193
Madhya Pradesh_24.4919_80.8578,9.15,8.3,10.2,0.7937253933193767
Madhya Pradesh_24.4986_80.5042,4.05,3.8,4.5,0.31091263510296074
Madhya Pradesh_24.5083_81.9917,9.725,8.7,11.4,1.2632629707758136
Madhya Pradesh_24.5089_75.7444,4.366666666666666,3.3,6.2,1.594783161854092
Madhya Pradesh_24.5089_79.0911,5.22,2.1,7.0,2.3026072179162473
Madhya Pradesh_24.5117_75.7494,3.133333333333333,2.3,4.6,1.2741009902410927
Madhya Pradesh_24.5219_81.3897,9.957142857142857,7.5,11.4,1.512015369032496
Madhya Pradesh_24.5289_78.1017,7.2,4.9,9.3,1.7175564037317668
Madhya Pradesh_24.5311_77.3356,7.459999999999999,7.1,8.5,0.5941380311005179
Madhya Pradesh_24.5331_80.0889,8.65,7.3,10.0,1.9091883092036788
Madhya Pradesh_24.5403_80.6544,9.65,8.5,11.3,1.3478377746103822
Madhya Pradesh_24.5439_81.3031,7.728571428571429,6.6,9.1,0.9250482612892613
Madhya Pradesh_24.5469_79.2528,4.1,2.8,5.8,1.011928851253881
Madhya Pradesh_24.5472_82.1308,15.222222222222221,13.1,18.6,2.179322014857935
Madhya Pradesh_24.5481_74.9361,6.433333333333334,0.8,15.3,7.771958140220091
Madhya Pradesh_24.5517_74.77,3.4333333333333336,0.9,6.0,2.550163393458022
Madhya Pradesh_24.5528_81.77,8.516666666666667,6.5,10.7,1.5158056163857776
Madhya Pradesh_24.5531_80.6208,5.15,5.0,5.3,0.21213203435596445
Madhya Pradesh_24.5533_75.45,6.8,6.3,7.3,0.7071067811865476
Madhya Pradesh_24.5542_75.4567,3.5666666666666664,1.5,7.2,3.1564748269760257
Madhya Pradesh_24.5594_78.0881,8.475,5.4,9.5,2.05
Madhya Pradesh_24.5611_74.7764,2.4333333333333336,1.1,4.0,1.4640127503998497
Madhya Pradesh_24.5611_75.3694,12.466666666666667,6.4,16.2,5.3003144560802555
Madhya Pradesh_24.5614_75.8675,6.7,3.8,9.8,3.0049958402633443
Madhya Pradesh_24.5617_82.2392,10.299999999999999,8.2,11.8,1.8734993995195195
Madhya Pradesh_24.5622_79.5328,14.116666666666667,10.3,17.5,2.7191297627488584
Madhya Pradesh_24.5633_77.7242,9.975,7.4,12.1,1.9362764954072715
Madhya Pradesh_24.5681_80.8319,7.425,7.0,7.9,0.44253060157839197
Madhya Pradesh_24.5706_77.8056,9.75,7.7,11.6,1.638088316707415
Madhya Pradesh_24.5717_80.5778,7.949999999999999,7.8,8.1,0.12909944487358024
Madhya Pradesh_24.5719_79.0219,10.985714285714284,8.1,12.1,1.582643960201379
Madhya Pradesh_24.5764_80.6842,8.775,8.1,9.8,0.7274384280931738
Madhya Pradesh_24.5783_81.4367,10.271428571428572,8.9,13.1,1.494115441450543
Madhya Pradesh_24.5881_79.6097,10.549999999999999,8.8,12.1,1.2817956155331474
Madhya Pradesh_24.5992_75.6892,9.366666666666667,3.7,13.0,4.972256362390553
Madhya Pradesh_24.5_81.5006,10.16,3.2,13.3,3.9991249042759343
Madhya Pradesh_24.6011_81.3564,9.885714285714286,7.1,12.0,1.872990987190072
Madhya Pradesh_24.6122_77.2586,6.2,5.2,9.2,1.7073371078963868
Madhya Pradesh_24.6133_74.9264,11.0,6.3,15.2,4.471017781221631
Madhya Pradesh_24.6133_79.6692,6.766666666666667,4.3,9.5,2.1172308959267214
Madhya Pradesh_24.6136_74.9264,13.5,8.0,19.6,5.823229344616268
Madhya Pradesh_24.6147_77.7311,1.86,1.1,3.0,0.7300684899377592
Madhya Pradesh_24.6194_80.1322,3.9333333333333336,3.1,4.7,0.8020806277010643
Madhya Pradesh_24.6222_75.0,4.7,4.5,5.1,0.34641016151377535
Madhya Pradesh_24.6236_80.3456,4.05,3.9,4.2,0.21213203435596428
Madhya Pradesh_24.6278_77.1842,3.3200000000000003,2.8,4.1,0.4868264577855233
Madhya Pradesh_24.6278_77.5633,10.875,8.7,12.4,1.5585784121008053
Madhya Pradesh_24.62_77.59,3.0,2.4,3.6,0.49665548085837813
Madhya Pradesh_24.6394_79.4817,13.183333333333332,4.7,23.2,7.403172947930481
Madhya Pradesh_24.645_81.5433,14.485714285714286,10.1,18.8,4.084290461197463
Madhya Pradesh_24.6503_77.3639,3.2,2.7,4.1,0.5338539126015653
Madhya Pradesh_24.6503_79.4981,9.366666666666667,5.7,11.2,2.1896727304934562
Madhya Pradesh_24.6539_77.4356,12.55,9.2,14.0,2.25166604983954
Madhya Pradesh_24.6622_80.2547,7.425,4.0,10.7,2.8802488318430637
Madhya Pradesh_24.6706_80.7867,7.2,6.8,7.5,0.2943920288775952
Madhya Pradesh_24.6725_81.6367,11.375,7.3,20.9,6.385073740111908
Madhya Pradesh_24.6739_75.0411,8.799999999999999,1.5,14.8,6.744627491566899
Madhya Pradesh_24.675_81.8889,6.05,4.3,7.3,0.9942692937888752
Madhya Pradesh_24.6819_81.7147,6.057142857142857,1.5,10.2,3.295884880097777
Madhya Pradesh_24.6908_77.1239,5.08,4.9,5.4,0.21679483388678802
Madhya Pradesh_24.6925_79.3689,8.433333333333332,4.8,10.9,2.3762715894162154
Madhya Pradesh_24.6975_78.7983,4.720000000000001,3.3,7.2,1.5188811671753655
Madhya Pradesh_24.7089_81.9925,7.742857142857143,3.4,12.8,3.702187255689598
Madhya Pradesh_24.7117_78.1358,6.14,5.1,6.5,0.5941380311005179
Madhya Pradesh_24.71_82.1092,7.285714285714286,5.5,8.2,0.9299257522845064
Madhya Pradesh_24.7222_80.1017,6.2,3.5,7.6,1.8885620632287057
Madhya Pradesh_24.7283_81.4089,4.442857142857143,1.8,8.4,1.9965446341593462
Madhya Pradesh_24.7294_80.0106,4.875,4.3,5.1,0.38622100754188216
Madhya Pradesh_24.7356_77.7894,11.05,10.3,11.5,0.544671154612273
Madhya Pradesh_24.7397_78.0014,5.5600000000000005,4.9,6.0,0.4159326868617081
Madhya Pradesh_24.7414_82.0456,9.0375,5.4,11.1,1.9434413512412168
Madhya Pradesh_24.7439_78.8381,7.242857142857143,5.0,10.7,1.8981193700231664
Madhya Pradesh_24.7472_80.7767,6.15,5.5,7.3,0.7895146188218006
Madhya Pradesh_24.7514_81.5958,10.040000000000001,7.8,12.3,1.59311016568221
Madhya Pradesh_24.755_77.9211,8.85,8.5,9.3,0.34156502553198675
Madhya Pradesh_24.7561_79.05,4.271428571428571,1.1,9.4,3.256641565434287
Madhya Pradesh_24.7569_78.8347,5.442857142857143,4.0,7.3,1.1443442705426585
Madhya Pradesh_24.75_81.8861,5.220000000000001,3.9,7.2,1.2794530081249564
Madhya Pradesh_24.7625_77.8583,3.22,2.4,4.5,0.8642916174532758
Madhya Pradesh_24.7706_77.1675,5.25,4.0,6.5,1.7677669529663689
Madhya Pradesh_24.7769_82.0833,7.616666666666667,4.0,9.5,2.0913313144183223
Madhya Pradesh_24.7811_77.8033,8.925,8.0,9.5,0.6898067362191624
Madhya Pradesh_24.7867_81.775,8.125,4.4,11.6,2.9542946946533863
Madhya Pradesh_24.7944_78.9283,5.114285714285714,2.3,7.5,2.1090507907813034
Madhya Pradesh_24.7975_80.9697,12.5,9.5,15.0,2.9154759474226504
Madhya Pradesh_24.7978_79.4772,8.583333333333334,2.7,11.1,3.1473269081343727
Madhya Pradesh_24.8106_75.1089,9.766666666666666,7.1,12.5,2.7006172134038793
Madhya Pradesh_24.8156_81.645,6.642857142857143,5.0,8.3,1.3830607878387493
Madhya Pradesh_24.8206_81.0942,6.840000000000001,3.6,8.6,2.0610676844781204
Madhya Pradesh_24.82_75.1167,5.95,1.9,10.0,5.727564927611035
Madhya Pradesh_24.8339_81.3653,9.142857142857142,6.6,13.5,1.9708312520801532
Madhya Pradesh_24.8364_78.9972,10.428571428571429,5.8,13.6,2.9803323560269166
Madhya Pradesh_24.8383_75.14,10.4,1.5,24.2,12.117342943071305
Madhya Pradesh_24.8417_80.2669,4.5,4.1,5.2,0.48304589153964816
Madhya Pradesh_24.8422_77.88,9.625,8.3,10.6,1.1615363389350613
Madhya Pradesh_24.8481_74.9381,6.199999999999999,3.8,8.6,3.3941125496954276
Madhya Pradesh_24.8481_79.1706,4.185714285714286,2.7,5.9,1.1437199124327766
Madhya Pradesh_24.8528_77.1389,4.6,1.8,9.7,3.5279833710870387
Madhya Pradesh_24.8536_80.1786,6.55,5.4,8.2,1.2767145334803702
Madhya Pradesh_24.85_79.4808,9.166666666666666,7.1,12.2,1.7511900715418263
Madhya Pradesh_24.8619_79.3847,8.799999999999999,6.4,11.1,1.69941166289984
Madhya Pradesh_24.865_77.19,2.525,2.0,3.9,0.9215023964519389
Madhya Pradesh_24.8681_79.72,6.666666666666667,4.9,8.5,1.4109098719148103
Madhya Pradesh_24.8783_77.8283,15.12,11.3,17.9,2.5440125785852543
Madhya Pradesh_24.8858_78.1511,5.233333333333333,4.7,5.9,0.6110100926607788
Madhya Pradesh_24.9072_75.2111,6.5,3.2,11.5,4.4034077712608
Madhya Pradesh_24.9106_80.8133,5.225,4.4,7.3,1.3865424623862046
Madhya Pradesh_24.9139_80.7972,16.375,12.4,19.0,2.8052034982629457
Madhya Pradesh_24.9206_75.2306,8.4,3.4,15.5,6.317436188834834
Madhya Pradesh_24.92_78.8386,2.5285714285714285,1.3,4.7,1.2188988004400882
Madhya Pradesh_24.92_80.2253,11.575,9.8,13.8,1.6660832312142548
Madhya Pradesh_24.9322_79.5864,6.266666666666667,2.9,8.2,2.5966645271707063
Madhya Pradesh_24.9625_81.4917,17.93,16.0,19.6,1.0078028907810623
Madhya Pradesh_24.9678_75.2881,10.9,8.9,13.1,2.1071307505705477
Madhya Pradesh_24.9711_78.8394,6.3999999999999995,4.4,8.7,1.7776388834631176
Madhya Pradesh_24.9731_81.3911,18.771428571428572,16.8,20.3,1.4522560445898025
Madhya Pradesh_24.9747_77.5681,10.525,5.2,13.9,4.209809971958355
Madhya Pradesh_24.9783_80.7978,5.550000000000001,2.5,9.9,3.1395328739585877
Madhya Pradesh_24.9903_80.2675,7.966666666666666,6.1,10.1,2.0132891827388666
Madhya Pradesh_24.9922_78.2306,7.7,6.9,9.0,1.1357816691600546
Madhya Pradesh_24.9964_79.6514,5.466666666666666,4.7,6.6,0.6592925501373927
Madhya Pradesh_24.9_79.5911,7.933333333333334,5.9,9.7,1.5318833724101408
Madhya Pradesh_25.0031_79.0475,4.6571428571428575,2.7,7.2,1.862665780413601
Madhya Pradesh_25.0042_80.8,16.099999999999998,15.5,16.9,0.7211102550927967
Madhya Pradesh_25.0175_80.6861,8.125,5.9,12.3,2.9488698400121582
Madhya Pradesh_25.0236_79.225,6.257142857142857,4.5,7.8,1.1043205193800438
Madhya Pradesh_25.0236_79.2375,6.414285714285714,3.9,13.5,3.350337580716591
Madhya Pradesh_25.0267_79.7989,7.7,5.9,12.4,2.401666088364492
Madhya Pradesh_25.0303_81.3647,6.8875,4.2,9.5,1.9881344450083276
Madhya Pradesh_25.0717_78.8731,6.028571428571429,3.3,8.1,1.7055930402788406
Madhya Pradesh_25.0775_79.3333,5.742857142857143,3.9,6.9,1.111841030089498
Madhya Pradesh_25.0867_77.7928,11.566666666666668,8.0,17.9,5.499393905998489
Madhya Pradesh_25.1003_77.9303,8.433333333333334,7.6,9.9,1.2741009902410934
Madhya Pradesh_25.1103_80.7828,7.833333333333333,7.1,9.2,1.1846237095944567
Madhya Pradesh_25.1136_81.3019,7.314285714285715,4.0,12.0,2.4409209815344783
Madhya Pradesh_25.115_78.7917,4.628571428571428,2.2,8.5,2.305583285356286
Madhya Pradesh_25.1253_79.0944,9.657142857142857,5.4,11.5,2.130615828703948
Madhya Pradesh_25.1278_80.2439,4.616666666666666,3.7,6.1,0.9516652072376431
Madhya Pradesh_25.1333_78.2067,7.7,6.9,8.4,0.7549834435270747
Madhya Pradesh_25.1861_80.2872,2.183333333333333,1.6,2.8,0.4020779360604938
Madhya Pradesh_25.1964_78.6961,8.116666666666667,5.4,10.8,2.174779682327998
Madhya Pradesh_25.2061_78.7539,4.75,2.6,8.0,1.8939376969689368
Madhya Pradesh_25.2128_77.6056,16.25,12.2,21.6,4.337818191979312
Madhya Pradesh_25.2547_78.6733,6.671428571428572,4.3,12.1,2.8998357917384943
Madhya Pradesh_25.2683_80.1944,8.166666666666666,4.3,13.1,3.294642115111544
Madhya Pradesh_25.3447_78.8011,6.716666666666666,2.6,10.5,3.803375693599919
Madhya Pradesh_25.3458_78.8,9.414285714285715,3.4,17.7,5.876061201016821
Madhya Pradesh_25.3494_78.6411,8.557142857142859,6.7,10.0,1.1702665549026894
Madhya Pradesh_25.3514_78.6453,14.257142857142856,7.5,24.3,5.306240710351394
Madhya Pradesh_25.4222_78.0506,5.6000000000000005,3.5,6.7,1.8193405398660254
Madhya Pradesh_25.4225_78.0511,7.7,3.9,16.4,5.229244687332961
Madhya Pradesh_25.4528_78.1853,13.34,10.9,15.9,2.2210357943986407
Madhya Pradesh_25.4539_78.1364,9.14,7.9,9.9,0.9235799911215049
Madhya Pradesh_25.4722_78.3653,8.8,6.7,10.8,1.919635382045247
Madhya Pradesh_25.4725_78.3511,8.66,5.9,14.2,3.4282648672469866
Madhya Pradesh_25.4839_78.1225,10.2,5.4,13.1,3.400980250849255
Madhya Pradesh_25.4906_76.6558,6.56,3.9,9.0,1.9526904516589414
Madhya Pradesh_25.4931_77.0569,15.84,10.6,20.3,4.550604355467525
Madhya Pradesh_25.5222_77.1314,5.680000000000001,2.8,8.8,2.4529573987332105
Madhya Pradesh_25.5286_77.1992,15.625,14.5,16.4,0.8995369179009087
Madhya Pradesh_25.5344_76.945,5.220000000000001,4.5,6.0,0.5890670590009254
Madhya Pradesh_25.5458_76.6444,5.92,2.4,12.5,3.9429684249306383
Madhya Pradesh_25.5811_76.8786,9.98,2.3,20.6,6.986200684205974
Madhya Pradesh_25.585_76.665,11.633333333333333,6.7,16.4,4.852147290976782
Madhya Pradesh_25.6286_78.1033,11.775,9.8,15.1,2.440457607362466
Madhya Pradesh_25.6453_78.4594,8.25,1.9,15.1,4.8771918149689375
Madhya Pradesh_25.6508_77.8328,10.25,5.6,13.0,3.22335229225724
Madhya Pradesh_25.6642_76.6961,21.64,9.9,29.4,10.626052889008221
Madhya Pradesh_25.6647_78.1056,7.566666666666666,3.8,10.5,3.426854728950927
Madhya Pradesh_25.6706_76.5986,5.08,3.8,6.2,1.1388590782006351
Madhya Pradesh_25.6733_76.6147,24.839999999999996,20.6,25.9,2.370232056149776
Madhya Pradesh_25.6936_78.5811,4.3999999999999995,3.3,5.1,0.7999999999999998
Madhya Pradesh_25.6961_77.9325,4.45,4.0,4.8,0.36968455021364705
Madhya Pradesh_25.7097_78.6442,5.85,5.0,7.4,1.087811258138715
Madhya Pradesh_25.71_76.6808,24.06,15.4,29.5,6.674803367890324
Madhya Pradesh_25.7328_78.7431,9.0,4.9,14.0,3.876596445337069
Madhya Pradesh_25.7617_77.9289,8.2,7.1,10.5,1.559914527573012
Madhya Pradesh_25.7783_78.5006,8.116666666666667,5.0,10.3,1.9364056048944567
Madhya Pradesh_25.8189_78.1803,5.566666666666666,1.5,11.2,4.442371738910046
Madhya Pradesh_25.8219_77.9639,8.2,2.8,13.2,5.7827329179203835
Madhya Pradesh_25.825_78.5225,7.825,6.3,10.3,1.7231270024773762
Madhya Pradesh_25.8297_78.2444,5.466666666666668,1.9,8.8,3.3809268946054822
Madhya Pradesh_25.8433_77.9519,5.666666666666667,3.9,8.8,1.9304576314093682
Madhya Pradesh_25.8856_77.7697,10.14,8.1,12.9,1.8836135484753775
Madhya Pradesh_25.8911_78.3367,21.9,16.0,27.4,4.833218389437827
Madhya Pradesh_25.8917_77.5061,6.14,4.5,7.3,1.2581732790041285
Madhya Pradesh_25.8972_77.7772,2.6,1.6,4.0,0.8831760866327845
Madhya Pradesh_25.89_78.7956,14.933333333333335,12.9,18.7,2.4088724886690596
Madhya Pradesh_25.9094_78.5639,11.3,9.6,12.6,1.3285330255586427
Madhya Pradesh_25.9519_77.9308,5.216666666666666,4.5,6.1,0.5879342366852492
Madhya Pradesh_25.9533_76.9914,8.98,3.3,12.2,4.4499438198700885
Madhya Pradesh_25.9747_77.8314,2.983333333333333,1.7,4.3,0.8773064838850027
Madhya Pradesh_25.9847_78.2839,7.216666666666666,4.1,8.6,2.1544527534078504
Madhya Pradesh_25.9961_78.8792,4.6000000000000005,3.7,5.8,0.7924645102463579
Madhya Pradesh_26.0106_78.6567,8.766666666666667,5.3,15.2,3.645636661361999
Madhya Pradesh_26.0294_78.7972,11.233333333333334,8.2,20.6,4.647006204715749
Madhya Pradesh_26.0358_78.2558,10.733333333333334,7.4,14.0,3.15193062529407
Madhya Pradesh_26.0567_77.3644,10.620000000000001,7.8,12.8,1.814386948806676
Madhya Pradesh_26.05_77.9333,4.971428571428571,2.6,7.1,1.8089723470470604
Madhya Pradesh_26.0806_78.9031,12.766666666666666,11.2,13.9,0.9266426855410168
Madhya Pradesh_26.0811_77.0342,3.62,1.2,6.2,2.063249863685928
Madhya Pradesh_26.0864_78.7372,11.3,10.7,11.7,0.43204937989385783
Madhya Pradesh_26.1061_78.0269,12.78,8.9,15.0,2.3091123835794565
Madhya Pradesh_26.1178_78.0211,22.6,13.1,26.1,5.9930515321217355
Madhya Pradesh_26.1186_78.0658,31.71666666666667,22.0,39.3,6.7915879341039735
Madhya Pradesh_26.12_77.3058,7.475,1.7,10.6,3.9457783347099804
Madhya Pradesh_26.1492_78.7011,31.349999999999998,23.6,35.0,3.9818337484129085
Madhya Pradesh_26.1539_78.4328,13.928571428571429,10.0,19.0,3.7548698538095318
Madhya Pradesh_26.1589_77.1792,10.5,7.9,11.7,1.7378147196982763
Madhya Pradesh_26.1644_78.355,12.316666666666668,8.5,13.8,2.36001412425152
Madhya Pradesh_26.16_78.455,15.428571428571429,12.4,19.0,2.7656911647990667
Madhya Pradesh_26.1736_78.5428,16.228571428571428,2.3,20.9,6.578681297877837
Madhya Pradesh_26.1861_78.9472,13.383333333333335,2.3,29.3,9.499561393383733
Madhya Pradesh_26.2239_78.1944,32.88,28.8,40.3,4.383719881561775
Madhya Pradesh_26.2381_78.7811,3.3833333333333333,2.1,4.7,1.0361788777362078
Madhya Pradesh_26.27_78.6667,5.26,2.8,12.0,3.8023676834309432
Madhya Pradesh_26.2961_78.98,18.98,16.9,20.3,1.808867048735202
Madhya Pradesh_26.2_77.6392,4.45,2.3,9.2,2.4238399287081642
Madhya Pradesh_26.3444_78.4919,3.5142857142857147,1.4,5.6,1.6046064641406332
Madhya Pradesh_26.3553_78.6342,5.183333333333334,3.5,6.9,1.5393721663933861
Madhya Pradesh_26.3569_78.2903,23.54,15.6,31.6,5.8384929562345125
Madhya Pradesh_26.3683_78.4839,1.9142857142857144,0.6,3.8,1.1231333720571977
Madhya Pradesh_26.4053_77.6025,5.720000000000001,3.4,8.1,1.9382982226685346
Madhya Pradesh_26.4306_77.8767,16.166666666666668,11.9,18.4,2.349184255580362
Madhya Pradesh_26.4753_78.4783,6.557142857142857,3.6,9.1,1.8840179960721737
Madhya Pradesh_26.4978_78.6011,9.316666666666666,6.9,11.6,1.7792320440759446
Madhya Pradesh_26.5214_78.7306,23.866666666666664,10.4,30.4,10.124557603503803
Madhya Pradesh_26.5619_78.5297,5.425,2.4,9.8,3.6206583195141
Madhya Pradesh_26.5628_78.09,16.85,12.3,23.8,5.017635565350144
Madhya Pradesh_26.5989_78.5017,16.05,15.1,17.6,1.1150485789118496
Madhya Pradesh_26.6147_78.1447,27.61666666666667,21.2,30.1,3.813353729549185
Madhya Pradesh_26.6369_78.9417,28.633333333333336,24.6,34.9,4.892306885986064
Madhya Pradesh_26.6428_78.8794,26.883333333333336,22.8,35.1,4.240951151176662
Madhya Pradesh_26.6706_78.3686,26.32,16.0,28.9,5.769055381949457
Madhya Pradesh_26.6778_78.3803,30.88333333333333,22.3,39.4,9.329612353504654
Madhya Pradesh_26.7472_78.2375,28.866666666666664,22.2,30.2,3.265986323710904
Madhya Pradesh_26.75_78.6442,18.783333333333335,12.9,27.0,5.164268260525073
Maharashtra_17.0167_74.775,6.449999999999999,5.1,7.8,1.909188309203678
Maharashtra_17.1308_74.0339,3.75,3.4,4.1,0.4949747468305829
Maharashtra_17.1592_74.075,6.75,6.4,7.1,0.49497474683058273
Maharashtra_17.205_74.1469,6.6,3.8,9.4,3.9597979746446668
Maharashtra_17.3892_74.1156,3.0999999999999996,2.1,4.1,1.414213562373095
Maharashtra_17.4025_73.4042,3.25,3.1,3.4,0.21213203435596414
Maharashtra_17.4167_73.6667,4.75,4.5,5.0,0.3535533905932738
Maharashtra_17.4528_73.6264,8.2,8.1,8.3,0.14142135623730964
Maharashtra_17.4619_74.6181,7.05,4.6,9.5,3.464823227814083
Maharashtra_17.4653_73.4061,5.0,4.7,5.3,0.4242640687119283
Maharashtra_17.4833_73.35,5.199999999999999,5.1,5.3,0.14142135623730995
Maharashtra_17.4833_73.4669,1.2,0.9,1.5,0.42426406871192857
Maharashtra_17.4917_74.0361,1.4,1.0,1.8,0.565685424949238
Maharashtra_17.5089_74.2278,7.466666666666666,6.2,8.6,1.2055427546683415
Maharashtra_17.5333_73.5167,2.0999999999999996,1.9,2.3,0.2828427124746188
Maharashtra_17.5333_74.3333,8.533333333333333,7.2,9.7,1.2583057392117913
Maharashtra_17.5533_73.5081,3.266666666666667,3.1,3.4,0.15275252316519453
Maharashtra_17.5667_74.5167,7.75,5.3,10.2,3.4648232278140827
Maharashtra_17.59_73.1769,4.733333333333333,4.6,4.9,0.15275252316519494
Maharashtra_17.65_74.5167,7.3,6.5,7.8,0.6999999999999996
Maharashtra_17.6_74.2,7.033333333333334,6.6,7.5,0.4509249752822896
Maharashtra_17.7194_73.3928,2.4,2.3,2.5,0.10000000000000009
Maharashtra_17.7458_73.1833,9.266666666666667,8.8,9.9,0.5686240703077335
Maharashtra_17.7472_73.3542,2.6333333333333333,2.4,2.8,0.2081665999466134
Maharashtra_17.7564_73.2211,1.3333333333333333,1.2,1.6,0.2309401076758504
Maharashtra_17.75_73.2833,2.3000000000000003,2.2,2.5,0.17320508075688767
Maharashtra_17.7625_73.1917,8.133333333333333,7.4,9.1,0.87368949480541
Maharashtra_17.7667_73.4167,3.6333333333333333,3.3,3.9,0.3055050463303894
Maharashtra_17.7692_74.3308,6.833333333333333,5.3,8.5,1.6041612554021285
Maharashtra_17.7839_73.2386,6.066666666666667,5.9,6.4,0.2886751345948129
Maharashtra_17.7_73.3083,6.3,3.0,9.0,3.0446674695276656
Maharashtra_17.7_74.1833,5.125,3.1,6.4,1.558578412100805
Maharashtra_17.8333_73.7722,1.7333333333333332,0.9,2.8,0.9712534856222309
Maharashtra_17.8375_74.2694,0.5333333333333333,0.1,1.2,0.5859465277082315
Maharashtra_17.8603_73.2622,4.199999999999999,4.1,4.3,0.1414213562373093
Maharashtra_17.8889_73.4347,4.833333333333333,4.6,5.1,0.2516611478423583
Maharashtra_17.9133_74.0922,2.066666666666667,1.9,2.2,0.15275252316519472
Maharashtra_17.9_74.1333,16.1,14.9,18.3,1.9078784028338922
Maharashtra_18.0944_74.6111,5.1,3.9,6.3,1.6970562748477143
Maharashtra_18.1006_74.4806,5.75,5.5,6.0,0.3535533905932738
Maharashtra_18.1028_74.0833,5.133333333333334,0.9,7.9,3.723349746308199
Maharashtra_18.1361_74.2542,4.65,3.3,6.0,1.909188309203678
Maharashtra_18.15_73.975,8.333333333333334,6.5,10.5,2.02072594216369
Maharashtra_18.2472_74.5389,8.4,8.0,8.8,0.5656854249492386
Maharashtra_18.3333_73.85,7.550000000000001,7.2,7.9,0.49497474683058307
Maharashtra_18.6672_76.4217,7.7,3.5,10.7,3.7469987990390394
Maharashtra_18.7167_75.7,13.15,9.2,17.1,5.586143571373727
Maharashtra_18.7167_76.1333,8.149999999999999,8.1,8.2,0.07071067811865388
Maharashtra_18.7333_76.4,2.9333333333333336,2.2,4.2,1.1015141094572205
Maharashtra_18.7333_76.5167,11.233333333333333,4.3,20.4,8.279090127141588
Maharashtra_18.7333_76.6444,4.6000000000000005,2.5,6.2,1.9000000000000004
Maharashtra_18.7572_73.8431,5.3,5.0,5.6,0.4242640687119283
Maharashtra_18.7761_75.8464,12.15,8.2,16.1,5.586143571373727
Maharashtra_18.7947_76.1953,16.25,14.6,17.9,2.3334523779156053
Maharashtra_18.7989_76.1086,9.65,8.8,10.5,1.2020815280171302
Maharashtra_18.8333_76.4833,9.166666666666666,5.1,11.4,3.527510926040249
Maharashtra_18.8358_74.0558,4.05,3.9,4.2,0.2121320343559646
Maharashtra_18.85_76.5333,3.466666666666667,2.6,4.9,1.250333288900737
Maharashtra_18.8794_75.0906,12.3,12.1,12.5,0.2828427124746199
Maharashtra_18.8_75.1667,9.0,7.9,10.1,1.5556349186104041
Maharashtra_18.9019_75.1808,6.1,3.7,8.5,3.3941125496954285
Maharashtra_18.9028_74.0875,3.9,3.7,4.1,0.2828427124746186
Maharashtra_18.9153_75.7472,5.8,4.5,7.1,1.8384776310850233
Maharashtra_18.9544_74.9797,10.649999999999999,10.1,11.2,0.7778174593052026
Maharashtra_18.9575_74.9756,10.2,7.4,13.0,3.9597979746446668
Maharashtra_18.95_75.2,4.4,2.7,6.1,2.404163056034261
Maharashtra_18.9667_75.8833,4.733333333333333,3.2,6.3,1.5502687938977977
Maharashtra_18.9761_73.8575,9.4,8.5,10.3,1.272792206135786
Maharashtra_18.9833_76.0333,3.0666666666666664,2.6,3.4,0.4163331998932263
Maharashtra_19.0211_75.7583,11.6,10.0,13.2,2.2627416997969516
Maharashtra_19.0583_73.9611,7.800000000000001,7.7,7.9,0.1414213562373093
Maharashtra_19.05_80.0667,8.766666666666667,8.4,9.4,0.5507570547286104
Maharashtra_19.0667_73.925,6.449999999999999,5.6,7.3,1.2020815280171306
Maharashtra_19.1058_80.1203,5.3,5.0,5.5,0.2645751311064592
Maharashtra_19.1667_80.15,9.133333333333333,8.2,10.6,1.2858201014657276
Maharashtra_19.175_75.5078,5.449999999999999,5.1,5.8,0.49497474683058373
Maharashtra_19.1778_75.6319,8.3,8.2,8.4,0.14142135623730964
Maharashtra_19.17_73.0986,2.4000000000000004,1.1,3.7,1.8384776310850237
Maharashtra_19.1933_73.095,3.6500000000000004,3.6,3.7,0.07071067811865497
Maharashtra_19.2167_75.9222,2.55,1.0,4.1,2.192031021678297
Maharashtra_19.2481_73.3933,2.0,0.8,3.2,1.6970562748477143
Maharashtra_19.25_73.3833,1.25,0.8,1.7,0.6363961030678927
Maharashtra_19.2747_75.7386,6.2,5.9,6.5,0.4242640687119283
Maharashtra_19.2833_73.2667,1.4,0.9,1.9,0.7071067811865475
Maharashtra_19.2833_75.6,4.7,4.4,5.0,0.4242640687119283
Maharashtra_19.2833_80.0833,6.866666666666667,6.0,7.7,0.8504900548115385
Maharashtra_19.3625_73.1722,1.2,1.0,1.4,0.28284271247461895
Maharashtra_19.3667_73.3667,9.899999999999999,8.1,11.7,2.54558441227157
Maharashtra_19.3775_77.3747,5.449999999999999,2.8,8.1,3.7476659402887016
Maharashtra_19.3_80.0333,6.366666666666667,5.9,6.7,0.41633319989322637
Maharashtra_19.4333_80.0667,7.733333333333333,7.2,8.2,0.5033222956847165
Maharashtra_19.4472_73.4389,1.35,1.2,1.5,0.21213203435596437
Maharashtra_19.4556_73.5333,2.25,1.9,2.6,0.4949747468305834
Maharashtra_19.4667_73.3333,1.8,0.9,2.7,1.2727922061357855
Maharashtra_19.5153_80.1572,4.766666666666667,4.2,5.1,0.4932882862316243
Maharashtra_19.5206_77.34,11.25,10.8,11.7,0.6363961030678917
Maharashtra_19.5333_80.0667,7.1000000000000005,6.8,7.7,0.5196152422706634
Maharashtra_19.5417_77.4111,14.15,12.3,16.0,2.616295090390225
Maharashtra_19.5417_79.9,6.966666666666666,6.3,8.1,0.9865765724632494
Maharashtra_19.5483_77.2747,9.25,8.9,9.6,0.49497474683058273
Maharashtra_19.5_79.95,3.0666666666666664,2.5,3.7,0.602771377334171
Maharashtra_19.6033_79.8517,7.333333333333333,5.6,10.2,2.500666577801473
Maharashtra_19.6075_77.3839,10.6,10.0,11.2,0.8485281374238566
Maharashtra_19.625_79.6208,2.7,2.3,3.1,0.5656854249492381
Maharashtra_19.6667_77.3167,5.1,5.0,5.2,0.1414213562373093
Maharashtra_19.6819_79.9972,5.0,4.9,5.2,0.173205080756888
Maharashtra_19.6_79.65,3.65,3.3,4.0,0.4949747468305834
Maharashtra_19.6_79.85,3.5,2.9,4.5,0.8717797887081347
Maharashtra_19.6_80.2333,7.433333333333334,3.6,10.9,3.6637867477970567
Maharashtra_19.7119_79.7353,4.15,4.0,4.3,0.2121320343559638
Maharashtra_19.7228_79.6931,6.85,6.6,7.1,0.3535533905932738
Maharashtra_19.7583_79.6333,6.9,6.2,7.6,0.9899494936611665
Maharashtra_19.7639_79.8144,3.35,3.0,3.7,0.4949747468305834
Maharashtra_19.7917_79.9833,6.7,6.3,7.2,0.4582575694955842
Maharashtra_19.8167_79.7167,4.0,3.8,4.2,0.2828427124746193
Maharashtra_19.8539_79.7167,6.05,4.0,8.1,2.899137802864845
Maharashtra_19.8606_79.35,7.8,6.4,9.2,1.9798989873223323
Maharashtra_19.8833_73.1667,1.45,1.4,1.5,0.07071067811865482
Maharashtra_19.8_73.4,3.9000000000000004,2.9,4.9,1.4142135623730956
Maharashtra_19.9111_73.1167,2.75,2.6,2.9,0.21213203435596414
Maharashtra_19.9125_73.0458,14.35,9.2,19.5,7.28319984622144
Maharashtra_19.9153_76.625,7.45,7.4,7.5,0.0707106781186545
Maharashtra_19.9167_72.95,6.550000000000001,5.9,7.2,0.919238815542512
Maharashtra_19.9333_79.1,5.3,5.1,5.5,0.2828427124746193
Maharashtra_19.9333_79.8833,4.5,3.0,6.0,1.5
Maharashtra_19.9417_79.2944,6.050000000000001,5.9,6.2,0.21213203435596445
Maharashtra_19.9444_72.8667,2.2,2.1,2.3,0.14142135623730917
Maharashtra_19.95_76.05,2.6,2.2,3.0,0.5656854249492379
Maharashtra_19.9667_76.7833,7.0,6.9,7.1,0.141421356237309
Maharashtra_19.9703_72.7931,4.550000000000001,4.4,4.7,0.2121320343559638
Maharashtra_19.9833_72.7333,4.75,4.6,4.9,0.21213203435596475
Maharashtra_19.9833_79.9667,4.166666666666667,3.6,4.6,0.5131601439446881
Maharashtra_19.995_79.2278,7.800000000000001,7.7,7.9,0.14142135623730995
Maharashtra_20.0028_79.4861,6.15,6.0,6.3,0.2121320343559638
Maharashtra_20.0083_76.8917,8.45,8.1,8.8,0.4949747468305834
Maharashtra_20.0125_73.2319,2.85,2.7,3.0,0.21213203435596414
Maharashtra_20.0333_79.2,5.1,3.2,7.0,2.6870057685088806
Maharashtra_20.0569_73.0389,4.9,4.5,5.3,0.5656854249492382
Maharashtra_20.05_79.5167,7.05,7.0,7.1,0.0707106781186545
Maharashtra_20.075_72.925,5.65,5.0,6.3,0.9192388155425113
Maharashtra_20.0917_76.1806,5.300000000000001,5.2,5.4,0.14142135623730995
Maharashtra_20.1042_73.0083,4.35,3.8,4.9,0.7778174593052023
Maharashtra_20.1075_79.3281,11.2,10.7,11.7,0.7071067811865476
Maharashtra_20.1083_79.1167,6.550000000000001,5.4,7.7,1.6263455967290594
Maharashtra_20.1458_77.45,8.55,7.9,9.2,0.9192388155425104
Maharashtra_20.1497_77.3347,4.2,3.0,5.4,1.6970562748477143
Maharashtra_20.165_79.1481,10.0,9.9,10.1,0.141421356237309
Maharashtra_20.1833_79.3333,2.5,2.2,2.8,0.4242640687119283
Maharashtra_20.1992_79.2344,1.5,0.8,2.2,0.9899494936611667
Maharashtra_20.1_76.9,10.05,9.9,10.2,0.21213203435596287
Maharashtra_20.1_77.7167,5.65,5.3,6.0,0.49497474683058307
Maharashtra_20.2019_76.8922,5.4,5.2,5.6,0.28284271247461834
Maharashtra_20.2039_77.3331,10.3,6.4,14.2,5.51543289325507
Maharashtra_20.2069_72.8861,2.0999999999999996,1.9,2.3,0.2828427124746188
Maharashtra_20.2083_80.175,5.833333333333333,4.7,6.9,1.1015141094572203
Maharashtra_20.2086_77.4756,7.05,6.8,7.3,0.3535533905932738
Maharashtra_20.2092_77.0028,9.95,9.3,10.6,0.9192388155425116
Maharashtra_20.2208_77.5511,8.5,8.1,8.9,0.5656854249492386
Maharashtra_20.2247_76.2711,19.4,10.3,28.5,12.869343417595166
Maharashtra_20.2322_78.4028,4.699999999999999,4.1,5.3,0.8485281374238575
Maharashtra_20.25_76.2667,9.9,9.4,10.4,0.7071067811865476
Maharashtra_20.2667_77.4,7.3,6.8,7.8,0.7071067811865476
Maharashtra_20.2667_80.3,4.3,3.7,4.8,0.5567764362830021
Maharashtra_20.2778_77.0861,6.1,5.9,6.3,0.28284271247461895
Maharashtra_20.2922_77.0722,4.55,3.9,5.2,0.9192388155425121
Maharashtra_20.2931_76.9717,4.2,3.0,5.4,1.6970562748477143
Maharashtra_20.2936_79.1803,5.1,4.7,5.5,0.5656854249492382
Maharashtra_20.3122_77.3364,9.7,9.2,10.2,0.7071067811865476
Maharashtra_20.3167_77.7667,7.0,6.5,7.5,0.7071067811865476
Maharashtra_20.3278_77.1639,9.1,8.7,9.5,0.5656854249492386
Maharashtra_20.3333_76.9417,5.2,4.3,6.5,1.1532562594670797
Maharashtra_20.3472_80.1819,6.433333333333334,5.3,7.1,0.9865765724632497
Maharashtra_20.3667_77.3333,11.3,9.8,12.8,2.1213203435596424
Maharashtra_20.3833_76.0833,9.8,7.4,12.2,3.3941125496954268
Maharashtra_20.4333_80.0917,5.65,5.4,5.9,0.3535533905932738
Maharashtra_20.4333_80.1833,2.3499999999999996,2.3,2.4,0.07071067811865497
Maharashtra_20.435_78.5978,9.5,8.8,10.2,0.9899494936611655
Maharashtra_20.4417_76.2292,5.5,4.8,6.2,0.9899494936611668
Maharashtra_20.45_78.3333,10.5,9.3,11.7,1.6970562748477132
Maharashtra_20.4667_76.1111,4.55,3.0,6.1,2.192031021678297
Maharashtra_20.4667_78.7833,4.95,4.7,5.2,0.3535533905932738
Maharashtra_20.4667_79.8333,5.0,3.7,6.3,1.8384776310850233
Maharashtra_20.4833_77.4833,5.95,5.5,6.4,0.636396103067893
Maharashtra_20.4861_77.4825,8.25,7.7,8.8,0.7778174593052023
Maharashtra_20.4917_79.3917,4.2,4.0,4.4,0.2828427124746193
Maharashtra_20.4978_78.0667,6.2,6.0,6.4,0.2828427124746193
Maharashtra_20.4_76.0,5.85,5.3,6.4,0.777817459305203
Maharashtra_20.5008_78.1264,7.3,6.1,8.5,1.6970562748477143
Maharashtra_20.5108_78.6142,5.0,4.9,5.1,0.141421356237309
Maharashtra_20.525_77.4667,11.85,11.7,12.0,0.21213203435596475
Maharashtra_20.5306_78.2778,5.3,4.6,6.0,0.9899494936611668
Maharashtra_20.5417_79.4583,4.550000000000001,4.4,4.7,0.21213203435596445
Maharashtra_20.5489_78.585,5.5,5.0,6.0,0.7071067811865476
Maharashtra_20.5489_78.6942,7.25,5.7,8.8,2.192031021678298
Maharashtra_20.55_78.8167,1.85,1.6,2.1,0.3535533905932738
Maharashtra_20.575_79.9708,4.8999999999999995,3.0,7.6,2.4020824298928627
Maharashtra_20.5833_79.4917,6.45,6.2,6.7,0.3535533905932738
Maharashtra_20.5861_77.4431,4.800000000000001,4.7,4.9,0.1414213562373093
Maharashtra_20.5864_78.6053,7.95,7.9,8.0,0.0707106781186545
Maharashtra_20.6025_79.8014,3.75,3.4,4.1,0.49497474683058323
Maharashtra_20.6139_77.5028,4.85,4.4,5.3,0.6363961030678927
Maharashtra_20.6167_79.8667,4.05,3.8,4.3,0.3535533905932738
Maharashtra_20.6167_79.9667,4.0,2.9,5.2,1.1532562594670797
Maharashtra_20.6183_76.4289,11.15,8.0,14.3,4.45477272147525
Maharashtra_20.6272_80.0406,4.85,4.8,4.9,0.07071067811865482
Maharashtra_20.6428_76.6725,8.5,6.2,10.8,3.2526911934581193
Maharashtra_20.6458_79.5333,7.5,6.8,8.2,0.9899494936611665
Maharashtra_20.6483_78.1417,8.75,7.6,9.9,1.6263455967290599
Maharashtra_20.6522_80.1681,5.733333333333333,3.8,7.1,1.721433511156714
Maharashtra_20.655_78.775,4.933333333333334,3.9,5.6,0.9073771725877463
Maharashtra_20.65_78.4667,3.95,3.6,4.3,0.49497474683058323
Maharashtra_20.6689_78.2275,4.95,3.2,6.7,2.4748737341529163
Maharashtra_20.6758_76.5244,7.949999999999999,7.2,8.7,1.060660171779821
Maharashtra_20.6_78.05,4.5,3.7,5.3,1.1313708498984758
Maharashtra_20.8039_78.3408,9.1,7.6,10.6,2.1213203435596424
Maharashtra_20.8067_75.9703,6.65,5.3,8.0,1.9091883092036788
Maharashtra_20.825_74.6,3.45,1.1,5.8,3.323401871576773
Maharashtra_20.825_74.8167,1.6,0.2,3.0,1.9798989873223332
Maharashtra_20.8444_77.7286,6.2,5.4,7.4,1.0583005244258363
Maharashtra_20.8833_74.95,5.9,3.0,8.8,4.101219330881976
Maharashtra_20.8833_75.9833,5.199999999999999,5.1,5.3,0.14142135623730995
Maharashtra_20.8861_77.875,2.4,2.2,2.7,0.2645751311064591
Maharashtra_20.8994_77.7483,4.033333333333334,2.7,4.9,1.171893055416463
Maharashtra_20.89_74.8381,4.550000000000001,3.2,5.9,1.909188309203678
Maharashtra_20.9022_77.5986,4.65,4.2,5.1,0.6363961030678927
Maharashtra_20.9075_74.5983,6.75,6.3,7.2,0.636396103067893
Maharashtra_20.9081_77.7072,9.333333333333334,4.8,13.0,4.168133075290823
Maharashtra_20.9167_78.4833,6.05,5.6,6.5,0.636396103067893
Maharashtra_20.9283_77.7922,2.3666666666666667,2.0,3.1,0.6350852961085884
Maharashtra_20.9342_77.7819,5.533333333333334,3.0,8.8,2.9687258770949763
Maharashtra_20.9372_77.8042,2.9666666666666663,2.1,4.3,1.1718930554164628
Maharashtra_20.9542_78.4608,6.0,4.2,7.8,2.545584412271571
Maharashtra_20.9567_77.7575,11.149999999999999,10.2,12.1,1.3435028842544399
Maharashtra_20.95_73.9667,3.5999999999999996,3.3,3.9,0.42426406871192873
Maharashtra_20.95_74.125,4.1,2.7,5.5,1.9798989873223325
Maharashtra_20.9614_78.3683,5.35,4.7,6.0,0.919238815542512
Maharashtra_20.9833_74.3167,7.7,6.6,8.8,1.5556349186104053
Maharashtra_20.9975_75.9081,16.666666666666668,15.6,17.9,1.159022576714246
Maharashtra_20.9983_78.2275,8.9,7.7,10.1,1.6970562748477134
Maharashtra_21.0042_73.8561,1.1,1.0,1.2,0.1414213562373094
Maharashtra_21.0167_77.7,4.8999999999999995,4.3,5.4,0.5567764362830028
Maharashtra_21.025_77.8333,9.700000000000001,7.6,11.4,1.931320791582797
Maharashtra_21.0306_75.7819,6.3500000000000005,4.4,8.3,2.7577164466275357
Maharashtra_21.0586_77.6475,4.066666666666666,3.6,4.3,0.4041451884327378
Maharashtra_21.05_77.3125,3.766666666666667,3.4,4.3,0.47258156262526085
Maharashtra_21.0667_73.8325,7.4,7.3,7.5,0.1414213562373093
Maharashtra_21.0667_74.1639,6.05,6.0,6.1,0.0707106781186545
Maharashtra_21.0703_77.3156,5.8,5.5,6.1,0.4242640687119283
Maharashtra_21.0833_79.9833,7.949999999999999,7.7,8.2,0.35355339059327284
Maharashtra_21.1056_78.2033,8.3,8.2,8.4,0.14142135623730964
Maharashtra_21.1181_78.3689,4.699999999999999,3.8,5.6,1.272792206135785
Maharashtra_21.1519_78.2814,8.55,7.2,9.9,1.9091883092036788
Maharashtra_21.1569_78.4731,7.050000000000001,6.4,7.7,0.919238815542512
Maharashtra_21.1631_77.2414,32.666666666666664,29.0,35.0,3.214550253664319
Maharashtra_21.1639_73.7806,8.600000000000001,8.4,8.8,0.2828427124746199
Maharashtra_21.1667_78.4333,9.35,7.7,11.0,2.333452377915607
Maharashtra_21.1_74.3303,5.0,4.3,5.7,0.9899494936611668
Maharashtra_21.2036_78.1922,4.65,3.4,5.9,1.7677669529663693
Maharashtra_21.2061_78.2403,6.0,3.8,8.2,3.1112698372208083
Maharashtra_21.2144_73.9678,1.9,1.5,2.3,0.5656854249492379
Maharashtra_21.2144_77.365,29.433333333333334,27.0,31.1,2.1548395145191974
Maharashtra_21.2167_74.2333,8.0,7.9,8.1,0.141421356237309
Maharashtra_21.2333_77.7333,22.766666666666666,19.9,24.3,2.4846193538112327
Maharashtra_21.2667_78.2333,9.7,9.5,9.9,0.2828427124746199
Maharashtra_21.2722_77.7364,19.166666666666668,18.2,20.8,1.42243921955679
Maharashtra_21.2769_74.2086,5.45,5.4,5.5,0.0707106781186545
Maharashtra_21.2856_74.2042,4.449999999999999,4.3,4.6,0.2121320343559638
Maharashtra_21.2_78.1833,3.1666666666666665,2.3,4.0,0.8504900548115383
Maharashtra_21.3083_74.0917,7.4,7.1,7.7,0.4242640687119292
Maharashtra_21.3083_77.5208,5.733333333333333,5.5,6.1,0.3214550253664318
Maharashtra_21.3083_78.2417,6.85,6.0,7.7,1.202081528017131
Maharashtra_21.3214_77.7356,11.966666666666667,11.6,12.3,0.35118845842842517
Maharashtra_21.3236_74.5733,9.7,8.4,11.0,1.838477631085024
Maharashtra_21.3278_77.6825,14.95,14.7,15.2,0.3535533905932738
Maharashtra_21.3378_77.5706,10.6,7.3,13.0,2.954657340538831
Maharashtra_21.3422_74.1717,6.4,4.7,8.1,2.404163056034261
Maharashtra_21.3528_77.7653,8.1,7.8,8.4,0.4242640687119292
Maharashtra_21.35_74.4,7.9,6.3,9.5,2.262741699796952
Maharashtra_21.4083_77.2017,24.85,23.8,25.9,1.4849242404917495
Maharashtra_21.4311_74.2536,7.65,4.2,11.1,4.879036790187178
Maharashtra_21.525_75.0472,6.3,3.1,9.5,4.525483399593904
Maharashtra_21.5272_74.4761,4.7,3.4,6.0,1.8384776310850235
Meghalaya_25.1889_91.3814,1.9714285714285715,1.4,2.6,0.34982989063393705
Meghalaya_25.2833_91.7167,1.4714285714285715,0.1,5.8,1.9601992124222867
Meghalaya_25.5092_90.6117,2.6399999999999997,1.1,3.8,0.9736529155710467
Meghalaya_25.51_90.5194,2.2,1.2,3.0,0.6458659745975608
Meghalaya_25.5425_90.585,3.9124999999999996,2.8,6.5,1.3043197460745581
Meghalaya_25.5561_90.7148,2.6625,1.1,3.1,0.6610327417868844
Meghalaya_25.5622_91.6392,0.96,0.9,1.0,0.054772255750516585
Meghalaya_25.5656_91.8961,2.3166666666666664,1.8,4.1,0.8795832346439229
Meghalaya_25.5706_91.8903,0.8444444444444446,0.6,1.1,0.18104634152000362
Meghalaya_25.5797_91.9069,2.7777777777777777,2.3,3.1,0.23333333333333342
Meghalaya_25.5819_91.8944,5.044444444444444,3.7,7.3,1.0932876006695482
Meghalaya_25.58_90.5268,2.8375,0.4,5.2,1.2883405716546494
Meghalaya_25.5928_91.9192,3.3666666666666667,1.4,8.2,2.4352960121239193
Meghalaya_25.6103_90.7397,2.9555555555555557,1.6,4.0,0.9593110954105439
Meghalaya_25.6192_90.7675,2.975,2.5,3.5,0.3105295017040595
Meghalaya_25.6633_90.6103,2.5125,1.6,3.3,0.6243568119044017
Meghalaya_25.6667_90.8042,4.9,4.2,6.1,0.5499999999999998
Meghalaya_25.7361_90.8244,3.533333333333333,2.9,4.3,0.51478150704935
Meghalaya_25.7467_91.8867,4.9,4.3,5.3,0.3674234614174771
Meghalaya_25.7488_90.4042,1.8,1.1,2.9,0.6324555320336758
Meghalaya_25.8247_90.4658,2.2125,1.8,2.9,0.3440826312717005
Meghalaya_25.8714_91.5947,4.4399999999999995,3.9,4.8,0.39115214431215883
Meghalaya_25.8861_90.5125,2.9555555555555557,1.6,3.5,0.5637178175095922
Meghalaya_25.8989_90.7775,3.6555555555555554,2.4,4.7,0.5960518247415889
Meghalaya_25.9056_90.8944,3.2666666666666666,2.3,3.9,0.5937171043518958
Meghalaya_25.9208_90.5083,3.6,2.7,5.4,0.9230384607371462
Meghalaya_25.9258_91.9447,2.08,1.8,2.2,0.16431676725154995
Meghalaya_25.9947_91.8617,0.6799999999999999,0.0,1.0,0.408656334834051
Meghalaya_26.0489_91.8689,2.4499999999999997,2.2,2.6,0.13784048752090206
Meghalaya_nan_90.05,3.0500000000000003,2.4,3.6,0.484767985741633
Meghalaya_nan_90.25,3.266666666666667,2.9,3.7,0.2658320271650252
Meghalaya_nan_92.0333,1.3142857142857143,0.7,1.9,0.4488079449258574
Meghalaya_nan_92.175,0.5166666666666667,0.4,0.6,0.07527726527090811
Nagaland_nan_93.6006,5.814285714285715,4.5,7.2,0.9719886340703294
Nagaland_nan_93.6236,4.985714285714286,2.6,8.2,1.9108711551092532
Nagaland_nan_93.6844,21.28,20.2,22.8,0.9628083921528736
Nagaland_nan_93.6853,4.828571428571428,0.5,9.1,3.3099417344893376
Nagaland_nan_93.7167,4.0285714285714285,2.4,7.4,1.6459184727827862
Nagaland_nan_93.7289,3.9,3.0,5.6,1.035374328443583
Nagaland_nan_93.7292,4.266666666666667,2.7,6.2,1.3544986772480312
Nagaland_nan_93.7375,10.057142857142859,4.6,12.0,2.469721403220171
Nagaland_nan_93.7619,5.471428571428571,2.8,12.5,3.4673305225174245
Nagaland_nan_93.7622,10.14,7.9,11.7,1.6697305171793435
Nagaland_nan_93.7733,2.3000000000000003,1.0,3.2,0.862167810425171
Nagaland_nan_93.7742,9.414285714285715,2.2,14.5,3.761838456317412
Nagaland_nan_93.7958,2.733333333333333,1.7,5.2,1.3079245645933357
Puducherry_10.9322_79.8314,0.9500000000000001,0.8,1.1,0.21213203435596428
Puducherry_10.9333_79.8417,0.95,0.5,1.4,0.6363961030678927
Puducherry_10.9583_79.8167,1.0,0.4,1.6,0.8485281374238571
Puducherry_11.8833_79.7667,2.1,1.8,2.3,0.264575131106459
Puducherry_11.8_79.7833,1.2666666666666666,1.0,1.6,0.3055050463303894
Puducherry_11.9119_79.8233,2.733333333333333,2.5,3.1,0.3214550253664317
Puducherry_11.9167_79.7583,2.5333333333333337,1.8,3.1,0.6658328118479395
Puducherry_11.9_79.8167,3.733333333333333,2.9,5.4,1.4433756729740645
Punjab_29.6944_75.2292,7.3625,6.9,7.9,0.3292307050426147
Punjab_29.8417_75.2792,3.9,3.0,4.8,0.6524678426668133
Punjab_29.8_75.2833,5.944444444444445,5.3,6.8,0.5198824653494074
Punjab_29.9083_75.4611,7.271428571428571,3.3,8.7,1.8245677896552976
Punjab_29.9283_75.5617,16.666666666666668,13.0,21.5,2.773084924772409
Punjab_29.9583_74.3833,7.622222222222224,6.8,10.4,1.1659521621595137
Punjab_30.0375_74.3458,1.9222222222222223,0.8,3.5,0.8212456663169946
Punjab_30.0578_74.3417,8.683333333333334,3.9,10.4,2.3928365315388067
Punjab_30.0583_74.6139,7.572727272727272,0.3,23.1,10.031160541940391
Punjab_30.0667_75.5375,19.1375,15.4,22.5,2.3790379207930736
Punjab_30.1056_75.1806,16.928571428571427,14.0,21.1,2.507132682112035
Punjab_30.1125_75.0083,14.511111111111111,12.8,15.9,0.9829095131857812
Punjab_30.1128_74.0778,1.275,0.6,1.8,0.41317585325655914
Punjab_30.1233_75.8147,37.480000000000004,32.2,42.8,3.4953302180671475
Punjab_30.1236_75.4403,13.7625,10.0,16.9,2.4371748867431373
Punjab_30.1478_74.1917,2.5,1.7,3.3,0.5354126134736337
Punjab_30.15_75.0,13.977777777777778,12.6,15.2,0.7758507874871593
Punjab_30.1847_76.5133,35.919999999999995,26.6,41.4,3.4870598226724705
Punjab_30.1917_75.675,31.98,25.9,38.1,4.262967146118874
Punjab_30.1931_74.4111,3.527272727272727,3.0,4.2,0.4670993664969138
Punjab_30.1986_74.0375,4.15,3.0,5.9,0.9442810316143531
Punjab_30.2153_74.2692,1.0699999999999998,0.1,2.1,0.661731734835869
Punjab_30.2208_74.7833,5.225,4.8,5.7,0.3453776401067599
Punjab_30.2289_74.7881,6.745454545454546,6.1,7.4,0.3724611023009961
Punjab_30.2378_74.1378,2.011111111111111,1.2,3.0,0.627384340823957
Punjab_30.2583_74.9361,8.100000000000001,5.2,10.3,1.7248188310660335
Punjab_30.2819_74.0278,1.9749999999999999,1.3,2.9,0.5946187253790688
Punjab_30.2908_74.8136,10.983333333333334,10.1,12.3,0.8424171571535486
Punjab_30.3056_74.9097,13.112499999999999,10.7,15.1,1.6003905773279226
Punjab_30.3356_74.6231,2.790909090909091,2.0,3.5,0.3884701930767545
Punjab_30.3389_74.7897,13.666666666666666,12.9,14.9,0.642261628933257
Punjab_30.33_74.7142,9.872727272727273,8.5,10.9,0.6133366271321306
Punjab_30.345_76.6417,4.588888888888889,3.4,5.9,0.9033886821911774
Punjab_30.3528_76.3083,26.2,23.7,28.4,1.6177585905019507
Punjab_30.3561_76.2431,29.488888888888887,24.9,32.7,2.57363771947629
Punjab_30.3619_74.8347,16.055555555555557,14.5,17.0,0.8719390906352217
Punjab_30.3625_75.525,40.96,34.3,46.9,4.12019417018179
Punjab_30.3642_74.4033,1.9300000000000002,1.5,2.4,0.30930028559098777
Punjab_30.3681_74.5222,0.9583333333333334,0.2,1.6,0.39186809778368803
Punjab_30.3733_75.8556,38.35,31.0,43.9,5.005425627684993
Punjab_30.3778_76.6792,12.285714285714286,11.7,12.9,0.4561745697594706
Punjab_30.3833_75.1333,28.03,22.0,33.1,3.837548407222738
Punjab_30.3833_76.9167,2.822222222222222,1.1,3.7,0.7806692285753578
Punjab_30.3889_74.6333,2.463636363636364,1.2,4.5,1.0707686279236304
Punjab_30.3958_75.1333,27.728571428571428,23.6,31.9,3.1579076858548225
Punjab_30.4056_74.8278,12.379999999999999,10.2,14.4,1.3612086132877983
Punjab_30.4153_76.1744,25.0625,22.4,26.5,1.5981574211751295
Punjab_30.4336_75.0997,26.869999999999997,21.5,31.8,3.6775746838855032
Punjab_30.4528_74.0986,5.942857142857143,5.0,7.0,0.5996030432909839
Punjab_30.4542_74.9833,20.255555555555556,17.4,23.2,2.059800421831633
Punjab_30.4542_76.7708,1.175,0.9,1.5,0.23145502494313783
Punjab_30.4583_74.5167,4.1499999999999995,2.2,5.1,0.8028358826967406
Punjab_30.4589_76.0208,30.75714285714286,28.7,32.5,1.4763210387730077
Punjab_30.475_75.3217,30.95,24.4,36.9,4.147355248294454
Punjab_30.475_76.5958,38.214285714285715,34.4,41.9,2.3462229017640053
Punjab_30.4811_74.8383,9.129999999999999,7.3,10.5,1.1025727489225678
Punjab_30.5228_75.5592,35.54,29.0,40.4,3.91640424652796
Punjab_30.525_75.9,38.642857142857146,35.2,41.5,2.0164797237241086
Punjab_30.5319_74.3856,1.6444444444444446,0.9,2.5,0.5410894360249308
Punjab_30.5519_74.7542,4.0875,3.5,4.6,0.39798600118956123
Punjab_30.5597_76.6597,8.266666666666667,6.6,9.3,0.9811557810392126
Punjab_30.55_76.9,6.155555555555555,5.2,9.1,1.2021970627887002
Punjab_30.5708_74.8667,10.38888888888889,8.0,13.2,1.9290181728307045
Punjab_30.5833_74.8333,8.57,6.8,10.2,1.2000462954032698
Punjab_30.5861_74.5458,3.1666666666666665,2.4,4.3,0.5175700801618925
Punjab_30.5917_76.8458,12.459999999999999,9.2,15.9,1.7424121211699608
Punjab_30.5_76.425,21.47,20.0,22.7,1.0078028907810617
Punjab_30.5_76.5542,34.46666666666667,33.6,36.0,0.7449832212875681
Punjab_30.6014_74.3889,2.066666666666667,1.4,3.0,0.4444097208657795
Punjab_30.6056_76.4208,19.75714285714286,17.9,21.9,1.5967228342839626
Punjab_30.6083_74.8656,9.766666666666667,8.4,11.1,0.9539392014169454
Punjab_30.6108_75.1831,35.29,30.5,41.1,3.6124629948123874
Punjab_30.6111_76.5778,3.4200000000000004,1.9,5.4,1.1360751148875092
Punjab_30.6178_75.0772,24.86,20.5,29.9,3.198680283422454
Punjab_30.625_76.6958,5.279999999999999,4.3,6.1,0.5573747990954264
Punjab_30.6275_74.3103,10.059999999999999,8.5,11.1,0.9418657606639665
Punjab_30.6344_76.6097,13.9125,13.2,14.7,0.6104740546727365
Punjab_30.6417_76.5167,39.14,34.8,49.1,3.857229863804104
Punjab_30.6464_74.6394,2.4285714285714284,1.2,2.9,0.6019808571549035
Punjab_30.6661_74.8586,9.0,7.6,11.4,1.202378595000047
Punjab_30.6667_76.3458,21.21,19.8,22.6,0.9608445359277566
Punjab_30.6706_74.6231,2.8899999999999997,2.4,3.3,0.2923088169119169
Punjab_30.6897_74.5272,3.6999999999999997,3.1,4.5,0.49999999999999983
Punjab_30.6917_74.9806,22.2875,19.2,25.0,2.311114449783914
Punjab_30.69_74.7906,9.071428571428571,8.1,9.7,0.5122313465427054
Punjab_30.7019_76.2186,23.64,21.2,26.1,1.6235762994081917
Punjab_30.7069_74.5903,4.5874999999999995,4.1,5.3,0.4940720016932178
Punjab_30.7083_74.6556,1.01,0.5,1.8,0.38715486421958967
Punjab_30.7083_76.5542,4.07,3.3,5.2,0.6634087059355727
Punjab_30.7125_76.3778,19.85,15.7,21.4,1.5869257491556858
Punjab_30.7153_76.4936,13.988888888888889,12.1,16.3,1.35041145993031
Punjab_30.7375_75.8417,19.43,17.2,21.8,1.5720121571483563
Punjab_30.7389_74.4792,3.9166666666666665,3.1,4.5,0.5492419017761359
Punjab_30.7394_74.8622,17.73,15.6,21.0,1.7932280018633062
Punjab_30.7858_74.5461,4.071428571428571,3.4,4.7,0.47858919654294224
Punjab_30.7933_74.59,5.583333333333333,4.9,6.1,0.5115336417740932
Punjab_30.7_76.5375,32.416666666666664,30.8,34.0,1.1600287352762715
Punjab_30.8083_74.4833,5.133333333333333,2.3,10.8,2.941881484129955
Punjab_30.8117_76.5383,38.4625,35.5,39.8,1.3458268833694758
Punjab_30.8167_74.3806,11.88888888888889,10.0,12.9,0.9413347497628635
Punjab_30.8239_75.0264,35.019999999999996,31.4,38.1,2.409610388054934
Punjab_30.8342_76.5244,18.3375,17.3,20.2,0.933407735129723
Punjab_30.8358_75.2689,33.6,30.9,35.4,1.7339742404853289
Punjab_30.8556_74.6667,4.57,3.6,5.2,0.4295992965026311
Punjab_30.8572_74.5781,6.540000000000001,6.0,7.0,0.40879225911349043
Punjab_30.8661_76.2314,12.2,11.1,12.8,0.49999999999999983
Punjab_30.8833_76.2,14.177777777777779,13.4,15.5,0.6942221866552849
Punjab_30.8_76.0208,7.0625,6.2,7.4,0.4138236339311713
Punjab_30.9028_75.8111,31.24,21.7,36.4,4.687145542153918
Punjab_30.9042_76.2889,12.633333333333333,12.3,12.9,0.2121320343559645
Punjab_30.9278_76.4625,3.28,2.7,4.0,0.46619023298792245
Punjab_30.9375_76.2444,3.85,2.6,4.7,0.5441609239104837
Punjab_31.0167_76.1639,5.25,4.4,5.7,0.35355339059327373
Punjab_31.0292_75.7931,17.355555555555554,15.6,18.3,0.8501633829904566
Punjab_31.0417_76.5333,4.029999999999999,2.9,4.8,0.5375872022286247
Punjab_31.0583_76.125,10.044444444444444,9.0,10.9,0.6672913739722539
Punjab_31.0631_74.8458,18.5,17.4,19.7,0.8031189202104505
Punjab_31.0_75.1506,16.25,14.7,17.6,0.9594558643082837
Punjab_31.0_76.575,6.388888888888889,5.2,8.1,0.9623466688834698
Punjab_31.1167_76.0056,24.009999999999998,14.0,34.2,7.4023396017034635
Punjab_31.1431_76.1783,16.755555555555556,13.2,19.2,1.9300978674092604
Punjab_31.1583_75.6167,31.68,27.0,34.1,2.3417941839538337
Punjab_31.15_74.6333,21.7,17.2,34.4,5.406081231882692
Punjab_31.15_76.575,2.29,1.1,6.6,1.5708808569292156
Punjab_31.2083_76.4167,11.033333333333333,8.6,13.0,1.5858751527153707
Punjab_31.2292_75.7792,28.20909090909091,25.4,31.3,1.7907844903586498
Punjab_31.25_74.8417,20.644444444444446,17.0,35.7,5.758061981064271
Punjab_31.25_76.05,24.34,20.5,27.0,2.283856387779231
Punjab_31.2625_75.4917,36.64,32.0,39.3,2.6517080449317105
Punjab_31.2708_76.4458,7.87,5.7,9.2,1.0708771067577156
Punjab_31.275_76.375,4.3999999999999995,1.6,6.0,1.537530487502606
Punjab_31.2778_74.7,17.225,14.6,18.8,1.5563235065830159
Punjab_31.2958_75.2,10.1875,9.4,11.4,0.7219764539096828
Punjab_31.3306_76.4,3.85,1.8,4.8,0.9276613366717165
Punjab_31.35_74.7,16.87777777777778,15.0,18.3,1.2204279759348535
Punjab_31.3653_75.1444,20.12727272727273,19.5,21.8,0.5917616227686767
Punjab_31.3694_75.3806,21.144444444444446,18.8,23.8,1.8822268135848506
Punjab_31.4222_75.7083,7.659999999999999,5.8,9.1,1.0286992865858429
Punjab_31.4292_75.6639,7.140000000000001,5.2,9.5,1.3615350813613938
Punjab_31.4333_75.1306,19.3,18.3,20.2,0.5637178175095907
Punjab_31.4361_75.4986,19.72,17.0,22.9,1.8474005761850587
Punjab_31.4708_75.7625,10.083333333333334,7.8,11.9,1.440023147962097
Punjab_31.5014_75.7486,12.6,10.9,14.0,0.9043106644167025
Punjab_31.5153_75.3,14.61,14.1,15.4,0.42544094772365315
Punjab_31.5167_74.7,13.255555555555555,10.8,15.7,1.7335737012823462
Punjab_31.5667_75.0333,19.43,16.5,21.6,1.628939668755246
Punjab_31.5708_75.5711,22.2375,17.9,24.9,1.9680362462786776
Punjab_31.6028_75.65,15.030000000000001,13.2,16.7,1.1195733314278458
Punjab_31.6042_75.5878,14.52222222222222,10.1,17.4,1.9233939909556867
Punjab_31.6333_74.875,25.366666666666664,20.9,26.6,1.5546606372355665
Punjab_31.7167_74.6667,11.0,9.3,13.0,1.4520920868083502
Punjab_31.75_75.7417,13.555555555555555,11.3,15.4,1.231981240838421
Punjab_31.8319_75.7514,6.2,4.1,8.9,1.5369522511198002
Punjab_31.8458_74.7583,11.914285714285715,11.1,12.6,0.5727959829601108
Punjab_31.8633_75.7894,4.133333333333334,2.9,5.0,0.6041522986797287
Punjab_31.8639_74.9583,9.93,9.6,10.3,0.2162817093001114
Punjab_31.8667_75.05,7.69,7.0,8.3,0.4724639903973872
Punjab_31.8958_75.1625,7.3875,6.9,8.1,0.43239366983604843
Punjab_31.8_75.6667,7.154545454545455,3.2,9.2,2.1773211230149934
Punjab_31.9083_75.7083,11.08,9.3,13.6,1.2532624093407838
Punjab_31.925_75.0806,11.4875,9.9,15.0,2.0931435688934474
Punjab_31.9514_75.715,12.633333333333333,8.4,13.9,2.096346027416911
Punjab_31.9667_74.9172,6.949999999999999,4.6,9.1,1.7054534378198158
Punjab_31.9722_75.75,8.322222222222223,8.0,8.6,0.17873008824606
Punjab_31.9869_75.7364,7.5,4.3,8.6,1.2786711852544421
Punjab_31.9_74.6667,6.1,5.5,7.1,0.6137317546507319
Punjab_32.0125_75.0333,6.13,4.6,7.0,0.7732327520797921
Punjab_32.0208_75.6875,6.15,3.6,7.9,1.262650273941963
Punjab_32.125_75.3361,4.277777777777778,3.2,5.0,0.7189884870040998
Punjab_32.1417_75.475,4.74,3.5,8.7,1.7633301827319048
Punjab_32.15_75.5722,6.911111111111111,6.1,8.4,0.7007932013876216
Punjab_32.1639_75.5522,1.325,0.7,1.8,0.33700360320244144
Punjab_32.2167_75.55,2.3111111111111113,2.0,2.6,0.2260776661041756
Punjab_32.25_75.5222,3.9899999999999998,3.4,4.3,0.27668674625929507
Punjab_32.2625_75.5917,9.411111111111111,8.2,11.0,0.7287737036358488
Punjab_32.2667_75.625,4.233333333333333,0.7,5.6,1.4882876066137216
Punjab_32.2875_75.4583,4.37,3.2,4.9,0.5078276172963507
Punjab_32.3292_75.6625,9.511111111111111,5.6,12.3,2.5325108313906797
Punjab_32.3417_75.5833,6.3100000000000005,5.4,8.6,0.9230986464680306
Punjab_32.3475_75.7531,6.377777777777777,1.6,8.5,2.1481257980957364
Punjab_32.4036_75.8181,2.88,0.4,5.3,1.6844385810510671
Punjab_32.4333_75.8706,2.8,1.0,4.5,1.0234744745229363
Rajasthan_23.3683_74.2792,2.65,0.6,4.6,1.426283882782707
Rajasthan_23.4042_74.2667,3.585714285714286,0.1,6.8,2.1255811530250353
Rajasthan_23.4167_74.3503,2.4000000000000004,1.3,4.4,1.0663690060869442
Rajasthan_23.4211_74.2919,4.733333333333333,2.2,6.0,1.3589211407093005
Rajasthan_23.4417_74.3689,2.3714285714285714,1.1,4.5,1.4772883782054713
Rajasthan_23.4544_74.075,7.775,0.6,11.1,3.5959302392724872
Rajasthan_23.4958_74.1,4.65,0.3,6.9,1.9849433241279208
Rajasthan_23.5053_74.0158,14.5,11.7,15.7,1.883259585576738
Rajasthan_23.5092_74.3775,2.5,0.8,4.6,1.4222718245318449
Rajasthan_23.5092_74.3844,2.7375,0.9,3.7,0.8733147035453895
Rajasthan_23.5147_74.17,5.325,4.0,6.1,0.9178779875342911
Rajasthan_23.5167_74.7167,3.6666666666666665,1.5,6.0,1.8565200420859094
Rajasthan_23.5333_74.45,5.071428571428571,1.6,6.0,1.5617450557141583
Rajasthan_23.5361_74.5194,4.92,0.5,10.8,3.718467426238934
Rajasthan_23.5361_74.6167,5.083333333333333,0.8,6.8,2.2604571808965255
Rajasthan_23.5503_74.6858,4.325,0.5,6.7,1.8903892267391464
Rajasthan_23.5575_74.6011,4.6375,1.7,7.5,1.9323837980217962
Rajasthan_23.5667_73.9667,6.766666666666667,3.2,17.3,5.338414246446848
Rajasthan_23.575_74.1167,4.2125,2.6,5.4,1.110260587172476
Rajasthan_23.59_74.175,5.414285714285714,1.7,9.6,3.488279696081614
Rajasthan_23.5_74.1,4.45,1.0,6.5,1.9211975432005945
Rajasthan_23.6167_74.2833,6.2,2.4,8.3,2.473863375370596
Rajasthan_23.6167_74.5083,4.833333333333333,1.6,6.8,2.3636130534981117
Rajasthan_23.6258_74.8658,4.8428571428571425,1.6,8.3,2.5670067801865675
Rajasthan_23.625_74.8664,2.033333333333333,1.1,2.8,0.694742158406028
Rajasthan_23.6922_73.7244,5.371428571428572,1.0,7.4,2.1615690949819193
Rajasthan_23.7153_74.2628,4.266666666666667,1.0,6.2,1.934597287981834
Rajasthan_23.7425_74.6831,3.425,1.5,5.3,1.2836888808652753
Rajasthan_23.7539_73.8478,2.5,1.0,5.1,1.2772738827004062
Rajasthan_23.7728_74.6428,9.1,7.4,12.3,2.2876479915697985
Rajasthan_23.775_74.8583,6.083333333333333,3.4,7.6,1.5171244730300368
Rajasthan_23.7958_74.5667,8.933333333333334,1.6,12.7,4.084442026356436
Rajasthan_23.8167_73.5667,4.885714285714286,3.5,7.7,1.4713129866761543
Rajasthan_23.8333_73.6833,7.1125,1.8,11.4,2.7523691093829905
Rajasthan_23.8333_73.7208,5.6,2.4,10.4,2.5618073976895963
Rajasthan_23.8417_73.5742,5.4125,2.8,8.5,1.8271269406209458
Rajasthan_23.8439_74.6378,3.6125000000000003,2.6,5.2,0.9876921151278442
Rajasthan_23.8556_74.18,3.7249999999999996,1.3,6.8,1.6850180160122068
Rajasthan_23.85_73.7792,3.3857142857142857,2.5,5.4,0.968553167407571
Rajasthan_23.85_74.07,2.8600000000000003,1.2,4.5,1.2581732790041282
Rajasthan_23.8886_73.9008,3.1,0.2,6.2,1.8685364784848517
Rajasthan_23.9058_74.0708,2.1125,0.4,4.7,1.5459047281677578
Rajasthan_23.9147_74.7072,5.55,1.9,9.6,2.627328898873748
Rajasthan_23.925_73.9667,8.2625,4.8,14.2,3.903089435672355
Rajasthan_23.9333_75.6167,8.1625,5.6,10.5,2.0056616293454312
Rajasthan_23.9489_75.8347,13.440000000000001,3.1,18.7,6.119477101844569
Rajasthan_23.9528_75.7094,5.0625,2.1,8.0,1.6221128197508332
Rajasthan_23.9583_74.0792,5.512499999999999,1.2,12.7,4.6697927454775
Rajasthan_23.95_74.0833,10.049999999999999,6.9,11.9,1.9002631396730292
Rajasthan_23.96_74.4347,6.716666666666666,1.6,9.1,2.773024822583935
Rajasthan_23.9833_73.6011,4.1875,0.9,9.0,2.4032344276590485
Rajasthan_23.995_75.8833,9.2375,4.4,13.5,2.738058488366215
Rajasthan_23.9_74.8125,8.25,4.4,10.7,2.147323915947475
Rajasthan_24.0058_73.9589,1.7875,0.1,4.0,1.3548194397356847
Rajasthan_24.0242_74.8753,7.9875,3.9,12.2,3.119266168279236
Rajasthan_24.0333_74.4583,3.2166666666666663,0.4,6.0,1.8882972929776356
Rajasthan_24.0333_74.9775,6.0,0.4,8.3,2.5202040733695696
Rajasthan_24.0339_74.6586,2.65,0.5,5.0,1.4335271186831453
Rajasthan_24.0353_74.7833,6.457142857142857,4.9,9.0,1.4339422848184915
Rajasthan_24.0647_73.85,3.3,0.9,6.4,1.8988718455215152
Rajasthan_24.0719_74.0631,4.4375,1.4,7.8,2.6092897227297045
Rajasthan_24.0753_73.4333,2.3714285714285714,0.7,5.1,1.3524228699070489
Rajasthan_24.075_74.575,3.466666666666667,0.6,5.5,1.9531171666509581
Rajasthan_24.0925_74.4797,3.6,2.6,5.7,1.0893423092245462
Rajasthan_24.0972_75.8667,5.3,3.4,6.6,1.4910846164230027
Rajasthan_24.1283_74.0467,7.0625,4.6,9.7,2.0451597911724577
Rajasthan_24.15_73.8333,6.116666666666667,1.3,8.5,2.6316661389064278
Rajasthan_24.1667_74.05,2.75,1.3,4.5,1.1451762185046332
Rajasthan_24.1719_73.9853,1.75,0.4,5.0,1.6818357317441643
Rajasthan_24.1778_75.8333,11.0875,7.5,15.7,2.446827391892261
Rajasthan_24.1817_74.7028,3.2,0.6,11.8,3.5868808574741213
Rajasthan_24.1933_73.7,4.825,2.8,7.2,1.4469179066455116
Rajasthan_24.2167_73.8667,1.4,0.5,2.5,0.6782329983125268
Rajasthan_24.2333_76.8083,11.3125,2.8,14.5,3.7173098952256938
Rajasthan_24.2514_74.4167,1.9142857142857144,0.7,3.4,1.0542431272854338
Rajasthan_24.2667_74.675,2.5285714285714285,0.6,4.6,1.369567189193099
Rajasthan_24.2708_76.5042,7.4375,4.3,11.5,2.5331727706009883
Rajasthan_24.275_75.8417,4.175,2.3,7.6,1.5397124035722662
Rajasthan_24.2822_76.7306,3.25,1.0,7.4,2.4576411454889016
Rajasthan_24.295_74.075,3.3857142857142857,1.7,5.2,1.4229412864773812
Rajasthan_24.3369_74.0186,5.8625,1.8,12.9,3.9253525774308295
Rajasthan_24.3397_76.7728,5.2625,0.5,7.9,3.2653757167328497
Rajasthan_24.3572_74.3536,11.466666666666667,4.3,14.5,3.693598065121145
Rajasthan_24.35_76.6722,10.225,7.6,12.9,1.862985315485414
Rajasthan_24.3667_75.8358,10.625,5.5,15.5,3.477992031536095
Rajasthan_24.3861_74.7,5.885714285714286,1.0,9.7,3.579771208438035
Rajasthan_24.4108_76.1872,7.3428571428571425,3.1,11.8,3.347564857652571
Rajasthan_24.4125_76.5611,5.357142857142857,3.8,6.3,0.8541216596737318
Rajasthan_24.4167_72.7667,7.8125,7.5,8.2,0.25319388392522985
Rajasthan_24.4333_74.2667,5.675,1.4,10.1,2.952843665737438
Rajasthan_24.4333_76.375,2.625,1.7,4.9,1.0278271116430875
Rajasthan_24.4361_76.7,7.4,5.3,8.2,1.145176218504633
Rajasthan_24.4417_75.9153,7.05,4.4,10.2,2.2677868380553634
Rajasthan_24.4467_76.2,3.5125,2.3,5.4,1.0842212478482953
Rajasthan_24.4483_73.9917,9.875,3.6,12.4,2.9163333142835373
Rajasthan_24.4833_72.6833,6.9625,5.1,8.6,1.1388433982397606
Rajasthan_24.4833_75.9597,5.175,3.1,6.8,1.319902593808671
Rajasthan_24.4833_76.6,2.7875,1.7,5.1,1.0162079371017385
Rajasthan_24.4875_76.3028,6.1375,1.4,8.0,2.151369995408242
Rajasthan_24.4958_73.6125,2.7625,0.5,5.3,1.558330150238664
Rajasthan_24.5044_72.7592,10.071428571428571,5.8,21.9,5.488082326190781
Rajasthan_24.5058_73.7139,3.6999999999999997,2.8,6.1,1.0862780491200215
Rajasthan_24.5064_74.1669,11.425,7.4,15.3,2.892230972795915
Rajasthan_24.5075_74.1667,7.840000000000001,3.4,10.8,2.9108418026406038
Rajasthan_24.5333_76.15,6.475,4.7,11.5,2.195287159869003
Rajasthan_24.5467_73.9225,7.65,1.0,14.9,4.79136127391192
Rajasthan_24.5797_74.0592,18.675,7.5,28.0,7.353084872545477
Rajasthan_24.57_73.7764,3.825,0.9,7.4,2.4341322889276173
Rajasthan_24.5908_73.6586,8.714285714285714,5.5,12.1,2.5195426644721137
Rajasthan_24.5942_76.7322,9.3625,7.4,10.3,1.1350739434692605
Rajasthan_24.5978_76.2583,2.6375,0.7,5.4,1.8912864102811837
Rajasthan_24.5_76.0992,3.7375,1.8,8.4,2.079105233370493
Rajasthan_24.6125_73.3925,4.8875,3.1,8.2,1.6599806367201135
Rajasthan_24.6161_76.1761,10.0375,3.4,21.8,6.129072989799169
Rajasthan_24.6167_74.0128,6.975,2.9,10.2,2.5722419348553847
Rajasthan_24.625_73.6833,4.225,2.1,7.4,1.775025150727247
Rajasthan_24.6333_72.5333,16.95,12.9,20.1,2.117950491799628
Rajasthan_24.6333_72.65,14.357142857142858,9.0,17.5,3.4621078082853622
Rajasthan_24.6389_72.4917,13.775,7.1,28.3,7.924419762444981
Rajasthan_24.6583_72.9361,11.16,5.3,19.1,5.005796639896591
Rajasthan_24.6608_76.1892,6.8875,1.6,10.6,2.775627342216016
Rajasthan_24.675_72.675,7.42,3.9,12.0,3.0111459612579394
Rajasthan_24.7267_74.45,13.457142857142857,4.5,25.4,7.269538532547336
Rajasthan_24.7522_71.8286,34.18571428571429,31.7,38.2,2.8474717273566124
Rajasthan_24.75_74.1992,7.25,3.1,9.3,1.9537509711175725
Rajasthan_24.7764_73.6331,5.45,0.7,15.3,4.6337272871230315
Rajasthan_24.7_73.75,5.357142857142857,0.1,7.9,2.9826482320566194
Rajasthan_24.8272_73.6456,11.7625,7.4,17.3,3.4541641535978
Rajasthan_24.82_71.1583,6.659999999999999,6.1,7.5,0.5412947441089747
Rajasthan_24.8361_71.2167,4.242857142857143,3.8,4.9,0.4503966505838413
Rajasthan_24.8414_72.9875,3.9857142857142853,0.4,10.8,3.434350288593449
Rajasthan_24.85_74.5889,14.36,11.6,16.7,2.499599967994879
Rajasthan_24.8611_74.3083,4.8125,2.8,8.9,2.2395391745369664
Rajasthan_24.8644_72.8175,10.825,6.4,19.7,4.47429164385668
Rajasthan_24.8661_72.3,21.325,14.9,29.1,4.737615433949868
Rajasthan_24.8781_73.4292,5.457142857142857,2.1,9.5,2.3013453622154314
Rajasthan_24.8833_72.8667,6.75,3.0,17.1,5.2372293656638185
Rajasthan_24.89_73.57,2.1375,0.5,3.2,0.9440603794249603
Rajasthan_24.8_73.4683,7.175,0.3,10.7,3.7205030381848703
Rajasthan_24.9039_74.1,8.95,7.4,10.5,1.067707825203131
Rajasthan_24.9056_74.6444,8.825,1.8,11.3,3.1720880910124256
Rajasthan_24.9083_75.9778,2.2,1.5,3.9,0.7615773105863908
Rajasthan_24.9142_71.7386,6.916666666666667,5.0,14.2,3.5796182291784504
Rajasthan_24.9167_73.7333,10.428571428571429,6.0,14.5,3.8077614971328786
Rajasthan_24.925_72.6875,12.2,8.9,16.2,2.756809750418044
Rajasthan_24.9333_75.5917,0.9,0.2,2.4,0.841766849294642
Rajasthan_24.9333_75.9333,3.6,3.1,4.1,0.3251373336211724
Rajasthan_24.9417_71.4083,23.066666666666666,21.7,24.2,0.9811557810392131
Rajasthan_24.9417_74.5194,22.514285714285712,13.5,28.7,5.373524160619537
Rajasthan_24.94_72.255,13.028571428571428,8.7,17.2,2.994280261718045
Rajasthan_24.9556_72.8917,2.75,2.1,3.6,0.6023762469230862
Rajasthan_24.95_74.685,9.0875,2.4,13.2,3.3476804336307673
Rajasthan_24.96_73.55,4.375,1.2,7.1,1.8444898636595584
Rajasthan_24.975_72.575,4.7875,2.5,10.2,2.3727244738004094
Rajasthan_24.9911_71.5939,1.8714285714285714,0.8,2.6,0.5618845839799181
Rajasthan_24.9917_76.475,4.725,2.0,6.9,1.5266677063835097
Rajasthan_24.9953_72.7167,25.766666666666666,18.5,32.0,4.350938596057943
Rajasthan_24.9_73.8167,3.0125,2.4,3.7,0.5166858675387647
Rajasthan_25.0125_72.2625,3.5,2.6,5.0,0.8053393251117372
Rajasthan_25.0208_75.7,1.0125,0.2,2.3,0.7881941385217223
Rajasthan_25.0333_74.0039,1.875,0.7,2.8,0.7977647343851264
Rajasthan_25.0339_72.5206,6.571428571428571,4.2,9.2,2.1838149232587494
Rajasthan_25.0361_74.4917,13.785714285714286,6.1,21.9,5.631882033396583
Rajasthan_25.0386_73.5667,3.1625,0.3,6.8,1.826735964969838
Rajasthan_25.0408_75.9067,6.32,3.7,8.3,2.2027255843613385
Rajasthan_25.0778_75.1667,2.2875,1.1,5.0,1.407568826025925
Rajasthan_25.0833_76.7,6.666666666666667,4.2,10.7,2.410532444640948
Rajasthan_25.0847_72.9667,22.37142857142857,8.2,32.4,8.914915270809605
Rajasthan_25.0914_76.7936,1.3857142857142857,0.6,2.6,0.6718843437888484
Rajasthan_25.1083_74.8333,2.6750000000000003,0.4,9.3,2.986038943387807
Rajasthan_25.1083_76.65,7.457142857142857,3.2,12.8,4.006601695059935
Rajasthan_25.1139_75.2611,18.0875,7.2,24.5,5.4059325877092785
Rajasthan_25.1164_73.4725,3.56,2.6,5.4,1.119374825516458
Rajasthan_25.1167_74.0833,8.175,2.4,16.3,5.190031654183678
Rajasthan_25.1211_75.9656,5.6625,4.1,6.8,0.948589177975075
Rajasthan_25.1222_71.5889,7.3625,6.2,8.4,0.706980500842441
Rajasthan_25.1333_76.9,3.1999999999999997,2.9,3.4,0.17888543819998315
Rajasthan_25.1364_74.8875,5.914285714285714,0.1,10.7,3.914259645377216
Rajasthan_25.1583_71.45,16.071428571428573,15.2,20.0,1.7365812061963253
Rajasthan_25.1583_73.2161,6.785714285714286,4.8,10.8,2.4989521613592176
Rajasthan_25.1583_76.3,3.5285714285714285,2.3,5.1,1.0144198435793823
Rajasthan_25.1792_73.4625,6.74,4.7,9.2,1.7924843095547582
Rajasthan_25.17_75.3228,4.275,2.7,8.4,1.7466294070907786
Rajasthan_25.1833_73.2917,10.685714285714285,6.1,18.3,4.735830997628108
Rajasthan_25.1833_75.85,4.4625,2.2,6.2,1.1537980759214328
Rajasthan_25.1878_77.1056,6.2125,3.6,9.9,2.2881293045380358
Rajasthan_25.1_73.6,6.8875,3.1,9.8,2.7627302748239053
Rajasthan_25.1_73.6133,4.171428571428572,1.7,6.0,1.3363062095621219
Rajasthan_25.1_76.205,8.8875,4.1,12.9,2.7843632254841633
Rajasthan_25.1_76.52,3.9799999999999995,1.2,8.1,3.001999333777408
Rajasthan_25.2028_73.8631,13.325,10.9,15.5,1.5443445211480504
Rajasthan_25.2083_77.3583,5.1375,4.2,6.2,0.667484617265233
Rajasthan_25.2233_75.8294,3.525,2.8,4.6,0.5257647491307984
Rajasthan_25.2272_73.6708,9.55,2.0,13.0,3.534321515005188
Rajasthan_25.2333_73.525,5.3,1.9,7.5,2.303258561256204
Rajasthan_25.2333_73.8833,13.5625,3.1,22.1,6.044581398716894
Rajasthan_25.2381_73.7889,5.75,2.4,12.4,3.450465807063488
Rajasthan_25.2414_73.9561,14.5,9.6,20.4,4.599130352577539
Rajasthan_25.2417_76.0889,1.35,0.3,2.8,0.7151423434733615
Rajasthan_25.2583_73.7208,12.466666666666667,8.5,17.8,3.303735259772894
Rajasthan_25.25_77.1333,3.7875,3.4,4.9,0.49982139667228
Rajasthan_25.2633_77.2633,6.2125,3.7,8.8,1.9931579394088594
Rajasthan_25.2658_75.9153,1.9125,0.7,5.8,1.7884051154989622
Rajasthan_25.2667_75.75,1.9625,0.2,4.2,1.2129509470708204
Rajasthan_25.3003_76.3292,3.685714285714286,1.7,5.6,1.2294017127971524
Rajasthan_25.3069_74.8667,11.55,6.2,14.5,3.0650099044351737
Rajasthan_25.3189_75.9306,1.4625,1.1,2.6,0.5097268175909804
Rajasthan_25.325_76.5125,4.1,3.5,5.3,0.5477225575051662
Rajasthan_25.3667_76.3,17.675,15.7,18.7,0.9483067616998804
Rajasthan_25.3692_76.1625,7.175,3.4,15.7,4.181506905411014
Rajasthan_25.3911_76.0736,1.8625,1.5,2.5,0.31139088893910455
Rajasthan_25.3972_74.8917,8.428571428571429,4.8,12.6,2.434963576534076
Rajasthan_25.4083_75.8875,0.7749999999999999,0.3,2.0,0.5338539126015656
Rajasthan_25.4208_73.8222,5.425,1.3,12.0,3.4082882171888826
Rajasthan_25.4372_75.5153,6.625,3.1,8.7,1.7934404287370607
Rajasthan_25.4375_76.4,2.6875,2.1,3.6,0.5303300858899106
Rajasthan_25.4458_76.4347,7.7125,4.9,9.9,1.8318121394634643
Rajasthan_25.4692_75.055,5.7,4.0,6.5,0.8854377448471463
Rajasthan_25.4708_75.8667,9.8,8.0,12.3,1.4957081457098698
Rajasthan_25.4797_71.4,45.2875,42.1,49.0,1.881061630341458
Rajasthan_25.4875_74.665,12.3625,5.4,17.1,4.550333582748161
Rajasthan_25.4944_75.79,3.1285714285714286,1.4,5.0,1.4067862734074494
Rajasthan_25.4958_73.2583,9.8,6.2,16.7,4.214854683141519
Rajasthan_25.4_75.5583,5.95,1.6,9.2,3.484660262185848
Rajasthan_25.5167_76.1667,3.4166666666666665,0.9,6.3,1.937438171056477
Rajasthan_25.5178_75.0917,2.4625,1.7,3.3,0.6906260100186538
Rajasthan_25.5308_72.8664,12.742857142857144,8.7,17.3,2.972012305300425
Rajasthan_25.5417_75.9958,4.1625,1.2,6.2,1.9040839567324006
Rajasthan_25.5444_74.5075,8.425,3.0,14.6,4.195831264481449
Rajasthan_25.5611_74.8,10.625,5.7,15.0,3.5688133281846746
Rajasthan_25.5667_71.9,15.4875,14.7,16.9,0.6812540956626559
Rajasthan_25.5758_76.31,21.4,17.2,23.4,1.9719461018423985
Rajasthan_25.5858_71.2333,22.00625,8.7,31.3,7.994954137871378
Rajasthan_25.5975_74.3133,3.8857142857142857,0.1,12.4,4.039153612424503
Rajasthan_25.5_73.8386,7.275,1.5,13.6,4.467581640472361
Rajasthan_25.6033_71.2833,10.299999999999999,8.7,12.0,1.0230672835481875
Rajasthan_25.6042_74.9,6.775,2.2,10.1,2.6794189135493003
Rajasthan_25.6083_73.3125,5.085714285714286,4.0,7.6,1.2628388277060159
Rajasthan_25.6333_74.32,7.314285714285715,1.5,19.1,5.7903450016467275
Rajasthan_25.6333_74.6,8.65,4.2,15.0,3.145064160145
Rajasthan_25.6389_75.1153,5.7625,0.7,11.7,3.655890550096613
Rajasthan_25.6667_74.0167,7.5,2.1,11.8,3.4247001954289997
Rajasthan_25.6667_76.1833,1.4125,0.3,3.8,1.2744046228953907
Rajasthan_25.6781_76.475,12.2125,8.8,13.9,1.8450222608026012
Rajasthan_25.6825_71.2108,18.225,13.5,20.7,2.2063220850222987
Rajasthan_25.6833_75.3333,13.4625,5.8,17.2,3.894662097941599
Rajasthan_25.6_73.98,6.1125,1.8,14.7,4.569600639005557
Rajasthan_25.7042_71.4125,21.3,17.7,24.6,2.223253728852634
Rajasthan_25.7214_70.9786,20.75,17.5,22.2,1.4372592966177964
Rajasthan_25.7361_71.3972,16.175,13.2,22.4,3.111155045041265
Rajasthan_25.7458_71.6628,42.266666666666666,38.2,49.3,4.32280772955109
Rajasthan_25.7556_74.9056,2.757142857142857,0.2,7.6,2.5349931905609675
Rajasthan_25.7583_74.4667,8.7125,1.4,16.6,4.856935394729008
Rajasthan_25.7667_73.3333,3.5,1.6,7.2,2.1717888172349236
Rajasthan_25.7761_71.1633,14.542857142857143,8.7,23.7,4.835582399552007
Rajasthan_25.7806_72.5875,5.183333333333333,3.9,7.7,1.510518674716293
Rajasthan_25.7833_74.1833,6.757142857142857,2.9,12.5,3.0740077764253964
Rajasthan_25.7917_71.5792,34.45,33.0,35.7,0.7964205637009341
Rajasthan_25.7_75.3542,1.6428571428571428,0.8,3.8,1.05175590142888
Rajasthan_25.8083_71.0389,13.887500000000001,9.1,19.2,3.786984288322306
Rajasthan_25.8247_73.6125,7.05,3.9,10.4,2.564176280991617
Rajasthan_25.8333_74.0833,6.05,2.7,9.8,2.532644016494563
Rajasthan_25.8333_74.2833,5.214285714285714,0.5,11.2,3.48158420427089
Rajasthan_25.8458_70.9897,18.400000000000002,14.2,22.1,2.5311394008759525
Rajasthan_25.85_74.1333,2.8125,0.8,3.9,1.0273926777458142
Rajasthan_25.8639_75.2806,2.0142857142857142,1.3,3.5,0.7603257447273754
Rajasthan_25.8667_74.55,9.2625,3.6,13.7,3.91624364483548
Rajasthan_25.86_71.7542,33.4125,32.3,39.4,2.4227714354786802
Rajasthan_25.8833_75.5667,8.9,7.4,10.1,0.9258200997725515
Rajasthan_25.8875_71.2417,15.1625,13.1,24.7,3.884745808930103
Rajasthan_25.8908_76.3478,10.5875,4.0,14.9,3.2594642416902113
Rajasthan_25.8958_75.8333,3.8666666666666667,1.7,5.7,1.5933193862708968
Rajasthan_25.8958_76.4889,14.525,7.7,25.6,5.529337340818647
Rajasthan_25.895_71.5603,33.98333333333333,29.2,41.3,4.3623006162650775
Rajasthan_25.89_75.2333,3.9625,1.6,7.3,1.8715444347993908
Rajasthan_25.9083_74.2,4.825,2.6,9.2,2.0720934893414986
Rajasthan_25.9111_75.0417,6.0125,2.9,11.0,2.6637446788845427
Rajasthan_25.9122_70.4653,44.1375,40.0,46.3,2.4991069833613992
Rajasthan_25.9153_70.875,17.6375,2.2,20.9,6.279885690497421
Rajasthan_25.9167_76.5289,11.785714285714286,6.2,15.6,3.2147724499195744
Rajasthan_25.9283_76.3714,7.083333333333333,3.7,11.4,3.2798882094770647
Rajasthan_25.9333_74.2,6.65,2.4,14.9,4.037325847637271
Rajasthan_25.9333_76.4333,5.65,3.5,8.6,1.7816525234415699
Rajasthan_25.9426_75.1825,10.875,4.0,15.2,5.114277400897739
Rajasthan_25.9667_74.4642,23.9375,17.9,29.6,4.148988689169584
Rajasthan_25.9667_76.2667,8.3,3.0,13.7,4.096950085124298
Rajasthan_25.9717_71.145,12.9,8.5,15.9,2.8953164149807775
Rajasthan_25.9917_70.1667,39.98571428571428,38.1,40.7,0.9136530549185
Rajasthan_25.9939_71.7569,29.3125,28.7,31.7,0.9804335775563787
Rajasthan_25.995_74.4494,11.65,7.7,16.9,3.1456318920051656
Rajasthan_25.9972_74.5833,10.2,7.9,13.3,1.7912485669419052
Rajasthan_25.9975_71.9675,5.65,4.6,7.1,1.1387127235025811
Rajasthan_25.9986_75.6833,4.5249999999999995,2.3,8.2,1.9775525999867325
Rajasthan_25.9_74.67,6.6000000000000005,0.6,17.0,5.829726776248977
Rajasthan_26.0147_74.0289,7.3500000000000005,4.2,10.3,2.795830228512931
Rajasthan_26.0167_76.4583,6.7,2.6,9.1,1.9324300024284744
Rajasthan_26.0181_70.8272,7.1375,3.4,9.4,1.9130659760111328
Rajasthan_26.0222_76.5944,9.8875,3.2,16.7,4.722419930501733
Rajasthan_26.0225_75.4889,1.7125,0.4,3.1,0.8576337879804611
Rajasthan_26.025_74.6583,12.1,6.1,18.0,3.866091911306127
Rajasthan_26.0333_75.1,2.9,2.1,4.2,0.7483314773547883
Rajasthan_26.0417_74.7133,12.1625,3.9,18.9,5.554390155543631
Rajasthan_26.0583_72.7417,7.575,4.6,12.2,2.872405661760589
Rajasthan_26.0583_75.8083,4.4125,2.1,7.4,1.7488261369109444
Rajasthan_26.0583_75.875,4.571428571428571,0.5,6.8,2.223896194905303
Rajasthan_26.05_72.3583,14.2875,8.3,20.7,3.4700504319101757
Rajasthan_26.05_74.2833,11.175,5.8,17.8,4.442570041251862
Rajasthan_26.05_75.0,2.825,1.3,5.5,1.3296078906418773
Rajasthan_26.0667_72.6667,4.533333333333334,3.2,6.5,1.2452576707921403
Rajasthan_26.0783_74.3761,7.9375,2.0,13.8,4.828468405494348
Rajasthan_26.0875_76.3611,6.983333333333333,2.8,11.6,3.289630171716369
Rajasthan_26.0881_74.3992,10.1,6.2,16.0,3.6071357850001395
Rajasthan_26.0917_74.5125,7.5,2.7,11.6,3.3679865399572684
Rajasthan_26.0917_75.8333,4.014285714285714,2.0,7.8,2.080407469246166
Rajasthan_26.0_73.0208,2.375,1.7,3.1,0.51478150704935
Rajasthan_26.1064_72.8444,17.8375,15.2,20.2,1.7062385530751532
Rajasthan_26.1108_75.725,13.666666666666666,12.7,15.8,1.1707547423208107
Rajasthan_26.1139_73.2472,3.5125,1.8,4.6,0.9657528521462266
Rajasthan_26.1167_73.0331,11.314285714285715,8.4,14.6,2.657961983317652
Rajasthan_26.1292_74.9278,4.9625,2.9,7.4,1.5042202536292921
Rajasthan_26.12_74.37,4.012499999999999,1.2,9.7,2.740405340195393
Rajasthan_26.1333_74.1008,5.7125,1.8,8.4,2.2299503517855666
Rajasthan_26.1503_71.8067,20.342857142857145,13.1,24.8,3.6450226989952306
Rajasthan_26.1506_72.8322,29.3,27.7,30.9,1.2444160994504316
Rajasthan_26.1542_72.9261,37.17142857142857,27.8,46.3,6.687479416968769
Rajasthan_26.15_74.0183,33.925,28.7,37.4,2.605351635165039
Rajasthan_26.1833_75.575,3.585714285714286,1.1,4.7,1.3246742636444269
Rajasthan_26.1944_72.775,35.425,34.1,36.6,0.8972179222463195
Rajasthan_26.2036_72.4886,22.9,22.0,23.8,0.7393691004272965
Rajasthan_26.2125_75.0361,3.9333333333333336,0.9,11.5,4.090313761396143
Rajasthan_26.2194_73.625,5.25,2.4,9.1,2.2097187927103175
Rajasthan_26.225_72.9083,20.8375,13.2,26.9,4.252037326808342
Rajasthan_26.2297_73.0297,16.2375,15.4,17.1,0.6045954964153412
Rajasthan_26.2317_73.6067,7.575,4.7,14.6,3.2569705468206407
Rajasthan_26.2333_73.4583,26.083333333333332,21.7,31.6,3.4856371966495128
Rajasthan_26.2333_74.4917,9.2625,4.0,13.0,2.889852937434706
Rajasthan_26.2383_75.1875,5.0,1.5,12.7,3.6905284174491872
Rajasthan_26.2417_75.85,4.7375,2.5,8.5,2.2032038359754966
Rajasthan_26.2528_76.3858,10.4875,7.8,12.6,1.6948978056002584
Rajasthan_26.2661_74.6175,10.875,3.9,15.7,5.799066016753616
Rajasthan_26.2667_73.0,23.775,19.7,26.1,2.0260799589354823
Rajasthan_26.2667_74.8583,4.675,2.6,6.9,1.8429401974639792
Rajasthan_26.2769_74.5081,10.35,5.8,14.3,3.5407155585653403
Rajasthan_26.2794_76.7697,15.014285714285716,14.1,16.1,0.7819389819088007
Rajasthan_26.2833_75.3833,5.214285714285714,2.0,9.2,2.377273348066766
Rajasthan_26.2867_74.7403,2.4625,0.5,4.7,1.6792323926638115
Rajasthan_26.2_73.8167,21.650000000000002,20.1,22.8,0.8298020417975775
Rajasthan_26.3056_76.3806,4.6375,1.1,14.3,4.2527092205188115
Rajasthan_26.3083_74.9278,5.5625,1.7,9.3,2.86851753648864
Rajasthan_26.3111_77.2422,29.67142857142857,23.8,32.0,2.817631561976764
Rajasthan_26.3167_73.4208,15.799999999999999,12.0,19.9,3.030511507980129
Rajasthan_26.3219_72.9519,21.925,19.3,26.7,2.6504716561397137
Rajasthan_26.3247_76.9333,2.8,0.1,5.9,1.7460158729437223
Rajasthan_26.3292_76.4917,6.4125,2.6,10.2,2.4485783047077976
Rajasthan_26.3294_74.0631,9.4375,3.9,14.1,2.933519339340669
Rajasthan_26.3311_76.8461,5.633333333333333,3.2,9.8,2.350035460725363
Rajasthan_26.3519_75.1,7.25,2.0,11.0,3.024660547660089
Rajasthan_26.3542_76.2542,6.0625,2.1,10.1,2.4500364428776504
Rajasthan_26.3631_74.6167,5.4125,3.6,9.6,2.082880903254638
Rajasthan_26.3667_75.9333,18.47142857142857,13.2,25.0,4.642454194968536
Rajasthan_26.3667_76.3967,2.3600000000000003,0.7,4.5,1.586820720812531
Rajasthan_26.3694_73.38,16.1375,15.2,17.3,0.6864765108872983
Rajasthan_26.3833_72.5,7.728571428571429,3.9,11.4,2.7950636759081093
Rajasthan_26.38_76.9258,17.385714285714286,8.8,34.7,8.672260099771872
Rajasthan_26.3_73.0333,7.425,5.7,9.7,1.171994636750283
Rajasthan_26.4053_77.1275,20.025,17.4,25.9,3.9584298233853614
Rajasthan_26.4083_71.9278,5.5125,4.1,8.2,1.3695019949915057
Rajasthan_26.4086_75.4975,3.225,2.0,4.9,0.991031208965115
Rajasthan_26.4114_76.6203,15.5,13.1,17.2,1.4851647335276599
Rajasthan_26.425_76.9333,12.7,5.6,16.7,3.835920452027872
Rajasthan_26.4433_72.4706,4.75,3.0,6.3,1.367479433117734
Rajasthan_26.45_75.0667,4.3375,1.6,13.9,4.058126767012443
Rajasthan_26.4833_76.7333,8.371428571428572,3.4,11.4,2.710912691151749
Rajasthan_26.4_74.8667,3.757142857142857,2.2,5.0,1.155937055462137
Rajasthan_26.5033_75.4114,8.299999999999999,5.5,11.0,2.572158626523644
Rajasthan_26.5039_75.5136,11.799999999999999,5.0,19.2,6.04284701113639
Rajasthan_26.5058_75.6067,7.566666666666666,2.3,14.1,4.637959321368253
Rajasthan_26.5061_75.66,5.433333333333334,1.3,11.5,3.9968320788677953
Rajasthan_26.5064_75.3881,5.45,2.9,10.1,2.4865638942122517
Rajasthan_26.5103_73.3778,24.725,19.1,31.1,4.713430658387644
Rajasthan_26.5122_75.5175,6.716666666666666,2.4,10.4,2.772303494689329
Rajasthan_26.5122_75.6019,9.383333333333333,4.5,16.1,4.715683054093719
Rajasthan_26.51_73.2119,6.8,5.4,9.6,1.3005493344846901
Rajasthan_26.5222_77.3875,4.557142857142857,0.7,7.9,3.0253689267355712
Rajasthan_26.525_76.8369,6.675,3.8,10.8,2.1198045732027824
Rajasthan_26.5378_71.5447,20.071428571428573,18.4,22.8,1.5976172734359608
Rajasthan_26.5419_77.1822,4.775,2.4,8.1,2.242925385676992
Rajasthan_26.5572_75.5086,8.58,5.4,10.0,1.974082065163452
Rajasthan_26.55_76.5611,4.65,2.8,7.3,1.6239282179772778
Rajasthan_26.5631_75.5869,7.7,5.1,10.6,2.4730547911439404
Rajasthan_26.5786_77.6906,5.471428571428571,1.4,11.6,3.66229176232328
Rajasthan_26.5925_75.45,10.233333333333333,1.4,19.5,6.186975567000945
Rajasthan_26.5964_75.45,15.2,10.1,20.7,4.1460824883255745
Rajasthan_26.6056_75.5125,10.966666666666667,6.0,16.1,3.246947284245106
Rajasthan_26.605_77.4731,7.0875,4.3,9.5,1.7141741035095759
Rajasthan_26.6078_75.5072,5.04,2.4,7.9,2.4501020386914503
Rajasthan_26.6083_76.7114,7.8999999999999995,3.5,12.2,3.4887574537976374
Rajasthan_26.6125_75.8572,9.45,5.2,13.5,3.296318292537037
Rajasthan_26.6186_70.4867,34.8875,34.5,36.7,0.735696948478108
Rajasthan_26.61_75.2778,2.2125000000000004,0.4,4.4,1.355873466494148
Rajasthan_26.6222_75.6136,4.014285714285714,1.3,7.2,1.9616562487080245
Rajasthan_26.6233_71.5708,12.275,9.9,13.8,1.393607856300636
Rajasthan_26.6306_71.4917,24.37142857142857,21.5,28.5,2.2536742486543218
Rajasthan_26.6342_75.7994,20.225,16.6,23.5,3.1468237955119123
Rajasthan_26.6417_77.0042,18.566666666666666,14.1,23.6,3.4639091597018927
Rajasthan_26.6481_75.5878,9.440000000000001,5.9,13.2,2.8728035087697865
Rajasthan_26.6483_77.8019,7.375,2.7,10.9,2.337733945512192
Rajasthan_26.6514_74.9361,20.4375,4.8,27.1,6.853974342358913
Rajasthan_26.6514_75.5864,12.233333333333334,4.9,16.0,4.298216684471208
Rajasthan_26.6722_75.5106,6.433333333333334,5.0,8.0,1.1360751148875088
Rajasthan_26.6833_75.3625,4.725,1.7,12.2,3.3281268863173725
Rajasthan_26.6906_77.8911,11.125,9.0,13.7,1.6679756764242264
Rajasthan_26.6931_76.925,10.225,6.1,12.1,1.9039432764659772
Rajasthan_26.6_70.7,9.4,8.0,11.3,0.9885053652574963
Rajasthan_26.6_75.95,14.325,9.5,18.7,3.544311337501668
Rajasthan_26.7064_75.5017,10.516666666666667,4.8,24.6,7.440810887710201
Rajasthan_26.7122_71.4325,38.41428571428571,35.3,39.4,1.4147185484853768
Rajasthan_26.7136_75.8903,22.375,18.4,25.2,2.7048897521763386
Rajasthan_26.7167_71.3083,32.6,31.5,34.0,1.1081516141756043
Rajasthan_26.7175_76.6886,3.9749999999999996,1.4,9.6,2.73064618202882
Rajasthan_26.7275_75.5044,6.883333333333333,5.7,11.6,2.324148589627321
Rajasthan_26.7333_77.0333,1.3333333333333333,0.3,2.5,0.9048020041239224
Rajasthan_26.7361_75.325,7.328571428571428,4.4,9.6,1.9576467894850056
Rajasthan_26.7375_73.5375,41.725,30.3,50.0,8.70033524258309
Rajasthan_26.7458_71.5042,9.725,6.8,15.0,2.718586817762914
Rajasthan_26.7514_77.8111,25.25,17.4,35.2,7.690036844298387
Rajasthan_26.7531_76.1658,39.3,34.8,49.1,5.9262129560116215
Rajasthan_26.7556_75.8994,13.5625,12.9,14.3,0.5475595205741822
Rajasthan_26.755_77.5972,6.9625,5.5,9.0,1.367936402030445
Rajasthan_26.7625_71.6042,5.275,3.7,7.5,1.2221176001397855
Rajasthan_26.7833_76.2167,40.25714285714286,34.7,43.1,3.393060144302948
Rajasthan_26.7836_75.4139,7.633333333333333,5.1,9.8,2.1565404393766108
Rajasthan_26.7_77.0167,5.7875000000000005,3.8,9.1,1.7900019952103803
Rajasthan_26.7_77.8917,13.25,11.2,14.2,0.9827076298239911
Rajasthan_26.8042_77.4306,7.0,5.7,9.0,1.1224972160321822
Rajasthan_26.8056_71.9042,19.7875,15.5,25.3,3.2175578582876443
Rajasthan_26.8106_75.4786,23.3,21.5,27.9,2.3194827009486394
Rajasthan_26.8131_74.5911,42.725,39.8,46.6,3.2076730922378425
Rajasthan_26.815_76.2881,11.725,10.0,13.7,1.5945218719101972
Rajasthan_26.8167_77.6861,2.983333333333333,0.5,5.1,1.9964134508329345
Rajasthan_26.8167_77.9583,32.660000000000004,22.9,36.2,5.547792353720533
Rajasthan_26.8181_74.3547,29.060000000000002,28.2,29.9,0.6804410334481608
Rajasthan_26.8208_73.3375,43.13333333333333,40.6,47.3,2.322642173617508
Rajasthan_26.825_70.5233,7.9125,4.9,11.2,2.382937862627319
Rajasthan_26.825_76.9333,21.325,17.4,29.7,3.720119045714224
Rajasthan_26.8528_75.7667,35.32857142857143,32.5,43.6,3.8365411009198924
Rajasthan_26.8583_77.7167,4.6,2.4,6.2,1.4152233544063428
Rajasthan_26.8678_76.4,26.266666666666666,22.8,29.5,2.672576784054419
Rajasthan_26.8722_72.05,17.185714285714287,15.7,19.9,1.4971401308590218
Rajasthan_26.8958_76.325,17.775,10.0,27.2,5.126611244978777
Rajasthan_26.8961_77.9172,29.985714285714288,22.6,36.7,4.546584275192596
Rajasthan_26.8_75.4433,7.5625,5.1,15.0,3.3402042281444833
Rajasthan_26.9044_77.3761,3.0,2.3,3.7,0.4535573676110728
Rajasthan_26.9125_70.835,15.2125,13.4,16.1,0.8854982455415384
Rajasthan_26.9167_77.0167,15.549999999999999,10.0,23.4,4.9890880930286245
Rajasthan_26.9333_75.7792,37.3625,32.1,45.0,5.070907920960221
Rajasthan_26.9333_76.85,18.5375,8.0,44.4,14.477167984697244
Rajasthan_26.935_78.1375,33.9,27.3,41.0,4.823750763521206
Rajasthan_26.9417_70.9097,35.5625,32.9,37.5,1.4520305978672938
Rajasthan_26.9464_76.1847,32.62,30.5,37.6,2.8560462181134265
Rajasthan_26.95_77.3833,5.116666666666667,3.9,5.9,0.7652886165798282
Rajasthan_26.9608_76.29,27.325,25.7,30.0,1.901534468089741
Rajasthan_26.9639_77.39,6.05,3.2,7.8,1.6604646509766043
Rajasthan_26.9667_76.3333,13.016666666666666,8.1,16.7,3.177682593757071
Rajasthan_26.9667_77.3,20.983333333333334,18.6,24.0,1.9166811593654969
Rajasthan_26.9722_77.2514,11.95,10.4,14.2,1.8375708603116958
Rajasthan_26.975_71.7528,14.216666666666667,13.6,15.4,0.6242328625334194
Rajasthan_26.975_76.2917,11.2125,6.6,15.9,3.567086646390461
Rajasthan_26.975_76.9556,15.857142857142858,13.2,18.1,1.9033804514224533
Rajasthan_26.9806_76.2833,12.700000000000001,7.4,17.4,3.614784456460255
Rajasthan_26.9833_71.2333,32.88333333333333,32.1,33.6,0.4875106836436158
Rajasthan_26.9833_75.8667,10.7,7.7,12.4,1.414213562373095
Rajasthan_26.9833_76.38,30.37142857142857,26.9,32.9,2.379575792527096
Rajasthan_26.9_77.0333,12.0,7.1,16.4,3.4329287787543743
Rajasthan_27.0139_77.175,24.1875,14.0,35.6,6.834876422751599
Rajasthan_27.0333_70.9,22.95,21.1,23.9,1.0074720839804934
Rajasthan_27.0333_77.55,9.35,7.3,10.7,1.245563555756417
Rajasthan_27.0778_70.8083,38.2375,37.0,43.4,2.2302706434101514
Rajasthan_27.0833_71.55,40.425,39.0,41.5,0.7923743703939078
Rajasthan_27.0889_74.4231,48.95,47.4,49.9,1.167618659209133
Rajasthan_27.0972_76.7867,39.35,32.3,45.0,4.389419095962475
Rajasthan_27.0_71.0542,42.68571428571429,41.2,44.9,1.1186726828829656
Rajasthan_27.1144_77.15,40.642857142857146,28.1,48.4,6.930814560799509
Rajasthan_27.1181_76.3275,18.3,11.5,22.4,3.6866554722985128
Rajasthan_27.1267_70.5083,19.75714285714286,14.4,23.7,3.1026102681758907
Rajasthan_27.1483_77.0761,31.116666666666664,24.2,44.3,8.474766466792264
Rajasthan_27.1483_77.0764,30.833333333333332,23.7,44.0,8.443616918517009
Rajasthan_27.1542_74.3458,20.75,15.1,27.0,4.331941168311764
Rajasthan_27.175_77.395,6.1000000000000005,4.9,7.9,1.3140268896284686
Rajasthan_27.1833_73.75,24.057142857142857,22.7,28.1,1.8237846572966008
Rajasthan_27.2083_76.7917,17.3,5.5,24.6,7.114572570235183
Rajasthan_27.2083_77.2125,20.1875,16.7,24.8,2.819542769416954
Rajasthan_27.2167_77.5,2.957142857142857,0.7,6.3,2.039491066301544
Rajasthan_27.2256_75.5297,30.262500000000003,24.8,39.1,4.424909200036925
Rajasthan_27.225_77.0917,33.94285714285714,31.1,38.1,2.5812510809406244
Rajasthan_27.2375_76.4,7.375,2.5,14.8,4.006690832666209
Rajasthan_27.2383_76.555,25.2,22.5,27.7,1.6613247725836147
Rajasthan_27.2542_76.8322,34.07142857142857,30.5,40.1,2.942059531300189
Rajasthan_27.275_70.975,29.35,29.0,29.7,0.3109126351029595
Rajasthan_27.3167_70.0375,34.8,33.1,37.7,1.6552945357246864
Rajasthan_27.3167_75.295,17.6375,16.8,19.6,0.8830749846821779
Rajasthan_27.3167_77.3833,3.3375,1.1,6.1,1.6535135750447116
Rajasthan_27.3417_72.3064,9.742857142857144,8.4,10.9,0.8618916073713341
Rajasthan_27.3458_74.4833,19.63076923076923,14.5,31.4,5.239176878000432
Rajasthan_27.3583_70.4833,43.06666666666666,42.5,45.5,1.1977757163453722
Rajasthan_27.35_76.8597,9.5625,7.6,13.0,1.7943860868195078
Rajasthan_27.3667_75.4,30.8375,24.9,38.7,4.845892959138551
Rajasthan_27.3753_74.5167,30.325,20.1,36.2,5.602486692787155
Rajasthan_27.395_77.3525,10.95,9.9,14.3,1.4822762418465922
Rajasthan_27.42_71.6589,20.725,19.4,22.3,1.4453949863849216
Rajasthan_27.4522_71.4631,36.1,35.8,36.4,0.19999999999999674
Rajasthan_27.4653_73.6161,33.53333333333333,32.6,34.5,0.7201851613763443
Rajasthan_27.4753_74.5125,29.7125,27.9,30.8,0.869215574115946
Rajasthan_27.4833_71.7833,9.1875,6.5,12.0,1.5198096685346587
Rajasthan_27.48_77.3167,2.8875,1.3,4.4,1.0453126668268071
Rajasthan_27.4_74.55,14.0875,12.4,16.9,1.635706487816721
Rajasthan_27.5097_76.9994,28.771428571428572,21.6,36.6,5.108070178881741
Rajasthan_27.5167_71.7208,9.1375,8.4,10.5,0.706980500842441
Rajasthan_27.5167_71.8333,6.1375,5.8,6.6,0.3461523198989553
Rajasthan_27.5167_74.5167,30.612499999999997,27.5,32.9,2.0815087248024136
Rajasthan_27.525_77.075,12.0875,9.3,16.9,2.88317161671458
Rajasthan_27.5419_71.1483,15.791666666666666,8.5,24.4,7.375568801896919
Rajasthan_27.5436_71.2972,33.300000000000004,29.8,34.9,1.7866169147301842
Rajasthan_27.55_71.7083,10.783333333333333,9.1,11.6,0.8998147957589199
Rajasthan_27.55_77.3,11.16,5.2,29.9,10.517033802360814
Rajasthan_27.5611_71.08,37.15,35.9,38.5,0.9418067742376893
Rajasthan_27.5703_74.4333,26.042857142857144,23.0,29.2,2.237451781869383
Rajasthan_27.57_77.3,9.025,2.7,11.5,2.9079939084235664
Rajasthan_27.5825_71.1569,6.56,5.3,7.7,0.8876936408468858
Rajasthan_27.5833_76.8097,26.8625,22.9,31.9,3.3101305541797412
Rajasthan_27.5917_71.0667,7.5,6.8,7.9,0.43588989435406733
Rajasthan_27.5969_76.1922,38.13333333333333,35.1,41.4,2.2896870237363567
Rajasthan_27.5992_71.0736,25.48,7.7,30.1,9.939919516776785
Rajasthan_27.6125_72.0333,22.385714285714283,21.0,24.9,1.37892297516162
Rajasthan_27.6167_74.77,42.9125,35.8,45.1,3.0092417174905886
Rajasthan_27.6333_76.3333,35.71666666666667,30.1,44.0,5.17471416279843
Rajasthan_27.6347_70.2444,40.85,39.0,42.0,0.8315218406203004
Rajasthan_27.6458_72.125,30.0375,25.7,36.5,3.8714845805120888
Rajasthan_27.6547_77.0633,9.328571428571427,7.7,10.7,0.9928314487939458
Rajasthan_27.6917_76.3556,33.2875,25.2,40.2,5.348013649945186
Rajasthan_27.7128_74.8211,43.75,42.2,46.1,1.441229633730467
Rajasthan_27.7167_70.325,35.475,35.1,36.0,0.41129875597510007
Rajasthan_27.7203_71.9806,14.4,13.1,17.0,1.6382917933017913
Rajasthan_27.72_71.9794,14.540000000000001,14.0,15.4,0.5366563145999502
Rajasthan_27.7483_75.8817,8.92,6.7,11.6,1.974082065163452
Rajasthan_27.7622_72.1639,15.890909090909092,12.4,18.7,1.8619637727166163
Rajasthan_27.7822_77.2267,8.55,6.7,11.4,1.5775206586829311
Rajasthan_27.7_77.0833,6.128571428571428,3.7,10.9,2.6323084201984424
Rajasthan_27.8111_70.4153,31.380000000000003,31.0,31.9,0.47644516998286274
Rajasthan_27.8333_76.9333,14.38,8.4,23.2,6.161331025030225
Rajasthan_27.8386_74.2833,9.54,4.4,23.5,7.8646678251532025
Rajasthan_27.8392_74.8922,43.957142857142856,43.5,45.3,0.5109783763515842
Rajasthan_27.8644_74.8614,42.128571428571426,41.5,43.9,0.817953311043864
Rajasthan_27.8664_76.7956,24.0125,22.7,27.0,1.4855855026602416
Rajasthan_27.8_70.3667,30.5375,29.6,31.0,0.45019836897591137
Rajasthan_27.8_75.9833,10.028571428571428,5.2,14.5,3.467811166386413
Rajasthan_27.9167_72.5356,29.650000000000002,26.5,31.8,1.9967473550752497
Rajasthan_27.9167_74.6833,28.228571428571428,27.2,30.1,0.92143779987996
Rajasthan_27.9244_74.5611,20.625,19.9,21.3,0.5737304826019515
Rajasthan_27.9297_74.8992,39.95,39.5,40.5,0.3338091841585149
Rajasthan_27.9331_76.8644,33.7,28.5,41.5,4.59005135358761
Rajasthan_27.9333_72.5083,30.014285714285712,25.3,33.3,2.7008816902563293
Rajasthan_27.9667_76.7167,24.525,18.6,33.7,5.144136745571882
Rajasthan_27.9722_74.5417,29.442857142857143,28.6,29.8,0.43149794459588786
Rajasthan_27.9825_76.4083,41.5,35.5,48.2,5.659063526768367
Rajasthan_27.9833_72.35,15.35,11.3,16.7,1.510408333310345
Rajasthan_27.9917_72.2967,19.014285714285712,18.2,21.0,0.9370673604897565
Rajasthan_27.9972_76.3167,29.7875,26.8,33.8,2.5362725743556362
Rajasthan_28.0083_74.6153,29.3125,28.6,30.1,0.47640768855496596
Rajasthan_28.0264_72.125,24.72,24.5,24.9,0.164316767251551
Rajasthan_28.035_72.4917,12.285714285714286,11.2,13.4,0.7668736780560659
Rajasthan_28.0417_72.35,11.958333333333334,11.5,12.7,0.446111142558838
Rajasthan_28.0597_74.9378,36.5375,35.9,39.1,1.0809222252978503
Rajasthan_28.05_74.8667,37.4875,35.2,48.4,4.4228101926264
Rajasthan_28.0661_74.7539,44.84285714285714,38.9,48.3,3.0756338874326064
Rajasthan_28.0667_74.7333,40.35,39.0,44.4,2.005741758053612
Rajasthan_28.0733_74.8231,33.980000000000004,29.7,35.1,2.393115124685813
Rajasthan_28.0914_74.8636,34.9875,32.6,36.8,1.2517844405944205
Rajasthan_28.0_74.6567,29.885714285714283,29.6,30.4,0.2544836041121399
Rajasthan_28.11_76.835,29.17142857142857,24.2,33.5,3.5117489876671057
Rajasthan_28.14_74.9597,31.37142857142857,30.6,32.4,0.6848705126136034
Rajasthan_28.2042_74.5306,43.1375,40.7,49.9,3.0037773838000326
Rajasthan_28.2625_74.875,33.02857142857143,27.7,34.2,2.3634115777228257
Rajasthan_28.2_75.1778,41.125,40.3,43.2,1.0024968827881722
Rajasthan_28.3083_72.5178,17.1,15.2,18.1,0.9636241116594326
Rajasthan_28.3167_73.1917,42.55714285714286,42.0,43.4,0.5126959555693229
Rajasthan_28.3278_73.4917,34.25,33.6,35.6,0.9255628917943208
Rajasthan_28.3292_73.4875,33.67142857142857,33.0,34.8,0.8199883855158863
Rajasthan_28.4333_75.1306,29.7,29.2,30.7,0.5182387756347737
Rajasthan_28.4389_74.4858,39.225,35.3,48.6,4.574697491950387
Rajasthan_28.4617_73.4642,5.220000000000001,4.5,5.9,0.5630275304103702
Rajasthan_28.4667_74.8625,20.0,18.7,21.6,0.9273618495495708
Rajasthan_28.4708_75.0792,19.5875,18.1,21.3,1.0934055580093394
Rajasthan_28.4792_73.5583,7.283333333333334,6.4,9.3,1.0534071704078474
Rajasthan_28.5042_74.7375,24.6625,23.1,26.4,1.556495605977919
Rajasthan_28.5333_73.5625,31.98,31.2,33.5,0.9364827814754526
Rajasthan_28.5333_75.4389,39.44285714285714,37.9,43.5,1.8989972291160617
Rajasthan_28.5764_73.8111,31.45,25.9,43.9,5.444787809062378
Rajasthan_28.5769_74.5044,43.9125,43.4,45.4,0.6599512969043335
Rajasthan_28.5917_73.1917,29.7625,27.7,32.2,1.3244270998651253
Rajasthan_28.6333_73.6,6.34,5.6,6.9,0.4878524367060185
Rajasthan_28.6333_75.375,23.314285714285713,19.2,25.1,1.9785757263147414
Rajasthan_28.635_75.3,24.900000000000002,24.3,25.8,0.5322906474223761
Rajasthan_28.6667_73.1333,31.45,29.7,34.5,1.977010730514995
Rajasthan_28.6669_73.9189,16.2125,14.5,21.1,2.1944328912695683
Rajasthan_28.6694_72.75,16.3,13.2,17.4,1.6763054614240211
Rajasthan_28.6694_75.2333,12.8,10.6,18.8,2.545023154539632
Rajasthan_28.7014_73.7642,37.44285714285714,30.7,39.6,3.064232988779381
Rajasthan_28.7667_73.8167,37.94285714285714,37.1,39.7,0.8847921466972604
Rajasthan_28.7_73.8833,24.883333333333336,22.0,27.3,1.9487602896884648
Rajasthan_28.8667_73.35,11.514285714285714,10.0,15.1,1.709218702047392
Rajasthan_28.8667_74.2778,44.8125,44.2,46.0,0.6034129124050504
Rajasthan_28.8847_73.2875,13.975,12.2,20.9,2.850438562747844
Rajasthan_28.8_73.0667,7.459999999999999,6.9,8.1,0.45607017003965494
Rajasthan_28.9167_74.2,43.18571428571429,42.3,44.6,0.8132825901423009
Rajasthan_28.9333_73.4083,7.214285714285714,6.2,8.4,0.8254868693253526
Rajasthan_28.9333_73.8833,19.6,17.1,29.5,4.2534019997442725
Rajasthan_28.9708_75.0333,12.975,12.2,14.1,0.7126409634992524
Rajasthan_28.975_74.2917,36.6875,35.4,37.2,0.6356942211921898
Rajasthan_29.0139_75.0972,12.3125,11.6,13.7,0.6957780844904083
Rajasthan_29.0333_73.4333,8.7,6.1,23.4,5.946907960084323
Rajasthan_29.0333_74.7333,15.85,14.5,17.6,0.998570406702932
Rajasthan_29.075_74.3,25.383333333333336,22.7,31.4,3.1076786620670203
Rajasthan_29.0833_73.3667,8.45,7.1,10.0,0.9023778112773571
Rajasthan_29.1667_73.375,15.0,14.3,15.7,0.5318431562567503
Rajasthan_29.1833_75.325,12.14,10.2,13.8,1.7082154430867327
Rajasthan_29.1906_73.2189,18.25,13.4,42.2,9.756755901132596
Rajasthan_29.1_75.0333,14.25,13.6,15.3,0.6279217421667408
Rajasthan_29.2167_74.5333,4.4,2.9,6.8,1.3228756555322951
Rajasthan_29.2333_74.75,17.9,13.2,22.3,3.3780806046375766
Rajasthan_29.2528_74.4139,1.3625,0.2,2.7,0.8749489781042745
Rajasthan_29.255_74.4097,6.8,6.6,7.0,0.1825741858350555
Rajasthan_29.25_74.8333,17.7375,13.7,20.0,1.8298614311315644
Rajasthan_29.2806_74.7667,15.450000000000001,14.3,18.1,1.2649110640673522
Rajasthan_29.2833_74.1708,7.571428571428571,4.2,14.9,3.7361808868211432
Rajasthan_29.3083_73.2292,9.7375,8.8,11.5,0.8943273609654512
Rajasthan_29.3361_73.6875,6.25,5.3,7.4,0.8961026726887942
Rajasthan_29.3472_73.6625,6.116666666666667,2.3,7.4,1.8978057505094312
Rajasthan_29.3792_74.2708,2.257142857142857,1.0,6.6,1.932060336236201
Rajasthan_29.3958_73.9408,14.0,11.0,17.0,2.6523574419749685
Rajasthan_29.4125_74.2,9.375,7.9,12.0,1.4359824004999
Rajasthan_29.4667_73.9333,7.442857142857143,5.1,9.6,1.6308046509388576
Rajasthan_29.475_74.1269,24.542857142857144,21.6,28.0,2.238196552924656
Rajasthan_29.4917_73.6292,9.7625,8.6,10.6,0.6566962768281851
Rajasthan_29.5125_73.6167,10.45,9.8,12.2,0.7634508123364216
Rajasthan_29.5208_73.5833,10.4,8.3,12.2,1.0690449676496974
Rajasthan_29.5417_73.45,10.1875,9.0,10.8,0.6266407036161719
Rajasthan_29.5611_74.3333,20.8875,19.0,23.9,1.620791252973152
Rajasthan_29.5625_73.9708,21.2125,19.5,25.5,2.3203678895505213
Rajasthan_29.5958_73.6167,11.875,11.3,12.4,0.44641428548570683
Rajasthan_29.6167_74.2833,21.925,17.4,25.5,2.4075773240809073
Rajasthan_29.625_74.3167,26.125,21.9,32.5,3.7078102894912432
Rajasthan_29.6333_73.45,7.75,6.8,8.2,0.41747540560578417
Rajasthan_29.6333_73.7667,14.05,12.0,15.2,1.0703804397102392
Rajasthan_29.6828_73.8583,17.6,17.0,19.0,0.6708203932499366
Rajasthan_29.6833_74.1,25.485714285714288,24.7,26.8,0.7776643908280136
Rajasthan_29.6833_74.1625,28.0875,25.6,33.2,2.636793236381755
Rajasthan_29.6958_73.9167,17.8625,16.2,20.3,1.3627047683611753
Rajasthan_29.6972_74.2944,23.5125,21.4,27.9,2.3030647283255283
Rajasthan_29.725_73.5958,10.2,9.3,10.7,0.5154748157905342
Rajasthan_29.7458_73.9,16.1375,14.6,17.5,0.7909081579334692
Rajasthan_29.7583_74.2667,22.35,20.5,26.2,1.8920887928424497
Rajasthan_29.7958_73.4458,4.9875,4.2,6.5,0.7059694449073962
Rajasthan_29.7986_74.0894,24.5,24.2,24.9,0.29439202887759425
Rajasthan_29.8083_73.7333,14.3,11.4,27.9,5.5281099844341
Rajasthan_29.8167_73.45,4.6625,4.0,5.3,0.3889087296526011
Rajasthan_29.825_73.7292,10.7375,8.7,13.1,1.707912259372326
Rajasthan_29.8417_74.0222,18.375,15.7,20.2,1.3013729014281146
Rajasthan_29.8556_73.9875,17.56,16.5,20.0,1.3957077057894318
Tamil Nadu_10.0306_78.3333,2.0,1.3,2.5,0.6244997998398399
Tamil Nadu_10.0333_78.3444,2.0,1.5,2.5,0.7071067811865476
Tamil Nadu_10.0458_78.2,1.0333333333333334,0.7,1.3,0.3055050463303894
Tamil Nadu_10.075_79.0336,3.1999999999999997,2.7,3.5,0.4358898943540673
Tamil Nadu_10.0792_78.175,3.533333333333333,2.5,5.1,1.3796134724383249
Tamil Nadu_10.0989_77.5717,4.588888888888889,0.7,7.0,2.18428732338745
Tamil Nadu_10.1208_77.55,4.55,3.5,5.6,1.4849242404917495
Tamil Nadu_10.1528_77.6583,2.4666666666666663,1.3,3.8,1.2583057392117916
Tamil Nadu_10.1656_79.125,4.2,0.7,8.5,3.9610604640676716
Tamil Nadu_10.1667_78.9958,1.8,1.4,2.0,0.3464101615137755
Tamil Nadu_10.2222_78.2472,3.0,2.7,3.6,0.5196152422706634
Tamil Nadu_10.2306_78.9678,3.6,2.2,6.0,2.0880613017821097
Tamil Nadu_10.2583_77.925,3.033333333333333,2.2,4.3,1.1150485789118483
Tamil Nadu_10.2681_77.5417,0.35,0.3,0.4,0.0707106781186548
Tamil Nadu_10.3333_78.8625,2.9333333333333336,1.8,4.4,1.3316656236958788
Tamil Nadu_10.3514_77.9944,0.6666666666666666,0.4,0.9,0.2516611478423583
Tamil Nadu_10.3583_77.975,1.6666666666666667,1.2,2.4,0.6429100507328637
Tamil Nadu_10.3667_77.9708,0.7666666666666666,0.6,0.9,0.15275252316519472
Tamil Nadu_10.3708_79.5917,1.25,0.7,1.8,0.7778174593052023
Tamil Nadu_10.3756_77.9853,1.5999999999999999,1.0,2.0,0.5291502622129182
Tamil Nadu_10.4072_78.0025,2.7999999999999994,1.3,5.1,2.0223748416156684
Tamil Nadu_10.4125_78.6667,1.15,0.8,1.5,0.49497474683058335
Tamil Nadu_10.4525_78.7028,5.45,4.9,6.0,0.7778174593052021
Tamil Nadu_10.4917_77.35,1.05,1.0,1.1,0.07071067811865482
Tamil Nadu_10.55_79.05,4.5,2.3,7.0,2.364318083507378
Tamil Nadu_10.5736_79.0167,1.9666666666666666,0.7,3.3,1.3012814197295424
Tamil Nadu_10.6144_78.4253,0.64,0.0,1.3,0.4827007354458868
Tamil Nadu_10.6147_78.4256,5.2,2.8,7.3,2.264950330581225
Tamil Nadu_10.6289_79.7483,0.8333333333333334,0.4,1.1,0.37859388972001823
Tamil Nadu_10.6353_76.9411,2.2666666666666666,1.9,2.6,0.35118845842842467
Tamil Nadu_10.6381_78.4467,8.866666666666665,2.8,13.7,5.553677460326026
Tamil Nadu_10.6431_77.7342,4.45,3.2,5.7,1.7677669529663689
Tamil Nadu_10.6714_77.9922,7.433333333333334,4.4,9.0,2.6274195198584738
Tamil Nadu_10.6806_78.1156,1.5,0.8,2.2,0.9899494936611667
Tamil Nadu_10.6833_79.4667,1.4000000000000001,0.8,2.2,0.7211102550927979
Tamil Nadu_10.6833_79.8375,1.1500000000000001,0.4,2.4,0.7176350047203662
Tamil Nadu_10.7208_79.6417,0.8666666666666667,0.8,1.0,0.11547005383792512
Tamil Nadu_10.7272_78.1392,1.8666666666666665,1.1,3.1,1.0785793124908958
Tamil Nadu_10.7292_77.0917,3.7,2.5,4.9,1.6970562748477143
Tamil Nadu_10.7333_77.0292,6.366666666666667,4.8,8.0,1.601041327803044
Tamil Nadu_10.7417_78.5833,6.133333333333333,1.1,13.5,6.5209917446147205
Tamil Nadu_10.7458_79.4708,2.6333333333333333,1.7,3.1,0.8082903768654762
Tamil Nadu_10.745_78.7117,1.7333333333333332,0.5,3.3,1.429452109492771
Tamil Nadu_10.7583_78.0333,12.533333333333333,11.2,13.6,1.2220201853215575
Tamil Nadu_10.7597_78.6822,1.3333333333333333,1.1,1.5,0.20816659994661324
Tamil Nadu_10.7667_79.7333,2.1,2.0,2.2,0.14142135623730964
Tamil Nadu_10.7917_77.7083,3.3,2.8,3.8,0.7071067811865476
Tamil Nadu_10.8003_78.6967,3.1,1.6,4.8,1.6093476939431082
Tamil Nadu_10.8047_78.7439,0.5,0.2,0.8,0.42426406871192857
Tamil Nadu_10.8083_76.9583,6.033333333333334,5.5,6.5,0.5033222956847166
Tamil Nadu_10.8147_78.6794,4.433333333333334,3.7,4.9,0.6429100507328638
Tamil Nadu_10.8167_77.0167,6.633333333333333,5.9,7.6,0.8736894948054099
Tamil Nadu_10.8367_78.6992,5.533333333333334,4.9,6.2,0.6506407098647712
Tamil Nadu_10.8458_78.7486,2.8333333333333335,2.3,3.5,0.6110100926607787
Tamil Nadu_10.8528_78.7064,3.3333333333333335,2.6,4.2,0.8082903768654761
Tamil Nadu_10.8542_78.7083,3.9333333333333336,1.7,7.1,2.818391976523729
Tamil Nadu_10.8558_78.6867,2.9333333333333336,2.3,3.7,0.7094598884597589
Tamil Nadu_10.8692_78.6906,4.9,4.5,5.3,0.5656854249492382
Tamil Nadu_10.8728_77.7647,3.1666666666666665,2.8,3.9,0.6350852961085883
Tamil Nadu_10.875_76.9,13.0,11.5,14.2,1.3747727084867518
Tamil Nadu_10.8769_78.7978,2.233333333333333,1.8,2.8,0.5131601439446881
Tamil Nadu_10.8875_79.6,2.0,1.7,2.3,0.2999999999999999
Tamil Nadu_10.8906_78.5317,1.6333333333333335,1.0,2.6,0.8504900548115384
Tamil Nadu_10.9014_78.6039,2.6,1.8,3.6,0.916515138991168
Tamil Nadu_10.9083_76.9667,14.733333333333334,14.0,15.4,0.70237691685685
Tamil Nadu_10.9125_78.7233,1.0333333333333334,0.5,1.3,0.46188021535170065
Tamil Nadu_10.9417_78.9125,2.1999999999999997,2.0,2.4,0.1999999999999999
Tamil Nadu_10.9606_79.5733,1.2666666666666666,1.1,1.5,0.20816659994661324
Tamil Nadu_10.985_78.7656,2.0666666666666664,1.5,2.8,0.6658328118479393
Tamil Nadu_10.9958_77.2778,9.1,7.8,10.4,1.8384776310850237
Tamil Nadu_11.0014_78.725,4.166666666666667,0.5,6.8,3.2746501085357704
Tamil Nadu_11.0169_79.8514,1.4333333333333333,1.1,1.8,0.3511884584284246
Tamil Nadu_11.0333_79.05,1.85,1.8,1.9,0.07071067811865474
Tamil Nadu_11.0456_77.3272,3.8,3.6,4.0,0.2828427124746188
Tamil Nadu_11.0467_77.3814,20.45,15.9,25.0,6.434671708797581
Tamil Nadu_11.0583_77.3889,2.8,0.5,5.1,3.2526911934581184
Tamil Nadu_11.0689_77.3519,0.6000000000000001,0.4,0.8,0.282842712474619
Tamil Nadu_11.0697_77.3844,2.55,1.7,3.4,1.2020815280171309
Tamil Nadu_11.0833_77.4458,4.333333333333333,3.9,4.8,0.4509249752822895
Tamil Nadu_11.0881_77.3431,2.5,2.1,2.7,0.3464101615137755
Tamil Nadu_11.0944_79.6556,1.2666666666666666,1.1,1.5,0.20816659994661324
Tamil Nadu_11.1014_77.3542,6.066666666666666,5.9,6.2,0.1527525231651946
Tamil Nadu_11.1078_77.3703,1.2666666666666666,0.7,2.0,0.6658328118479393
Tamil Nadu_11.1092_77.4356,14.733333333333334,11.9,16.3,2.4583192089989714
Tamil Nadu_11.1117_77.3342,4.766666666666667,4.1,5.5,0.7023769168568492
Tamil Nadu_11.1156_77.3858,4.333333333333333,3.8,5.4,0.9237604307034016
Tamil Nadu_11.1192_77.34,2.966666666666667,2.5,3.5,0.5033222956847165
Tamil Nadu_11.1253_77.4133,4.5,3.6,5.0,0.7810249675906654
Tamil Nadu_11.1289_77.2833,7.2,2.9,12.0,4.570557952810575
Tamil Nadu_11.1347_78.775,2.75,2.7,2.8,0.0707106781186545
Tamil Nadu_11.1394_79.2378,1.6333333333333335,0.3,2.4,1.1590225767142475
Tamil Nadu_11.1611_78.7222,4.25,2.7,5.8,2.192031021678297
Tamil Nadu_11.1758_77.0575,19.9,11.9,30.4,9.5
Tamil Nadu_11.1969_78.8461,2.733333333333333,2.0,3.7,0.8736894948054106
Tamil Nadu_11.2069_77.3606,8.9,5.7,12.1,4.525483399593904
Tamil Nadu_11.2097_79.6639,1.3666666666666665,0.3,2.3,1.0066445913694333
Tamil Nadu_11.2111_79.3958,4.3999999999999995,0.8,10.2,5.071488933242386
Tamil Nadu_11.2128_79.3644,1.6333333333333335,1.2,2.2,0.5131601439446885
Tamil Nadu_11.2153_78.7472,4.0,2.8,5.2,1.6970562748477143
Tamil Nadu_11.2306_79.025,2.3666666666666667,1.4,3.3,0.9504384952922167
Tamil Nadu_11.2333_77.1083,14.666666666666666,5.4,27.5,11.473592869425573
Tamil Nadu_11.2333_78.875,2.9,2.5,3.6,0.6082762530298221
Tamil Nadu_11.2333_79.315,1.5666666666666667,0.5,2.5,1.0066445913694333
Tamil Nadu_11.2347_78.8014,3.9,1.8,6.0,2.9698484809834995
Tamil Nadu_11.2406_78.9681,5.5,4.6,6.4,1.272792206135786
Tamil Nadu_11.2558_76.9347,6.166666666666667,5.9,6.3,0.23094010767585013
Tamil Nadu_11.2583_78.9417,1.5,1.2,2.0,0.43588989435406733
Tamil Nadu_11.2667_79.6208,2.8333333333333335,2.4,3.4,0.5131601439446883
Tamil Nadu_11.2714_78.8461,2.0999999999999996,1.9,2.3,0.2828427124746191
Tamil Nadu_11.2978_79.3775,1.0999999999999999,0.8,1.7,0.5196152422706631
Tamil Nadu_11.2983_77.0789,5.433333333333334,3.2,9.7,3.6963946398258574
Tamil Nadu_11.3058_79.5939,2.0,1.4,2.4,0.529150262212918
Tamil Nadu_11.3069_79.3494,0.43333333333333335,0.4,0.5,0.05773502691896256
Tamil Nadu_11.3083_78.9167,4.133333333333334,3.3,4.7,0.7371114795831996
Tamil Nadu_11.3386_79.3775,3.266666666666667,2.5,4.5,1.0785793124908958
Tamil Nadu_11.3456_78.8317,2.0,1.0,3.3,1.1789826122551594
Tamil Nadu_11.3475_78.9489,4.533333333333333,2.8,7.9,2.916047553338823
Tamil Nadu_11.35_77.1667,6.8,5.5,8.1,1.8384776310850233
Tamil Nadu_11.3617_79.5083,0.7333333333333333,0.1,1.2,0.5686240703077328
Tamil Nadu_11.3833_79.3833,1.6,1.4,1.8,0.28284271247461906
Tamil Nadu_11.3_76.9472,9.066666666666666,6.1,10.9,2.5929391302792544
Tamil Nadu_11.41_79.3328,1.55,1.0,2.1,0.7778174593052023
Tamil Nadu_11.4222_77.5583,2.45,2.3,2.6,0.21213203435596428
Tamil Nadu_11.4333_77.5583,2.45,2.0,2.9,0.6363961030678925
Tamil Nadu_11.4847_77.6917,3.0,2.3,3.7,0.9899494936611668
Tamil Nadu_11.5072_77.6139,3.85,3.5,4.2,0.4949747468305834
Tamil Nadu_11.5186_79.3697,2.0,1.3,2.7,0.7000000000000001
Tamil Nadu_11.5222_79.5256,0.5333333333333333,0.3,0.7,0.2081665999466132
Tamil Nadu_11.5242_77.5167,10.6,9.4,11.8,1.2000000000000006
Tamil Nadu_11.5269_79.6517,1.5333333333333332,0.9,2.1,0.6027713773341709
Tamil Nadu_11.5294_79.5311,2.9,2.1,4.0,0.9848857801796104
Tamil Nadu_11.52_77.6033,7.050000000000001,6.9,7.2,0.2121320343559638
Tamil Nadu_11.5367_77.7097,6.3999999999999995,3.4,12.1,4.938623289946299
Tamil Nadu_11.5375_79.5417,6.733333333333333,2.8,14.6,6.812733176437584
Tamil Nadu_11.5394_79.5914,1.1333333333333335,1.1,1.2,0.05773502691896251
Tamil Nadu_11.5453_77.5953,4.766666666666667,3.2,7.7,2.5423086620891127
Tamil Nadu_11.5583_79.4833,2.6,2.1,3.1,0.7071067811865476
Tamil Nadu_11.5625_79.5917,1.8333333333333333,0.6,2.7,1.0969655114602892
Tamil Nadu_11.5692_79.6789,1.4666666666666668,0.9,1.9,0.5131601439446883
Tamil Nadu_11.5731_77.695,3.4,1.9,5.6,1.9467922333931784
Tamil Nadu_11.5733_77.6939,3.1333333333333333,2.7,3.9,0.6658328118479392
Tamil Nadu_11.5819_79.5533,1.8,0.9,2.6,0.8544003745317532
Tamil Nadu_11.5892_79.5275,1.1666666666666667,0.7,1.6,0.45092497528228953
Tamil Nadu_11.5919_77.6661,7.833333333333333,6.0,10.0,2.0207259421636903
Tamil Nadu_11.5944_77.5875,4.566666666666666,3.5,5.9,1.2220201853215575
Tamil Nadu_11.6011_79.7189,1.6333333333333335,1.5,1.8,0.15275252316519472
Tamil Nadu_11.6067_79.635,0.8,0.5,1.1,0.42426406871192857
Tamil Nadu_11.6164_79.7414,3.8333333333333335,3.5,4.5,0.5773502691896257
Tamil Nadu_11.6175_79.5539,13.5,12.8,14.7,1.0440306508910544
Tamil Nadu_11.6194_77.7444,5.533333333333334,4.1,7.4,1.6921386861996077
Tamil Nadu_11.6208_77.6333,2.766666666666667,1.8,4.0,1.1239810200058242
Tamil Nadu_11.6392_79.7472,0.6333333333333333,0.5,0.8,0.1527525231651947
Tamil Nadu_11.6414_77.6822,11.5,10.6,12.5,0.9539392014169462
Tamil Nadu_11.6417_77.6833,12.6,11.2,14.2,1.5099668870541498
Tamil Nadu_11.6475_79.6392,6.15,4.9,7.4,1.7677669529663689
Tamil Nadu_11.6589_77.6847,10.533333333333333,8.9,12.1,1.6010413278030433
Tamil Nadu_11.8083_77.5333,7.766666666666667,7.3,8.5,0.6429100507328638
Tamil Nadu_11.9167_78.3361,1.3333333333333333,0.8,1.7,0.4725815626252608
Tamil Nadu_11.9403_78.0594,7.6000000000000005,6.3,10.1,2.165640782770771
Tamil Nadu_11.9433_78.0481,6.466666666666666,6.3,6.8,0.28867513459481275
Tamil Nadu_11.955_79.4183,0.8,0.6,1.0,0.28284271247461906
Tamil Nadu_11.9667_78.4167,7.400000000000001,4.5,8.9,2.511971337416094
Tamil Nadu_11.9778_78.6625,3.0,1.7,4.3,1.8384776310850233
Tamil Nadu_12.0417_78.4833,4.566666666666667,1.6,10.3,4.966219219218312
Tamil Nadu_12.0514_78.4833,8.533333333333333,7.2,11.2,2.3094010767585025
Tamil Nadu_12.0525_78.2806,7.366666666666667,5.3,10.5,2.7592269448766507
Tamil Nadu_12.0944_79.8928,1.2,0.5,1.9,0.9899494936611665
Tamil Nadu_12.0975_78.6289,5.766666666666667,3.7,8.5,2.4684678108764824
Tamil Nadu_12.0_78.25,3.8666666666666667,2.5,4.6,1.1846237095944572
Tamil Nadu_12.1017_78.5892,4.75,2.7,6.8,2.899137802864845
Tamil Nadu_12.1081_78.4128,6.6,3.1,10.1,4.949747468305833
Tamil Nadu_12.1128_78.4942,4.5,2.3,6.5,2.1071307505705477
Tamil Nadu_12.1247_78.3989,10.866666666666667,5.1,14.6,5.065899064661013
Tamil Nadu_12.1331_78.3197,6.2,4.0,9.8,3.1432467291003428
Tamil Nadu_12.1333_78.0583,2.8666666666666667,2.0,4.5,1.4153915830374764
Tamil Nadu_12.1417_78.2917,5.0,3.6,6.4,1.4000000000000001
Tamil Nadu_12.1431_78.2844,4.233333333333333,2.5,7.0,2.4214320831552008
Tamil Nadu_12.1717_79.5972,1.7,0.5,2.9,1.697056274847714
Tamil Nadu_12.1833_79.6667,0.6000000000000001,0.4,0.8,0.28284271247461906
Tamil Nadu_12.1942_78.295,14.666666666666666,8.3,20.9,6.301058112200944
Tamil Nadu_12.2017_78.3544,7.233333333333333,3.6,13.6,5.532027958473577
Tamil Nadu_12.2083_78.7083,3.4333333333333336,1.0,6.1,2.557994005726622
Tamil Nadu_12.2283_79.57,2.75,2.4,3.1,0.4949747468305834
Tamil Nadu_12.2583_78.6625,4.633333333333334,2.8,5.9,1.6258331197676268
Tamil Nadu_12.2583_79.9083,1.3666666666666665,0.6,2.4,0.9291573243177569
Tamil Nadu_12.25_79.3317,0.95,0.5,1.4,0.6363961030678927
Tamil Nadu_12.25_79.4167,1.6,0.6,2.6,1.4142135623730951
Tamil Nadu_12.2611_78.3019,7.7,5.6,8.8,1.8193405398660254
Tamil Nadu_12.2667_78.9417,3.1,0.5,4.8,2.2869193252058544
Tamil Nadu_12.2917_78.7917,5.466666666666666,4.3,6.1,1.0115993936995682
Tamil Nadu_12.3472_79.9083,2.033333333333333,1.8,2.2,0.20816659994661343
Tamil Nadu_12.35_79.35,1.85,1.0,2.7,1.2020815280171309
Tamil Nadu_12.4558_78.5867,1.5,1.3,1.7,0.28284271247461895
Tamil Nadu_12.4608_78.6231,1.45,1.0,1.9,0.6363961030678927
Tamil Nadu_12.5022_79.2256,5.666666666666667,2.1,8.4,3.2316146634976968
Tamil Nadu_12.5292_79.9,2.05,2.0,2.1,0.07071067811865497
Tamil Nadu_12.5917_79.625,1.2,0.9,1.5,0.42426406871192857
Tamil Nadu_12.6583_79.5333,1.2333333333333334,0.9,1.5,0.30550504633038933
Tamil Nadu_12.7667_79.2667,1.8,0.4,2.8,1.2489995996796797
Tamil Nadu_12.7708_78.8833,8.733333333333334,6.9,9.8,1.5947831618540917
Tamil Nadu_12.7_79.975,2.1999999999999997,1.9,2.8,0.519615242270663
Tamil Nadu_12.8417_80.0667,1.78,1.0,2.4,0.6340346993658944
Tamil Nadu_12.8556_80.1694,1.2,0.9,1.5,0.42426406871192857
Tamil Nadu_12.8633_80.2261,1.85,1.3,2.1,0.3785938897200181
Tamil Nadu_12.8667_78.7083,9.649999999999999,9.6,9.7,0.07071067811865388
Tamil Nadu_12.8686_80.1103,1.1333333333333333,0.6,1.5,0.4725815626252608
Tamil Nadu_12.8694_80.2472,1.7,1.0,2.4,0.7
Tamil Nadu_12.8875_80.1486,2.0,1.5,2.5,0.7071067811865476
Tamil Nadu_12.9003_80.1711,5.133333333333334,4.5,6.0,0.7767453465154028
Tamil Nadu_12.9019_80.2494,1.7,1.5,1.9,0.28284271247461895
Tamil Nadu_12.9167_80.1083,1.1,0.8,1.4,0.4242640687119285
Tamil Nadu_12.9333_80.1333,4.166666666666667,3.8,4.4,0.3214550253664324
Tamil Nadu_12.9406_80.1375,1.8333333333333333,1.2,2.3,0.5686240703077327
Tamil Nadu_12.9431_80.1478,1.1333333333333333,0.6,1.5,0.4725815626252608
Tamil Nadu_12.9444_78.8439,2.0999999999999996,1.4,2.8,0.9899494936611667
Tamil Nadu_12.9514_80.1392,1.3666666666666665,0.9,2.1,0.6429100507328637
Tamil Nadu_12.9556_78.9944,9.65,6.0,13.3,5.161879502661797
Tamil Nadu_12.9575_80.1261,0.65,0.5,0.8,0.21213203435596428
Tamil Nadu_12.9611_78.98,12.149999999999999,5.6,18.7,9.263098833543772
Tamil Nadu_12.9622_80.1842,2.1999999999999997,1.9,2.6,0.36055512754639907
Tamil Nadu_12.9628_80.1131,4.3,4.0,4.6,0.2999999999999996
Tamil Nadu_12.9722_80.1736,1.9666666666666666,1.2,3.3,1.1590225767142475
Tamil Nadu_12.9728_80.1544,1.075,0.0,1.8,0.7632168761236875
Tamil Nadu_12.9833_80.125,1.7999999999999998,1.4,2.3,0.45825756949558394
Tamil Nadu_12.9_78.9458,5.0,1.7,8.7,3.5171010790137944
Tamil Nadu_12.9_80.2333,1.25,0.9,1.5,0.2516611478423583
Tamil Nadu_13.0014_80.27,1.8,0.8,3.2,1.2489995996796797
Tamil Nadu_13.0042_80.1875,2.033333333333333,1.8,2.3,0.2516611478423582
Tamil Nadu_13.0072_80.1978,1.4000000000000001,1.2,1.6,0.20000000000000015
Tamil Nadu_13.0192_80.2678,1.2666666666666666,0.3,1.9,0.8504900548115382
Tamil Nadu_13.0225_80.1533,1.3,1.1,1.6,0.2645751311064591
Tamil Nadu_13.025_80.2583,1.7,1.4,2.0,0.3000000000000001
Tamil Nadu_13.0292_80.08,0.9500000000000001,0.8,1.1,0.1732050807568877
Tamil Nadu_13.0417_80.2083,0.8333333333333334,0.4,1.1,0.37859388972001823
Tamil Nadu_13.0556_80.2814,2.033333333333333,0.6,2.9,1.2503332889007368
Tamil Nadu_13.0567_80.0819,2.075,1.4,2.6,0.6184658438426492
Tamil Nadu_13.0625_79.8625,1.0666666666666667,1.0,1.1,0.057735026918962644
Tamil Nadu_13.0625_80.0625,3.4666666666666663,1.8,5.8,2.0816659994661326
Tamil Nadu_13.0667_79.9667,4.300000000000001,4.2,4.4,0.14142135623730995
Tamil Nadu_13.0667_80.2278,5.666666666666667,3.1,9.7,3.536005279030749
Tamil Nadu_13.0747_80.2625,0.8,0.4,1.2,0.565685424949238
Tamil Nadu_13.0833_80.1875,1.4,1.2,1.6,0.28284271247461906
Tamil Nadu_13.0833_80.2708,2.4,0.5,5.2,2.4758836806279896
Tamil Nadu_13.1056_80.2814,3.6999999999999997,2.3,5.4,1.5716233645501714
Tamil Nadu_13.1167_80.275,2.8333333333333335,2.0,4.4,1.3576941236277535
Tamil Nadu_13.1211_80.0617,1.8,0.8,2.7,1.0424330514074596
Tamil Nadu_13.1367_80.1694,1.7333333333333334,1.4,2.1,0.3511884584284246
Tamil Nadu_13.1_80.25,0.6333333333333333,0.3,1.0,0.35118845842842467
Tamil Nadu_13.2625_80.2903,0.4000000000000001,0.0,0.8,0.4
Tamil Nadu_13.2667_80.2792,0.5,0.2,0.7,0.264575131106459
Tamil Nadu_13.2703_80.2631,0.9333333333333332,0.6,1.3,0.35118845842842467
Tamil Nadu_13.3125_80.05,2.6999999999999997,1.4,3.8,1.212435565298214
Tamil Nadu_13.3319_80.2792,0.6000000000000001,0.4,0.8,0.28284271247461906
Tamil Nadu_13.3417_79.9083,2.4,2.3,2.5,0.10000000000000009
Tamil Nadu_13.3419_80.1892,4.533333333333333,4.3,4.7,0.20816659994661338
Tamil Nadu_13.4_80.1333,4.433333333333334,3.8,5.0,0.6027713773341711
Tamil Nadu_8.6083_77.85,1.4333333333333336,0.5,2.7,1.1372481406154655
Tamil Nadu_8.625_77.9083,2.6333333333333333,1.9,3.1,0.6429100507328637
Tamil Nadu_8.7344_77.9194,1.4666666666666668,0.9,1.9,0.5131601439446885
Tamil Nadu_8.8667_77.9,1.5,1.0,2.0,0.7071067811865476
Tamil Nadu_8.9306_78.0917,2.766666666666667,2.3,3.6,0.7234178138070236
Tamil Nadu_8.9444_77.775,1.3666666666666665,0.8,1.9,0.5507570547286101
Tamil Nadu_8.9972_77.8617,4.066666666666666,4.0,4.1,0.05773502691896237
Tamil Nadu_9.1431_77.7719,2.6,1.6,4.2,1.4
Tamil Nadu_9.1444_77.7056,1.4333333333333333,0.8,2.6,1.011599393699568
Tamil Nadu_9.175_78.45,1.8,1.0,3.2,1.216552506059644
Tamil Nadu_9.2008_79.3794,2.733333333333333,1.8,3.5,0.8621678104251708
Tamil Nadu_9.2178_77.9833,1.0499999999999998,0.7,1.4,0.49497474683058335
Tamil Nadu_9.2333_78.1306,1.1,1.0,1.2,0.14142135623730956
Tamil Nadu_9.2417_77.8014,2.033333333333333,1.7,2.4,0.35118845842842467
Tamil Nadu_9.2417_78.5125,1.2666666666666666,1.1,1.5,0.20816659994661324
Tamil Nadu_9.2833_79.1667,1.9666666666666668,0.8,2.9,1.0692676621563626
Tamil Nadu_9.2833_79.275,0.9333333333333332,0.7,1.4,0.40414518843273806
Tamil Nadu_9.2842_79.0014,1.9000000000000001,1.5,2.2,0.360555127546399
Tamil Nadu_9.325_78.0819,3.1333333333333333,1.6,4.7,1.5502687938977984
Tamil Nadu_9.35_78.35,2.1,0.8,3.1,1.1789826122551597
Tamil Nadu_9.3833_77.4656,2.0,1.8,2.2,0.28284271247461906
Tamil Nadu_9.3833_77.5583,1.9500000000000002,1.8,2.1,0.21213203435596437
Tamil Nadu_9.4083_78.375,8.866666666666667,6.9,10.3,1.7616280348965088
Tamil Nadu_9.4417_78.5611,4.1,3.4,4.8,0.9899494936611662
Tamil Nadu_9.4583_78.6083,4.433333333333334,1.4,7.5,3.0501366089625126
Tamil Nadu_9.4625_77.5417,1.35,0.2,2.5,1.6263455967290592
Tamil Nadu_9.5117_77.4542,4.15,3.0,5.3,1.6263455967290594
Tamil Nadu_9.5458_78.695,6.85,6.8,6.9,0.07071067811865482
Tamil Nadu_9.5667_78.075,1.7,0.5,2.9,1.697056274847714
Tamil Nadu_9.7389_78.1008,2.0999999999999996,1.9,2.3,0.2828427124746188
Tamil Nadu_9.7417_77.2847,7.133333333333334,5.9,8.8,1.4977761292440648
Tamil Nadu_9.75_77.675,4.033333333333333,2.0,6.2,2.103172207246314
Tamil Nadu_9.7_77.3,11.700000000000001,10.8,13.4,1.4730919862656242
Tamil Nadu_9.9333_79.1417,0.7000000000000001,0.3,1.1,0.5656854249492381
Tamil Nadu_9.9414_77.9681,4.166666666666667,3.9,4.4,0.25166114784235866
Tamil Nadu_9.9511_78.2072,1.0999999999999999,0.9,1.2,0.17320508075688765
Tamil Nadu_9.9625_77.45,3.65,3.0,4.3,0.9192388155425116
Tamil Nadu_9.9869_78.1389,1.7666666666666666,0.9,3.2,1.250333288900737
Tamil Nadu_9.9917_77.4361,0.5,0.0,1.0,0.7071067811865476
Tamil Nadu_nan_77.2625,11.399999999999999,11.1,11.7,0.4242640687119276
Tamil Nadu_nan_77.2953,8.65,8.5,8.8,0.21213203435596475
Tamil Nadu_nan_77.3583,3.95,3.0,4.9,1.3435028842544405
Tamil Nadu_nan_77.3667,1.9500000000000002,1.8,2.1,0.2121320343559642
Tamil Nadu_nan_77.45,1.0,0.6,1.4,0.565685424949238
Tamil Nadu_nan_77.5583,5.85,5.7,6.0,0.21213203435596445
Tamil Nadu_nan_77.85,1.05,1.0,1.1,0.07071067811865482
Tamil Nadu_nan_78.0033,3.2,2.6,3.8,0.848528137423857
Tamil Nadu_nan_78.0361,8.45,5.4,11.5,4.313351365237939
Tamil Nadu_nan_78.0769,0.75,0.5,1.0,0.3535533905932738
Tamil Nadu_nan_78.0833,3.7,0.6,6.3,2.4234960972391377
Tamil Nadu_nan_78.0875,6.85,4.3,9.4,3.6062445840513924
Tamil Nadu_nan_78.1417,3.4,2.3,4.5,1.5556349186104046
Tamil Nadu_nan_78.1517,8.8,5.5,12.1,4.666904755831214
Tamil Nadu_nan_78.1975,8.5,7.0,10.0,2.1213203435596424
Tamil Nadu_nan_78.2219,1.2999999999999998,1.2,1.4,0.1414213562373094
Tamil Nadu_nan_78.2417,5.15,4.5,5.8,0.919238815542512
Tamil Nadu_nan_78.3436,4.95,3.0,6.9,2.7577164466275357
Tamil Nadu_nan_78.4825,2.3,2.2,2.4,0.14142135623730917
Tamil Nadu_nan_78.4878,4.9,2.8,7.0,2.9698484809835
Tamil Nadu_nan_78.5472,1.75,1.7,1.8,0.07071067811865482
Tamil Nadu_nan_78.5875,5.35,4.8,5.9,0.7778174593052023
Tamil Nadu_nan_78.87,3.5,2.8,4.2,0.9899494936611668
TelanganaYadadri Bhuvanagiri_17.3579_79.0341,5.133333333333334,4.7,5.6,0.32659863237109027
TelanganaYadadri Bhuvanagiri_17.5842_78.8399,8.933333333333334,5.8,13.7,3.1947874212013962
TelanganaYadadri Bhuvanagiri_17.6336_78.9113,10.883333333333333,7.0,14.6,3.321094197198669
TelanganaYadadri Bhuvanagiri_17.6419_78.8669,8.066666666666666,5.1,10.7,2.474402284727902
TelanganaYadadri Bhuvanagiri_17.6695_78.9468,13.383333333333335,4.1,19.6,6.761188258484354
Telangana_15.8781_78.1331,3.8000000000000003,2.2,4.8,0.9460443964212248
Telangana_16.1089_78.3106,5.488888888888889,2.4,10.8,2.479639310688374
Telangana_16.2283_77.8112,4.355555555555555,0.8,6.8,2.0488479147505747
Telangana_16.2347_78.0036,3.75,2.0,5.6,0.9489760563657839
Telangana_16.23_77.8106,1.2666666666666666,1.0,1.6,0.18708286933869708
Telangana_16.3331_78.7994,13.425,11.4,16.2,1.355148911163851
Telangana_16.3708_78.0814,12.190000000000001,5.1,23.4,6.619911043376806
Telangana_16.4226_77.6081,1.3,0.5,2.8,0.7102425250887503
Telangana_16.605_77.7983,2.1714285714285713,1.4,3.0,0.5529143565818178
Telangana_16.6411_77.6564,8.55,3.7,14.0,3.840014880923547
Telangana_16.8076_78.8233,11.05,5.3,19.9,4.62343066468084
Telangana_16.8122_77.9194,6.114285714285714,3.5,9.9,2.4023797725231892
Telangana_16.8342_79.4398,3.81,2.2,5.7,1.1268934682963114
Telangana_16.8958_77.7103,3.611111111111111,1.4,9.6,2.661035721502271
Telangana_16.9037_79.7546,3.2199999999999998,1.5,5.1,1.159310139695155
Telangana_16.9248_79.7329,3.9,2.7,4.6,0.5756983337031395
Telangana_16.9492_79.1978,6.609999999999999,4.6,10.8,2.0019157491429724
Telangana_16.9603_77.5736,5.42,1.5,8.8,2.834235150598639
Telangana_16.9965_79.9514,3.17,2.1,5.3,0.9322016949137134
Telangana_17.0529_79.8339,2.82,2.2,4.5,0.6545566777937907
Telangana_17.0578_79.8271,3.085714285714286,0.7,8.4,2.7113517977991295
Telangana_17.0925_79.7764,5.928571428571429,3.0,7.1,1.511857892036909
Telangana_17.1146_77.871,2.8600000000000003,1.3,6.0,1.5572054742033528
Telangana_17.1225_77.6678,5.85,2.9,10.9,3.007490648364514
Telangana_17.1519_77.6347,7.5,4.6,9.4,1.6552945357246847
Telangana_17.15_77.7194,13.683333333333332,5.5,17.4,5.777340795440984
Telangana_17.1649_79.6278,4.5,3.0,7.2,1.3324997394204456
Telangana_17.1943_78.6505,12.625,3.2,23.0,6.657702306351644
Telangana_17.2261_78.7069,8.85,0.7,18.6,5.64845111512882
Telangana_17.2352_79.664,4.82,1.4,10.5,3.188451383073328
Telangana_17.2495_78.8942,5.9125000000000005,0.9,18.8,5.8859244934723
Telangana_17.2675_79.6259,5.6625,2.8,11.9,3.0180114077224527
Telangana_17.2739_78.796,11.825,9.1,18.7,2.9586435115727316
Telangana_17.2746_77.757,2.04,0.6,6.2,1.7525853918013685
Telangana_17.289_77.7606,5.9,2.3,14.3,3.7617962612442355
Telangana_17.303_78.7284,1.7599999999999998,0.1,8.2,2.3353324769243837
Telangana_17.3051_78.2473,5.16,1.2,9.5,2.902565914650155
Telangana_17.3111_77.8286,8.870000000000001,7.1,11.7,1.383273091057743
Telangana_17.3255_78.0326,7.42,6.0,9.4,0.9930872178324632
Telangana_17.3403_78.5249,4.2700000000000005,3.0,5.5,1.0242070103255496
Telangana_17.3472_78.8197,10.244444444444445,8.3,13.4,1.8405916923038028
Telangana_17.3804_78.6083,6.5625,3.5,9.5,2.036760382848915
Telangana_17.3831_78.7247,6.877777777777777,4.1,10.2,1.7866013669659062
Telangana_17.3959_77.6955,6.888888888888889,5.3,9.9,1.5251593723644459
Telangana_17.4023_78.5611,9.766666666666667,6.0,15.4,2.966057989992778
Telangana_17.4312_78.55,8.38888888888889,4.3,11.2,2.291530298972962
Telangana_17.4427_77.7075,7.5200000000000005,5.2,10.5,1.7376868404737245
Telangana_17.4539_78.6908,6.1499999999999995,3.3,10.9,2.887732674608231
Telangana_17.46_77.6547,7.95,2.4,15.0,4.71127489233128
Telangana_17.4783_78.5736,7.88,4.2,14.5,3.842395086401189
Telangana_17.4816_79.7737,4.8,2.1,8.5,2.606913884270057
Telangana_17.4861_79.0093,10.288888888888888,2.4,16.6,5.052337192934683
Telangana_17.4866_80.142,4.0,2.7,5.6,0.9402127418834526
Telangana_17.4939_79.1605,13.657142857142857,4.3,19.2,5.644719403376677
Telangana_17.5008_78.5358,7.0625,3.1,11.3,2.9947275096647537
Telangana_17.5143_78.5208,6.199999999999999,2.2,13.4,3.7778962399727187
Telangana_17.5274_78.8831,5.6000000000000005,3.1,8.8,1.9248376554920161
Telangana_17.5334_79.3528,8.0875,3.3,14.6,4.16393958375273
Telangana_17.5567_78.2792,6.95,5.2,9.0,1.2868998061663977
Telangana_17.5619_80.1339,4.383333333333333,2.9,5.7,0.9867454923467687
Telangana_17.5656_77.6569,10.68,7.2,14.5,2.88474917068673
Telangana_17.6048_79.1181,4.59,1.7,7.3,1.959279913074642
Telangana_17.6667_77.5833,8.542857142857143,4.5,13.3,3.755820879140867
Telangana_17.6672_79.8018,4.5,3.6,5.7,0.8786353054595519
Telangana_17.6677_79.0432,10.7,4.1,14.4,4.807863928560745
Telangana_17.6794_78.3686,6.85,1.7,12.9,3.1693847983480956
Telangana_17.6865_79.9001,2.4166666666666665,1.8,3.6,0.7305249254246338
Telangana_17.7048_77.6548,9.3,1.8,22.5,7.123669466410319
Telangana_17.7261_77.5997,4.125,0.4,14.6,5.009063214385928
Telangana_17.7679_79.3745,3.825,1.8,7.0,1.9969619783203545
Telangana_17.777_79.0957,11.825,4.2,22.6,6.433339501600793
Telangana_17.7813_79.5801,6.9375,5.5,8.4,1.1500776371308898
Telangana_17.7919_79.7831,2.2600000000000002,0.3,5.2,1.8816068782943063
Telangana_17.801_79.9796,4.8,3.3,6.1,1.0714476188783097
Telangana_17.8201_78.5287,4.16,2.7,6.2,1.1577756451249281
Telangana_17.8259_79.0163,5.0375,2.3,10.0,2.803027699776491
Telangana_17.8713_79.2891,5.611111111111111,3.1,9.7,2.5047177707500516
Telangana_17.8831_77.8822,5.6375,4.1,7.9,1.6061822526013132
Telangana_17.9022_77.8497,6.029999999999999,2.3,10.6,3.1637003650788427
Telangana_17.9078_79.4342,5.55,1.9,12.1,3.700579105259839
Telangana_17.9237_79.8865,3.4899999999999998,2.0,4.8,0.9122012448528621
Telangana_17.9536_79.6896,8.5,4.6,18.1,4.73135438175099
Telangana_17.9684_79.2531,7.422222222222222,0.7,18.6,5.321131876250057
Telangana_17.9769_78.4386,6.6125,5.3,7.0,0.6379375249303697
Telangana_17.986_79.9135,6.016666666666667,4.0,8.2,1.6545895765012744
Telangana_18.0214_78.0674,6.3,4.1,9.8,1.7632041540584258
Telangana_18.0217_79.8064,4.016666666666667,2.1,6.5,1.747474367956986
Telangana_18.025_78.2194,3.4,1.2,9.6,2.9591665493288253
Telangana_18.0492_78.1442,3.72,1.4,5.3,1.2099586769803339
Telangana_18.0575_78.1089,6.042857142857143,4.8,8.4,1.2394315133118394
Telangana_18.1031_79.0565,5.0,3.3,10.0,2.221611027060218
Telangana_18.126_79.2114,7.659999999999999,2.2,13.0,4.028288856463884
Telangana_18.1397_78.9142,7.4799999999999995,4.1,12.3,3.0367380159931114
Telangana_18.1589_78.9813,8.27,5.1,14.3,2.8130845071637016
Telangana_18.1627_80.4004,3.3,1.3,4.2,0.8615231988880058
Telangana_18.1944_80.1666,3.855555555555555,2.4,5.9,1.1392004993756708
Telangana_18.1955_79.9415,4.869999999999999,1.4,8.2,2.022676994040873
Telangana_18.196_80.1321,7.18,5.5,8.8,1.0622826575090292
Telangana_18.2085_79.9875,3.6,1.9,5.3,0.9988882709181129
Telangana_18.2329_80.3128,2.94,1.3,4.8,1.1606511582345107
Telangana_18.2333_80.2542,3.1166666666666667,1.6,5.8,1.8702049798529214
Telangana_18.2473_78.4341,9.928571428571429,2.2,12.9,3.833933700398015
Telangana_18.2698_80.4889,8.07,6.9,9.6,0.8615876817441932
Telangana_18.2817_78.7138,5.2299999999999995,1.9,10.2,2.5359854538664495
Telangana_18.2833_78.352,9.016666666666667,3.3,13.5,3.778050643740323
Telangana_18.2968_79.9632,2.63,1.6,4.3,0.8446564061465728
Telangana_18.297_79.9613,2.07,0.8,3.6,1.0760524563834648
Telangana_18.3034_80.2065,2.07,1.4,4.6,0.912931785208755
Telangana_18.3119_79.8704,0.875,0.7,1.1,0.12817398889233111
Telangana_18.3344_79.6797,5.800000000000001,3.5,9.7,2.157544901039141
Telangana_18.3854_77.7945,8.3625,3.9,16.0,4.882603959832441
Telangana_18.4005_77.7148,2.0125,0.9,3.8,1.1293961724238817
Telangana_18.4985_77.7843,6.014285714285714,2.5,9.9,2.877747134726846
Telangana_18.5582_79.9244,2.9000000000000004,1.0,5.5,1.7226433176952214
Telangana_18.5976_78.025,7.709999999999999,5.7,16.5,3.146232314654749
Telangana_18.6167_79.3833,7.485714285714286,4.6,13.3,2.892189811330146
Telangana_18.6255_79.9448,4.444444444444445,3.2,6.1,0.9342257638161013
Telangana_18.6394_79.9513,3.45,1.0,9.6,3.3530370029060435
Telangana_18.6521_79.6701,10.825,7.2,15.6,2.513250598612994
Telangana_18.6577_79.8101,3.8299999999999996,2.8,5.3,0.7379400758568108
Telangana_18.6821_79.3216,2.96,0.9,6.8,1.6063761839757351
Telangana_18.7289_79.1709,4.59,2.4,8.0,1.7597032578123948
Telangana_18.7894_78.6943,7.666666666666667,6.4,8.9,0.9500877152487907
Telangana_18.7968_78.0277,3.2,2.1,7.0,1.429840705968481
Telangana_18.7975_78.901,4.5285714285714285,4.3,4.8,0.1603567451474546
Telangana_18.7994_78.8137,3.6875,2.2,9.0,2.3086406018632326
Telangana_18.7995_79.0102,3.1666666666666665,2.3,3.7,0.48027769744874343
Telangana_18.8042_78.0923,4.5,2.1,8.6,2.5238858928247923
Telangana_18.8097_78.7803,2.7142857142857144,2.3,3.2,0.3338091841585121
Telangana_18.8395_78.6477,7.0625,5.6,9.9,1.5398863594434493
Telangana_18.8462_79.6963,5.6000000000000005,4.9,6.4,0.4932882862316246
Telangana_18.8593_79.0113,3.5,1.5,7.9,2.3916521486202797
Telangana_18.8722_77.9451,9.379999999999999,6.2,11.8,1.7242067419218876
Telangana_18.8_79.9167,12.633333333333333,11.5,14.1,1.1003029885748137
Telangana_18.9791_78.3778,2.911111111111111,2.0,6.3,1.5169413670643672
Telangana_18.9837_77.9199,5.911111111111111,2.2,8.9,2.3018712194888553
Telangana_19.0043_79.1445,4.575,3.2,5.8,0.873007936471861
Telangana_19.0154_78.5301,4.96,3.3,7.0,1.158734942368904
Telangana_19.0519_79.485,0.4714285714285714,0.0,1.2,0.5122313465427046
Telangana_19.0803_78.3629,4.928571428571429,3.7,6.5,1.0499433091271893
Telangana_19.0806_78.5111,4.2625,3.2,6.5,1.119869252572434
Telangana_19.0982_78.7809,2.1100000000000003,1.4,2.9,0.4653553003411002
Telangana_19.1675_79.5831,6.014285714285714,4.9,7.3,0.978823394742503
Telangana_19.2122_78.8772,3.7,2.9,5.9,0.9055385138137417
Telangana_19.2596_79.4147,1.8833333333333335,1.2,2.5,0.5419102016632152
Telangana_19.4795_79.5703,3.6999999999999997,2.6,5.0,0.9507891459203771
Telangana_nan_78.4937,2.6999999999999997,2.4,3.0,0.20976176963403023
Telangana_nan_78.4947,2.983333333333333,2.7,3.6,0.33714487489307426
Telangana_nan_79.1617,3.4857142857142853,2.0,8.2,2.1388693052082224
Telangana_nan_79.1668,6.5,2.1,13.4,4.25205832509386
Telangana_nan_79.2894,3.4,1.3,7.2,1.9672315572906003
Telangana_nan_79.3008,7.7,5.9,11.5,2.0872629605937694
Telangana_nan_79.3742,5.685714285714285,1.9,11.8,3.116316506940297
Telangana_nan_79.5012,4.916666666666667,1.9,10.9,3.5812939933307164
Telangana_nan_79.5082,2.2333333333333334,1.2,4.0,0.9605553948974868
Telangana_nan_79.5905,2.4571428571428577,1.1,3.2,0.741298731635101
Telangana_nan_79.6899,2.8875,1.2,5.4,1.3527089223374809
Telangana_nan_79.708,4.233333333333333,3.3,5.1,0.7941452428030196
Telangana_nan_80.1662,2.9714285714285715,2.0,4.3,0.8769536014223438
Telangana_nan_80.2423,3.8999999999999995,2.9,5.6,0.8812869377601521
Telangana_nan_80.294,1.1,0.8,1.7,0.34641016151377535
Telangana_nan_80.4421,10.457142857142857,0.0,16.6,5.758141234477536
Telangana_nan_80.5521,0.6571428571428571,0.1,1.8,0.6133436852128472
Telangana_nan_80.8303,4.214285714285714,3.5,5.3,0.6388233230676837
Telangana_nan_80.8529,7.877777777777778,7.1,8.7,0.5651941652604391
Telangana_nan_80.8868,5.422222222222222,4.1,7.6,1.2507775359529147
Telangana_nan_81.0833,2.5749999999999997,1.5,4.0,0.8013381665332414
Telangana_nan_81.1202,5.822222222222222,3.8,6.7,0.8814445214784902
The Dadra And Nagar Haveli And Daman And Diu_20.1115_73.125,2.35,2.2,2.5,0.21213203435596414
The Dadra And Nagar Haveli And Daman And Diu_20.113_73.0363,3.5,2.0,5.0,2.1213203435596424
The Dadra And Nagar Haveli And Daman And Diu_20.1748_73.1569,6.05,5.5,6.6,0.7778174593052021
The Dadra And Nagar Haveli And Daman And Diu_20.1875_73.0236,9.45,9.2,9.7,0.3535533905932738
Tiruchirappalli_10.55_78.3,3.16,1.9,5.3,1.4380542409798038
Tiruchirappalli_11.1444_78.6,5.8,4.2,6.6,1.3856406460551016
Tiruchirappalli_11.15_78.6,5.933333333333334,2.6,8.4,2.9955522584881296
Tiruchirappalli_11.2108_78.55,5.533333333333334,4.4,7.6,1.7925772879665
Tiruchirappalli_11.2622_78.5167,8.633333333333333,5.3,14.8,5.346338310781814
Tirunelveli_8.2667_77.6847,3.733333333333334,0.6,8.8,4.4286943147313
Tirunelveli_8.3167_77.5792,1.4000000000000001,0.7,2.4,0.8888194417315588
Tirunelveli_8.3556_77.6583,2.6999999999999997,2.3,3.1,0.4000000000000003
Tirunelveli_8.5125_77.5417,2.2,2.0,2.4,0.2828427124746188
Tirunelveli_8.5333_77.4653,0.8500000000000001,0.8,0.9,0.0707106781186547
Tirunelveli_8.5783_77.5603,0.8000000000000002,0.2,2.0,1.0392304845413265
Tirunelveli_8.6611_77.625,6.8,2.5,13.6,5.957348403442592
Tirunelveli_8.6911_77.7383,1.0,0.4,1.8,0.7211102550927978
Tirunelveli_8.7111_77.3681,1.5999999999999999,1.4,2.0,0.3464101615137755
Tirunelveli_8.7333_77.7333,1.5,1.1,2.1,0.5291502622129182
Tirunelveli_8.7458_77.7,1.2333333333333334,0.8,1.9,0.5859465277082314
Tirunelveli_8.7625_77.6403,1.15,0.5,1.8,0.9192388155425119
Tirunelveli_8.7_77.4389,0.75,0.6,0.9,0.21213203435596428
Tirunelveli_8.8625_77.6528,0.35,0.2,0.5,0.21213203435596423
Tirupathur_12.5778_78.8125,9.766666666666667,7.5,11.4,2.0256686138984668
Tirupathur_12.6244_78.75,2.3000000000000003,1.4,2.8,0.7810249675906654
Tirupathur_12.6586_78.7675,3.3333333333333335,3.1,3.5,0.20816659994661318
Tripura_22.9788_91.5791,3.44,1.6,4.6,1.110405331399305
Tripura_22.9896_91.6767,2.2399999999999998,1.5,3.3,0.705691150575094
Tripura_22.9989_91.5536,1.8666666666666665,1.6,2.1,0.19663841605003485
Tripura_23.0028_91.6517,3.2,3.0,3.3,0.12247448713915896
Tripura_23.0062_91.7238,5.288888888888889,2.7,5.9,1.0055402085998904
Tripura_23.0276_91.5701,3.5833333333333335,1.5,5.1,1.507868252423489
Tripura_23.0455_91.7661,5.733333333333333,2.3,10.5,2.7310559618335666
Tripura_23.0642_91.6486,4.0,3.3,4.6,0.3708099243547831
Tripura_23.06_91.6115,4.166666666666667,2.7,4.8,0.7788880963698612
Tripura_23.073_91.7755,2.8833333333333333,1.8,3.6,0.7704976746666186
Tripura_23.1148_91.5998,2.4499999999999997,2.2,2.8,0.20736441353327736
Tripura_23.1408_91.6272,4.166666666666667,1.3,5.4,1.5240297459914178
Tripura_23.2256_91.3294,3.185714285714286,2.7,3.9,0.4413183712037204
Tripura_23.2322_91.3917,3.6,2.4,4.5,0.7171371656006363
Tripura_23.2558_91.4583,2.3714285714285714,1.5,3.3,0.6945365018348225
Tripura_23.2625_91.5417,0.911111111111111,0.6,1.5,0.29344694769431684
Tripura_23.3833_91.3167,3.2125,2.8,4.8,0.6556076788533128
Tripura_23.42_91.7583,4.083333333333333,1.5,5.8,2.044912386061238
Tripura_23.4875_91.4019,9.528571428571428,7.8,10.2,0.8014867137894129
Tripura_23.5494_91.2681,2.88,2.3,4.4,0.8700574693662484
Tripura_23.5506_91.2672,4.08,2.6,5.0,0.9011104260855048
Tripura_23.5622_91.6353,3.014285714285714,1.3,4.0,1.1653734328940395
Tripura_23.5833_91.2042,1.8666666666666665,1.2,2.9,0.6153589738247639
Tripura_23.6567_91.4539,3.011111111111111,2.3,4.0,0.5577733510227172
Tripura_23.6769_91.3603,1.86,1.5,2.7,0.48270073544588693
Tripura_23.6986_91.4069,4.1,2.5,4.7,0.7050835816716038
Tripura_23.7097_91.1822,1.7600000000000002,1.0,3.1,0.8324662155306963
Tripura_23.81_91.5919,2.977777777777778,2.2,3.9,0.5696002496878353
Tripura_23.835_91.6864,4.344444444444445,3.2,5.3,0.7055336829505574
Tripura_23.9167_91.6111,4.144444444444444,3.9,4.5,0.19436506316151017
Tripura_23.9167_92.2,1.8444444444444446,0.9,2.3,0.40960685758148363
Tripura_23.9525_91.9606,3.391666666666667,2.1,5.6,0.9885327357740712
Tripura_23.9756_92.2058,0.8777777777777778,0.5,1.2,0.21081851067789195
Tripura_23.9838_91.3867,2.32,1.4,2.7,0.5263078946776307
Tripura_23.9992_91.9972,5.0,4.4,5.4,0.3464101615137754
Tripura_24.0333_91.4083,5.1,4.3,5.4,0.34641016151377574
Tripura_24.0453_91.3992,2.6555555555555554,1.5,3.6,0.574697988318889
Tripura_24.0819_91.6161,1.9125,1.4,2.1,0.22951812875799468
Tripura_24.0853_92.0025,4.822222222222222,3.1,6.5,0.9523363084774433
Tripura_24.1136_91.9767,2.5,2.3,3.0,0.2915475947422651
Tripura_24.1217_91.8603,3.442857142857143,1.4,4.7,1.0814452411120081
Tripura_24.1295_91.9452,3.08,2.6,4.0,0.5449770637375485
Tripura_24.1333_92.05,5.7,4.4,7.9,1.1625096005747957
Tripura_24.14_92.1514,3.811111111111111,2.3,5.1,1.1612971674429897
Tripura_24.1636_91.9572,3.966666666666667,3.8,4.4,0.2179449471770338
Tripura_24.1992_92.1058,6.077777777777778,3.7,7.0,1.052114273472442
Tripura_24.2181_91.9811,4.344444444444445,1.6,5.8,1.535505707504136
Tripura_24.2416_92.2852,3.4,2.8,3.9,0.4062019202317981
Tripura_24.2542_91.9858,2.257142857142857,1.5,5.0,1.2554642472768693
Tripura_24.2961_92.0283,4.144444444444444,1.9,5.6,1.2923922693121381
Tripura_24.3394_92.1578,2.6714285714285713,2.2,3.7,0.5282495802626055
Tripura_24.4325_92.1922,2.3857142857142857,0.9,3.8,0.9263343014782719
Tripura_24.4378_92.2467,1.6857142857142857,0.0,3.0,1.0807845474909594
Uttar Pradesh_23.9539_83.0792,9.266666666666667,8.1,10.6,1.1413442367080437
Uttar Pradesh_24.0078_82.9033,7.233333333333333,5.4,9.2,1.579451381545714
Uttar Pradesh_24.0222_83.0264,6.0,3.4,7.8,1.84499322491981
Uttar Pradesh_24.05_83.1,6.400000000000001,3.4,11.4,3.414674215792775
Uttar Pradesh_24.1167_83.055,4.279999999999999,3.0,5.6,0.925742944882649
Uttar Pradesh_24.1294_82.775,6.5,4.1,9.2,1.741263908774313
Uttar Pradesh_24.1667_82.9778,7.183333333333334,4.6,10.3,1.9198090182793364
Uttar Pradesh_24.2064_82.77,13.866666666666667,12.6,17.1,1.7165857586111648
Uttar Pradesh_24.2075_82.9881,12.583333333333334,11.1,13.4,0.8975893641675279
Uttar Pradesh_24.2097_82.8736,5.716666666666666,2.1,7.9,2.331880500082855
Uttar Pradesh_24.2208_83.0478,14.825000000000001,12.4,18.1,2.4459149617270026
Uttar Pradesh_24.2308_83.2347,5.716666666666666,4.0,7.7,1.4851487018701752
Uttar Pradesh_24.3667_78.4,1.7285714285714284,1.4,1.9,0.17994708216848748
Uttar Pradesh_24.37_78.6067,5.614285714285714,2.6,7.9,2.0011901220928277
Uttar Pradesh_24.4083_78.7667,7.3,5.7,9.7,1.4926486525636231
Uttar Pradesh_24.475_78.525,7.6000000000000005,3.1,10.1,2.537715508089904
Uttar Pradesh_24.5419_78.4778,13.185714285714285,6.0,18.2,3.890342132096084
Uttar Pradesh_24.5433_78.3217,3.3714285714285714,2.7,3.9,0.4309458036856672
Uttar Pradesh_24.5667_78.7167,10.15,7.2,11.8,2.151743479135001
Uttar Pradesh_24.5739_78.6208,7.8999999999999995,6.2,9.5,1.1764352935882194
Uttar Pradesh_24.6792_78.4083,1.5142857142857142,0.9,2.4,0.5871642911161277
Uttar Pradesh_24.8267_82.3233,6.36,2.5,10.1,2.891885198274648
Uttar Pradesh_24.8283_83.2283,7.416666666666667,4.5,10.2,2.3387318500988235
Uttar Pradesh_24.8583_78.5833,6.957142857142856,4.5,9.7,1.666190408143822
Uttar Pradesh_24.865_78.48,4.557142857142857,3.0,8.8,2.023904759663971
Uttar Pradesh_24.8983_78.3461,2.8833333333333333,2.2,4.5,0.8518607084885808
Uttar Pradesh_24.9333_83.1833,8.16,7.1,9.2,0.7733045971672484
Uttar Pradesh_25.0208_82.3639,4.2,2.6,8.1,2.157776633481788
Uttar Pradesh_25.0417_83.2217,5.116666666666666,2.8,6.3,1.304479461956633
Uttar Pradesh_25.0667_81.1,6.2,1.9,11.1,3.75632799419859
Uttar Pradesh_25.0667_82.49,7.06,3.9,11.5,2.9364945087638086
Uttar Pradesh_25.1269_80.3978,6.0200000000000005,2.7,7.8,2.01791972090071
Uttar Pradesh_25.135_80.3933,10.0,5.3,12.5,2.604611295375953
Uttar Pradesh_25.1667_83.195,7.116666666666667,5.2,8.8,1.5904925861715509
Uttar Pradesh_25.1944_80.4817,2.7800000000000002,2.3,3.5,0.4868264577855234
Uttar Pradesh_25.1983_80.4958,2.4,1.5,3.9,1.0271319292087069
Uttar Pradesh_25.2083_80.925,7.659999999999999,6.2,9.0,1.1674759098157013
Uttar Pradesh_25.225_81.0403,9.7,7.5,11.4,1.5378556499229694
Uttar Pradesh_25.2283_81.15,12.3,9.8,14.0,1.6401219466856727
Uttar Pradesh_25.2383_78.4833,4.4,2.0,6.0,1.3165611772087666
Uttar Pradesh_25.2417_80.65,5.659999999999999,3.8,9.6,2.3807561823924765
Uttar Pradesh_25.2486_81.0625,8.86,6.4,11.7,1.884940317357554
Uttar Pradesh_25.2542_79.565,6.366666666666667,4.6,7.5,1.5502687938977981
Uttar Pradesh_25.2639_83.2544,1.6199999999999999,0.5,2.3,0.9338094023943
Uttar Pradesh_25.2667_82.5603,4.633333333333334,2.8,5.7,1.0443498775155131
Uttar Pradesh_25.2694_81.375,18.616666666666667,15.6,20.8,1.771346004220144
Uttar Pradesh_25.26_80.9217,17.8,14.4,21.2,2.417643480747316
Uttar Pradesh_25.2703_79.5778,4.720000000000001,3.4,6.6,1.5865055940651451
Uttar Pradesh_25.2769_80.5567,4.233333333333333,2.6,5.2,0.9352361555600098
Uttar Pradesh_25.2972_82.3125,10.2,5.6,12.6,3.131559781748813
Uttar Pradesh_25.3147_80.3917,2.675,2.0,3.4,0.6075908711186062
Uttar Pradesh_25.3167_79.65,5.625,4.6,6.7,0.9500000000000004
Uttar Pradesh_25.3372_80.9653,7.580000000000001,5.2,10.1,2.2264321233758735
Uttar Pradesh_25.3403_82.275,1.542857142857143,1.0,2.2,0.3644957377763737
Uttar Pradesh_25.3456_78.5,7.828571428571428,6.8,9.0,0.7718252948137198
Uttar Pradesh_25.3533_79.3014,5.9,4.5,6.9,1.1575836902790222
Uttar Pradesh_25.3542_81.875,13.071428571428571,11.0,15.4,1.5713203425933295
Uttar Pradesh_25.3567_78.8767,6.928571428571429,4.4,8.9,1.5723806639554405
Uttar Pradesh_25.3653_82.1861,1.9285714285714286,0.8,3.6,1.0858395917664907
Uttar Pradesh_25.3722_80.475,1.4000000000000001,0.6,2.4,0.7014271166700072
Uttar Pradesh_25.375_81.5133,16.919999999999998,13.7,18.4,1.969009903479411
Uttar Pradesh_25.3792_82.425,9.966666666666667,6.6,13.5,2.8758766779308655
Uttar Pradesh_25.3828_78.7539,6.814285714285715,3.3,9.4,2.3133154932755224
Uttar Pradesh_25.3897_79.0186,10.557142857142859,8.7,11.7,1.076811872856076
Uttar Pradesh_25.3931_80.6222,3.1399999999999997,2.3,4.0,0.8294576541331087
Uttar Pradesh_25.395_83.075,11.08,5.2,14.4,4.359701824666454
Uttar Pradesh_25.4056_82.2958,6.2,3.8,8.2,2.205674500011278
Uttar Pradesh_25.4161_79.4936,11.866666666666667,10.3,13.0,1.40118997046558
Uttar Pradesh_25.4167_82.0042,17.28,15.3,18.5,1.453272169966796
Uttar Pradesh_25.4504_81.6295,21.75,20.7,23.0,0.9678154093971988
Uttar Pradesh_25.4533_83.3417,2.3333333333333335,1.3,3.4,0.9048020041239222
Uttar Pradesh_25.4542_78.5667,3.457142857142857,3.1,4.0,0.2935821455580638
Uttar Pradesh_25.4583_82.42,9.375,6.9,11.2,2.128183889297789
Uttar Pradesh_25.45_81.975,9.5,8.6,10.9,1.2288205727444506
Uttar Pradesh_25.45_83.0867,7.55,3.4,12.5,3.1678068122914316
Uttar Pradesh_25.45_83.66,3.6714285714285713,1.7,6.3,1.4840420992616592
Uttar Pradesh_25.4606_78.465,5.3,3.8,7.0,1.116542281629615
Uttar Pradesh_25.4694_83.8361,9.471428571428572,5.2,11.7,2.3005175401159086
Uttar Pradesh_25.47_81.9667,17.533333333333335,14.5,20.2,2.3079572497485
Uttar Pradesh_25.4833_80.3208,10.116666666666667,5.9,16.1,3.722051405699103
Uttar Pradesh_25.4875_81.6616,17.68,16.4,18.8,1.1077003204838392
Uttar Pradesh_25.4_79.75,4.14,2.3,6.1,1.4328293687665674
Uttar Pradesh_25.5083_83.2208,12.15,9.5,14.4,2.089736825535694
Uttar Pradesh_25.5333_81.375,6.385714285714286,4.2,8.4,1.4960264830861913
Uttar Pradesh_25.5419_79.8147,5.175,2.5,8.3,3.0081832834231803
Uttar Pradesh_25.5458_82.7625,8.366666666666667,4.7,10.9,2.398054767236701
Uttar Pradesh_25.5639_80.0678,4.133333333333334,1.8,5.8,1.5200877167672486
Uttar Pradesh_25.5675_83.56,4.449999999999999,3.6,5.3,0.7505553499465133
Uttar Pradesh_25.5764_83.5633,4.550000000000001,3.6,5.0,0.6454972243679028
Uttar Pradesh_25.5792_83.5597,0.4857142857142857,0.0,1.4,0.46342410895626124
Uttar Pradesh_25.5833_79.025,4.216666666666667,2.0,5.5,1.3347908700117281
Uttar Pradesh_25.5889_82.5,4.220000000000001,2.6,5.4,1.0158740079360233
Uttar Pradesh_25.6083_82.7083,3.125,2.8,3.9,0.5188127472091126
Uttar Pradesh_25.6333_79.2,3.642857142857143,1.6,5.0,1.2190941211368693
Uttar Pradesh_25.645_78.8494,4.814285714285715,3.4,5.8,0.9007933011676829
Uttar Pradesh_25.6483_79.9767,6.75,1.2,11.2,3.5342608845414905
Uttar Pradesh_25.6736_79.1461,4.366666666666666,3.4,5.7,0.8801515021101007
Uttar Pradesh_25.7033_81.915,5.86,3.7,8.0,1.9806564568344507
Uttar Pradesh_25.7444_84.0103,2.085714285714286,1.0,2.9,0.6283008075451637
Uttar Pradesh_25.7514_81.3792,14.257142857142856,13.5,14.8,0.38668308667927237
Uttar Pradesh_25.7528_84.1056,9.200000000000001,7.6,10.0,0.862167810425171
Uttar Pradesh_25.7542_83.4708,3.185714285714286,2.5,4.4,0.708116213222499
Uttar Pradesh_25.7583_82.9917,1.657142857142857,1.1,2.0,0.31014589500826245
Uttar Pradesh_25.75_84.1667,5.185714285714285,3.0,6.4,1.1509830167130635
Uttar Pradesh_25.7611_79.93,14.449999999999998,10.2,18.9,3.3590177135585333
Uttar Pradesh_25.7722_80.9028,4.383333333333333,2.7,9.7,2.6255793011574924
Uttar Pradesh_25.7847_83.0722,4.514285714285714,1.7,8.1,2.3603873774083293
Uttar Pradesh_25.7_79.175,6.666666666666667,5.4,8.7,1.2785408349625231
Uttar Pradesh_25.8022_80.7542,12.74,11.3,13.8,1.0549881515922346
Uttar Pradesh_25.8056_80.5486,10.75,8.1,13.0,1.7672011770027771
Uttar Pradesh_25.8125_84.1681,5.671428571428572,4.9,6.8,0.6799859942535227
Uttar Pradesh_25.8139_83.8889,3.8000000000000003,1.6,5.8,1.395707705789432
Uttar Pradesh_25.8197_83.9711,2.62,1.2,4.6,1.3718600511714012
Uttar Pradesh_25.825_79.3125,6.428571428571429,2.1,8.7,2.1990257583107766
Uttar Pradesh_25.825_84.2139,4.485714285714286,2.4,5.4,1.0807845474909594
Uttar Pradesh_25.8333_84.0333,2.1571428571428575,1.3,3.1,0.6704653678780207
Uttar Pradesh_25.8417_80.625,11.616666666666667,5.6,14.1,3.0221956698179997
Uttar Pradesh_25.865_83.9847,3.3600000000000003,2.7,5.4,1.158878768465451
Uttar Pradesh_25.8728_79.425,6.214285714285714,5.1,7.1,0.6644009116704849
Uttar Pradesh_25.8792_82.4639,10.666666666666666,9.3,12.6,1.7214335111567136
Uttar Pradesh_25.8864_84.2064,3.9,1.7,5.8,1.7068489485989478
Uttar Pradesh_25.8917_83.2,3.4166666666666665,2.4,4.5,0.8424171571535488
Uttar Pradesh_25.9211_79.4444,7.314285714285715,4.1,14.5,3.5125624888527227
Uttar Pradesh_25.9356_84.0833,2.6999999999999997,1.7,4.1,0.7895146188218006
Uttar Pradesh_25.9417_83.575,6.166666666666667,5.4,6.9,0.7505553499465135
Uttar Pradesh_25.9472_82.3917,5.514285714285714,3.5,7.2,1.4484803202305643
Uttar Pradesh_25.9583_81.0361,3.9499999999999997,3.2,4.2,0.3834057902536161
Uttar Pradesh_25.95_80.4333,27.28,22.4,30.7,3.0556505035753028
Uttar Pradesh_25.9833_79.3833,3.44,2.4,5.5,1.2177848742696717
Uttar Pradesh_25.9833_79.4667,3.271428571428572,1.8,4.9,1.189837924136849
Uttar Pradesh_25.9931_79.15,5.042857142857143,3.4,7.2,1.3302344941865738
Uttar Pradesh_25.9958_79.2944,5.220000000000001,4.4,6.1,0.6760177512462225
Uttar Pradesh_26.0036_79.8181,1.542857142857143,0.8,2.7,0.6604471789556499
Uttar Pradesh_26.0308_80.8561,13.166666666666666,12.3,13.8,0.7767453465154034
Uttar Pradesh_26.0417_79.5917,10.142857142857142,2.8,15.3,4.468727314294732
Uttar Pradesh_26.0467_79.505,5.74,2.5,8.1,2.086384432457259
Uttar Pradesh_26.0708_81.0458,5.5200000000000005,4.9,6.0,0.40865633483405067
Uttar Pradesh_26.0792_82.6583,4.16,1.3,6.8,2.3265854809140367
Uttar Pradesh_26.0911_82.035,4.585714285714286,2.5,6.1,1.3005493344846903
Uttar Pradesh_26.1042_79.2056,2.5,0.0,5.0,1.7483325389257809
Uttar Pradesh_26.1083_81.0083,5.083333333333333,3.4,6.5,1.3905634349668001
Uttar Pradesh_26.1167_83.5417,2.6999999999999997,1.4,4.6,1.0999999999999999
Uttar Pradesh_26.1333_79.3333,5.38,4.0,6.5,0.9203260291874831
Uttar Pradesh_26.1372_80.4633,3.3,2.2,4.3,0.9345230512584125
Uttar Pradesh_26.1389_82.125,3.257142857142857,2.1,4.5,0.9324826054805577
Uttar Pradesh_26.1433_82.0333,6.571428571428571,5.8,7.3,0.5648430038936652
Uttar Pradesh_26.1514_81.1417,2.5500000000000003,1.9,3.1,0.5089204259999789
Uttar Pradesh_26.15_83.3,5.857142857142857,3.8,7.2,1.135572018642503
Uttar Pradesh_26.1675_81.9086,5.1000000000000005,2.7,7.0,1.4352700094407325
Uttar Pradesh_26.1739_81.7622,3.5857142857142854,1.9,5.6,1.229401712797152
Uttar Pradesh_26.1764_83.6569,5.457142857142857,3.3,6.3,1.0406042200842465
Uttar Pradesh_26.1775_82.1608,12.157142857142857,11.1,13.4,0.8100558475750159
Uttar Pradesh_26.2014_83.2297,5.185714285714285,3.3,6.4,1.0854009572942336
Uttar Pradesh_26.2028_81.6917,3.2600000000000002,2.6,4.4,0.6877499545619762
Uttar Pradesh_26.2056_83.2181,4.18,1.9,5.5,1.402497771834237
Uttar Pradesh_26.2125_81.8125,5.357142857142857,3.2,7.5,1.3277263057035298
Uttar Pradesh_26.225_79.8417,6.720000000000001,5.2,7.8,1.0825894882179483
Uttar Pradesh_26.2286_79.9786,5.442857142857143,3.5,7.4,1.4057704208690964
Uttar Pradesh_26.2333_81.91,4.466666666666666,2.8,6.1,1.094836365246728
Uttar Pradesh_26.2361_80.35,1.7428571428571427,1.3,2.3,0.38234863173611094
Uttar Pradesh_26.2403_82.3111,4.085714285714286,3.1,5.3,0.9441549509633317
Uttar Pradesh_26.2517_81.535,2.357142857142857,1.6,3.8,0.7480132415430956
Uttar Pradesh_26.2553_79.3733,11.975,8.5,13.5,2.359908190304586
Uttar Pradesh_26.2583_81.3528,4.014285714285714,2.2,5.7,1.4724453260122217
Uttar Pradesh_26.2583_82.0833,12.557142857142859,10.2,13.4,1.0967484410096713
Uttar Pradesh_26.25_83.5125,5.571428571428571,3.0,7.1,1.3948886284267594
Uttar Pradesh_26.2667_81.4333,2.2,1.5,3.0,0.5859465277082315
Uttar Pradesh_26.2708_81.2886,5.671428571428572,3.8,7.9,1.3889015872435382
Uttar Pradesh_26.2769_84.1467,4.9799999999999995,3.5,6.1,1.0281050529979898
Uttar Pradesh_26.2969_79.43,3.5142857142857147,3.0,4.6,0.6517376042257377
Uttar Pradesh_26.3083_81.2583,2.5285714285714285,1.7,3.2,0.5282495802626056
Uttar Pradesh_26.3111_81.3733,3.814285714285714,2.6,5.1,0.9388442743227291
Uttar Pradesh_26.3167_81.35,2.0714285714285716,1.2,2.7,0.6156684327197709
Uttar Pradesh_26.4083_82.3917,6.666666666666667,5.7,7.7,0.8406346808612326
Uttar Pradesh_26.425_80.4167,3.7285714285714286,1.6,6.4,1.6214338158085944
Uttar Pradesh_26.4292_80.1667,3.0833333333333335,2.2,4.0,0.7547626558506102
Uttar Pradesh_26.4361_82.5436,6.6,5.8,7.5,0.7549834435270749
Uttar Pradesh_26.4472_82.0167,4.783333333333333,3.5,5.6,0.7440878084384037
Uttar Pradesh_26.4508_82.7758,4.016666666666667,3.2,4.9,0.7386925386564199
Uttar Pradesh_26.46_83.42,4.242857142857143,3.5,4.8,0.40766466144427593
Uttar Pradesh_26.4806_79.9033,6.271428571428571,5.2,7.7,0.8440266301373155
Uttar Pradesh_26.4833_81.9236,2.5,2.1,3.0,0.3915780041490244
Uttar Pradesh_26.4833_82.1417,6.0,3.7,7.4,1.4577379737113247
Uttar Pradesh_26.4917_82.3083,6.528571428571429,5.5,7.6,0.8440266301373152
Uttar Pradesh_26.5125_79.3806,5.828571428571428,4.4,8.0,1.3499559075691885
Uttar Pradesh_26.5189_80.1292,5.116666666666666,3.9,5.9,0.8612007121842543
Uttar Pradesh_26.5283_80.2319,7.0,6.4,7.7,0.46043457732885346
Uttar Pradesh_26.5283_80.675,2.033333333333333,1.0,2.7,0.6439461675223068
Uttar Pradesh_26.5383_82.1367,7.833333333333333,6.3,8.7,1.3316656236958784
Uttar Pradesh_26.5542_83.0194,4.54,2.8,6.0,1.1523888232710349
Uttar Pradesh_26.575_79.3167,18.84,14.5,22.1,2.7655017627909775
Uttar Pradesh_26.5825_82.3853,4.7,4.2,5.4,0.5291502622129182
Uttar Pradesh_26.5833_79.4708,4.5,1.6,5.4,1.3178264933847197
Uttar Pradesh_26.58_82.38,4.6571428571428575,4.3,5.2,0.37796447300922725
Uttar Pradesh_26.595_79.5333,2.575,2.4,2.8,0.20615528128088292
Uttar Pradesh_26.5975_80.2717,10.157142857142857,9.7,10.7,0.32586880211286895
Uttar Pradesh_26.605_83.0311,3.1999999999999997,2.5,4.2,0.5291502622129182
Uttar Pradesh_26.6167_80.1875,11.985714285714284,10.0,13.7,1.3849531537547533
Uttar Pradesh_26.6181_79.0389,37.3,35.6,39.0,1.365650028374767
Uttar Pradesh_26.6333_82.6917,3.3428571428571425,2.3,4.1,0.6294366339755544
Uttar Pradesh_26.6667_79.1833,5.233333333333333,4.6,7.7,1.2160043859570022
Uttar Pradesh_26.6667_82.125,3.9857142857142853,2.5,5.3,1.15243014456202
Uttar Pradesh_26.6806_81.1722,2.4166666666666665,1.6,3.3,0.6493586579592718
Uttar Pradesh_26.6847_82.3083,3.085714285714286,2.2,3.7,0.5304984179322041
Uttar Pradesh_26.6917_82.6833,3.257142857142857,2.5,3.9,0.49280538030458115
Uttar Pradesh_26.7033_82.0717,3.4499999999999997,1.9,4.6,0.9268225288586805
Uttar Pradesh_26.7094_79.2025,7.516666666666666,4.7,9.4,1.6714265364252971
Uttar Pradesh_26.7117_79.4119,4.833333333333333,4.5,5.3,0.28047578623950187
Uttar Pradesh_26.7117_82.045,3.216666666666667,1.8,4.2,0.8542052836799049
Uttar Pradesh_26.7494_81.155,6.028571428571429,4.9,8.2,1.12652013699162
Uttar Pradesh_26.75_81.4833,9.62857142857143,7.5,11.4,1.235198075498131
Uttar Pradesh_26.7661_82.1608,7.416666666666667,6.7,7.9,0.4535048695071162
Uttar Pradesh_26.7667_81.1125,2.757142857142857,1.8,3.4,0.5094347941825426
Uttar Pradesh_26.7833_83.05,3.857142857142857,2.7,5.2,0.9324826054805577
Uttar Pradesh_26.7_80.1283,5.933333333333334,2.6,7.8,1.796292478040997
Uttar Pradesh_26.8278_80.8153,14.433333333333332,11.9,16.0,1.4320148975016522
Uttar Pradesh_26.83_79.5958,3.5142857142857147,1.8,4.9,1.0318730080595697
Uttar Pradesh_26.8419_79.0853,4.083333333333333,3.4,4.5,0.3920034013457878
Uttar Pradesh_26.8667_78.9417,15.275,14.5,16.1,0.6652067347825041
Uttar Pradesh_26.87_78.5892,35.17142857142857,33.1,39.9,2.37887528446693
Uttar Pradesh_26.8944_80.9611,36.542857142857144,30.6,40.9,3.6114896016543026
Uttar Pradesh_26.8_82.7333,6.014285714285714,4.8,6.8,0.7733661733585444
Uttar Pradesh_26.9028_81.53,2.85,2.0,3.4,0.5972157622389639
Uttar Pradesh_26.9042_80.5042,5.933333333333334,4.8,7.5,0.8846845012017939
Uttar Pradesh_26.9056_83.6,2.6571428571428575,1.5,3.7,0.7367883976130072
Uttar Pradesh_26.9083_80.9431,20.342857142857145,16.3,24.0,2.533020030751922
Uttar Pradesh_26.9178_79.58,0.7,0.6,0.8,0.09999999999999999
Uttar Pradesh_26.9292_81.1722,5.666666666666667,4.7,6.0,0.4926120853842977
Uttar Pradesh_26.9667_83.1167,4.728571428571429,3.2,5.5,0.832094316998351
Uttar Pradesh_26.9783_79.495,3.4499999999999997,2.5,4.8,0.845576726264388
Uttar Pradesh_26.98_82.3894,3.5285714285714285,2.9,4.0,0.46802523334497587
Uttar Pradesh_27.0042_80.9083,13.785714285714286,11.9,15.2,1.1922367933546467
Uttar Pradesh_27.0217_80.4156,3.5800000000000005,2.2,4.7,1.0940749517286281
Uttar Pradesh_27.0222_80.7417,12.533333333333333,9.8,14.3,1.533188398947327
Uttar Pradesh_27.0306_79.1931,2.8285714285714287,2.3,3.3,0.36384193323605846
Uttar Pradesh_27.0314_79.2664,5.642857142857143,4.6,6.6,0.7480132415430956
Uttar Pradesh_27.0333_78.6167,10.6,7.0,13.0,2.355419283269966
Uttar Pradesh_27.03_78.2958,43.42857142857143,42.2,44.3,0.8240434570140216
Uttar Pradesh_27.0417_80.6583,8.816666666666666,7.5,10.3,1.1373946837693
Uttar Pradesh_27.0492_77.5911,14.76,14.1,15.3,0.5366563145999497
Uttar Pradesh_27.05_83.7333,3.3833333333333333,1.2,4.4,1.2221565638929681
Uttar Pradesh_27.0714_80.4169,2.4285714285714284,2.0,2.9,0.39880774697543037
Uttar Pradesh_27.0833_80.8764,12.266666666666666,10.8,14.7,1.4975535605335337
Uttar Pradesh_27.0833_80.8917,12.214285714285714,9.8,14.4,1.517046001750959
Uttar Pradesh_27.0833_80.9722,5.416666666666667,2.1,7.9,2.032158130330085
Uttar Pradesh_27.0847_80.7278,13.14,10.7,15.1,1.8928814014618036
Uttar Pradesh_27.0917_77.6778,0.6142857142857142,0.1,1.2,0.40590873945002065
Uttar Pradesh_27.1003_79.7775,22.585714285714285,19.6,25.9,2.109840887704228
Uttar Pradesh_27.1028_81.1903,3.0285714285714285,2.5,3.4,0.3401680257083045
Uttar Pradesh_27.1089_81.5089,3.08,2.7,3.4,0.32710854467592254
Uttar Pradesh_27.1194_80.4214,6.35,5.7,7.0,0.6027713773341706
Uttar Pradesh_27.1222_81.805,3.5,2.8,4.1,0.43204937989385733
Uttar Pradesh_27.1311_81.7031,3.466666666666667,3.1,4.0,0.4725815626252609
Uttar Pradesh_27.1472_83.5639,2.8000000000000003,0.9,3.8,1.0936178491593853
Uttar Pradesh_27.1529_78.7031,23.928571428571427,21.3,26.0,1.5702593052468379
Uttar Pradesh_27.1667_81.2167,3.5,2.8,4.3,0.479583152331272
Uttar Pradesh_27.1667_82.9167,2.742857142857143,1.9,3.5,0.6827814263660634
Uttar Pradesh_27.1772_77.7456,6.5,5.3,8.1,0.8962886439832503
Uttar Pradesh_27.1867_81.1083,3.4285714285714284,2.5,4.6,0.6473388749701497
Uttar Pradesh_27.1917_83.125,4.785714285714286,4.0,6.0,0.6309478885734051
Uttar Pradesh_27.1_78.5833,17.357142857142858,15.6,18.8,1.2607631853460075
Uttar Pradesh_27.2244_79.2861,6.05,5.5,6.6,0.37282703764614444
Uttar Pradesh_27.2283_82.9833,6.783333333333334,5.8,7.4,0.5528712930390463
Uttar Pradesh_27.2386_78.6536,7.057142857142857,6.0,7.8,0.6827814263660635
Uttar Pradesh_27.275_82.2867,2.6666666666666665,1.3,3.3,0.7174027227901122
Uttar Pradesh_27.2833_77.66,2.757142857142857,2.0,3.6,0.6754187413675135
Uttar Pradesh_27.2_82.65,2.9285714285714284,2.0,3.6,0.6369570517030845
Uttar Pradesh_27.3042_81.5597,3.085714285714286,2.2,3.5,0.48107023544236394
Uttar Pradesh_27.3219_82.6931,2.96,2.6,4.0,0.5941380311005179
Uttar Pradesh_27.3319_80.3089,3.4499999999999997,2.9,4.1,0.4929503017546495
Uttar Pradesh_27.3533_81.6653,1.9,1.7,2.1,0.15811388300841897
Uttar Pradesh_27.3544_82.3561,2.914285714285714,1.9,3.7,0.6938505396903367
Uttar Pradesh_27.3708_77.5736,2.685714285714286,1.8,3.2,0.5241773600241667
Uttar Pradesh_27.375_80.3411,5.14,2.3,6.1,1.597811002590732
Uttar Pradesh_27.3767_80.9047,3.4,2.8,4.2,0.5033222956847169
Uttar Pradesh_27.3792_82.5389,3.8166666666666664,3.2,4.5,0.49564772436345006
Uttar Pradesh_27.3967_77.5,3.057142857142857,1.4,4.3,1.16741472616082
Uttar Pradesh_27.3989_79.9958,3.142857142857143,2.8,3.5,0.27602622373694163
Uttar Pradesh_27.3_83.3317,2.5,1.6,3.4,0.6131883886702355
Uttar Pradesh_27.4133_82.1883,4.0,3.6,4.6,0.3109126351029604
Uttar Pradesh_27.4139_82.4139,2.8333333333333335,2.0,4.7,0.9872520785831077
Uttar Pradesh_27.4167_82.1667,3.1999999999999997,2.5,4.1,0.5537749241945382
Uttar Pradesh_27.4194_77.8222,5.6000000000000005,4.6,6.1,0.6066300355241242
Uttar Pradesh_27.425_82.775,4.3,2.9,6.4,1.1986103064243472
Uttar Pradesh_27.4289_82.1714,3.7,3.2,4.0,0.3391164991562634
Uttar Pradesh_27.4433_82.895,3.6285714285714286,2.2,4.6,0.9068522219088138
Uttar Pradesh_27.4533_78.2133,11.450000000000001,10.7,12.3,0.7713624310270757
Uttar Pradesh_27.4667_78.3,9.714285714285714,8.1,11.6,1.223967008581211
Uttar Pradesh_27.4667_79.4333,13.333333333333334,10.9,15.2,1.669331203406521
Uttar Pradesh_27.475_77.7361,12.642857142857142,11.3,14.1,1.0228345302102755
Uttar Pradesh_27.4817_77.4683,2.242857142857143,1.9,2.6,0.2070196678027063
Uttar Pradesh_27.4833_79.6639,4.283333333333333,2.3,6.4,1.6166838487059454
Uttar Pradesh_27.4958_82.0861,3.6,3.0,4.2,0.5019960159204453
Uttar Pradesh_27.4986_82.7833,3.185714285714286,2.0,4.9,0.887747282786739
Uttar Pradesh_27.5056_81.9333,2.414285714285714,1.9,2.8,0.3716116764786032
Uttar Pradesh_27.5097_79.0194,9.042857142857143,7.3,12.5,1.7076857076729546
Uttar Pradesh_27.5167_81.9319,2.4285714285714284,1.9,2.8,0.3638419332360584
Uttar Pradesh_27.5217_82.6667,0.6714285714285715,0.2,1.5,0.446147530585589
Uttar Pradesh_27.5375_82.5375,2.2285714285714286,1.6,2.9,0.47509397566616834
Uttar Pradesh_27.5556_78.6778,12.028571428571428,10.0,13.7,1.2906255404703129
Uttar Pradesh_27.5917_79.0917,9.028571428571428,7.7,11.8,1.3098527725337252
Uttar Pradesh_27.6153_78.2722,4.516666666666667,3.3,5.5,0.8818541073594127
Uttar Pradesh_27.6158_79.7958,8.257142857142856,6.9,9.7,0.8997354108424367
Uttar Pradesh_27.625_77.4867,1.657142857142857,1.4,2.6,0.4197504927816955
Uttar Pradesh_27.6333_78.375,4.7,3.8,6.0,0.9539392014169458
Uttar Pradesh_27.6486_81.7333,2.7714285714285714,2.2,3.6,0.5219012860502956
Uttar Pradesh_27.655_82.5233,8.971428571428572,7.9,10.3,0.8420496535523423
Uttar Pradesh_27.6583_78.2683,3.0142857142857147,2.4,4.2,0.6148944934663492
Uttar Pradesh_27.6589_79.7653,4.166666666666667,3.5,5.1,0.5354126134736336
Uttar Pradesh_27.6639_82.6572,3.685714285714286,2.9,4.2,0.4598136268408881
Uttar Pradesh_27.6686_82.0058,3.1285714285714286,2.4,3.9,0.677530529974568
Uttar Pradesh_27.675_81.875,5.371428571428572,4.8,6.4,0.5437961803049796
Uttar Pradesh_27.6833_81.7056,4.014285714285714,3.6,4.6,0.3436498771936899
Uttar Pradesh_27.6972_81.7125,3.057142857142857,2.5,3.7,0.41975049278169557
Uttar Pradesh_27.7033_77.5,2.314285714285714,2.1,2.7,0.2115700942049815
Uttar Pradesh_27.7097_78.7375,3.466666666666667,2.9,4.1,0.4412104562073145
Uttar Pradesh_27.7167_77.9333,9.114285714285714,7.8,10.6,1.0652520381402255
Uttar Pradesh_27.7333_78.6267,8.085714285714285,7.3,8.8,0.4810702354423644
Uttar Pradesh_27.7369_82.2528,9.642857142857142,8.9,10.0,0.4237025012007953
Uttar Pradesh_27.7389_81.1489,3.483333333333333,2.6,4.4,0.6940220937885672
Uttar Pradesh_27.7472_80.7294,3.5,2.9,4.0,0.5567764362830022
Uttar Pradesh_27.7983_82.09,4.3,4.1,4.8,0.26457513110645914
Uttar Pradesh_27.7989_82.0903,3.96,3.2,4.2,0.4335896677735757
Uttar Pradesh_27.8028_81.9653,3.042857142857143,2.1,4.0,0.7480132415430959
Uttar Pradesh_27.8158_81.2228,3.35,3.1,3.7,0.2258317958127243
Uttar Pradesh_27.8194_77.8875,1.6166666666666665,0.4,2.9,0.9239408350466313
Uttar Pradesh_27.8417_79.3083,17.071428571428573,14.9,20.0,1.74328644205352
Uttar Pradesh_27.8619_81.7692,2.5285714285714285,1.8,3.0,0.48205907561309563
Uttar Pradesh_27.9167_79.93,7.2,4.8,9.0,1.7753872816937715
Uttar Pradesh_27.9464_78.1575,4.159999999999999,2.6,4.9,0.9181503144910425
Uttar Pradesh_27.95_78.1667,6.366666666666667,6.0,7.0,0.37237973450050504
Uttar Pradesh_27.9722_79.9764,5.666666666666667,5.1,6.1,0.3386246693120079
Uttar Pradesh_27.9889_78.1028,9.75,8.1,10.8,0.8961026726887944
Uttar Pradesh_28.0275_79.0108,16.228571428571428,13.9,18.8,1.6710418763097936
Uttar Pradesh_28.1236_77.5611,13.442857142857141,12.5,14.4,0.6294366339755548
Uttar Pradesh_28.2417_79.9417,4.016666666666667,3.2,4.7,0.6882344561751224
Uttar Pradesh_28.2856_77.6353,5.116666666666666,3.4,8.8,1.9187669651801562
Uttar Pradesh_28.2881_80.605,2.62,2.3,3.6,0.5540758070878028
Uttar Pradesh_28.2_78.4833,5.62,5.2,6.1,0.4086563348340512
Uttar Pradesh_28.3164_79.815,3.942857142857143,2.7,4.8,0.6778818551368737
Uttar Pradesh_28.3361_79.5958,5.228571428571429,4.6,5.9,0.5282495802626058
Uttar Pradesh_28.3611_79.9,4.5200000000000005,4.0,5.0,0.4147288270665542
Uttar Pradesh_28.3992_78.6289,13.257142857142856,11.2,16.4,1.6791437727377028
Uttar Pradesh_28.3_79.8,4.3500000000000005,4.0,4.7,0.2738612787525832
Uttar Pradesh_28.4083_78.9056,12.64,11.3,15.2,1.540454478392659
Uttar Pradesh_28.4417_77.6667,11.914285714285715,10.7,12.6,0.659364773673803
Uttar Pradesh_28.5167_78.7833,15.516666666666666,13.8,18.9,1.8356651837049878
Uttar Pradesh_28.525_79.8867,3.233333333333333,2.6,4.0,0.4589843860815601
Uttar Pradesh_28.52_77.39,23.98,10.5,37.0,10.658309225930516
Uttar Pradesh_28.5431_79.4444,3.9857142857142853,3.6,4.2,0.20354009783964283
Uttar Pradesh_28.5583_79.0125,9.283333333333333,8.1,9.8,0.6431692364119
Uttar Pradesh_28.5889_77.38,32.285714285714285,25.9,43.2,6.0699886247637975
Uttar Pradesh_28.6133_78.3589,15.033333333333333,13.2,16.8,1.4486775578667144
Uttar Pradesh_28.6167_79.925,3.3666666666666667,3.2,3.6,0.20816659994661318
Uttar Pradesh_28.625_79.8125,3.314285714285714,3.0,3.8,0.25448360411214055
Uttar Pradesh_28.6333_79.7017,4.542857142857143,3.7,4.9,0.39520940802374144
Uttar Pradesh_28.6356_77.6475,3.9200000000000004,3.4,4.9,0.6300793600809352
Uttar Pradesh_28.6589_78.6597,13.666666666666666,12.6,14.8,0.9244818368506048
Uttar Pradesh_28.7142_79.8867,3.2714285714285714,2.7,4.7,0.6848705126136029
Uttar Pradesh_28.7211_78.7161,11.9,10.4,13.1,0.9626352718795762
Uttar Pradesh_28.7233_77.8058,18.05,15.9,19.9,1.3590437814875553
Uttar Pradesh_28.725_77.4833,20.5,19.1,21.2,0.8514693182963178
Uttar Pradesh_28.725_79.7167,4.928571428571429,4.6,5.4,0.30394235042348494
Uttar Pradesh_28.7314_78.2822,13.049999999999999,7.8,15.6,2.8479817415145066
Uttar Pradesh_28.7333_77.9,9.52,7.8,10.6,1.160603291396332
Uttar Pradesh_28.7792_79.5,1.7571428571428573,0.9,2.9,0.725389878748302
Uttar Pradesh_28.7858_78.0792,13.933333333333332,13.5,14.4,0.39832984656772435
Uttar Pradesh_28.7903_77.7597,19.733333333333334,18.1,21.4,1.2878923350446143
Uttar Pradesh_28.825_78.7833,9.33,5.5,11.1,1.6021166554835446
Uttar Pradesh_28.8381_78.2436,12.614285714285714,11.0,13.7,0.9651054716602597
Uttar Pradesh_28.8472_77.575,6.62,6.3,7.2,0.37013511046643516
Uttar Pradesh_28.8911_78.2403,13.042857142857143,11.6,14.4,0.8941609528064894
Uttar Pradesh_28.9152_78.4784,13.680000000000001,12.2,14.3,0.8584870412533903
Uttar Pradesh_28.9583_77.55,9.1,6.4,12.0,1.7748239349298844
Uttar Pradesh_28.9589_77.6847,20.45,19.6,21.0,0.6191391873668904
Uttar Pradesh_28.9789_78.9464,4.279999999999999,3.0,5.2,0.8043631020876082
Uttar Pradesh_28.9889_78.6417,10.425,9.5,12.1,1.152894907034751
Uttar Pradesh_29.0917_77.8611,9.983333333333333,9.2,11.1,0.6431692364119004
Uttar Pradesh_29.125_78.0,10.533333333333333,10.1,11.0,0.30110906108363183
Uttar Pradesh_29.1864_78.6306,2.6285714285714286,1.7,3.5,0.6156684327197709
Uttar Pradesh_29.1_78.8667,2.6571428571428575,1.4,3.3,0.7955231881329059
Uttar Pradesh_29.2917_77.7333,2.733333333333333,1.2,3.8,1.0347302385968367
Uttar Pradesh_29.4583_77.3167,19.759999999999998,19.1,20.2,0.46151923036857273
Uttar Pradesh_29.4639_77.575,11.9,11.5,12.4,0.3687817782917157
Uttar Pradesh_29.4667_77.9583,17.05,16.0,17.9,0.6833739825307957
Uttar Pradesh_29.475_77.7278,13.059999999999999,12.5,13.7,0.5128352561983229
Uttar Pradesh_29.495_77.99,3.4,2.9,3.8,0.322490309931942
Uttar Pradesh_29.5375_77.5942,8.64,8.5,8.8,0.11401754250991383
Uttar Pradesh_29.5514_77.5847,8.416666666666666,7.0,9.5,0.8232051182218605
Uttar Pradesh_29.5867_77.1667,17.233333333333334,6.4,23.7,8.365325257673287
Uttar Pradesh_29.5917_78.1667,17.62857142857143,15.7,18.6,1.0531132982958773
Uttar Pradesh_29.625_77.1467,10.4,8.0,17.4,3.9855990766759257
Uttar Pradesh_29.7167_77.425,4.766666666666667,3.4,6.2,1.194431524477928
Uttar Pradesh_29.7333_77.375,7.283333333333334,6.5,8.2,0.6997618642557388
Uttar Pradesh_29.8583_77.6333,10.36,9.5,11.1,0.6465291950097841
Uttar Pradesh_29.8667_77.3917,8.08,7.0,9.1,0.8555699854482972
Uttar Pradesh_29.8833_77.2583,14.025,12.4,16.3,1.9499999999999997
Uttar Pradesh_30.1117_77.6211,5.5,4.6,6.3,0.7810249675906656
Uttar Pradesh_30.1333_77.7167,6.38,4.0,8.2,1.715225932639779
Uttarakhand_28.8311_79.8975,4.2700000000000005,3.7,4.7,0.31640339933558065
Uttarakhand_28.8714_79.9225,3.96,3.2,4.3,0.3864367132317182
Uttarakhand_28.9192_79.9661,2.18,1.3,3.1,0.5750362307426087
Uttarakhand_28.94_79.8783,4.18,2.7,5.0,0.9040648944259106
Uttarakhand_28.9714_80.0242,5.577777777777778,3.8,7.5,1.431588084766161
Uttarakhand_28.9886_79.3464,3.81,2.1,6.8,1.4707896594082452
Uttarakhand_28.9961_80.0722,5.066666666666666,4.0,9.6,1.7385338650713704
Uttarakhand_29.0408_80.0942,9.25,8.0,11.0,0.8356634091147782
Uttarakhand_29.0586_79.2256,3.87,2.2,8.1,1.9448221855309376
Uttarakhand_29.0658_80.1047,10.47,9.6,11.6,0.6000925854492044
Uttarakhand_29.0689_79.2344,3.22,2.1,4.3,0.637355648144913
Uttarakhand_29.0744_79.5222,9.74,5.2,12.7,2.0934819480154747
Uttarakhand_29.0925_79.2931,1.6600000000000001,0.1,3.2,1.260687643047767
Uttarakhand_29.0964_79.31,1.8399999999999999,1.5,2.4,0.34058772731852816
Uttarakhand_29.1153_79.2944,0.7857142857142857,0.1,3.0,0.9923517041663731
Uttarakhand_29.1267_79.2372,2.79,0.3,4.1,0.9904544411531507
Uttarakhand_29.1331_80.0861,34.19,26.2,41.4,6.014510232207886
Uttarakhand_29.1414_79.1894,4.1899999999999995,3.2,5.3,0.7046669820245276
Uttarakhand_29.1528_78.9639,5.72,1.5,11.1,2.7915746253483698
Uttarakhand_29.1592_79.0583,3.13,1.6,4.5,1.0165846961490441
Uttarakhand_29.1675_79.1583,1.64,1.1,2.2,0.35652645218989165
Uttarakhand_29.1756_79.0136,5.35,3.0,7.1,1.0762589527308626
Uttarakhand_29.1992_79.135,3.7299999999999995,3.2,4.2,0.35916569992135944
Uttarakhand_29.1_79.6925,28.669999999999998,14.3,34.9,7.009525265269
Uttarakhand_29.2117_79.2314,1.5,0.5,3.9,0.9092121131323904
Uttarakhand_29.2125_78.9633,4.9399999999999995,4.3,5.7,0.4948624949305504
Uttarakhand_29.2281_78.9311,7.8,5.6,9.5,1.608311744241976
Uttarakhand_29.2286_79.105,3.7299999999999995,2.6,4.5,0.5598610938835137
Uttarakhand_29.2583_78.925,8.2,6.3,9.9,1.0934146311237818
Uttarakhand_29.2633_79.1647,3.59,2.2,4.1,0.5321862664727662
Uttarakhand_29.2667_79.5447,18.8,15.9,25.9,2.8515103210598967
Uttarakhand_29.2708_79.0158,2.2399999999999998,0.1,3.7,1.4803903389159074
Uttarakhand_29.2786_78.8342,14.690000000000001,12.0,16.9,1.6980053657813392
Uttarakhand_29.2975_78.9567,3.34,1.9,4.2,0.6328067986711619
Uttarakhand_29.3025_79.3281,28.93,27.3,31.6,1.3936761938604443
Uttarakhand_29.3197_78.9628,3.0900000000000003,2.2,4.9,0.865961251378426
Uttarakhand_29.3267_78.7706,7.35,4.2,13.3,3.134840063260361
Uttarakhand_29.3273_78.8691,7.290000000000001,4.2,10.9,1.8782083661475548
Uttarakhand_29.3364_79.0633,24.09,21.8,28.8,2.429197398319042
Uttarakhand_29.3947_79.1272,6.790000000000001,5.4,8.7,1.2341888924399786
Uttarakhand_29.4886_79.1419,4.8428571428571425,3.8,9.2,1.9372292437543734
Uttarakhand_29.5667_78.025,1.61,0.1,4.9,1.2323870243465638
Uttarakhand_29.5967_78.0097,2.7199999999999998,1.5,3.8,0.6876691711054732
Uttarakhand_29.7097_77.9639,2.111111111111111,1.2,2.5,0.38224483137265725
Uttarakhand_29.7133_77.9111,6.0200000000000005,4.9,8.1,0.9693067396627114
Uttarakhand_29.7289_77.7972,6.720000000000001,5.9,7.3,0.4984420171338332
Uttarakhand_29.7442_77.9139,17.57,16.3,18.2,0.6147266781984401
Uttarakhand_29.7586_78.0367,3.06,2.3,4.3,0.7011102306738617
Uttarakhand_29.75_78.1417,3.56,1.5,10.3,2.6445751601680336
Uttarakhand_29.7636_77.8686,6.390000000000001,5.2,7.2,0.6454111523328021
Uttarakhand_29.76_78.1058,25.233333333333334,21.7,27.3,1.7406895185529212
Uttarakhand_29.7758_77.9969,1.7,0.7,2.7,0.6236095644623237
Uttarakhand_29.7775_78.1689,3.71,2.9,4.7,0.5486346689738082
Uttarakhand_29.8031_78.2117,5.35,0.5,19.3,6.6610392916154195
Uttarakhand_29.8072_78.1389,4.18,3.2,5.5,0.7814516406449388
Uttarakhand_29.8075_77.7758,9.48,8.3,10.5,0.8066391179868894
Uttarakhand_29.8083_77.93,17.91,16.0,18.8,0.7922541679705243
Uttarakhand_29.845_78.1144,6.866666666666666,6.2,7.6,0.4183300132670375
Uttarakhand_29.8658_78.1808,10.07,7.7,11.3,1.0708771067577165
Uttarakhand_29.8744_77.8,14.62,12.3,18.2,2.118594922217186
Uttarakhand_29.887_78.1349,7.260000000000001,6.7,8.3,0.5103375789067903
Uttarakhand_29.9078_78.0981,13.059999999999999,12.3,14.2,0.5541760650832108
Uttarakhand_29.9175_78.0439,11.64,5.4,12.9,2.2361673560904256
Uttarakhand_29.91_77.7678,20.22,18.5,23.1,1.4327905949191906
Uttarakhand_29.9417_77.8125,16.41,1.6,22.2,6.19506075658486
Uttarakhand_29.9611_77.9578,3.71,3.1,5.1,0.6154492487425569
Uttarakhand_29.9722_77.9497,9.75,4.2,13.5,2.2848535085548822
Uttarakhand_29.9872_77.8103,3.1399999999999997,2.1,6.4,1.2212925757391453
Uttarakhand_30.0097_77.9378,4.470000000000001,3.8,6.1,0.8327331171776734
Uttarakhand_30.0161_78.205,8.879999999999999,6.7,10.1,1.0559882154224596
Uttarakhand_30.0531_77.9386,10.033333333333333,8.7,13.3,1.4361406616345076
Uttarakhand_30.0644_78.2233,13.959999999999999,2.9,16.9,4.097750060161741
Uttarakhand_30.0833_77.9022,6.533333333333333,0.0,9.6,2.6476404589747453
Uttarakhand_30.0869_77.8811,3.7600000000000002,3.1,4.6,0.5125101625008684
Uttarakhand_30.0936_77.8975,11.025,8.8,13.1,1.246415914363639
Uttarakhand_30.105_78.2917,5.58,4.5,7.9,1.073726636015373
Uttarakhand_30.1197_78.1739,14.290000000000001,12.3,17.0,1.3819872969347038
Uttarakhand_30.1722_78.2336,4.25,1.4,6.5,2.2863119258365034
Uttarakhand_30.1736_78.1136,30.160000000000004,26.8,32.7,1.99064478666252
Uttarakhand_30.1778_78.1344,28.98,23.2,32.3,3.1364523483281768
Uttarakhand_30.2439_78.13,12.288888888888888,11.6,13.3,0.5278362540704364
Uttarakhand_30.2447_78.2083,19.669999999999998,19.1,21.0,0.6129165250396392
Uttarakhand_30.2653_78.0325,10.07,9.1,12.4,0.9092732140439295
Uttarakhand_30.3006_77.9533,19.6,10.4,24.9,4.636270052531451
Uttarakhand_30.3122_77.9794,34.660000000000004,30.5,38.5,2.017258866217554
Uttarakhand_30.3153_78.0072,12.919999999999998,12.3,13.6,0.4442221666388712
Uttarakhand_30.3306_77.8622,8.85,6.6,9.4,0.8383184226639528
Uttarakhand_30.3314_77.8819,6.300000000000001,6.1,6.6,0.15811388300841908
Uttarakhand_30.3439_78.1203,12.788888888888888,11.3,14.1,0.8403041777303687
Uttarakhand_30.3467_77.9467,12.059999999999999,9.2,15.2,2.197941620794568
Uttarakhand_30.3536_77.8633,11.821052631578947,9.4,15.7,2.4796009865765853
Uttarakhand_30.3689_77.8,8.98,7.3,14.9,2.1431026314408954
Uttarakhand_30.3697_77.8442,10.84,9.3,14.7,1.5973589313474772
Uttarakhand_30.3867_77.8125,6.3,2.2,16.9,4.871088174114692
Uttarakhand_30.3903_77.8281,21.9,18.8,25.0,2.330951164939611
Uttarakhand_30.4014_77.7511,9.16,8.3,12.0,1.030857248442609
Uttarakhand_30.4058_77.8633,6.2631578947368425,3.1,12.4,2.0811883694754223
Uttarakhand_30.4103_78.0667,25.810000000000002,25.1,26.5,0.4771442828607166
Uttarakhand_30.4175_77.7281,4.955555555555556,3.3,8.3,1.593824889308038
Uttarakhand_30.4206_77.8267,30.85,27.0,35.7,2.5691546383111237
Uttarakhand_30.4239_77.6956,13.280000000000001,12.8,13.6,0.2616188916046474
Uttarakhand_30.4367_77.7428,10.0,9.5,10.4,0.30550504633038966
Uttarakhand_30.4378_77.79,28.488888888888894,24.6,32.7,2.1198139331344885
Uttarakhand_30.4386_77.7478,11.475,8.1,16.1,1.895666803944973
Uttarakhand_30.4444_77.7825,36.07,32.6,38.8,1.8061930498519052
Uttarakhand_30.44_77.7028,17.39,13.8,21.3,2.1558447686850433
Uttarakhand_30.4778_77.7883,26.68,23.1,27.8,1.5845083359410475
Uttarakhand_30.4961_77.7925,25.75,24.1,26.7,0.8984554647962371
Uttarakhand_30.5161_77.8356,11.807692307692308,10.2,16.6,2.073025783109293
Uttarakhand_30.5739_78.3286,24.357142857142858,5.1,47.9,17.83908229542252
Uttarakhand_30.6844_78.3494,19.64,8.7,37.1,12.891444191142176
Uttarakhand_30.7397_78.5247,24.900000000000002,14.1,29.4,6.749074010558781
Uttarakhand_30.8211_78.6264,25.785714285714285,18.5,40.0,6.758310580667472
West Bengal_22.0928_88.061,0.3666666666666667,0.3,0.4,0.0577350269189626
West Bengal_22.1163_88.1572,0.8999999999999999,0.5,1.4,0.39157800414902433
West Bengal_22.1689_88.2539,1.94,0.5,3.8,1.2095453691366853
West Bengal_22.2105_86.8951,6.25,4.7,7.1,0.8240145629781064
West Bengal_22.226_88.0394,1.7600000000000002,1.0,2.5,0.6066300355241241
West Bengal_22.2515_86.9135,10.42,9.8,11.7,0.7496665925596524
West Bengal_22.2723_88.2168,1.0714285714285714,0.5,1.5,0.3401680257083045
West Bengal_22.3021_88.1058,2.033333333333333,0.6,2.8,0.8066391179868893
West Bengal_22.3063_86.8853,8.950000000000001,5.3,9.9,1.798610574860495
West Bengal_22.3258_86.8835,2.6166666666666667,2.0,3.0,0.3816630276391292
West Bengal_22.33_88.15,16.833333333333332,14.0,21.9,2.8352542507977416
West Bengal_22.383_86.899,8.75,6.5,11.7,1.9603571103245454
West Bengal_22.3_88.025,1.4000000000000001,1.0,2.0,0.38470768123342686
West Bengal_22.4056_86.8542,5.3999999999999995,2.4,9.2,2.5487251715318386
West Bengal_22.4206_87.7854,4.616666666666667,1.9,9.3,2.7242736034889496
West Bengal_22.4436_87.8756,1.7399999999999998,1.4,2.2,0.3435112807463535
West Bengal_22.4697_88.31,0.3333333333333333,0.2,0.6,0.1632993161855452
West Bengal_22.4722_88.3399,2.48,0.9,5.5,1.8143869488066762
West Bengal_22.4874_88.1892,1.3,0.6,2.1,0.565685424949238
West Bengal_22.488_86.8527,2.4833333333333334,1.3,3.4,0.7782458908768274
West Bengal_22.4975_86.8455,6.533333333333334,5.1,8.2,1.17075474232081
West Bengal_22.49_87.0858,5.166666666666667,5.1,5.3,0.11547005383792538
West Bengal_22.5039_86.9926,7.416666666666667,6.4,8.6,0.7985403350280222
West Bengal_22.5042_88.5396,1.2857142857142858,0.7,1.9,0.42983939414844785
West Bengal_22.5164_86.8178,4.516666666666667,3.4,6.0,0.8773064838850027
West Bengal_22.5178_88.3122,3.2199999999999998,0.3,13.2,5.58632258288044
West Bengal_22.5189_86.849,3.94,1.9,7.5,2.4825390228554314
West Bengal_22.518_86.8431,6.166666666666667,3.7,8.1,1.8282961102257662
West Bengal_22.5219_86.874,7.8,2.5,10.6,3.234810659064917
West Bengal_22.534_88.063,1.0666666666666667,0.4,1.6,0.5573747990954262
West Bengal_22.5597_88.4112,2.585714285714286,0.4,5.3,1.6035674514745464
West Bengal_22.572_88.026,8.733333333333334,0.9,17.3,7.628018528206829
West Bengal_22.57_88.4134,2.185714285714286,1.3,5.2,1.4147185484853768
West Bengal_22.5889_88.289,1.5666666666666667,1.3,1.8,0.18618986725025255
West Bengal_22.5891_88.2976,1.8166666666666667,1.2,2.1,0.3311595788538611
West Bengal_22.5892_88.2892,1.75,1.6,2.0,0.19748417658131492
West Bengal_22.589_88.297,0.6,0.4,1.0,0.25298221281347033
West Bengal_22.58_88.04,2.125,1.6,2.5,0.38622100754188216
West Bengal_22.5917_87.9219,0.8799999999999999,0.4,1.4,0.4868264577855233
West Bengal_22.5918_88.3322,0.5833333333333334,0.5,0.8,0.1169045194450012
West Bengal_22.595_87.956,1.6166666666666665,1.1,2.2,0.4262237284181474
West Bengal_22.5985_86.8678,2.78,1.2,5.3,1.7195929750961416
West Bengal_22.605_86.8077,4.319999999999999,1.8,8.1,2.5801162764495706
West Bengal_22.6101_86.7945,3.983333333333333,1.5,7.3,2.1160497788725734
West Bengal_22.6142_86.8164,6.08,3.3,10.9,3.5625833323586975
West Bengal_22.629_86.7691,6.1000000000000005,3.9,11.3,2.691468000924403
West Bengal_22.6316_86.766,5.666666666666667,2.0,11.2,3.144307024873154
West Bengal_22.633_88.111,1.575,0.9,2.1,0.51234753829798
West Bengal_22.6367_88.4785,1.1142857142857143,0.4,2.3,0.6792853387410708
West Bengal_22.679_88.121,1.8499999999999999,0.8,2.7,0.744983221287567
West Bengal_22.681_88.109,2.766666666666667,2.0,3.6,0.5316640543300504
West Bengal_22.6991_88.3744,4.142857142857143,0.5,24.9,9.154390047559538
West Bengal_22.7924_88.3548,4.828571428571428,1.1,25.7,9.205743548769663
West Bengal_22.8223_88.5223,1.3499999999999999,0.4,3.4,1.0986355173577815
West Bengal_22.8307_88.1662,1.7399999999999998,0.8,2.7,0.8502940667792526
West Bengal_22.8814_86.5061,3.3166666666666664,1.9,4.4,0.8818541073594126
West Bengal_22.8947_86.4794,6.8,5.0,9.2,1.8402898322456345
West Bengal_22.897_88.376,1.866666666666667,1.4,2.2,0.3932768321000701
West Bengal_22.9164_88.4476,1.3142857142857143,1.0,1.8,0.26726124191242434
West Bengal_22.9197_88.395,2.3,1.2,3.9,1.041633332799983
West Bengal_22.9269_86.4462,6.766666666666667,5.1,9.3,1.4746751054610867
West Bengal_22.937_88.354,3.9,1.9,11.5,3.763509000919222
West Bengal_22.9541_88.3646,3.5199999999999996,2.4,4.3,0.7981227975693966
West Bengal_22.9583_88.3069,1.92,1.4,2.7,0.4816637831516918
West Bengal_22.9683_88.4148,2.2666666666666666,1.4,3.0,0.5645056834671079
West Bengal_23.0064_88.2778,2.1833333333333336,1.3,4.4,1.1338724208069737
West Bengal_23.0211_88.415,5.32,4.3,6.9,1.158447236605967
West Bengal_23.0255_86.3661,4.0,2.0,6.6,1.8286607121059937
West Bengal_23.0436_86.494,4.166666666666667,2.9,6.0,1.0819735055289788
West Bengal_23.0445_86.4423,4.583333333333333,3.4,8.1,1.7531875731554412
West Bengal_23.0561_86.3605,4.75,3.2,6.9,1.3277801022759752
West Bengal_23.0599_88.7593,4.383333333333333,3.3,6.3,1.0264826674945204
West Bengal_23.0674_86.3639,4.133333333333334,2.5,7.4,1.837026583004902
West Bengal_23.0725_88.34,1.9600000000000002,1.3,2.4,0.41593268686170826
West Bengal_23.075_88.4611,1.6600000000000001,1.1,2.2,0.4219004621945798
West Bengal_23.0788_88.2781,2.6599999999999997,1.6,4.1,1.0922453936730516
West Bengal_23.0836_88.4278,2.433333333333333,1.5,4.1,0.9542885657214313
West Bengal_23.0972_88.4567,1.1833333333333333,0.7,1.6,0.36560452221856704
West Bengal_23.0975_88.4158,1.45,0.9,2.0,0.45092497528228936
West Bengal_23.1042_86.1392,2.966666666666667,1.6,4.7,1.1927559124425529
West Bengal_23.1053_88.4114,1.22,0.8,1.5,0.27748873851023204
West Bengal_23.1089_88.4956,1.95,0.6,3.0,0.8117881497040961
West Bengal_23.1164_86.3655,5.18,3.5,6.1,1.0802777420645115
West Bengal_23.1195_86.0758,6.466666666666666,3.4,8.0,1.822818330681
West Bengal_23.1253_88.4586,2.1999999999999997,1.7,2.9,0.5215361924162119
West Bengal_23.1253_88.465,4.3999999999999995,0.4,5.6,1.9909796583591706
West Bengal_23.129_88.439,3.75,3.0,4.3,0.4505552130427523
West Bengal_23.1307_86.2455,3.15,2.2,3.8,0.744983221287567
West Bengal_23.135_88.3978,4.666666666666667,3.0,6.1,1.0670832519848985
West Bengal_23.1472_88.4314,3.4,2.5,4.6,0.8024961059095549
West Bengal_23.1598_86.3482,4.25,3.0,6.0,1.1095043938624123
West Bengal_23.1647_86.2636,3.38,3.0,4.1,0.43243496620879296
West Bengal_23.195_86.048,4.9,3.8,5.6,0.7745966692414835
West Bengal_23.2083_87.9485,4.916666666666667,2.9,8.1,1.7313771012308863
West Bengal_23.2174_86.299,6.383333333333333,4.7,8.8,1.4497126151988426
West Bengal_23.2329_87.8653,2.32,1.8,3.0,0.5167204273105525
West Bengal_23.2366_85.9851,3.9,3.4,4.5,0.4472135954999578
West Bengal_23.2387_87.9583,3.3666666666666667,2.2,5.8,1.262801119205501
West Bengal_23.274_86.1956,5.383333333333333,3.3,8.6,1.8291163622543718
West Bengal_23.2794_86.26,5.066666666666666,3.2,7.2,1.5743781841306956
West Bengal_23.2943_86.2007,4.033333333333333,2.9,5.3,1.0171856598805677
West Bengal_23.2984_88.5348,6.36,5.6,7.2,0.6655824516917499
West Bengal_23.3017_86.8532,4.525,3.2,6.3,1.3326039671760448
West Bengal_23.3074_86.969,2.8,1.6,3.8,0.9092121131323904
West Bengal_23.3187_88.453,3.1999999999999997,2.7,3.9,0.4381780460041328
West Bengal_23.3228_86.1581,7.066666666666666,4.8,8.5,1.9857828011475303
West Bengal_23.3396_87.0958,7.06,5.3,10.1,1.9308029417835475
West Bengal_23.348_86.9222,4.575,3.1,6.3,1.314977819838291
West Bengal_23.3635_86.9615,3.65,2.6,4.5,0.7852812659593161
West Bengal_23.3686_87.1127,5.916666666666667,4.6,7.5,1.0087946603083633
West Bengal_23.3931_87.1094,6.7,3.0,11.5,3.2211799080461185
West Bengal_23.3947_86.9747,2.7,1.7,3.9,0.9092121131323905
West Bengal_23.3958_87.3013,2.375,1.2,4.8,1.6418993066973786
West Bengal_23.3999_86.9739,5.32,4.5,6.5,0.7694153624668539
West Bengal_23.3_86.9581,4.574999999999999,2.3,8.2,2.5526130402654714
West Bengal_23.4013_87.2841,5.325,3.9,6.8,1.5903353943953666
West Bengal_23.4288_87.1117,5.366666666666667,3.8,9.0,1.8532853710820323
West Bengal_23.4369_87.1129,8.65,4.5,13.9,3.1627519662471166
West Bengal_23.4409_87.7707,6.92,4.2,14.1,4.093531482717581
West Bengal_23.4782_87.4515,4.720000000000001,2.5,8.3,2.360508419811292
West Bengal_23.4783_87.4513,8.16,2.2,15.3,5.911260440887374
West Bengal_23.4784_87.0475,4.5,3.8,5.3,0.5403702434442518
West Bengal_23.4818_87.3087,4.266666666666667,2.7,9.3,2.5081201459791886
West Bengal_23.4839_87.3351,5.166666666666667,4.5,6.3,0.7580677190506576
West Bengal_23.4855_87.6427,4.3999999999999995,2.1,8.1,2.78926513619627
West Bengal_23.49_87.4577,3.96,3.0,5.4,1.0139033484509261
West Bengal_23.4_86.974,1.4333333333333333,1.2,1.6,0.2081665999466133
West Bengal_23.5204_87.4539,3.1500000000000004,1.0,7.9,2.640265138201087
West Bengal_23.522_87.3709,2.92,2.3,3.5,0.4324349662087931
West Bengal_23.5269_87.6324,5.75,5.1,6.5,0.704745817062199
West Bengal_23.528_87.3033,2.433333333333333,1.6,3.3,0.615358973824764
West Bengal_23.5387_87.4698,3.04,2.0,3.7,0.687749954561976
West Bengal_23.5435_87.4066,1.7399999999999998,0.6,3.5,1.1970797801316335
West Bengal_23.5526_87.2719,1.7833333333333334,0.6,3.1,0.9662642840686324
West Bengal_23.5668_87.2401,2.38,1.5,3.1,0.6379655163094632
West Bengal_23.5673_87.6026,2.1750000000000003,1.7,2.7,0.4112987559751024
West Bengal_23.5713_87.236,1.5833333333333333,1.1,2.6,0.5980523945831725
West Bengal_23.5734_87.2306,4.233333333333333,2.4,6.6,1.8446318512556013
West Bengal_23.5756_87.2878,1.8500000000000003,1.4,2.6,0.4324349662087932
West Bengal_23.5816_87.2171,4.36,1.6,6.3,1.7529974329701683
West Bengal_23.5817_87.183,1.64,0.6,2.6,0.8561541917201598
West Bengal_23.5828_87.1928,3.06,1.6,4.2,0.996493853468249
West Bengal_23.586_87.1974,4.175,2.5,5.9,1.388944443333378
West Bengal_23.5907_87.285,0.9666666666666667,0.8,1.4,0.2160246899469286
West Bengal_23.596_87.1635,4.26,1.0,6.0,1.9282116066448725
West Bengal_23.6155_87.2176,4.925,2.6,8.0,2.3514180118955172
West Bengal_23.6506_88.1468,5.016666666666667,4.8,5.2,0.1471960144387973
West Bengal_23.657_87.0794,3.4166666666666665,2.1,5.0,0.9948199167018454
West Bengal_23.6616_86.9368,2.0833333333333335,1.3,4.1,1.0778064142816492
West Bengal_23.6635_87.0607,1.7333333333333334,0.6,3.1,0.8778762251403477
West Bengal_23.6729_86.9462,1.9166666666666667,1.8,2.2,0.14719601443879746
West Bengal_23.6776_87.1741,5.833333333333333,2.8,8.6,2.2357698152239793
West Bengal_23.685_86.9774,3.0,1.3,5.4,1.6649324310613929
West Bengal_23.6867_86.9647,4.75,1.8,12.0,4.850773134253961
West Bengal_23.6888_87.0854,3.25,2.5,4.0,0.5753259945457011
West Bengal_23.6969_87.1122,3.85,1.6,9.9,3.2166753022336585
West Bengal_23.6988_87.0792,9.950000000000001,2.9,13.8,4.076640773970648
West Bengal_23.704_87.084,2.6166666666666667,2.3,2.9,0.24832774042918893
West Bengal_23.706_86.9968,2.9166666666666665,1.3,6.1,1.762290176635694
West Bengal_23.7072_86.9779,2.3,1.8,3.5,0.804155872120988
West Bengal_23.717_86.8808,1.54,0.7,2.4,0.6655824516917495
West Bengal_23.7201_86.8697,1.2666666666666668,0.5,2.8,0.8617811013631399
West Bengal_23.7264_86.8514,0.8400000000000001,0.2,2.4,0.9316651759081692
West Bengal_23.7275_86.9476,2.3000000000000003,1.4,4.5,1.1117553687749835
West Bengal_23.7327_86.8335,1.6333333333333335,0.9,2.6,0.731209044437134
West Bengal_23.7421_86.8148,3.966666666666667,1.2,6.0,1.9085771314428626
West Bengal_23.745_86.8146,1.8666666666666665,0.7,2.7,0.6470445631227163
West Bengal_23.7564_87.0235,2.9166666666666665,2.1,4.0,0.7467708260682568
West Bengal_23.7677_86.945,4.383333333333334,2.1,13.8,4.618838237767878
West Bengal_23.7781_88.2939,3.6666666666666665,3.2,4.1,0.34448028487370164
West Bengal_23.7903_87.2686,4.516666666666667,3.2,5.6,0.9282600210429547
West Bengal_23.8083_87.8178,9.02,7.8,12.5,1.962651268055535
West Bengal_23.8157_86.9942,1.8499999999999999,1.6,2.8,0.46797435827190353
West Bengal_23.8697_87.2842,3.9,2.9,4.8,0.6899275324264135
West Bengal_23.9193_88.2738,2.55,1.6,3.1,0.6557438524302001
West Bengal_23.9212_88.0539,3.1,3.0,3.2,0.08164965809277268
West Bengal_23.921_88.2776,1.9000000000000001,1.7,2.2,0.26457513110645914
West Bengal_23.945_88.6155,3.533333333333333,2.8,4.4,0.7004760286167308
West Bengal_23.9825_88.6284,3.04,2.4,3.4,0.4159326868617084
West Bengal_23.9873_88.7083,4.1000000000000005,2.9,5.1,0.8944271909999157
West Bengal_24.1094_88.575,4.375,4.0,4.8,0.3499999999999999
West Bengal_24.143_88.3757,4.0,3.4,5.2,0.8164965809277261
West Bengal_24.2877_88.3727,5.7,3.8,6.9,1.4306175822583291
West Bengal_24.8906_88.1311,1.75,0.8,2.7,0.7767453465154031
West Bengal_25.0029_88.1355,7.5249999999999995,4.2,10.2,2.6499999999999995
West Bengal_25.0062_88.2657,2.62,1.7,3.9,0.85848704125339
West Bengal_25.023_88.286,2.92,2.0,3.9,0.7981227975693964
West Bengal_25.0255_88.0472,5.7875,3.6,6.7,1.1128310101461305
West Bengal_25.0346_88.0214,5.46,4.2,6.5,0.9343446901438462
West Bengal_25.04_88.03,4.925,2.1,6.4,1.9636275953788522
West Bengal_25.1154_88.3667,5.550000000000001,1.5,11.8,4.731490251495823
West Bengal_25.1286_88.1535,5.074999999999999,2.4,9.1,3.129829601325499
West Bengal_25.1511_88.1661,6.1,3.2,14.4,5.534136487896433
West Bengal_25.1517_88.1656,2.3000000000000003,2.2,2.4,0.0999999999999997
West Bengal_25.1636_88.3761,5.4,3.0,7.5,1.945507645834372
West Bengal_25.1816_88.178,4.5,2.6,7.1,1.7874562931719478
West Bengal_25.1842_88.2628,7.359999999999999,3.4,13.2,4.101585059461768
West Bengal_25.213_88.1832,4.3,3.0,6.0,1.3490737563232043
West Bengal_25.2205_88.1495,6.12,3.1,9.4,2.8717590428167887
West Bengal_25.224_88.4064,2.8666666666666667,0.8,4.8,1.419389540142757
West Bengal_25.2445_88.1689,5.46,2.4,8.2,2.27771815640127
West Bengal_25.2601_88.422,2.516666666666667,2.1,3.1,0.35449494589721103
West Bengal_25.2755_88.9871,2.925,2.6,3.5,0.40311288741492746
West Bengal_25.2788_88.9968,2.9,2.4,3.3,0.33166247903554
West Bengal_25.2874_88.0006,2.04,0.7,3.2,1.0737783756436894
West Bengal_25.3119_88.3144,2.06,1.6,3.2,0.6542170893518452
West Bengal_25.3594_88.3569,5.8,4.3,7.1,1.219289410544792
West Bengal_25.4175_88.5389,3.0,2.5,3.3,0.43588989435406733
West Bengal_25.4739_88.7646,4.583333333333333,3.5,5.6,0.8328665359267753
West Bengal_25.5127_88.1859,2.7857142857142856,2.5,3.2,0.2672612419124244
West Bengal_25.5337_88.1509,2.6571428571428575,2.4,3.0,0.21491969707422412
West Bengal_25.7486_88.3036,2.2,1.5,2.8,0.48989794855663565
West Bengal_25.7491_88.3036,2.8285714285714287,2.3,3.6,0.41518785191880603
West Bengal_26.0088_87.8589,2.642857142857143,2.0,3.0,0.3207134902949092
West Bengal_26.3092_88.2608,3.533333333333333,2.2,4.0,0.6683312551921138
West Bengal_26.3997_88.7431,2.2857142857142856,1.9,3.5,0.5785861256216785
West Bengal_26.41_88.7004,2.5285714285714285,2.2,3.3,0.3638419332360584
West Bengal_26.4355_88.3675,3.08,2.5,3.4,0.356370593624109
West Bengal_26.4425_88.6994,2.9,2.6,3.2,0.3
West Bengal_26.456_88.888,2.6285714285714286,0.7,3.7,0.9673232581274398
West Bengal_26.49_88.7124,3.3857142857142857,2.9,3.6,0.23401261667248796
West Bengal_26.5064_88.7155,2.8857142857142857,2.1,3.4,0.4220133150686576
West Bengal_26.5202_88.6858,3.1285714285714286,2.1,4.3,0.9707630773679804
West Bengal_26.522_88.7265,1.9428571428571428,1.3,2.8,0.5191568255583369
West Bengal_26.5232_88.6769,3.9799999999999995,3.3,5.1,0.7014271166700069
West Bengal_26.5238_88.1438,2.142857142857143,1.1,3.3,0.6704653678780206
West Bengal_26.5266_88.1442,3.016666666666667,1.8,3.6,0.6853223086013374
West Bengal_26.5376_88.6438,2.6999999999999997,2.1,3.2,0.33665016461206926
West Bengal_26.5442_89.1055,2.8714285714285714,1.0,3.5,0.8440266301373153
West Bengal_26.5472_88.6086,2.7142857142857144,2.3,3.2,0.34364987719369
West Bengal_26.5479_88.1662,2.7142857142857144,1.9,3.1,0.4670066788550656
West Bengal_26.547_88.8263,2.5,0.5,3.4,0.983192080250175
West Bengal_26.5504_88.8071,3.9571428571428577,2.9,4.5,0.6023762469230862
West Bengal_26.5506_88.1778,2.985714285714286,2.2,3.4,0.40590873945002076
West Bengal_26.5557_88.1924,6.571428571428571,3.5,8.6,1.7085220569391601
West Bengal_26.5558_88.1922,3.4714285714285715,3.1,3.9,0.34503277967117696
West Bengal_26.5596_88.1205,2.9,2.7,3.2,0.16329931618554538
West Bengal_26.5647_88.8194,3.5833333333333335,1.2,4.6,1.2089940722214756
West Bengal_26.5715_88.8089,3.1999999999999997,2.2,3.5,0.44721359549995804
West Bengal_26.5751_88.175,2.557142857142857,2.3,2.8,0.19880595947760116
West Bengal_26.5792_88.5984,6.357142857142857,6.1,6.7,0.19023794624226878
West Bengal_26.6024_88.1795,5.5,5.3,6.0,0.23094010767585016
West Bengal_26.6143_89.0092,3.914285714285714,2.9,5.2,0.7380798769522882
West Bengal_26.6278_88.1722,5.525,4.8,5.8,0.48562674281111556
West Bengal_26.6281_88.7755,1.7285714285714284,1.3,2.0,0.2214669705568283
West Bengal_26.6286_88.7756,3.7,3.6,3.8,0.09999999999999994
West Bengal_26.6561_88.1817,3.5142857142857147,3.2,3.7,0.186445447147161
West Bengal_26.6576_88.1822,2.5833333333333335,1.8,3.1,0.4355073669487886
West Bengal_26.6719_88.7622,2.7285714285714286,2.5,3.1,0.26276913640612176
West Bengal_26.6848_88.2022,3.085714285714286,2.7,3.6,0.3287784027201881
West Bengal_26.6972_88.3699,2.7714285714285714,1.6,3.6,0.7454624643228427
West Bengal_26.6974_88.3173,5.483333333333333,3.3,6.4,1.1016654059498587
West Bengal_26.6998_88.7639,2.8714285714285714,2.7,3.0,0.11126972805283733
West Bengal_26.7021_88.3337,2.7142857142857144,1.5,3.3,0.6309478885734052
West Bengal_26.7029_89.0246,3.1142857142857143,2.9,3.4,0.20354009783964291
West Bengal_26.7054_88.2132,0.9285714285714286,0.8,1.4,0.2214669705568282
West Bengal_26.705_88.4266,7.299999999999999,4.5,11.2,2.2030282189144406
West Bengal_26.712_88.3076,2.7714285714285714,2.7,3.0,0.11126972805283729
West Bengal_26.7136_88.3953,4.36,3.6,5.6,0.8080841540334768
West Bengal_26.7203_88.3831,7.185714285714285,3.0,9.2,1.943732295892425
West Bengal_26.7227_88.4159,1.9875,1.2,3.6,0.7120142454433659
West Bengal_26.7404_88.2218,5.7,3.9,6.6,0.8717797887081347
West Bengal_26.7563_88.2401,5.471428571428571,4.8,7.0,0.7846746368491121
West Bengal_26.7674_88.2602,7.771428571428571,7.0,8.8,0.5851332774513448
West Bengal_26.7867_89.0645,6.45,4.2,7.2,1.1131037687475502
West Bengal_26.7911_88.3626,7.628571428571429,5.1,8.8,1.1968211864689535
West Bengal_26.8417_88.7433,2.5285714285714285,1.3,3.3,0.6237368187365717
West Bengal_26.8646_88.6257,2.3333333333333335,1.8,4.5,1.0633281086601007
West Bengal_26.8699_88.6714,5.385714285714286,0.9,7.3,2.0683556846188806
West Bengal_26.869_88.7114,4.357142857142857,3.2,4.7,0.5442338432975994
West Bengal_26.8806_88.8035,3.642857142857143,1.4,4.3,1.0113640011673062
West Bengal_26.8807_88.4726,5.3500000000000005,5.1,5.6,0.1643167672515499
West Bengal_26.8813_88.8144,9.028571428571428,3.5,10.4,2.460158725038072
West Bengal_nan_86.9254,3.675,3.3,3.9,0.2629955639676583
West Bengal_nan_86.9941,3.5250000000000004,2.5,4.4,0.7804912982645398
West Bengal_nan_87.0003,6.16,3.9,8.3,1.5614096195425469
West Bengal_nan_87.0185,2.3000000000000003,2.1,2.4,0.17320508075688756
West Bengal_nan_87.0417,5.4,3.5,7.3,2.6870057685088806
West Bengal_nan_87.0643,3.075,1.9,4.4,1.0531698185319722
West Bengal_nan_87.0654,5.1,2.5,12.0,3.947784188630376
West Bengal_nan_87.067,3.9,2.6,5.7,1.3291601358251253
West Bengal_nan_87.0903,6.275,4.9,7.6,1.15
West Bengal_nan_87.1017,2.3,1.9,3.2,0.6164414002968975
West Bengal_nan_87.1414,3.6999999999999997,2.8,4.2,0.7810249675906658
West Bengal_nan_87.252,2.233333333333333,1.4,3.0,0.8020806277010645
West Bengal_nan_87.34,9.959999999999999,8.2,13.2,1.9831792657246092
West Bengal_nan_87.3516,7.5,5.6,11.1,2.359025222417089
West Bengal_nan_87.3569,2.45,1.5,3.2,0.7325753658611971
West Bengal_nan_87.3658,4.12,3.1,4.9,0.8228000972289685
West Bengal_nan_87.3748,2.025,1.7,2.6,0.42720018726587666
West Bengal_nan_87.4035,3.5,2.6,4.7,0.9110433579144297
West Bengal_nan_87.4301,4.175,2.5,8.0,2.5773047937719746
West Bengal_nan_87.4512,3.72,3.2,4.2,0.40865633483405095
West Bengal_nan_87.4521,4.0,3.4,5.3,0.7648529270389176
West Bengal_nan_87.4522,3.7399999999999998,1.6,6.2,1.6546903033498446
West Bengal_nan_87.4934,3.275,1.2,5.1,1.598697386415995
West Bengal_nan_87.4939,1.16,0.9,1.5,0.21908902300206645
West Bengal_nan_87.4944,1.825,1.1,3.5,1.129527924990495
West Bengal_nan_87.5097,1.0,0.5,1.3,0.34641016151377557
West Bengal_nan_87.511,1.5666666666666667,0.9,2.0,0.4501851470969102
West Bengal_nan_87.5219,7.05,5.7,7.8,0.9949874371066196
West Bengal_nan_87.5374,3.3,2.5,4.7,0.9660917830792962
West Bengal_nan_87.6058,5.225,4.0,5.7,0.8180260794538686
West Bengal_nan_87.6372,4.025,3.0,4.7,0.7274384280931732
West Bengal_nan_87.6483,5.6499999999999995,5.4,6.0,0.2073644135332773
West Bengal_nan_87.6508,4.35,3.3,4.7,0.7000000000000001
West Bengal_nan_87.6744,2.25,2.0,2.5,0.20816659994661324
West Bengal_nan_87.6806,2.4,1.7,3.0,0.697614984548545
West Bengal_nan_87.6842,3.675,3.5,3.8,0.12583057392117908
West Bengal_nan_87.6846,2.4749999999999996,1.9,2.9,0.4645786621588785
West Bengal_nan_87.6875,6.275,5.5,6.7,0.5315072906367324
West Bengal_nan_87.693,6.425,3.6,8.1,1.9602295783912658
West Bengal_nan_87.6972,3.05,2.3,3.7,0.660807586719967
West Bengal_nan_87.7117,3.466666666666667,1.8,4.7,1.4977761292440648
West Bengal_nan_87.7208,2.6,2.0,3.0,0.45460605656619524
West Bengal_nan_87.766,5.5200000000000005,4.0,6.5,0.9833615815151617
West Bengal_nan_88.7817,2.3,1.8,3.1,0.5944184833375671
West Bengal_nan_89.1458,4.82,4.7,4.9,0.08366600265340761
West Bengal_nan_89.1473,2.44,2.3,2.6,0.11401754250991393
West Bengal_nan_89.3498,6.279999999999999,5.8,6.7,0.3492849839314596
West Bengal_nan_89.3624,4.15,4.0,4.3,0.12909944487358072
West Bengal_nan_89.3803,22.34,21.7,23.0,0.507937003968012
West Bengal_nan_89.3938,3.05,2.2,3.8,0.7325753658611969
West Bengal_nan_89.4053,2.38,2.3,2.5,0.08366600265340757
West Bengal_nan_89.4296,5.26,5.1,5.5,0.15165750888103152
West Bengal_nan_89.4522,1.45,1.2,1.7,0.2081665999466134
West Bengal_nan_89.4876,3.22,2.8,3.7,0.32710854467592265
West Bengal_nan_89.5241,3.78,3.7,3.9,0.10954451150103314
West Bengal_nan_89.5291,2.2600000000000002,2.0,2.4,0.16733200530681494
West Bengal_nan_89.5304,2.6,2.5,2.7,0.070710678118655
West Bengal_nan_89.5492,3.3249999999999997,2.6,4.0,0.680073525436772
West Bengal_nan_89.7194,3.1833333333333336,3.0,3.4,0.14719601443879735
West Bengal_nan_89.72,3.757142857142857,3.4,4.9,0.5255382728122435
West Bengal_nan_89.7671,3.6333333333333333,2.4,4.4,0.8115828156551046
West Bengal_nan_89.7983,4.8,4.5,5.2,0.36055512754639896
West Bengal_nan_89.8114,4.25,4.0,4.4,0.17320508075688787
West Bengal_nan_89.8204,3.15,2.7,3.7,0.443471156521669
West Bengal_nan_89.821,3.34,3.1,3.5,0.15165750888103102
West Bengal_nan_89.8235,2.7399999999999998,2.5,3.0,0.19493588689617922
West Bengal_nan_89.8288,3.02,2.9,3.2,0.13038404810405327
